remark,"CSV-Import-Export"
remark,"Date = Mon Jul 13 08:32:58 2026"
remark,"Version = RSLogix 5000 v34.01"
remark,"Owner = Windows User"
remark,"Company = "
0.3
TYPE,SCOPE,NAME,DESCRIPTION,DATATYPE,SPECIFIER,ATTRIBUTES
TAG,,A:C,"ASI NETWORK STATUS$NCELL","AB:ETHERNET_MODULE:C:0","","(ExternalAccess := Read/Write)"
TAG,,A:I,"ASI NETWORK INPUTS$NCELL","AB:ETHERNET_MODULE_DINT_184Bytes:I:0","","(ExternalAccess := Read/Write)"
COMMENT,,A:I,"DOOR SWITCH 1 LOCKED$NPREHEAT STATIONS$NCELL",,"A:I.DATA[0].0"
COMMENT,,A:I,"DOOR SWITCH 1 LOCKED$NPREHEAT STATIONS$NCELL",,"A:I.DATA[0].1"
COMMENT,,A:I,"DIAGNOSTIC BIT$NDOOR SWITCH 1 LOCKED$NPREHEAT STATIONS$NCELL",,"A:I.DATA[0].2"
COMMENT,,A:I,"DIAGNOSTIC BIT$NDOOR SWITCH 1 LOCKED$NPREHEAT STATIONS$NCELL",,"A:I.DATA[0].3"
COMMENT,,A:I,"0=OKAY$N1=CONFIG ERROR$NCHANNEL 1$NASI GATEWAY$NCELL",,"A:I.DATA[0].4"
COMMENT,,A:I,"GATEWAY-APF",,"A:I.DATA[0].5"
COMMENT,,A:I,"GATEWAY-PERIPHERY FAULT",,"A:I.DATA[0].6"
COMMENT,,A:I,"GATEWAY CONFIGURATION ACTIVE",,"A:I.DATA[0].7"
COMMENT,,A:I,"DOOR SWITCH 2 LOCKED$NFORMING STATION$NCELL",,"A:I.DATA[0].8"
COMMENT,,A:I,"DOOR SWITCH 2 LOCKED$NFORMING STATION$NCELL",,"A:I.DATA[0].9"
COMMENT,,A:I,"DIAGNOSTIC BIT$NDOOR SWITCH 2 LOCKED$NFORMING STATION$NCELL",,"A:I.DATA[0].10"
COMMENT,,A:I,"DIAGNOSTIC BIT$NDOOR SWITCH 2 LOCKED$NFORMING STATION$NCELL",,"A:I.DATA[0].11"
COMMENT,,A:I,"DOOR SWITCH 3 LOCKED$NPRINTING STATION$NCELL",,"A:I.DATA[0].12"
COMMENT,,A:I,"DOOR SWITCH 3 LOCKED$NPRINTING STATION$NCELL",,"A:I.DATA[0].13"
COMMENT,,A:I,"DIAGNOSTIC BIT$NDOOR SWITCH 3 LOCKED$NPRINTING STATION",,"A:I.DATA[0].14"
COMMENT,,A:I,"DIAGNOSTIC BIT$NDOOR SWITCH 3 LOCKED$NPRINTING STATION$NCELL",,"A:I.DATA[0].15"
COMMENT,,A:I,"DOOR SWITCH 4 LOCKED$NGLUE STATION$NCELL",,"A:I.DATA[0].16"
COMMENT,,A:I,"DOOR SWITCH 4 LOCKED$NGLUE STATION$NCELL",,"A:I.DATA[0].17"
COMMENT,,A:I,"DIAGNOSTIC BIT$NDOOR SWITCH 4 LOCKED$NGLUE STATION$NCELL",,"A:I.DATA[0].18"
COMMENT,,A:I,"DIAGNOSTIC BIT$NDOOR SWITCH 4 LOCKED$NGLUE STATION$NCELL",,"A:I.DATA[0].19"
COMMENT,,A:I,"DOOR SWITCH 5 LOCKED$NBAG OFFLOAD$NROBOT (R3)$NCELL",,"A:I.DATA[0].20"
COMMENT,,A:I,"DOOR SWITCH 5 LOCKED$NBAG OFFLOAD$NROBOT (R3)$NCELL",,"A:I.DATA[0].21"
COMMENT,,A:I,"DIAGNOSTIC BIT$NDOOR SWITCH 5 LOCKED$NBAG OFFLOAD$NROBOT (R3)$NCELL",,"A:I.DATA[0].22"
COMMENT,,A:I,"DIAGNOSTIC BIT$NDOOR SWITCH 5 LOCKED$NBAG OFFLOAD$NROBOT (R3)$NCELL",,"A:I.DATA[0].23"
COMMENT,,A:I,"DOOR SWITCH 6 LOCKED$NBARRIER INFEED MAGAZINE$NCELL",,"A:I.DATA[0].24"
COMMENT,,A:I,"DOOR SWITCH 6 LOCKED$NBARRIER INFEED MAGAZINE$NCELL",,"A:I.DATA[0].25"
COMMENT,,A:I,"DIAGNOSTIC BIT$NDOOR SWITCH 6 LOCKED$NBARRIER INFEED MAGAZINE$NCELL",,"A:I.DATA[0].26"
COMMENT,,A:I,"DIAGNOSTIC BIT$NDOOR SWITCH 6 LOCKED$NBARRIER INFEED MAGAZINE$NCELL",,"A:I.DATA[0].27"
COMMENT,,A:I,"E-STOP 1 PB$NBY PREHEAT STATIONS$NCELL",,"A:I.DATA[0].28"
COMMENT,,A:I,"E-STOP#1 PB$NCELL",,"A:I.DATA[0].29"
COMMENT,,A:I,"DIAGNOSTIC BIT$NE-STOP#1 PB$NCELL",,"A:I.DATA[0].30"
COMMENT,,A:I,"DIAGNOSTIC BIT$NE-STOP#1 PB$NCELL",,"A:I.DATA[0].31"
COMMENT,,A:I,"E-STOP 2 PB$NBY GLUE MELTER$NCELL",,"A:I.DATA[1].0"
COMMENT,,A:I,"E-STOP 2 PB$NAT GLUE MELTER$NCELL",,"A:I.DATA[1].1"
COMMENT,,A:I,"DIAGNOSTIC BIT$NE-STOP#2 PB$NCELL",,"A:I.DATA[1].2"
COMMENT,,A:I,"DIAGNOSTIC BIT$NE-STOP#2 PB$NCELL",,"A:I.DATA[1].3"
COMMENT,,A:I,"E-STOP 3 PB$NBY BAG OFFLOAD$NROBOT (R3)$NCELL",,"A:I.DATA[1].4"
COMMENT,,A:I,"E-STOP 3 PB$NBAG OFFLOAD$NROBOT (R3)$NCELL",,"A:I.DATA[1].5"
COMMENT,,A:I,"DIAGNOSTIC BIT$NE-STOP#3 PB$NCELL",,"A:I.DATA[1].6"
COMMENT,,A:I,"DIAGNOSTIC BIT$NE-STOP#3 PB$NCELL",,"A:I.DATA[1].7"
COMMENT,,A:I,"E-STOP 4 PB$NBY BARRIER INFEED MAGAZINE$NCELL",,"A:I.DATA[1].8"
COMMENT,,A:I,"E-STOP 4 PB$NBARRIER INFEED MAGAZINE$NCELL",,"A:I.DATA[1].9"
COMMENT,,A:I,"DIAGNOSTIC BIT$NE-STOP#4 PB$NCELL",,"A:I.DATA[1].10"
COMMENT,,A:I,"DIAGNOSTIC BIT$NE-STOP#4 PB$NCELL",,"A:I.DATA[1].11"
COMMENT,,A:I,"E-STOP 5 PB$NBY BAG LOAD ROBOT (R1)$NCELL",,"A:I.DATA[1].12"
COMMENT,,A:I,"E-STOP 5 PB$NBAG LOAD ROBOT (R1)$NCELL",,"A:I.DATA[1].13"
COMMENT,,A:I,"DIAGNOSTIC BIT$NE-STOP#5 PB$NCELL",,"A:I.DATA[1].14"
COMMENT,,A:I,"DIAGNOSTIC BIT$NE-STOP#5 PB$NCELL",,"A:I.DATA[1].15"
COMMENT,,A:I,"TGARD 1 BLACK$NSTOP PB $NBY PREHEAT STATIONS$NCELL",,"A:I.DATA[1].16"
COMMENT,,A:I,"TGARD 1 GREEN$NSTART PB $NBY PREHEAT STATIONS$NCELL",,"A:I.DATA[1].17"
COMMENT,,A:I,"TGARD 1 BLUE$NRESET PB $NBY PREHEAT STATIONS$NCELL",,"A:I.DATA[1].18"
COMMENT,,A:I,"PB 1 SPARE INPUT",,"A:I.DATA[1].19"
COMMENT,,A:I,"TGARD 2 BLACK$NSTOP PB $NBY GLUE MELTER$NCELL",,"A:I.DATA[1].20"
COMMENT,,A:I,"GREEN PB 2$NCELL",,"A:I.DATA[1].21"
COMMENT,,A:I,"BLUE PB 2$NCELL",,"A:I.DATA[1].22"
COMMENT,,A:I,"PB 2 SPARE INPUT",,"A:I.DATA[1].23"
COMMENT,,A:I,"TGARD 3 BLACK$NSTOP PB $NBY BAG OFFLOAD$NROBOT (R3)$NCELL",,"A:I.DATA[1].24"
COMMENT,,A:I,"GREEN PB 3$NCELL",,"A:I.DATA[1].25"
COMMENT,,A:I,"BLUE PB 3$NCELL",,"A:I.DATA[1].26"
COMMENT,,A:I,"PB 3 SPARE INPUT",,"A:I.DATA[1].27"
COMMENT,,A:I,"TGARD 4 BLACK$NSTOP PB $NBY BARRIER INFEED MAGAZINE$NCELL",,"A:I.DATA[1].28"
COMMENT,,A:I,"GREEN PB 4$NCELL",,"A:I.DATA[1].29"
COMMENT,,A:I,"BLUE PB 4$NCELL",,"A:I.DATA[1].30"
COMMENT,,A:I,"PB 4 SPARE INPUT",,"A:I.DATA[1].31"
COMMENT,,A:I,"E-STOP 6 PB$NINFEED CONVEYOR$NCELL",,"A:I.DATA[2].0"
COMMENT,,A:I,"E-STOP#6 PB$NCELL",,"A:I.DATA[2].1"
COMMENT,,A:I,"DIAGNOSTIC BIT$NE-STOP#6 PB$NCELL",,"A:I.DATA[2].2"
COMMENT,,A:I,"DIAGNOSTIC BIT$NE-STOP#6 PB$NCELL",,"A:I.DATA[2].3"
COMMENT,,A:I,"UPPER HEATERS SSR01$NALARM (ON=NOT FAULTED)$NBARRIER PREHEAT STATION 1",,"A:I.DATA[2].8"
COMMENT,,A:I,"LOWER HEATERS SSR02$NALARM (ON=NOT FAULTED)$NBARRIER PREHEAT STATION 1",,"A:I.DATA[2].9"
COMMENT,,A:I,"UPPER HEATERS SSR03$NALARM (ON=NOT FAULTED)$NBARRIER PREHEAT STATION 2",,"A:I.DATA[2].10"
COMMENT,,A:I,"LOWER HEATERS SSR04$NALARM (ON=NOT FAULTED)$NBARRIER PREHEAT STATION 2",,"A:I.DATA[2].11"
COMMENT,,A:I,"DOOR SWITCH 8 LOCKED$NINFEED CONVEYOR$NCELL",,"A:I.DATA[2].12"
COMMENT,,A:I,"DOOR SWITCH 8 LOCKED$NINFEED CONVEYOR$NCELL",,"A:I.DATA[2].13"
COMMENT,,A:I,"DIAGNOSTIC BIT$NDOOR SWITCH 8 LOCKED$NINFEED CONVEYOR$NCELL",,"A:I.DATA[2].14"
COMMENT,,A:I,"DIAGNOSTIC BIT$NDOOR SWITCH 8 LOCKED$NINFEED CONVEYOR$NCELL",,"A:I.DATA[2].15"
COMMENT,,A:I,"CELL PRESSURE$NOK$NCELL",,"A:I.DATA[2].16"
COMMENT,,A:I,"SPARE",,"A:I.DATA[2].17"
COMMENT,,A:I,"SPARE",,"A:I.DATA[2].18"
COMMENT,,A:I,"SPARE",,"A:I.DATA[2].19"
COMMENT,,A:I,"CELL MANUAL MODE$NOPERATOR CONSOLE 1",,"A:I.DATA[2].20"
COMMENT,,A:I,"CELL MANUAL MODE$NOPERATOR CONSOLE 1",,"A:I.DATA[2].21"
COMMENT,,A:I,"DIAGNOSTIC BIT$NCELL MANUAL MODE$NOPERATOR CONSOLE 1",,"A:I.DATA[2].22"
COMMENT,,A:I,"DIAGNOSTIC BIT$NCELL MANUAL MODE$NOPERATOR CONSOLE 1",,"A:I.DATA[2].23"
COMMENT,,A:I,"CELL AUTO MODE$NOPERATOR CONSOLE 1",,"A:I.DATA[2].24"
COMMENT,,A:I,"CELL AUTO MODE$NOPERATOR CONSOLE 1",,"A:I.DATA[2].25"
COMMENT,,A:I,"DIAGNOSTIC BIT$NCELL AUTO MODE$NOPERATOR CONSOLE 1",,"A:I.DATA[2].26"
COMMENT,,A:I,"DIAGNOSTIC BIT$NCELL AUTO MODE$NOPERATOR CONSOLE 1",,"A:I.DATA[2].27"
COMMENT,,A:I,"E-STOP 8 PB$NHMI02$NCELL",,"A:I.DATA[2].28"
COMMENT,,A:I,"E-STOP 8 PB$NHMI02$NCELL",,"A:I.DATA[2].29"
COMMENT,,A:I,"DIAGNOSTIC BIT$NE-STOP 8 PB$NHMI02$NCELL",,"A:I.DATA[2].30"
COMMENT,,A:I,"DIAGNOSTIC BIT$NE-STOP 8 PB$NHMI02$NCELL",,"A:I.DATA[2].31"
COMMENT,,A:I,"E-STOP 7 PB$NHMI01$NCELL",,"A:I.DATA[3].0"
COMMENT,,A:I,"E-STOP 7 PB$NHMI01$NCELL",,"A:I.DATA[3].1"
COMMENT,,A:I,"DIAGNOSTIC BIT$NE-STOP 7 PB$NHMI01$NCELL",,"A:I.DATA[3].2"
COMMENT,,A:I,"DIAGNOSTIC BIT$NE-STOP 7 PB$NHMI01$NCELL",,"A:I.DATA[3].3"
COMMENT,,A:I,"LIGHT CURTAIN CLEAR$NBARRIER INFEED MAGAZINE",,"A:I.DATA[3].4"
COMMENT,,A:I,"LIGHT CURTAIN CLEAR$NBARRIER INFEED MAGAZINE",,"A:I.DATA[3].5"
COMMENT,,A:I,"DIAGNOSTIC BIT$NLIGHT CURTAIN CLEAR$NBARRIER INFEED MAGAZINE",,"A:I.DATA[3].6"
COMMENT,,A:I,"DIAGNOSTIC BIT$NLIGHT CURTAIN CLEAR$NBARRIER INFEED MAGAZINE",,"A:I.DATA[3].7"
COMMENT,,A:I,"CORONA TREATER FAULTED$NBARRIER PICK-N-PLACE/ $NCORONA TREAT",,"A:I.DATA[3].8"
COMMENT,,A:I,"CORONA TREATER RUNNING$NBARRIER PICK-N-PLACE/ $NCORONA TREAT",,"A:I.DATA[3].9"
COMMENT,,A:I,"DOOR SWITCH 7 LOCKED$NINFEED CONVEYOR$NCELL",,"A:I.DATA[3].12"
COMMENT,,A:I,"DOOR SWITCH 7 LOCKED$NINFEED CONVEYOR$NCELL",,"A:I.DATA[3].13"
COMMENT,,A:I,"DIAGNOSTIC BIT$NDOOR SWITCH 7 LOCKED$NINFEED CONVEYOR$NCELL",,"A:I.DATA[3].14"
COMMENT,,A:I,"DIAGNOSTIC BIT$NDOOR SWITCH 7 LOCKED$NINFEED CONVEYOR$NCELL",,"A:I.DATA[3].15"
COMMENT,,A:I,"E-STOP 9 PB$NHMI03$NCELL",,"A:I.DATA[3].20"
COMMENT,,A:I,"E-STOP 9 PB$NHMI03$NCELL",,"A:I.DATA[3].21"
COMMENT,,A:I,"DIAGNOSTIC BIT$NE-STOP 9 PB$NHMI03$NCELL",,"A:I.DATA[3].22"
COMMENT,,A:I,"DIAGNOSTIC BIT$NE-STOP 9 PB$NHMI03$NCELL",,"A:I.DATA[3].23"
COMMENT,,A:I,"CELL ID NUMBER$NBIT #0$NCELL",,"A:I.DATA[6].8"
COMMENT,,A:I,"CELL ID NUMBER$NBIT #1$NCELL",,"A:I.DATA[6].9"
COMMENT,,A:I,"CELL ID NUMBER$NBIT #2$NCELL",,"A:I.DATA[6].10"
COMMENT,,A:I,"CELL ID NUMBER$NBIT #3$NCELL",,"A:I.DATA[6].11"
COMMENT,,A:I,"GLUE MELTER READY$NBAG GLUE STATION",,"A:I.DATA[6].16"
COMMENT,,A:I,"GLUE MELTER NOT FAULTED$NBAG GLUE STATION",,"A:I.DATA[6].17"
COMMENT,,A:I,"GLUE MELTER$NLOW LEVEL INDICATOR$NBAG GLUE STATION$N$N0=LOW$N1=FULL",,"A:I.DATA[6].18"
COMMENT,,A:I,"0=OKAY$N1=CONFIG ERROR$NCHANNEL 2$NASI GATEWAY$NCELL",,"A:I.DATA[8].4"
COMMENT,,A:I,"N/A",,"A:I.DATA[8].5"
COMMENT,,A:I,"N/A",,"A:I.DATA[8].6"
COMMENT,,A:I,"N/A",,"A:I.DATA[8].7"
COMMENT,,A:I,"N/A",,"A:I.DATA[8].8"
COMMENT,,A:I,"N/A",,"A:I.DATA[8].9"
COMMENT,,A:I,"N/A",,"A:I.DATA[8].10"
COMMENT,,A:I,"N/A",,"A:I.DATA[8].11"
COMMENT,,A:I,"SPARE INPUT FROM SAFETY E-STOP NODE$NBAG LOAD ROBOT (R1)",,"A:I.DATA[8].12"
COMMENT,,A:I,"SPARE INPUT FROM SAFETY E-STOP NODE$NBAG LOAD ROBOT (R1)",,"A:I.DATA[8].13"
COMMENT,,A:I,"SPARE INPUT FROM SAFETY E-STOP NODE$NBAG LOAD ROBOT (R1)",,"A:I.DATA[8].14"
COMMENT,,A:I,"SPARE INPUT FROM SAFETY E-STOP NODE$NBAG LOAD ROBOT (R1)",,"A:I.DATA[8].15"
COMMENT,,A:I,"N/A",,"A:I.DATA[8].16"
COMMENT,,A:I,"N/A",,"A:I.DATA[8].17"
COMMENT,,A:I,"N/A",,"A:I.DATA[8].18"
COMMENT,,A:I,"N/A",,"A:I.DATA[8].19"
COMMENT,,A:I,"ESTOP NOT PRESSED$NESTOP PRESSED = 0$NESTOP PULLED = 1$NBAG LOAD ROBOT (R1)",,"A:I.DATA[8].20"
COMMENT,,A:I,"E-STOP NOT PRESSED$NE-STOP PRESSED = 0$NE-STOP PULLED = 1$NBAG LOAD ROBOT (R1)",,"A:I.DATA[8].21"
COMMENT,,A:I,"DIAGNOSTIC BIT$NE-STOP NOT PRESSED$NE-STOP PRESSED = 0$NE-STOP PULLED = 1$NBAG LOAD ROBOT (R1)",,"A:I.DATA[8].22"
COMMENT,,A:I,"DIAGNOSTIC BIT$NE-STOP NOT PRESSED$NE-STOP PRESSED = 0$NE-STOP PULLED = 1$NBAG LOAD ROBOT (R1)",,"A:I.DATA[8].23"
COMMENT,,A:I,"STATUS OF GLOBAL ESTOP OSSD #4$NCELL",,"A:I.DATA[8].24"
COMMENT,,A:I,"STATUS OF GLOBAL ESTOP OSSD #4$NCELL",,"A:I.DATA[8].25"
COMMENT,,A:I,"STATUS OF GLOBAL ESTOP OSSD #4$NCELL",,"A:I.DATA[8].26"
COMMENT,,A:I,"STATUS OF GLOBAL ESTOP OSSD #4$NCELL",,"A:I.DATA[8].27"
COMMENT,,A:I,"SPARE INPUT FROM SAFETY E-STOP NODE$NBAG LOAD ROBOT (R1)",,"A:I.DATA[8].28"
COMMENT,,A:I,"SPARE INPUT FROM SAFETY E-STOP NODE$NBAG LOAD ROBOT (R1)",,"A:I.DATA[8].29"
COMMENT,,A:I,"SPARE INPUT FROM SAFETY E-STOP NODE$NBAG LOAD ROBOT (R1)",,"A:I.DATA[8].30"
COMMENT,,A:I,"SPARE INPUT FROM SAFETY E-STOP NODE$NBAG LOAD ROBOT (R1)",,"A:I.DATA[8].31"
COMMENT,,A:I,"N/A",,"A:I.DATA[9].0"
COMMENT,,A:I,"N/A",,"A:I.DATA[9].1"
COMMENT,,A:I,"N/A",,"A:I.DATA[9].2"
COMMENT,,A:I,"N/A",,"A:I.DATA[9].3"
COMMENT,,A:I,"ESTOP NOT PRESSED$NESTOP PRESSED = 0$NESTOP PULLED = 1$NBARRIER LOAD ROBOT (R2)",,"A:I.DATA[9].4"
COMMENT,,A:I,"E-STOP NOT PRESSED$NE-STOP PRESSED = 0$NE-STOP PULLED = 1$NBARRIER LOAD ROBOT (R2)",,"A:I.DATA[9].5"
COMMENT,,A:I,"DIAGNOSTIC BIT$NE-STOP NOT PRESSED$NE-STOP PRESSED = 0$NE-STOP PULLED = 1$NBARRIER LOAD ROBOT (R2)",,"A:I.DATA[9].6"
COMMENT,,A:I,"DIAGNOSTIC BIT$NE-STOP NOT PRESSED$NE-STOP PRESSED = 0$NE-STOP PULLED = 1$NBARRIER LOAD ROBOT (R2)",,"A:I.DATA[9].7"
COMMENT,,A:I,"ESTOP NOT PRESSED$NESTOP PRESSED = 0$NESTOP PULLED = 1$NBAG OFFLOAD ROBOT (R3)",,"A:I.DATA[9].8"
COMMENT,,A:I,"E-STOP NOT PRESSED$NE-STOP PRESSED = 0$NE-STOP PULLED = 1$NBAG OFFLOAD ROBOT (R3)",,"A:I.DATA[9].9"
COMMENT,,A:I,"DIAGNOSTIC BIT$NE-STOP NOT PRESSED$NE-STOP PRESSED = 0$NE-STOP PULLED = 1$NBAG OFFLOAD ROBOT (R3)",,"A:I.DATA[9].10"
COMMENT,,A:I,"DIAGNOSTIC BIT$NE-STOP NOT PRESSED$NE-STOP PRESSED = 0$NE-STOP PULLED = 1$NBAG OFFLOAD ROBOT (R3)",,"A:I.DATA[9].11"
COMMENT,,A:I,"SPARE INPUT FROM SAFETY FENCE$NSTOP NODE$NBAG LOAD ROBOT (R1)",,"A:I.DATA[12].12"
COMMENT,,A:I,"SPARE INPUT FROM SAFETY FENCE$NSTOP NODE$NBAG LOAD ROBOT (R1)",,"A:I.DATA[12].13"
COMMENT,,A:I,"SPARE INPUT FROM SAFETY FENCE$NSTOP NODE$NBAG LOAD ROBOT (R1)",,"A:I.DATA[12].14"
COMMENT,,A:I,"SPARE INPUT FROM SAFETY FENCE$NSTOP NODE$NBAG LOAD ROBOT (R1)",,"A:I.DATA[12].15"
COMMENT,,A:I,"SPARE INPUT FROM SAFETY FENCE$NSTOP NODE$NBARRIER LOAD ROBOT (R2)",,"A:I.DATA[12].28"
COMMENT,,A:I,"SPARE INPUT FROM SAFETY FENCE$NSTOP NODE$NBARRIER LOAD ROBOT (R2)",,"A:I.DATA[12].29"
COMMENT,,A:I,"SPARE INPUT FROM SAFETY FENCE$NSTOP NODE$NBARRIER LOAD ROBOT (R2)",,"A:I.DATA[12].30"
COMMENT,,A:I,"SPARE INPUT FROM SAFETY FENCE$NSTOP NODE$NBARRIER LOAD ROBOT (R2)",,"A:I.DATA[12].31"
COMMENT,,A:I,"SPARE INPUT FROM SAFETY FENCE $NSTOP NODE$NBAG OFFLOAD ROBOT (R3)",,"A:I.DATA[13].0"
COMMENT,,A:I,"SPARE INPUT FROM SAFETY FENCE $NSTOP NODE$NBAG OFFLOAD ROBOT (R3)",,"A:I.DATA[13].1"
COMMENT,,A:I,"SPARE INPUT FROM SAFETY FENCE $NSTOP NODE$NBAG OFFLOAD ROBOT (R3)",,"A:I.DATA[13].2"
COMMENT,,A:I,"SPARE INPUT FROM SAFETY FENCE $NSTOP NODE$NBAG OFFLOAD ROBOT (R3)",,"A:I.DATA[13].3"
COMMENT,,A:I,"UPPER TEMPERATURE SENSORS $NBARRIER PREHEAT STATION 1",,"A:I.DATA[16]"
COMMENT,,A:I,"UPPER BLOCK TEMPERATURE SENSOR$NBARRIER PREHEAT STATION 1$N(BITS 0-15)",,"A:I.DATA[16].0"
COMMENT,,A:I,"UPPER TOOL TEMPERATURE SENSOR$NBARRIER PREHEAT STATION 1$N(BITS 16-31)",,"A:I.DATA[16].16"
COMMENT,,A:I,"LOWER TEMPERATURE SENSORS $NBARRIER PREHEAT STATION 1",,"A:I.DATA[17]"
COMMENT,,A:I,"LOWER BLOCK TEMPERATURE SENSOR$NBARRIER PREHEAT STATION 1$N(BITS 0-15)",,"A:I.DATA[17].0"
COMMENT,,A:I,"LOWER TOOL TEMPERATURE SENSOR$NBARRIER PREHEAT STATION 1$N(BITS 16-31)",,"A:I.DATA[17].16"
COMMENT,,A:I,"UPPER TEMPERATURE SENSORS $NBARRIER PREHEAT STATION 2",,"A:I.DATA[18]"
COMMENT,,A:I,"UPPER BLOCK TEMPERATURE SENSOR$NBARRIER PREHEAT STATION 2$N(BITS 0-15)",,"A:I.DATA[18].0"
COMMENT,,A:I,"UPPER TOOL TEMPERATURE SENSOR$NBARRIER PREHEAT STATION 2$N(BITS 16-31)",,"A:I.DATA[18].16"
COMMENT,,A:I,"LOWER TEMPERATURE SENSORS $NBARRIER PREHEAT STATION 2",,"A:I.DATA[19]"
COMMENT,,A:I,"LOWER BLOCK TEMPERATURE SENSOR$NBARRIER PREHEAT STATION 2$N(BITS 0-15)",,"A:I.DATA[19].0"
COMMENT,,A:I,"LOWER TOOL TEMPERATURE SENSOR$NBARRIER PREHEAT STATION 2$N(BITS 16-31)",,"A:I.DATA[19].16"
COMMENT,,A:I,"GLUE MELTER OUTPUT PRESSURE CONTROL$NBAG GLUE STATION",,"A:I.DATA[20]"
COMMENT,,A:I,"GLUE MELTER OUTPUT PRESSURE CONTROL$NBAG GLUE STATION$N(BITS 0-15)",,"A:I.DATA[20].0"
TAG,,A:O,"ASI NETWORK OUTPUTS$NCELL","AB:ETHERNET_MODULE_DINT_152Bytes:O:0","","(ExternalAccess := Read/Write)"
COMMENT,,A:O,"DOOR SWITCH 1 : LOCK ACTIVATION$NPREHEAT STATIONS$NCELL",,"A:O.DATA[0].0"
COMMENT,,A:O,"OFF-LINE",,"A:O.DATA[0].4"
COMMENT,,A:O,"LOSS-MASTER-BIT",,"A:O.DATA[0].5"
COMMENT,,A:O,"CONFIGURATION MODE",,"A:O.DATA[0].6"
COMMENT,,A:O,"PROTECTED MODE",,"A:O.DATA[0].7"
COMMENT,,A:O,"DOOR SWITCH 2 : LOCK ACTIVATION$NFORMING STATION$NCELL",,"A:O.DATA[0].8"
COMMENT,,A:O,"DOOR SWITCH 3 : LOCK ACTIVATION$NPRINTING STATION$NCELL",,"A:O.DATA[0].12"
COMMENT,,A:O,"DOOR SWITCH 4 : LOCK ACTIVATION$NGLUE STATION$NCELL",,"A:O.DATA[0].16"
COMMENT,,A:O,"DOOR SWITCH 5 : LOCK ACTIVATION$NBAG OFFLOAD$NROBOT (R3)$NCELL",,"A:O.DATA[0].20"
COMMENT,,A:O,"DOOR SWITCH 6 : LOCK ACTIVATION$NBARRIER INFEED MAGAZINE$NCELL",,"A:O.DATA[0].24"
COMMENT,,A:O,"E-STOP 1 PB LIGHT$NBY PREHEAT STATIONS$NCELL",,"A:O.DATA[0].28"
COMMENT,,A:O,"E-STOP 2 PB LIGHT$NBY GLUE MELTER$NCELL",,"A:O.DATA[1].0"
COMMENT,,A:O,"E-STOP 3 PB LIGHT$NBY BAG OFFLOAD$NROBOT (R3)$NCELL",,"A:O.DATA[1].4"
COMMENT,,A:O,"E-STOP 4 PB LIGHT$NBY BARRIER INFEED MAGAZINE$NCELL",,"A:O.DATA[1].8"
COMMENT,,A:O,"E-STOP 5 PB LIGHT$NBY BAG LOAD ROBOT (R1)$NCELL",,"A:O.DATA[1].12"
COMMENT,,A:O,"TGARD 1 GREEN$NSTART PB $NBY PREHEAT STATIONS$NCELL",,"A:O.DATA[1].16"
COMMENT,,A:O,"TGARD 1 BLUE$NRESET PB $NBY PREHEAT STATIONS$NCELL",,"A:O.DATA[1].17"
COMMENT,,A:O,"PB 1 SPARE OUTPUT",,"A:O.DATA[1].18"
COMMENT,,A:O,"PB 1 SPARE OUTPUT",,"A:O.DATA[1].19"
COMMENT,,A:O,"TGARD 2 GREEN$NSTART PB $NBY GLUE MELTER$NCELL",,"A:O.DATA[1].20"
COMMENT,,A:O,"TGARD 2 BLUE$NRESET PB $NBY GLUE MELTER$NCELL",,"A:O.DATA[1].21"
COMMENT,,A:O,"PB 2 SPARE OUTPUT",,"A:O.DATA[1].22"
COMMENT,,A:O,"PB 2 SPARE OUTPUT",,"A:O.DATA[1].23"
COMMENT,,A:O,"TGARD 3 GREEN$NSTART PB $NBY BAG OFFLOAD ROBOT$NCELL",,"A:O.DATA[1].24"
COMMENT,,A:O,"TGARD 3 BLUE$NRESET PB $NBY BAG OFFLOAD$NROBOT (R3)$NCELL",,"A:O.DATA[1].25"
COMMENT,,A:O,"PB 3 SPARE OUTPUT",,"A:O.DATA[1].26"
COMMENT,,A:O,"PB 3 SPARE OUTPUT",,"A:O.DATA[1].27"
COMMENT,,A:O,"TGARD 4 GREEN$NSTART PB $NBY BARRIER INFEED MAGAZINE$NCELL",,"A:O.DATA[1].28"
COMMENT,,A:O,"TGARD 4 BLUE$NRESET PB $NBY BARRIER INFEED MAGAZINE$NCELL",,"A:O.DATA[1].29"
COMMENT,,A:O,"PB 4 SPARE OUTPUT",,"A:O.DATA[1].30"
COMMENT,,A:O,"PB 4 SPARE OUTPUT",,"A:O.DATA[1].31"
COMMENT,,A:O,"E-STOP 6 PB LIGHT$NINFEED CONVEYOR$NCELL",,"A:O.DATA[2].0"
COMMENT,,A:O,"GREEN STACK LIGHT$NCELL",,"A:O.DATA[2].4"
COMMENT,,A:O,"AMBER STACK LIGHT$NCELL",,"A:O.DATA[2].5"
COMMENT,,A:O,"RED STACK LIGHT$NCELL",,"A:O.DATA[2].6"
COMMENT,,A:O,"AUDIO ALARM$NSTACK LIGHT$NCELL",,"A:O.DATA[2].7"
COMMENT,,A:O,"UPPER HEATERS$NPOWER ON$NBARRIER PREHEAT STATION 1",,"A:O.DATA[2].8"
COMMENT,,A:O,"LOWER HEATERS$NPOWER ON$NBARRIER PREHEAT STATION 1",,"A:O.DATA[2].9"
COMMENT,,A:O,"UPPER HEATERS$NPOWER ON$NBARRIER PREHEAT STATION 2",,"A:O.DATA[2].10"
COMMENT,,A:O,"LOWER HEATERS$NPOWER ON$NBARRIER PREHEAT STATION 2",,"A:O.DATA[2].11"
COMMENT,,A:O,"DOOR SWITCH 8 : LOCK ACTIVATION$NINFEED CONVEYOR$NCELL",,"A:O.DATA[2].12"
COMMENT,,A:O,"OZONE DESTRUCTION UNIT ON$NCELL",,"A:O.DATA[2].16"
COMMENT,,A:O,"HEATERS POWER RELAY$NBARRIER PREHEAT STATIONS 1 & 2",,"A:O.DATA[2].19"
COMMENT,,A:O,"RED LIGHT: BARRIER INFEED MAGAZINE NOT IN MOTION",,"A:O.DATA[2].20"
COMMENT,,A:O,"GREEN  LIGHT: BARRIER INFEED MAGAZINE IN MOTION INDICATOR",,"A:O.DATA[2].21"
COMMENT,,A:O,"N/A",,"A:O.DATA[2].22"
COMMENT,,A:O,"N/A",,"A:O.DATA[2].23"
COMMENT,,A:O,"N/A",,"A:O.DATA[2].26"
COMMENT,,A:O,"N/A",,"A:O.DATA[2].27"
COMMENT,,A:O,"E-STOP 8 PB LIGHT$NHMI02$NCELL",,"A:O.DATA[2].28"
COMMENT,,A:O,"N/A",,"A:O.DATA[2].30"
COMMENT,,A:O,"N/A",,"A:O.DATA[2].31"
COMMENT,,A:O,"E-STOP 7 PB LIGHT$NHMI01$NCELL",,"A:O.DATA[3].0"
COMMENT,,A:O,"N/A",,"A:O.DATA[3].2"
COMMENT,,A:O,"N/A",,"A:O.DATA[3].3"
COMMENT,,A:O,"ESTOP RESET$N(NEEDED TO RESET OSSD3 SAFETY OUTPUT)$NCELL",,"A:O.DATA[3].4"
COMMENT,,A:O,"N/A",,"A:O.DATA[3].5"
COMMENT,,A:O,"N/A",,"A:O.DATA[3].6"
COMMENT,,A:O,"N/A",,"A:O.DATA[3].7"
COMMENT,,A:O,"CORONA TREATER START$NBARRIER PICK-N-PLACE/ $NCORONA TREAT",,"A:O.DATA[3].8"
COMMENT,,A:O,"CORONA TREATER ENABLE$NBARRIER PICK-N-PLACE/ $NCORONA TREAT",,"A:O.DATA[3].9"
COMMENT,,A:O,"DOOR SWITCH 7 : LOCK ACTIVATION$NINFEED CONVEYOR$NCELL",,"A:O.DATA[3].12"
COMMENT,,A:O,"E-STOP 9 PB LIGHT$NHMI03$NCELL",,"A:O.DATA[3].20"
COMMENT,,A:O,"OVERHEAD LIGHTS ON$NCELL",,"A:O.DATA[6].11"
COMMENT,,A:O,"GLUE MELTER$NSTANDBY ON$NBAG GLUE STATION",,"A:O.DATA[6].16"
COMMENT,,A:O,"GLUE MELTER$NHEATERS ON$NBAG GLUE STATION",,"A:O.DATA[6].17"
COMMENT,,A:O,"GLUE MELTER$NPUMP MOTOR ENABLE$NBAG GLUE STATION",,"A:O.DATA[6].18"
COMMENT,,A:O,"GLUE MELTER$NHOSE/GUN DISABLE$NBAG GLUE STATION$NENABLE = 0$NDISABLE = 1",,"A:O.DATA[6].19"
COMMENT,,A:O,"OFF-LINE",,"A:O.DATA[8].4"
COMMENT,,A:O,"LOSS-MASTER-BIT",,"A:O.DATA[8].5"
COMMENT,,A:O,"CONFIGURATION MODE",,"A:O.DATA[8].6"
COMMENT,,A:O,"PROTECTED MODE",,"A:O.DATA[8].7"
COMMENT,,A:O,"E-STOP OUTPUT$NALL ROBOTS",,"A:O.DATA[8].8"
COMMENT,,A:O,"E-STOP OUTPUT$NALL ROBOTS",,"A:O.DATA[8].9"
COMMENT,,A:O,"E-STOP OUTPUT$NALL ROBOTS",,"A:O.DATA[8].10"
COMMENT,,A:O,"E-STOP OUTPUT$NALL ROBOTS",,"A:O.DATA[8].11"
COMMENT,,A:O,"N/A",,"A:O.DATA[8].12"
COMMENT,,A:O,"N/A",,"A:O.DATA[8].13"
COMMENT,,A:O,"N/A",,"A:O.DATA[8].14"
COMMENT,,A:O,"N/A",,"A:O.DATA[8].15"
COMMENT,,A:O,"FENCE STOP OUTPUT$NALL ROBOTS",,"A:O.DATA[8].16"
COMMENT,,A:O,"FENCE STOP OUTPUT$NALL ROBOTS",,"A:O.DATA[8].17"
COMMENT,,A:O,"FENCE STOP OUTPUT$NALL ROBOTS",,"A:O.DATA[8].18"
COMMENT,,A:O,"FENCE STOP OUTPUT$NALL ROBOTS",,"A:O.DATA[8].19"
COMMENT,,A:O,"SPARE",,"A:O.DATA[8].20"
COMMENT,,A:O,"SPARE",,"A:O.DATA[8].21"
COMMENT,,A:O,"N/A",,"A:O.DATA[8].22"
COMMENT,,A:O,"N/A",,"A:O.DATA[8].23"
COMMENT,,A:O,"N/A",,"A:O.DATA[8].24"
COMMENT,,A:O,"N/A",,"A:O.DATA[8].25"
COMMENT,,A:O,"N/A",,"A:O.DATA[8].26"
COMMENT,,A:O,"N/A",,"A:O.DATA[8].27"
COMMENT,,A:O,"N/A",,"A:O.DATA[8].28"
COMMENT,,A:O,"N/A",,"A:O.DATA[8].29"
COMMENT,,A:O,"N/A",,"A:O.DATA[8].30"
COMMENT,,A:O,"N/A",,"A:O.DATA[8].31"
COMMENT,,A:O,"SPARE",,"A:O.DATA[9].4"
COMMENT,,A:O,"SPARE",,"A:O.DATA[9].5"
COMMENT,,A:O,"N/A",,"A:O.DATA[9].6"
COMMENT,,A:O,"N/A",,"A:O.DATA[9].7"
COMMENT,,A:O,"SPARE",,"A:O.DATA[9].8"
COMMENT,,A:O,"SPARE",,"A:O.DATA[9].9"
COMMENT,,A:O,"N/A",,"A:O.DATA[9].10"
COMMENT,,A:O,"N/A",,"A:O.DATA[9].11"
TAG,,DRV03:S,"","AB:Motion_Diagnostics:S:1","","(ExternalAccess := Read/Write)"
TAG,,DRV06:S,"","AB:Motion_Diagnostics:S:1","","(ExternalAccess := Read/Write)"
TAG,,DRV05:S,"","AB:Motion_Diagnostics:S:1","","(ExternalAccess := Read/Write)"
TAG,,R3:C,"","AB:ETHERNET_MODULE:C:0","","(ExternalAccess := Read/Write)"
TAG,,R3:I,"BAG OFFLOAD ROBOT (R3)$NOUTPUTS FROM ROBOT$NINPUTS TO PLC","AB:ETHERNET_MODULE_DINT_8Bytes:I:0","","(ExternalAccess := Read/Write)"
COMMENT,,R3:I,"BAG OFFLOAD ROBOT (R3)$NOUTPUTS",,"R3:I.DATA"
COMMENT,,R3:I,"BAG OFFLOAD ROBOT (R3)$NOUTPUT WORD 1",,"R3:I.DATA[0]"
COMMENT,,R3:I,"SNO BIT 1 (UO 11)$NBAG OFFLOAD ROBOT (R3)",,"R3:I.DATA[0].0"
COMMENT,,R3:I,"SNO BIT 2 (UO 12)$NBAG OFFLOAD ROBOT (R3)",,"R3:I.DATA[0].1"
COMMENT,,R3:I,"SNO BIT 3 (UO 13)$NBAG OFFLOAD ROBOT (R3)",,"R3:I.DATA[0].2"
COMMENT,,R3:I,"SNO BIT 4 (UO 14)$NBAG OFFLOAD ROBOT (R3)",,"R3:I.DATA[0].3"
COMMENT,,R3:I,"SNO BIT 5 (UO 15)$NBAG OFFLOAD ROBOT (R3)",,"R3:I.DATA[0].4"
COMMENT,,R3:I,"SNO BIT 6 (UO 16)$NBAG OFFLOAD ROBOT (R3)",,"R3:I.DATA[0].5"
COMMENT,,R3:I,"SNO BIT 7 (UO 17)$NBAG OFFLOAD ROBOT (R3)",,"R3:I.DATA[0].6"
COMMENT,,R3:I,"FAULT$N(UO 6)$NBAG OFFLOAD ROBOT (R3)",,"R3:I.DATA[0].7"
COMMENT,,R3:I,"TP ENABLE$N(UO 8)$NBAG OFFLOAD ROBOT (R3)",,"R3:I.DATA[0].8"
COMMENT,,R3:I,"BATTERY LOW ALARM (UO 9)$NBAG OFFLOAD ROBOT (R3)",,"R3:I.DATA[0].9"
COMMENT,,R3:I,"COMMAND ENABLE$N(UO 1)$NBAG OFFLOAD ROBOT (R3)",,"R3:I.DATA[0].10"
COMMENT,,R3:I,"AT HOME$N(UO 7)$NBAG OFFLOAD ROBOT (R3)",,"R3:I.DATA[0].11"
COMMENT,,R3:I,"SPARE",,"R3:I.DATA[0].12"
COMMENT,,R3:I,"PNS STARTED (DO 13)$NBAG OFFLOAD ROBOT (R3)",,"R3:I.DATA[0].13"
COMMENT,,R3:I,"BARRIER READY TO LOAD ON MAIN DIAL$N(DO 14)$NBAG OFFLOAD ROBOT (R3)",,"R3:I.DATA[0].14"
COMMENT,,R3:I,"ROBOT ESTOP$NCONTROLLER$NESTOPPRESSED = 1$NEESTOPULLED = 0$N(DO 17)$NBAG OFFLOAD ROBOT (R3)",,"R3:I.DATA[0].17"
COMMENT,,R3:I,"PNS DONE$N(DO 18)$NBAG OFFLOAD ROBOT (R3)",,"R3:I.DATA[0].18"
COMMENT,,R3:I,"FAILED BARRIER PICKED FROM$NMAIN DIAL$N(DO 19)$NBAG OFFLOAD ROBOT (R3)",,"R3:I.DATA[0].19"
COMMENT,,R3:I,"FINISHED BAG ASSY PICKED FROM$NMAIN DIAL$N(DO 20)$NBAG OFFLOAD ROBOT (R3)",,"R3:I.DATA[0].20"
COMMENT,,R3:I,"FINISHED BAG ASSY PLACED $NONTO OFFLOAD CONVEYOR$N(DO 21)$NBAG OFFLOAD ROBOT (R3)",,"R3:I.DATA[0].21"
COMMENT,,R3:I,"BARRIER PICKED FROM LIGHT TABLE$N(DO 22)$NBAG OFFLOAD ROBOT (R3)",,"R3:I.DATA[0].22"
COMMENT,,R3:I,"BARRIER LOADED $NONTO DIAL$NBAG OFFLOAD ROBOT (R3)$N(DO 23)",,"R3:I.DATA[0].23"
COMMENT,,R3:I,"OPERATOR BOX$NAUTO SWITCH$N(DO 24)$NBAG OFFLOAD ROBOT (R3)",,"R3:I.DATA[0].24"
COMMENT,,R3:I,"INPUTS SIMULATED$N(DO 25)$NBAG OFFLOAD ROBOT (R3)",,"R3:I.DATA[0].25"
COMMENT,,R3:I,"ROBOT IS CLEAR$NOF MAIN DIAL$N(DO 26)$NBAG OFFLOAD ROBOT (R3)",,"R3:I.DATA[0].26"
COMMENT,,R3:I,"ROBOT IS CLEAR$N OF LIGHT TABLE$N(DO 27)$NBAG OFFLOAD ROBOT (R3)",,"R3:I.DATA[0].27"
COMMENT,,R3:I,"ROBOT IS CLEAR$N OF OFFLOAD CONVEYOR$N(DO 28)$NBAG OFFLOAD ROBOT (R3)",,"R3:I.DATA[0].28"
COMMENT,,R3:I,"FAILED BAG PICKED FROM$NMAIN DIAL$N(DO 29)$NBAG OFFLOAD ROBOT (R3)",,"R3:I.DATA[0].29"
COMMENT,,R3:I,"ROBOT ESTOP$NTEACH PENDANT$NESTOPPRESSED = 1$NEESTOPULLED = 0$N(DO 30)$NBAG OFFLOAD ROBOT (R3)",,"R3:I.DATA[0].30"
COMMENT,,R3:I,"FAILED PART$NDROPPED AT REJECT$N(DO 31)$NBAG OFFLOAD ROBOT (R3)",,"R3:I.DATA[0].31"
COMMENT,,R3:I,"BAG OFFLOAD ROBOT (R3)$NOUTPUT WORD 2",,"R3:I.DATA[1]"
COMMENT,,R3:I,"BARRIER LOCATION VISION PASSED$N(DO 32)$NBAG OFFLOAD ROBOT (R3)",,"R3:I.DATA[1].0"
COMMENT,,R3:I,"BARRIER LOCATION VISION FAILED$N(DO 33)$NBAG OFFLOAD ROBOT (R3)",,"R3:I.DATA[1].1"
COMMENT,,R3:I,"BAG PICK VACUUM$NON TO PLC$N(DO 34)$NBAG OFFLOAD ROBOT (R3)",,"R3:I.DATA[1].2"
COMMENT,,R3:I,"BARRIER PICK VACUUM$NON TO PLC$N(DO 35)$NBAG OFFLOAD ROBOT (R3)",,"R3:I.DATA[1].3"
COMMENT,,R3:I,"BAG PICK CYLINDER EXTEND TO PLC$N(DO 36)$NBAG OFFLOAD ROBOT (R3)",,"R3:I.DATA[1].4"
COMMENT,,R3:I,"BARRIER BLOW$NTO PLC$N(DO 37)$NBAG OFFLOAD ROBOT (R3)",,"R3:I.DATA[1].5"
COMMENT,,R3:I,"BAG PICK CYLINDER EXTENDED SENSOR$N(RI 1, DO 38)$NBAG OFFLOAD ROBOT (R3)",,"R3:I.DATA[1].6"
COMMENT,,R3:I,"BAG PICK CYLINDER RETRACTED SENSOR$N(RI 2, DO 39)$NBAG OFFLOAD ROBOT (R3)",,"R3:I.DATA[1].7"
COMMENT,,R3:I,"BAG VACUUM$NON SWITCH$N(RI 3, DO 40)$NBAG OFFLOAD ROBOT (R3)",,"R3:I.DATA[1].8"
COMMENT,,R3:I,"BARRIER VACUUM$NON SWITCH$N(RI 4, DO 41)$NBAG OFFLOAD ROBOT (R3)",,"R3:I.DATA[1].9"
COMMENT,,R3:I,"VISION PASSED$NLIGHT TABLE EMPTY$N(DO 42)$NBAG OFFLOAD ROBOT (R3)",,"R3:I.DATA[1].10"
COMMENT,,R3:I,"VISION FAILED$NLIGHT TABLE EMPTY$N(DO 43)$NBAG OFFLOAD ROBOT (R3)",,"R3:I.DATA[1].11"
COMMENT,,R3:I,"LIGHT TABLE REMOVAL VISION PASSED$N(DO 44)$NBAG OFFLOAD ROBOT (R3)",,"R3:I.DATA[1].12"
COMMENT,,R3:I,"LIGHT TABLE REMOVAL VISION FAILED$N(DO 45)$NBAG OFFLOAD ROBOT (R3)",,"R3:I.DATA[1].13"
COMMENT,,R3:I,"BARRIER PRESENCE VISION PASSED$N(DO 46)$NBAG OFFLOAD ROBOT (R3)",,"R3:I.DATA[1].14"
COMMENT,,R3:I,"BARRIER PRESENCE VISION FAILED$N(DO 47)$NBAG OFFLOAD ROBOT (R3)",,"R3:I.DATA[1].15"
COMMENT,,R3:I,"STAGE BIT #1 FROM ROBOT TO PLC$N(DO 50)$N BAG OFFLOAD ROBOT (R3)",,"R3:I.DATA[1].18"
COMMENT,,R3:I,"STAGE BIT #2$NFROM ROBOT TO PLC$N(DO 51)$N BAG OFFLOAD ROBOT (R3)",,"R3:I.DATA[1].19"
COMMENT,,R3:I,"STAGE BIT #3$NFROM ROBOT TO PLC$N(DO 52)$N BAG OFFLOAD ROBOT (R3)",,"R3:I.DATA[1].20"
COMMENT,,R3:I,"STAGE BIT #4$NFROM ROBOT TO PLC$N(DO 53)$N BAG OFFLOAD ROBOT (R3)",,"R3:I.DATA[1].21"
TAG,,R3:O,"BAG OFFLOAD ROBOT (R3)$NINPUTS TO ROBOT$NOUTPUTS FROM PLC","AB:ETHERNET_MODULE_DINT_8Bytes:O:0","","(ExternalAccess := Read/Write)"
COMMENT,,R3:O,"BAG OFFLOAD ROBOT (R3)$NINPUTS",,"R3:O.DATA"
COMMENT,,R3:O,"BAG OFFLOAD ROBOT (R3)$NINPUT WORD 1",,"R3:O.DATA[0]"
COMMENT,,R3:O,"IMSTD$N(UI 1)$NBAG OFFLOAD ROBOT (R3)",,"R3:O.DATA[0].1"
COMMENT,,R3:O,"HOLD$N(UI 2)$NBAG OFFLOAD ROBOT (R3)",,"R3:O.DATA[0].2"
COMMENT,,R3:O,"SFSPD$N(UI 3)$NBAG OFFLOAD ROBOT (R3)",,"R3:O.DATA[0].3"
COMMENT,,R3:O,"CSTOP$N(UI 4)$NBAG OFFLOAD ROBOT (R3)",,"R3:O.DATA[0].4"
COMMENT,,R3:O,"FAULT RESET$N(UI 5)$NBAG OFFLOAD ROBOT (R3)",,"R3:O.DATA[0].5"
COMMENT,,R3:O,"HOME$NBAG OFFLOAD ROBOT (R3)$N(UI 7)",,"R3:O.DATA[0].7"
COMMENT,,R3:O,"ENABLE$N(UI 8)$NBAG OFFLOAD ROBOT (R3)",,"R3:O.DATA[0].8"
COMMENT,,R3:O,"PNS STROBE 1$N(UI 9)$NBAG OFFLOAD ROBOT (R3)",,"R3:O.DATA[0].9"
COMMENT,,R3:O,"PNS STROBE 2$N(UI 10)$NBAG OFFLOAD ROBOT (R3)",,"R3:O.DATA[0].10"
COMMENT,,R3:O,"PNS STROBE 3$N(UI 11)$NBAG OFFLOAD ROBOT (R3)",,"R3:O.DATA[0].11"
COMMENT,,R3:O,"PNS STROBE 4$N(UI 12)$NBAG OFFLOAD ROBOT (R3)",,"R3:O.DATA[0].12"
COMMENT,,R3:O,"PNS STROBE 5$N(UI 13)$NBAG OFFLOAD ROBOT (R3)",,"R3:O.DATA[0].13"
COMMENT,,R3:O,"PNS STROBE 6$N(UI 14)$NBAG OFFLOAD ROBOT (R3)",,"R3:O.DATA[0].14"
COMMENT,,R3:O,"PNS STROBE 7$N(UI 15)$NBAG OFFLOAD ROBOT (R3)",,"R3:O.DATA[0].15"
COMMENT,,R3:O,"PNS STROBE$N(UI 17)$NBAG OFFLOAD ROBOT (R3)",,"R3:O.DATA[0].17"
COMMENT,,R3:O,"PRODUCTION START$N(UI 18)$NBAG OFFLOAD ROBOT (R3)",,"R3:O.DATA[0].18"
COMMENT,,R3:O,"CELL EMPTY$N(DI 19)$NBAG OFFLOAD ROBOT (R3)",,"R3:O.DATA[0].19"
COMMENT,,R3:O,"PASSED BAG PICK REQUEST$N(DI 22)$NFROM BAG OFFLOAD STATION TO$NBAG OFFLOAD ROBOT (R3)",,"R3:O.DATA[0].22"
COMMENT,,R3:O,"FINISHED BAG ASSY PLACE REQUEST$N(DI 23)$NFROM BAG OFFLOAD CONVEYOR TO$NBAG OFFLOAD ROBOT (R3)",,"R3:O.DATA[0].23"
COMMENT,,R3:O,"ROBOT SHUTDOWN$NREQUEST$N(DI 24)$NBAG OFFLOAD ROBOT (R3)",,"R3:O.DATA[0].24"
COMMENT,,R3:O,"FAILED BAG PICK REQUEST$N(DI 25)$NFROM BAG OFFLOAD STATION TO$NBAG OFFLOAD ROBOT (R3)",,"R3:O.DATA[0].25"
COMMENT,,R3:O,"FAILED BARRIER PICK REQUEST$N(DI 26)$NFROM BAG OFFLOAD STATION TO$NBAG OFFLOAD ROBOT (R3)",,"R3:O.DATA[0].26"
COMMENT,,R3:O,"COGNEX VISION FAILED BAG PICK REQUEST$N(DI 27)$NFROM BAG OFFLOAD STATION TO$NBAG OFFLOAD ROBOT (R3)",,"R3:O.DATA[0].27"
COMMENT,,R3:O,"BAG OFFLOAD ROBOT (R3)$NINPUT WORD 2",,"R3:O.DATA[1]"
COMMENT,,R3:O,"OFFLOAD CONVEYOR$NLANE CHANGE$N(DI 31)$NBAG OFFLOAD ROBOT (R3)$N0=OUTSIDE LANE$N1=INSIDE LANE",,"R3:O.DATA[1].0"
COMMENT,,R3:O,"ROBOT SEQUENCE ERROR$N(DI 35)$NBAG OFFLOAD ROBOT (R3)",,"R3:O.DATA[1].3"
COMMENT,,R3:O,"BAG BLOW$N FROM PLC$N(RO 3, DI 37)$NBAG OFFLOAD ROBOT (R3)",,"R3:O.DATA[1].5"
COMMENT,,R3:O,"STAGE BIT #1$NFROM PLC TO ROBOT$N(DI 50)$N BAG OFFLOAD ROBOT (R3)",,"R3:O.DATA[1].18"
COMMENT,,R3:O,"STAGE BIT #2$NFROM PLC TO ROBOT$N(DI 51)$N BAG OFFLOAD ROBOT (R3)",,"R3:O.DATA[1].19"
COMMENT,,R3:O,"STAGE BIT #3$NFROM PLC TO ROBOT$N(DI 52)$N BAG OFFLOAD ROBOT (R3)",,"R3:O.DATA[1].20"
COMMENT,,R3:O,"STAGE BIT #4$NFROM PLC TO ROBOT$N(DI 53)$N BAG OFFLOAD ROBOT (R3)",,"R3:O.DATA[1].21"
COMMENT,,R3:O,"ROBOT LOADING $NBAG TYPE$NBIT #1$NFROM PLC TO ROBOT$N(DI 59)$NBAG OFFLOAD ROBOT (R3)",,"R3:O.DATA[1].27"
COMMENT,,R3:O,"ROBOT LOADING $NBAG TYPE$NBIT #2$NFROM PLC TO ROBOT$N(DI 60)$NBAG OFFLOAD ROBOT (R3)",,"R3:O.DATA[1].28"
COMMENT,,R3:O,"ROBOT LOADING $NBAG TYPE$NBIT #3$NFROM PLC TO ROBOT$N(DI 61)$NBAG OFFLOAD ROBOT (R3)",,"R3:O.DATA[1].29"
TAG,,DRV10:S,"","AB:Motion_Diagnostics:S:1","","(ExternalAccess := Read/Write)"
TAG,,RFID_BADGE_READER:C,"","AB:ETHERNET_MODULE:C:0","","(ExternalAccess := Read/Write)"
TAG,,RFID_BADGE_READER:I,"INPUTS$NRFID BADGE READER","AB:ETHERNET_MODULE_SINT_38Bytes:I:0","","(ExternalAccess := Read/Write)"
TAG,,RFID_BADGE_READER:O,"OUTPUTS$NRFID BADGE READER","AB:ETHERNET_MODULE_SINT_4Bytes:O:0","","(ExternalAccess := Read/Write)"
TAG,,DRV07:I,"INPUTS$N AC FREQUENCY INFEED CONVEYOR DRIVE","AB:PowerFlex525V_EENET_Drive:I:0","","(ExternalAccess := Read/Write)"
COMMENT,,DRV07:I,"DRIVE READY$NINFEED CONVEYOR",,"DRV07:I.READY"
COMMENT,,DRV07:I,"DRIVE ACTIVE$NINFEED CONVEYOR",,"DRV07:I.ACTIVE"
COMMENT,,DRV07:I,"DRIVE FAULTED$NINFEED CONVEYOR",,"DRV07:I.FAULTED"
TAG,,DRV07:O,"OUTPUTS$N AC FREQUENCY INFEED CONVEYOR DRIVE","AB:PowerFlex525V_EENET_Drive:O:0","","(ExternalAccess := Read/Write)"
COMMENT,,DRV07:O,"STOP DRIVE$NINFEED CONVEYOR",,"DRV07:O.STOP"
COMMENT,,DRV07:O,"START DRIVE$NINFEED CONVEYOR",,"DRV07:O.START"
COMMENT,,DRV07:O,"JOG DRIVE DIRECTION$NINFEED CONVEYOR",,"DRV07:O.JOG"
COMMENT,,DRV07:O,"CLEAR DRIVE FAULTS$NINFEED CONVEYOR",,"DRV07:O.CLEARFAULTS"
COMMENT,,DRV07:O,"FORWARD DRIVE DIRECTION$NINFEED CONVEYOR",,"DRV07:O.FORWARD"
COMMENT,,DRV07:O,"DRIVE SPEED$NINFEED CONVEYOR",,"DRV07:O.FREQCOMMAND"
TAG,,MAN01:C,"","AB:ETHERNET_MODULE:C:0","","(ExternalAccess := Read/Write)"
TAG,,MAN01:I,"BARRIER FORMING, BARRIER PUNCH, BARRIER PREHEAT 1 & 2, BAG GLUE, BAG LOAD INPUTS","AB:ETHERNET_MODULE_INT_8Bytes:I:0","","(ExternalAccess := Read/Write)"
COMMENT,,MAN01:I,"ELECTRONIC ANALOG FORMING PRESSURE REGULATOR FEEDBACK$NBARRIER FORMING STATION",,"MAN01:I.DATA[0]"
COMMENT,,MAN01:I,"ELECTRONIC ANALOG$NGLUE MELTER INLET PRESSURE REGULATOR  FEEDBACK$NBAG GLUE STATION",,"MAN01:I.DATA[1]"
COMMENT,,MAN01:I,"BARRIER PUNCH, BAG GLUE INPUTS",,"MAN01:I.DATA[2]"
COMMENT,,MAN01:I,"EXTENDED POSITION SENSOR$NSTRIPPER CYLINDER 2$NBARRIER PUNCH STATION",,"MAN01:I.DATA[2].0"
COMMENT,,MAN01:I,"RETRACTED POSITION SENSOR$NSTRIPPER CYLINDER 2$NBARRIER PUNCH STATION",,"MAN01:I.DATA[2].1"
COMMENT,,MAN01:I,"EXTENDED POSITION SENSOR$NMOON PUNCH CYLINDER$NBARRIER PUNCH STATION",,"MAN01:I.DATA[2].2"
COMMENT,,MAN01:I,"RETRACTED POSITION SENSOR$NMOON PUNCH CYLINDER$NBARRIER PUNCH STATION",,"MAN01:I.DATA[2].3"
COMMENT,,MAN01:I,"BAG PRESENT SENSOR BAG LOAD STATION",,"MAN01:I.DATA[2].4"
COMMENT,,MAN01:I,"RETRACTED POSITION SENSOR$NLOWER CYLINDER$NBARRIER FORMING STATION",,"MAN01:I.DATA[2].5"
COMMENT,,MAN01:I,"EXTENDED POSITION SENSOR$NZ-AXIS $NBAG GLUE STATION",,"MAN01:I.DATA[2].6"
COMMENT,,MAN01:I,"RETRACTED POSITION SENSOR$NZ-AXIS $NBAG GLUE STATION",,"MAN01:I.DATA[2].7"
COMMENT,,MAN01:I,"BAG PRESENT SENSOR BAG GLUE STATION",,"MAN01:I.DATA[2].8"
COMMENT,,MAN01:I,"BAG GLUE PRESENT SENSOR BAG GLUE STATION",,"MAN01:I.DATA[2].9"
COMMENT,,MAN01:I,"PUNCH CYLINDER EXTEND PRESSURE MONITOR, BARRIER PUNCH STATION",,"MAN01:I.DATA[2].10"
COMMENT,,MAN01:I,"TOOL LATCH PIN DETECTED, LH$NBARRIER FORMING STATION",,"MAN01:I.DATA[2].12"
COMMENT,,MAN01:I,"TOOL LATCH PIN DETECTED, RH$NBARRIER FORMING STATION",,"MAN01:I.DATA[2].13"
COMMENT,,MAN01:I,"SPRING PACK CYLINDER RETRACTED SENSOR$NBARRIER PUNCH STATION",,"MAN01:I.DATA[2].14"
COMMENT,,MAN01:I,"SPRING PACK CYLINDER EXTENDED SENSOR$NBARRIER PUNCH STATION",,"MAN01:I.DATA[2].15"
COMMENT,,MAN01:I,"BAG LOAD, BARRIER PREHEAT 1 & 2, BARRIER PUNCH, BARRIER FORMING INPUTS",,"MAN01:I.DATA[3]"
COMMENT,,MAN01:I,"EXTENDED POSITION SENSOR$NBAG RELEASE CYLINDER BAG LOAD STATION",,"MAN01:I.DATA[3].0"
COMMENT,,MAN01:I,"RETRACTED POSITION SENSOR$NBAG RELEASE CYLINDER BAG LOAD STATION",,"MAN01:I.DATA[3].1"
COMMENT,,MAN01:I,"EXTENDED POSITION SENSOR$NUPPER CYLINDER BARRIER PREHEAT STATION 1",,"MAN01:I.DATA[3].2"
COMMENT,,MAN01:I,"RETRACTED POSITION SENSOR$NUPPER CYLINDER BARRIER PREHEAT STATION 1",,"MAN01:I.DATA[3].3"
COMMENT,,MAN01:I,"EXTENDED POSITION SENSOR$NLOWER CYLINDER BARRIER PREHEAT STATION 1",,"MAN01:I.DATA[3].4"
COMMENT,,MAN01:I,"RETRACTED POSITION SENSOR$NLOWER CYLINDER BARRIER PREHEAT STATION 1",,"MAN01:I.DATA[3].5"
COMMENT,,MAN01:I,"EXTENDED POSITION SENSOR$NUPPER CYLINDER BARRIER PREHEAT STATION 2",,"MAN01:I.DATA[3].6"
COMMENT,,MAN01:I,"RETRACTED POSITION SENSOR$NUPPER CYLINDER BARRIER PREHEAT STATION 2",,"MAN01:I.DATA[3].7"
COMMENT,,MAN01:I,"EXTENDED POSITION SENSOR$NLOWER CYLINDER BARRIER PREHEAT STATION 2",,"MAN01:I.DATA[3].8"
COMMENT,,MAN01:I,"RETRACTED POSITION SENSOR$NLOWER CYLINDER BARRIER PREHEAT STATION 2",,"MAN01:I.DATA[3].9"
COMMENT,,MAN01:I,"EXTENDED POSITION SENSOR$NFORM CYLINDER$NBARRIER FORMING STATION",,"MAN01:I.DATA[3].10"
COMMENT,,MAN01:I,"RETRACTED POSITION SENSOR$NFORM CYLINDER$NBARRIER FORMING STATION",,"MAN01:I.DATA[3].11"
COMMENT,,MAN01:I,"EXTENDED POSITION SENSOR$NPUNCH CYLINDER$NBARRIER PUNCH STATION",,"MAN01:I.DATA[3].12"
COMMENT,,MAN01:I,"RETRACTED POSITION SENSOR$NPUNCH CYLINDER$NBARRIER PUNCH STATION",,"MAN01:I.DATA[3].13"
COMMENT,,MAN01:I,"EXTENDED POSITION SENSOR$NSTRIPPER CYLINDER 1$NBARRIER PUNCH STATION",,"MAN01:I.DATA[3].14"
COMMENT,,MAN01:I,"RETRACTED POSITION SENSOR$NSTRIPPER CYLINDER 1$NBARRIER PUNCH STATION",,"MAN01:I.DATA[3].15"
TAG,,MAN01:O,"BARRIER FORMING, BARRIER PUNCH, BARRIER PREHEAT 1 & 2, BAG GLUE, BAG LOAD OUTPUTS","AB:ETHERNET_MODULE_INT_8Bytes:O:0","","(ExternalAccess := Read/Write)"
COMMENT,,MAN01:O,"ELECTRONIC ANALOG FORMING PRESSURE REGULATOR CONTROL$NBARRIER FORMING STATION",,"MAN01:O.DATA[0]"
COMMENT,,MAN01:O,"ELECTRONIC ANALOG GLUE MELTER INLET PRESSURE REGULATOR CONTROL$NBAG GLUE STATION",,"MAN01:O.DATA[1]"
COMMENT,,MAN01:O,"BARRIER PUNCH, BAG GLUE OUTPUTS",,"MAN01:O.DATA[2]"
COMMENT,,MAN01:O,"MOON CYLINDER $NEXTEND SOLENOID$NBARRIER PUNCH STATION",,"MAN01:O.DATA[2].0"
COMMENT,,MAN01:O,"N/A",,"MAN01:O.DATA[2].1"
COMMENT,,MAN01:O,"MOON BLOW$NSOLENOID$NBARRIER PUNCH STATION",,"MAN01:O.DATA[2].2"
COMMENT,,MAN01:O,"Z-AXIS EXTEND SOLENOID $NBAG GLUE STATION",,"MAN01:O.DATA[2].4"
COMMENT,,MAN01:O,"N/A",,"MAN01:O.DATA[2].5"
COMMENT,,MAN01:O,"FORM PRESSURE SOLENOID BARRIER FORMING STATION",,"MAN01:O.DATA[2].6"
COMMENT,,MAN01:O,"WHITE FILM BARRIER RELEASE FROM FORMING TOOL BLOW$NFORMING STATION",,"MAN01:O.DATA[2].7"
COMMENT,,MAN01:O,"SPRING PACK CYLINDER$NRETRACT SOLENOID BARRIER PUNCH STATION",,"MAN01:O.DATA[2].14"
COMMENT,,MAN01:O,"BAG LOAD ST, BARRIER PREHEAT 1 & 2, BARRIER FORMING OUTPUTS",,"MAN01:O.DATA[3]"
COMMENT,,MAN01:O,"BAG RELEASE CYLINDER EXTEND SOLENOID$NBAG LOAD STATION",,"MAN01:O.DATA[3].0"
COMMENT,,MAN01:O,"BAG RELEASE CYLINDER RETRACT SOLENOID$NBAG LOAD STATION",,"MAN01:O.DATA[3].1"
COMMENT,,MAN01:O,"UPPER CYLINDER$NEXTEND SOLENOID$NBARRIER PREHEAT STATION 1",,"MAN01:O.DATA[3].2"
COMMENT,,MAN01:O,"N/A",,"MAN01:O.DATA[3].3"
COMMENT,,MAN01:O,"LOWER CYLINDER$NEXTEND SOLENOID$NBARRIER PREHEAT STATION 1",,"MAN01:O.DATA[3].4"
COMMENT,,MAN01:O,"N/A",,"MAN01:O.DATA[3].5"
COMMENT,,MAN01:O,"UPPER CYLINDER$NEXTEND SOLENOID$NBARRIER PREHEAT STATION 2",,"MAN01:O.DATA[3].6"
COMMENT,,MAN01:O,"N/A",,"MAN01:O.DATA[3].7"
COMMENT,,MAN01:O,"LOWER CYLINDER$NEXTEND SOLENOID$NBARRIER PREHEAT STATION 2",,"MAN01:O.DATA[3].8"
COMMENT,,MAN01:O,"N/A",,"MAN01:O.DATA[3].9"
COMMENT,,MAN01:O,"FORM CYLINDER$NEXTEND SOLENOID$NBARRIER FORMING STATION",,"MAN01:O.DATA[3].10"
COMMENT,,MAN01:O,"FORM CYLINDER$NRETRACT SOLENOID$NBARRIER FORMING STATION",,"MAN01:O.DATA[3].11"
COMMENT,,MAN01:O,"PUNCH CYLINDER EXTEND SOLENOID BARRIER PUNCH STATION",,"MAN01:O.DATA[3].12"
COMMENT,,MAN01:O,"PUNCH CYLINDER RETRACT SOLENOID BARRIER PUNCH STATION",,"MAN01:O.DATA[3].13"
COMMENT,,MAN01:O,"STRIPPER CYLINDERS EXTEND SOLENOID$NBARRIER PUNCH STATION",,"MAN01:O.DATA[3].14"
COMMENT,,MAN01:O,"N/A",,"MAN01:O.DATA[3].15"
TAG,,R2:C,"","AB:ETHERNET_MODULE:C:0","","(ExternalAccess := Read/Write)"
TAG,,R2:I,"BARRIER LOAD ROBOT (R2)$NOUTPUTS FROM ROBOT$NINPUTS TO PLC","AB:ETHERNET_MODULE_DINT_8Bytes:I:0","","(ExternalAccess := Read/Write)"
COMMENT,,R2:I,"BARRIER LOAD ROBOT (R2)$NOUTPUTS",,"R2:I.DATA"
COMMENT,,R2:I,"BARRIER LOAD ROBOT (R2)$NOUTPUT WORD 1",,"R2:I.DATA[0]"
COMMENT,,R2:I,"SNO BIT 1 (UO 11)$NBARRIER LOAD ROBOT (R2)",,"R2:I.DATA[0].0"
COMMENT,,R2:I,"SNO BIT 2 (UO 12)$NBARRIER LOAD ROBOT (R2)",,"R2:I.DATA[0].1"
COMMENT,,R2:I,"SNO BIT 3 (UO 13)$NBARRIER LOAD ROBOT (R2)",,"R2:I.DATA[0].2"
COMMENT,,R2:I,"SNO BIT 4 (UO 14)$NBARRIER LOAD ROBOT (R2)",,"R2:I.DATA[0].3"
COMMENT,,R2:I,"SNO BIT 5 (UO 15)$NBARRIER LOAD ROBOT (R2)",,"R2:I.DATA[0].4"
COMMENT,,R2:I,"SNO BIT 6 (UO 16)$NBARRIER LOAD ROBOT (R2)",,"R2:I.DATA[0].5"
COMMENT,,R2:I,"SNO BIT 7 (UO 17)$NBARRIER LOAD ROBOT (R2)",,"R2:I.DATA[0].6"
COMMENT,,R2:I,"FAULT$N(UO 6)$NBARRIER LOAD ROBOT (R2)",,"R2:I.DATA[0].7"
COMMENT,,R2:I,"TP ENABLE$N(UO 8)$NBARRIER LOAD ROBOT (R2)",,"R2:I.DATA[0].8"
COMMENT,,R2:I,"BATTERY LOW ALARM (UO 9)$NBARRIER LOAD ROBOT (R2)",,"R2:I.DATA[0].9"
COMMENT,,R2:I,"COMMAND ENABLE$N(UO 1)$NBARRIER LOAD ROBOT (R2)",,"R2:I.DATA[0].10"
COMMENT,,R2:I,"AT HOME$N(UO 7)$NBARRIER LOAD ROBOT (R2)",,"R2:I.DATA[0].11"
COMMENT,,R2:I,"SPARE",,"R2:I.DATA[0].12"
COMMENT,,R2:I,"PNS STARTED (DO 13)$NBARRIER LOAD ROBOT (R2)",,"R2:I.DATA[0].13"
COMMENT,,R2:I,"BARRIER READY TO LOAD ON MAIN DIAL$N(DO 14)$NBARRIER LOAD ROBOT (R2)",,"R2:I.DATA[0].14"
COMMENT,,R2:I,"ROBOT ESTOP$NCONTROLLER$NESTOPRESSED = 1$NEEESTOPLLED = 0$N(DO 17)$NBARRIER LOAD ROBOT (R2)",,"R2:I.DATA[0].17"
COMMENT,,R2:I,"PNS DONE$N(DO 18)$NBARRIER LOAD ROBOT (R2)",,"R2:I.DATA[0].18"
COMMENT,,R2:I,"FINISHED BAG ASSY PLACED $NONTO OFFLOAD CONVEYOR$N(DO 21)$NBARRIER LOAD ROBOT (R2)",,"R2:I.DATA[0].21"
COMMENT,,R2:I,"BARRIER PICKED FROM LIGHT TABLE$N(DO 22)$NBARRIER LOAD ROBOT (R2)",,"R2:I.DATA[0].22"
COMMENT,,R2:I,"BARRIER LOADED $NONTO DIAL$NBARRIER LOAD ROBOT (R2)$N(DO 23)",,"R2:I.DATA[0].23"
COMMENT,,R2:I,"OPERATOR BOX$NAUTO SWITCH$N(DO 24)$NBARRIER LOAD ROBOT (R2)",,"R2:I.DATA[0].24"
COMMENT,,R2:I,"INPUTS SIMULATED$N(DO 25)$NBARRIER LOAD ROBOT (R2)",,"R2:I.DATA[0].25"
COMMENT,,R2:I,"ROBOT IS CLEAR$NOF MAIN DIAL$N(DO 26)$NBARRIER LOAD ROBOT (R2)",,"R2:I.DATA[0].26"
COMMENT,,R2:I,"ROBOT IS CLEAR$N OF LIGHT TABLE$N(DO 27)$NBARRIER LOAD ROBOT (R2)",,"R2:I.DATA[0].27"
COMMENT,,R2:I,"ROBOT IS CLEAR$N OF OFFLOAD CONVEYOR$N(DO 28)$NBARRIER LOAD ROBOT (R2)",,"R2:I.DATA[0].28"
COMMENT,,R2:I,"ROBOT ESTOP$NTEACH PENDANT$NESTOPPRESSED = 1$NEESTOPULLED = 0$N(DO 30)$NBARRIER LOAD ROBOT (R2)",,"R2:I.DATA[0].30"
COMMENT,,R2:I,"FAILED PART$NDROPPED AT REJECT$N(DO 31)$NBARRIER LOAD ROBOT (R2)",,"R2:I.DATA[0].31"
COMMENT,,R2:I,"BARRIER LOAD ROBOT (R2)$NOUTPUT WORD 2",,"R2:I.DATA[1]"
COMMENT,,R2:I,"BARRIER LOCATION VISION PASSED$N(DO 32)$NBARRIER LOAD ROBOT (R2)",,"R2:I.DATA[1].0"
COMMENT,,R2:I,"BARRIER LOCATION VISION FAILED$N(DO 33)$NBARRIER LOAD ROBOT (R2)",,"R2:I.DATA[1].1"
COMMENT,,R2:I,"BAG PICK VACUUM$NON TO PLC$N(DO 34)$NBARRIER LOAD ROBOT (R2)",,"R2:I.DATA[1].2"
COMMENT,,R2:I,"BARRIER PICK VACUUM$NON TO PLC$N(DO 35)$NBARRIER LOAD ROBOT (R2)",,"R2:I.DATA[1].3"
COMMENT,,R2:I,"BAG PICK CYLINDER EXTEND TO PLC$N(DO 36)$NBARRIER LOAD ROBOT (R2)",,"R2:I.DATA[1].4"
COMMENT,,R2:I,"BARRIER BLOW$NTO PLC$N(DO 37)$NBARRIER LOAD ROBOT (R2)",,"R2:I.DATA[1].5"
COMMENT,,R2:I,"BAG PICK CYLINDER EXTENDED SENSOR$N(RI 1, DO 38)$NBARRIER LOAD ROBOT (R2)",,"R2:I.DATA[1].6"
COMMENT,,R2:I,"BAG PICK CYLINDER RETRACTED SENSOR$N(RI 2, DO 39)$NBARRIER LOAD ROBOT (R2)",,"R2:I.DATA[1].7"
COMMENT,,R2:I,"BAG VACUUM$NON SWITCH$N(RI 3, DO 40)$NBARRIER LOAD ROBOT (R2)",,"R2:I.DATA[1].8"
COMMENT,,R2:I,"BARRIER VACUUM$NON SWITCH$N(RI 4, DO 41)$NBARRIER LOAD ROBOT (R2)",,"R2:I.DATA[1].9"
COMMENT,,R2:I,"VISION PASSED$NLIGHT TABLE EMPTY$N(DO 42)$NBARRIER LOAD ROBOT (R2)",,"R2:I.DATA[1].10"
COMMENT,,R2:I,"VISION FAILED$NLIGHT TABLE EMPTY$N(DO 43)$NBARRIER LOAD ROBOT (R2)",,"R2:I.DATA[1].11"
COMMENT,,R2:I,"LIGHT TABLE REMOVAL VISION PASSED$N(DO 44)$NBARRIER LOAD ROBOT (R2)",,"R2:I.DATA[1].12"
COMMENT,,R2:I,"LIGHT TABLE REMOVAL VISION FAILED$N(DO 45)$NBARRIER LOAD ROBOT (R2)",,"R2:I.DATA[1].13"
COMMENT,,R2:I,"BARRIER PRESENCE VISION PASSED$N(DO 46)$NBARRIER LOAD ROBOT (R2)",,"R2:I.DATA[1].14"
COMMENT,,R2:I,"BARRIER PRESENCE VISION FAILED$N(DO 47)$NBARRIER LOAD ROBOT (R2)",,"R2:I.DATA[1].15"
COMMENT,,R2:I,"TOOL CHANGE POSITION$N(DO 49)$NBAG LOAD ROBOT (R1)",,"R2:I.DATA[1].17"
COMMENT,,R2:I,"STAGE BIT #1 FROM ROBOT TO PLC$N(DO 50)$N BARRIER LOAD ROBOT (R2)",,"R2:I.DATA[1].18"
COMMENT,,R2:I,"STAGE BIT #2$NFROM ROBOT TO PLC$N(DO 51)$N BARRIER LOAD ROBOT (R2)",,"R2:I.DATA[1].19"
COMMENT,,R2:I,"STAGE BIT #3$NFROM ROBOT TO PLC$N(DO 52)$N BARRIER LOAD ROBOT (R2)",,"R2:I.DATA[1].20"
COMMENT,,R2:I,"STAGE BIT #4$NFROM ROBOT TO PLC$N(DO 53)$N BARRIER LOAD ROBOT (R2)",,"R2:I.DATA[1].21"
TAG,,R2:O,"BARRIER LOAD ROBOT (R2)$NINPUTS TO ROBOT$NOUTPUTS FROM PLC","AB:ETHERNET_MODULE_DINT_12Bytes:O:0","","(ExternalAccess := Read/Write)"
COMMENT,,R2:O,"BARRIER LOAD ROBOT (R2)$NOUTPUTS",,"R2:O.DATA"
COMMENT,,R2:O,"BARRIER LOAD ROBOT (R2)$NOUTPUT WORD 1",,"R2:O.DATA[0]"
COMMENT,,R2:O,"IMSTD$N(UI 1)$NBAG LOAD ROBOT (R2)",,"R2:O.DATA[0].1"
COMMENT,,R2:O,"HOLD$N(UI 2)$NBAG LOAD ROBOT (R2)",,"R2:O.DATA[0].2"
COMMENT,,R2:O,"SFSPD$N(UI 3)$NBAG LOAD ROBOT (R2)",,"R2:O.DATA[0].3"
COMMENT,,R2:O,"CSTOP$N(UI 4)$NBARRIER LOAD ROBOT (R2)",,"R2:O.DATA[0].4"
COMMENT,,R2:O,"FAULT RESET$N(UI 5)$NBARRIER LOAD ROBOT (R2)",,"R2:O.DATA[0].5"
COMMENT,,R2:O,"START$N(UI 6)$NBARRIER LOAD ROBOT (R2)",,"R2:O.DATA[0].6"
COMMENT,,R2:O,"HOME (UI 7) BARRIER LOAD ROBOT (R2)",,"R2:O.DATA[0].7"
COMMENT,,R2:O,"ENABLE (UI 8)$NBARRIER LOAD ROBOT (R2)",,"R2:O.DATA[0].8"
COMMENT,,R2:O,"PNS1 (UI 9)$NBARRIER LOAD ROBOT (R2)",,"R2:O.DATA[0].9"
COMMENT,,R2:O,"PNS2 (UI 10)$NBARRIER LOAD ROBOT (R2)",,"R2:O.DATA[0].10"
COMMENT,,R2:O,"PNS3 (UI 11)$NBARRIER LOAD ROBOT (R2)",,"R2:O.DATA[0].11"
COMMENT,,R2:O,"PNS4 (UI 12) BARRIER LOAD ROBOT (R2)",,"R2:O.DATA[0].12"
COMMENT,,R2:O,"PNS5 (UI 13) BARRIER LOAD ROBOT (R2)",,"R2:O.DATA[0].13"
COMMENT,,R2:O,"PNS6 (UI 14) BARRIER LOAD ROBOT (R2)",,"R2:O.DATA[0].14"
COMMENT,,R2:O,"PNS7 (UI 15) BARRIER LOAD ROBOT (R2)",,"R2:O.DATA[0].15"
COMMENT,,R2:O,"PNS8 (UI 16) BARRIER LOAD ROBOT (R2)",,"R2:O.DATA[0].16"
COMMENT,,R2:O,"PNS STROBE$N(UI 17)$NBARRIER LOAD ROBOT (R2)",,"R2:O.DATA[0].17"
COMMENT,,R2:O,"PRODUCTION START$N(UI 18)$NBARRIER LOAD ROBOT (R2)",,"R2:O.DATA[0].18"
COMMENT,,R2:O,"BARRIER PICK REQUEST$N(DI 20)$NFROM BARRIER LIGHT TABLE TO$NBARRIER LOAD ROBOT (R2)",,"R2:O.DATA[0].20"
COMMENT,,R2:O,"BARRIER LOAD REQUEST (DI 21)$NFROM BARRIER LOAD STATION TO$NBARRIER LOAD ROBOT (R2)",,"R2:O.DATA[0].21"
COMMENT,,R2:O,"BARRIER PICKED FROM LIGHT TABLE$N(DO 22)$NBARRIER LOAD ROBOT (R2)",,"R2:O.DATA[0].22"
COMMENT,,R2:O,"BARRIER LOADED $NONTO DIAL$NBARRIER LOAD ROBOT (R2)$N(DO 23)",,"R2:O.DATA[0].23"
COMMENT,,R2:O,"ROBOT SHUTDOWN$NREQUEST$N(DI 24)$NBARRIER LOAD ROBOT (R2)",,"R2:O.DATA[0].24"
COMMENT,,R2:O,"INPUTS SIMULATED$N(DO 25)$NBARRIER LOAD ROBOT (R2)",,"R2:O.DATA[0].25"
COMMENT,,R2:O,"ROBOT IS CLEAR$NOF MAIN DIAL$N(DO 26)$NBARRIER LOAD ROBOT (R2)",,"R2:O.DATA[0].26"
COMMENT,,R2:O,"BARRIER LOCATION VISION REQUEST$N(DI 27)$NLIGHT TABLE TO$NBARRIER LOAD ROBOT (R2)",,"R2:O.DATA[0].27"
COMMENT,,R2:O,"EMPTY VISION REQUEST$N(DI 28)$NLIGHT TABLE TO$NBARRIER LOAD ROBOT (R2)",,"R2:O.DATA[0].28"
COMMENT,,R2:O,"BARRIER REMOVAL VISION REQUEST$N(DI 29)$NLIGHT TABLE TO$NBARRIER LOAD ROBOT (R2)",,"R2:O.DATA[0].29"
COMMENT,,R2:O,"BARRIER PRESENCE VISION REQUEST$N(DI 30)$NLIGHT TABLE TO$NBARRIER LOAD ROBOT (R2)",,"R2:O.DATA[0].30"
COMMENT,,R2:O,"REJECTED BARRIER PICK REQUEST$N(DI 31)$NFROM LIGHT TABLE TO$NBARRIER LOAD ROBOT (R2)",,"R2:O.DATA[0].31"
COMMENT,,R2:O,"BARRIER LOCATION VISION PASSED$N(DO 32)$NBARRIER LOAD ROBOT (R2)",,"R2:O.DATA[1].0"
COMMENT,,R2:O,"BARRIER LOCATION VISION FAILED$N(DO 33)$NBARRIER LOAD ROBOT (R2)",,"R2:O.DATA[1].1"
COMMENT,,R2:O,"BAG PICK VACUUM$NON TO PLC$N(DO 34)$NBARRIER LOAD ROBOT (R2)",,"R2:O.DATA[1].2"
COMMENT,,R2:O,"ROBOT SEQUENCE ERROR$N(DI 35)$NBARRIER LOAD ROBOT (R2)",,"R2:O.DATA[1].3"
COMMENT,,R2:O,"BAG PICK CYLINDER EXTEND TO PLC$N(DO 36)$NBARRIER LOAD ROBOT (R2)",,"R2:O.DATA[1].4"
COMMENT,,R2:O,"BARRIER BLOW$N FROM PLC$N(RO 3, DI 37)$NBARRIER LOAD ROBOT (R2)",,"R2:O.DATA[1].5"
COMMENT,,R2:O,"BAG PICK CYLINDER EXTENDED SENSOR$N(RI 1, DO 38)$NBARRIER LOAD ROBOT (R2)",,"R2:O.DATA[1].6"
COMMENT,,R2:O,"BAG PICK CYLINDER RETRACTED SENSOR$N(RI 2, DO 39)$NBARRIER LOAD ROBOT (R2)",,"R2:O.DATA[1].7"
COMMENT,,R2:O,"BAG VACUUM$NON SWITCH$N(RI 3, DO 40)$NBARRIER LOAD ROBOT (R2)",,"R2:O.DATA[1].8"
COMMENT,,R2:O,"BARRIER VACUUM$NON SWITCH$N(RI 4, DO 41)$NBARRIER LOAD ROBOT (R2)",,"R2:O.DATA[1].9"
COMMENT,,R2:O,"VISION PASSED$NLIGHT TABLE EMPTY$N(DO 42)$NBARRIER LOAD ROBOT (R2)",,"R2:O.DATA[1].10"
COMMENT,,R2:O,"VISION FAILED$NLIGHT TABLE EMPTY$N(DO 43)$NBARRIER LOAD ROBOT (R2)",,"R2:O.DATA[1].11"
COMMENT,,R2:O,"LIGHT TABLE REMOVAL VISION PASSED$N(DO 44)$NBARRIER LOAD ROBOT (R2)",,"R2:O.DATA[1].12"
COMMENT,,R2:O,"LIGHT TABLE REMOVAL VISION FAILED$N(DO 45)$NBARRIER LOAD ROBOT (R2)",,"R2:O.DATA[1].13"
COMMENT,,R2:O,"BARRIER PRESENCE VISION PASSED$N(DO 46)$NBARRIER LOAD ROBOT (R2)",,"R2:O.DATA[1].14"
COMMENT,,R2:O,"BARRIER PRESENCE VISION FAILED$N(DO 47)$NBARRIER LOAD ROBOT (R2)",,"R2:O.DATA[1].15"
COMMENT,,R2:O,"TOOL CHANGE REQUEST $N(DI 49)$NBARRIER LOAD ROBOT (R2)",,"R2:O.DATA[1].17"
COMMENT,,R2:O,"STAGE BIT #1$NFROM PLC TO ROBOT$N(DI 50)$N BARRIER LOAD ROBOT (R2)",,"R2:O.DATA[1].18"
COMMENT,,R2:O,"STAGE BIT #2$NFROM PLC TO ROBOT$N(DI 51)$N BARRIER LOAD ROBOT (R2)",,"R2:O.DATA[1].19"
COMMENT,,R2:O,"STAGE BIT #3$NFROM PLC TO ROBOT$N(DI 52)$N BARRIER LOAD ROBOT (R2)",,"R2:O.DATA[1].20"
COMMENT,,R2:O,"STAGE BIT #4$NFROM PLC TO ROBOT$N(DI 53)$N BARRIER LOAD ROBOT (R2)",,"R2:O.DATA[1].21"
COMMENT,,R2:O,"BARRIER TYPE BIT #1$NFROM PLC TO ROBOT$N(DI 54)$N BARRIER LOAD ROBOT (R2)",,"R2:O.DATA[1].22"
COMMENT,,R2:O,"BARRIER TYPE BIT #2$NFROM PLC TO ROBOT$N(DI 55)$N BARRIER LOAD ROBOT (R2)",,"R2:O.DATA[1].23"
COMMENT,,R2:O,"BARRIER TYPE BIT #3$NFROM PLC TO ROBOT$N(DI 56)$N BARRIER LOAD ROBOT (R2)",,"R2:O.DATA[1].24"
COMMENT,,R2:O,"BARRIER TYPE BIT #4$NFROM PLC TO ROBOT$N(DI 57)$N BARRIER LOAD ROBOT (R2)",,"R2:O.DATA[1].25"
COMMENT,,R2:O,"BARRIER TYPE BIT #5$NFROM PLC TO ROBOT$N(DI 58)$N BARRIER LOAD ROBOT (R2)",,"R2:O.DATA[1].26"
COMMENT,,R2:O,"BARRIER TYPE BIT #6$NFROM PLC TO ROBOT$N(DI 59)$N BARRIER LOAD ROBOT (R2)",,"R2:O.DATA[1].27"
COMMENT,,R2:O,"BARRIER LOAD ROBOT (R2)$NOUTPUT WORD 3",,"R2:O.DATA[2]"
COMMENT,,R2:O,"BARRIER PLACEMENT ON MAIN DIAL OFFSET NEGATIVE X BIT$N(DI 70)$N BARRIER LOAD ROBOT (R2)",,"R2:O.DATA[2].6"
COMMENT,,R2:O,"BARRIER PLACEMENT ON MAIN DIAL OFFSET NEGATIVE Y BIT$N(DI 77)$N BARRIER LOAD ROBOT (R2)",,"R2:O.DATA[2].13"
TAG,,DRV31:C,"","AB:ETHERNET_MODULE:C:0","","(ExternalAccess := Read/Write)"
TAG,,DRV31:I,"DRIVE INPUTS$NINKJET PRINTING STATION","AB:ETHERNET_MODULE_INT_32Bytes:I:0","","(ExternalAccess := Read/Write)"
TAG,,DRV31:O,"DRIVE OUTPUTS$NINKJET PRINTING STATION","AB:ETHERNET_MODULE_INT_32Bytes:O:0","","(ExternalAccess := Read/Write)"
TAG,,DRV09:I,"INPUTS$N AC FREQUENCY OFFLOAD CONVEYOR DRIVE","AB:PowerFlex525V_EENET_Drive:I:0","","(ExternalAccess := Read/Write)"
COMMENT,,DRV09:I,"DRIVE ACTIVE$NOUTFEED CONVEYOR",,"DRV09:I.ACTIVE"
TAG,,DRV09:O,"OUTPUTS$N AC FREQUENCY OFFLOAD CONVEYOR DRIVE","AB:PowerFlex525V_EENET_Drive:O:0","","(ExternalAccess := Read/Write)"
COMMENT,,DRV09:O,"STOP DRIVE $NOFFLOAD CONVEYOR",,"DRV09:O.STOP"
COMMENT,,DRV09:O,"START DRIVE $NOFFLOAD CONVEYOR",,"DRV09:O.START"
COMMENT,,DRV09:O,"CLEAR DRIVE FAULTS OFFLOAD CONVEYOR",,"DRV09:O.CLEARFAULTS"
COMMENT,,DRV09:O,"FORWARD DRIVE DIRECTION$NOFFLOAD CONVEYOR",,"DRV09:O.FORWARD"
COMMENT,,DRV09:O,"DRIVE SPEED$NOFFLOAD CONVEYOR",,"DRV09:O.FREQCOMMAND"
TAG,,DRV11:S,"","AB:Motion_Diagnostics:S:1","","(ExternalAccess := Read/Write)"
TAG,,DRV08:C,"","AB:ETHERNET_MODULE:C:0","","(ExternalAccess := Read/Write)"
TAG,,DRV08:I,"GRIPPER READ WORDS$NBAG LOAD ROBOT (R1)","AB:ETHERNET_MODULE_DINT_32Bytes:I:0","","(ExternalAccess := Read/Write)"
COMMENT,,DRV08:I,"GRIPPER OPERATING MODE$NBAG LOAD ROBOT (R1)",,"DRV08:I.DATA[0]"
COMMENT,,DRV08:I,"GRIPPER REQUESTED POSITION (ENCODER COUNTS)$NBAG LOAD ROBOT (R1)",,"DRV08:I.DATA[1]"
COMMENT,,DRV08:I,"GRIPPER ACTUAL VELOCITY$NBAG LOAD ROBOT (R1)",,"DRV08:I.DATA[2]"
COMMENT,,DRV08:I,"GRIPPER ERRORS$NBAG LOAD ROBOT (R1)",,"DRV08:I.DATA[3]"
COMMENT,,DRV08:I,"GRIPPER STATUS WORD$NBAG LOAD ROBOT (R1)",,"DRV08:I.DATA[4]"
COMMENT,,DRV08:I,"GRIPPER RESERVED$NBAG LOAD ROBOT (R1)",,"DRV08:I.DATA[4].0"
COMMENT,,DRV08:I,"GRIPPER AUTOCORRECTION ACTIVE$NBAG LOAD ROBOT (R1)",,"DRV08:I.DATA[4].1"
COMMENT,,DRV08:I,"GRIPPER IN PHYSICAL POSITION$NBAG LOAD ROBOT (R1)",,"DRV08:I.DATA[4].2"
COMMENT,,DRV08:I,"GRIPPER AT VELOCITY$NBAG LOAD ROBOT (R1)",,"DRV08:I.DATA[4].3"
COMMENT,,DRV08:I,"GRIPPER IN POSITION$NBAG LOAD ROBOT (R1)",,"DRV08:I.DATA[4].4"
COMMENT,,DRV08:I,"GRIPPER ACCELERATING$NBAG LOAD ROBOT (R1)",,"DRV08:I.DATA[4].5"
COMMENT,,DRV08:I,"GRIPPER DECELERATING$NBAG LOAD ROBOT (R1)",,"DRV08:I.DATA[4].6"
COMMENT,,DRV08:I,"GRIPPER ZERO SEARCH DONE$NBAG LOAD ROBOT (R1)",,"DRV08:I.DATA[4].7"
COMMENT,,DRV08:I,"GRIPPER PASSWORD LOCK$NBAG LOAD ROBOT (R1)",,"DRV08:I.DATA[4].8"
COMMENT,,DRV08:I,"GRIPPER MAGNETIC ENCODER ERROR$NBAG LOAD ROBOT (R1)",,"DRV08:I.DATA[4].9"
COMMENT,,DRV08:I,"GRIPPER RESERVED$NBAG LOAD ROBOT (R1)",,"DRV08:I.DATA[4].10"
COMMENT,,DRV08:I,"GRIPPER RESERVED$NBAG LOAD ROBOT (R1)",,"DRV08:I.DATA[4].11"
COMMENT,,DRV08:I,"GRIPPER RESERVED$NBAG LOAD ROBOT (R1)",,"DRV08:I.DATA[4].12"
COMMENT,,DRV08:I,"GRIPPER RESERVED$NBAG LOAD ROBOT (R1)",,"DRV08:I.DATA[4].13"
COMMENT,,DRV08:I,"GRIPPER IN TARGET POSITION$NBAG LOAD ROBOT (R1)",,"DRV08:I.DATA[4].22"
COMMENT,,DRV08:I,"GRIPPER RESERVED$NBAG LOAD ROBOT (R1)",,"DRV08:I.DATA[4].25"
COMMENT,,DRV08:I,"GRIPPER RESERVED$NBAG LOAD ROBOT (R1)",,"DRV08:I.DATA[4].26"
COMMENT,,DRV08:I,"GRIPPER RESERVED$NBAG LOAD ROBOT (R1)",,"DRV08:I.DATA[4].27"
COMMENT,,DRV08:I,"GRIPPER RESERVED$NBAG LOAD ROBOT (R1)",,"DRV08:I.DATA[4].28"
COMMENT,,DRV08:I,"GRIPPER RESERVED$NBAG LOAD ROBOT (R1)",,"DRV08:I.DATA[4].29"
COMMENT,,DRV08:I,"GRIPPER RESERVED$NBAG LOAD ROBOT (R1)",,"DRV08:I.DATA[4].30"
COMMENT,,DRV08:I,"GRIPPER RESERVED$NBAG LOAD ROBOT (R1)",,"DRV08:I.DATA[4].31"
COMMENT,,DRV08:I,"GRIPPER ACTUAL POSITION$NBAG LOAD ROBOT (R1)",,"DRV08:I.DATA[5]"
COMMENT,,DRV08:I,"GRIPPER ACTUAL ENCODER POSITION$NBAG LOAD ROBOT (R1)",,"DRV08:I.DATA[7]"
TAG,,DRV08:O,"GRIPPER WRITE WORDS$NBAG LOAD ROBOT (R1)","AB:ETHERNET_MODULE_DINT_32Bytes:O:0","","(ExternalAccess := Read/Write)"
COMMENT,,DRV08:O,"GRIPPER OPERATING MODE$N0 = PASSIVE$N1 = VELOCITY$N2 = POSITION$N12 = TORQUE ZERO SEARCH$N13 = ZERO SEARCH TYPE 1$N14 = ZERO SEARCH TYPE 2$NBAG LOAD ROBOT (R1)",,"DRV08:O.DATA[0]"
COMMENT,,DRV08:O,"GRIPPER REQUESTED POSITION (ENCODER COUNTS)$NBAG LOAD ROBOT (R1)",,"DRV08:O.DATA[1]"
COMMENT,,DRV08:O,"GRIPPER MAX VELOCITY (RPM X .01)$NBAG LOAD ROBOT (R1)",,"DRV08:O.DATA[2]"
COMMENT,,DRV08:O,"GRIPPER START VELOCITY (RPM X .1)$NBAG LOAD ROBOT (R1)",,"DRV08:O.DATA[3]"
COMMENT,,DRV08:O,"GRIPPER ACCELERATION (RPM/S)$NBAG LOAD ROBOT (R1)",,"DRV08:O.DATA[4]"
COMMENT,,DRV08:O,"GRIPPER SPECIAL COMMAND WORD$NBAG LOAD ROBOT (R1)",,"DRV08:O.DATA[5]"
TAG,,PREHEAT1_RTD:C,"","AB:1732_IR4:C:0","","(ExternalAccess := Read/Write)"
TAG,,PREHEAT1_RTD:I,"RTD ANALOG INPUTS$NBARRIER PREHEAT STATION 1","AB:1732_IF4:I:0","","(ExternalAccess := Read/Write)"
COMMENT,,PREHEAT1_RTD:I,"RTD ANALOG MODULE FAULTED BARRIER PREHEAT STATION 1",,"PREHEAT1_RTD:I.FAULT"
COMMENT,,PREHEAT1_RTD:I,"UPPER BLOCK TEMPERATURE SENSOR BARRIER PREHEAT STATION 1",,"PREHEAT1_RTD:I.CH0DATA"
COMMENT,,PREHEAT1_RTD:I,"UPPER TOOL TEMPERATURE SENSOR BARRIER PREHEAT STATION 1",,"PREHEAT1_RTD:I.CH1DATA"
COMMENT,,PREHEAT1_RTD:I,"LOWER BLOCK TEMPERATURE SENSOR BARRIER PREHEAT STATION 1",,"PREHEAT1_RTD:I.CH2DATA"
COMMENT,,PREHEAT1_RTD:I,"LOWER TOOL TEMPERATURE SENSOR BARRIER PREHEAT STATION 1",,"PREHEAT1_RTD:I.CH3DATA"
COMMENT,,PREHEAT1_RTD:I,"UPPER BLOCK TEMPERATURE RTD$NCHANNEL FAULT$NBARRIER PREHEAT STATION 1",,"PREHEAT1_RTD:I.CH0FAULT"
COMMENT,,PREHEAT1_RTD:I,"UPPER TOOL TEMPERATURE RTD$NCHANNEL FAULT$NBARRIER PREHEAT STATION 1",,"PREHEAT1_RTD:I.CH1FAULT"
COMMENT,,PREHEAT1_RTD:I,"LOWER BLOCK TEMPERATURE RTD$NCHANNEL FAULT$NBARRIER PREHEAT STATION 1",,"PREHEAT1_RTD:I.CH2FAULT"
COMMENT,,PREHEAT1_RTD:I,"LOWER TOOL TEMPERATURE RTD$NCHANNEL FAULT$NBARRIER PREHEAT STATION 1",,"PREHEAT1_RTD:I.CH3FAULT"
TAG,,DRV01:S,"","AB:Motion_Diagnostics:S:1","","(ExternalAccess := Read/Write)"
TAG,,Local:1:C,"","AB:5000_DI16:C:0","","(ExternalAccess := Read/Write)"
TAG,,Local:1:I,"LOCAL HIGH SPEED INPUTS$NCELL","AB:5000_DI16:I:0","","(ExternalAccess := Read/Write)"
COMMENT,,Local:1:I,"BARRIER DETECTION SENSOR$NOUTPUT TO PLC INPUT$NBARRIER INFEED ELEVATOR$N$N0=PART DETECTED$N1= PART NOT DETECTED",,"Local:1:I.PT00"
COMMENT,,Local:1:I,"INKJET PRINTING IN PROGRESS",,"Local:1:I.PT01"
COMMENT,,Local:1:I,"INKJET FILLING TANK",,"Local:1:I.PT02"
COMMENT,,Local:1:I,"INKJET READY",,"Local:1:I.PT03"
COMMENT,,Local:1:I,"INKJET ALARM",,"Local:1:I.PT04"
TAG,,Local:2:C,"","AB:5000_DO16_Diag:C:0","","(ExternalAccess := Read/Write)"
TAG,,Local:2:I,"LOCAL HIGH SPEED INPUTS$NCELL","AB:5000_DO16_Diag:I:0","","(ExternalAccess := Read/Write)"
TAG,,Local:2:O,"LOCAL OUTPUTS$NCELL","AB:5000_DO16:O:0","","(ExternalAccess := Read/Write)"
COMMENT,,Local:2:O,"GLUE ON SOLENOID$NBAG GLUE STATION",,"Local:2:O.PT00"
COMMENT,,Local:2:O,"BARRIER DETECT SENSOR$NPLC OUTPUT TO INDEX DRIVE REGISTRATION INPUT$NBARRIER INFEED ELEVATOR",,"Local:2:O.PT01"
COMMENT,,Local:2:O,"TRIGGER CAMERA$NVISION INSPECTION$NSTATION",,"Local:2:O.PT02"
COMMENT,,Local:2:O,"INKJET ON THE FLY PRINTER TRIGGER$NINKJET PRINTING STATION",,"Local:2:O.PT03"
COMMENT,,Local:2:O,"RED LIGHTS ON$NBAG LOAD ROBOT (R1)",,"Local:2:O.PT07"
COMMENT,,Local:2:O,"UV LIGHTS ON$NBAG LOAD ROBOT (R1)",,"Local:2:O.PT08"
TAG,,DRV17:S,"","AB:Motion_Diagnostics:S:1","","(ExternalAccess := Read/Write)"
TAG,,CAM04:I1,"","_02A6:IS85XXP_F1075143:I:0","","(ExternalAccess := Read/Write)"
COMMENT,,CAM04:I1,"TRIGGER READY",,"CAM04:I1.DATA[0].0"
COMMENT,,CAM04:I1,"TRIGGER ACK",,"CAM04:I1.DATA[0].1"
COMMENT,,CAM04:I1,"RESERVED",,"CAM04:I1.DATA[0].2"
COMMENT,,CAM04:I1,"MISSED ACQ",,"CAM04:I1.DATA[0].3"
COMMENT,,CAM04:I1,"OFFLINE REASON BIT 1",,"CAM04:I1.DATA[0].4"
COMMENT,,CAM04:I1,"OFFLINE REASON BIT 2",,"CAM04:I1.DATA[0].5"
COMMENT,,CAM04:I1,"OFFLINE REASON BIT 3",,"CAM04:I1.DATA[0].6"
COMMENT,,CAM04:I1,"OFFLOAD INSPECTION CAMERA ONLINE",,"CAM04:I1.DATA[0].7"
COMMENT,,CAM04:I1,"SYSTEM BUSY",,"CAM04:I1.DATA[1].0"
COMMENT,,CAM04:I1,"INSPECTION COMPLETE",,"CAM04:I1.DATA[1].1"
COMMENT,,CAM04:I1,"RESULTS BUFFER OVERRUN",,"CAM04:I1.DATA[1].2"
COMMENT,,CAM04:I1,"RESULTS VALID",,"CAM04:I1.DATA[1].3"
COMMENT,,CAM04:I1,"COMMAND EXECUTING",,"CAM04:I1.DATA[1].4"
COMMENT,,CAM04:I1,"COMMAND COMPLETED BIT 1",,"CAM04:I1.DATA[1].5"
COMMENT,,CAM04:I1,"COMMAND FAILED",,"CAM04:I1.DATA[1].6"
COMMENT,,CAM04:I1,"ERROR",,"CAM04:I1.DATA[1].7"
COMMENT,,CAM04:I1,"SET USER DATA ACK",,"CAM04:I1.DATA[2].0"
COMMENT,,CAM04:I1,"RESERVED",,"CAM04:I1.DATA[2].1"
COMMENT,,CAM04:I1,"RESERVED",,"CAM04:I1.DATA[2].2"
COMMENT,,CAM04:I1,"EXPOSURE COMPLETE",,"CAM04:I1.DATA[2].3"
COMMENT,,CAM04:I1,"JOB PASS",,"CAM04:I1.DATA[2].4"
COMMENT,,CAM04:I1,"TESTRUN READY",,"CAM04:I1.DATA[2].5"
COMMENT,,CAM04:I1,"RESERVED",,"CAM04:I1.DATA[2].6"
COMMENT,,CAM04:I1,"RESERVED",,"CAM04:I1.DATA[2].7"
COMMENT,,CAM04:I1,"SOFT EVENT ACK 0",,"CAM04:I1.DATA[3].0"
COMMENT,,CAM04:I1,"SOFT EVENT ACK 1",,"CAM04:I1.DATA[3].1"
COMMENT,,CAM04:I1,"SOFT EVENT ACK 2",,"CAM04:I1.DATA[3].2"
COMMENT,,CAM04:I1,"SOFT EVENT ACK 3",,"CAM04:I1.DATA[3].3"
COMMENT,,CAM04:I1,"SOFT EVENT ACK 4",,"CAM04:I1.DATA[3].4"
COMMENT,,CAM04:I1,"SOFT EVENT ACK 5",,"CAM04:I1.DATA[3].5"
COMMENT,,CAM04:I1,"SOFT EVENT ACK 6",,"CAM04:I1.DATA[3].6"
COMMENT,,CAM04:I1,"SOFT EVENT ACK 7",,"CAM04:I1.DATA[3].7"
COMMENT,,CAM04:I1,"ERROR CODE PART 1",,"CAM04:I1.DATA[4]"
COMMENT,,CAM04:I1,"ERROR CODE PART 2",,"CAM04:I1.DATA[5]"
COMMENT,,CAM04:I1,"RESERVED",,"CAM04:I1.DATA[6]"
COMMENT,,CAM04:I1,"RESERVED",,"CAM04:I1.DATA[7]"
COMMENT,,CAM04:I1,"CURRENT JOB ID PART 1",,"CAM04:I1.DATA[8]"
COMMENT,,CAM04:I1,"CURRENT JOB ID PART 2",,"CAM04:I1.DATA[9]"
COMMENT,,CAM04:I1,"ACQUISITION ID PART 1",,"CAM04:I1.DATA[10]"
COMMENT,,CAM04:I1,"ACQUISITION ID PART 2",,"CAM04:I1.DATA[11]"
COMMENT,,CAM04:I1,"INSPECTION ID PART 1",,"CAM04:I1.DATA[12]"
COMMENT,,CAM04:I1,"INSPECTION ID PART 2",,"CAM04:I1.DATA[13]"
COMMENT,,CAM04:I1,"INSPECTION RESULT CODE PART 1",,"CAM04:I1.DATA[14]"
COMMENT,,CAM04:I1,"INSPECTION RESULT CODE PART 2",,"CAM04:I1.DATA[15]"
COMMENT,,CAM04:I1,"INSPECTION RESULTS 0",,"CAM04:I1.DATA[16]"
COMMENT,,CAM04:I1,"INSPECTION RESUTLS 1",,"CAM04:I1.DATA[17]"
COMMENT,,CAM04:I1,"INSPECTION RESULTS 2",,"CAM04:I1.DATA[18]"
COMMENT,,CAM04:I1,"INSPECTION RESULTS 3",,"CAM04:I1.DATA[19]"
COMMENT,,CAM04:I1,"INSPECTION RESULTS 4",,"CAM04:I1.DATA[20]"
COMMENT,,CAM04:I1,"INSPECTION RESULTS 5",,"CAM04:I1.DATA[21]"
COMMENT,,CAM04:I1,"INSPECTION RESULTS 6",,"CAM04:I1.DATA[22]"
COMMENT,,CAM04:I1,"INSPECTION RESULTS 7",,"CAM04:I1.DATA[23]"
COMMENT,,CAM04:I1,"INSPECTION RESULTS 8",,"CAM04:I1.DATA[24]"
COMMENT,,CAM04:I1,"INSPECTION RESULTS 9",,"CAM04:I1.DATA[25]"
COMMENT,,CAM04:I1,"INSPECTION RESULTS 10",,"CAM04:I1.DATA[26]"
TAG,,CAM04:O1,"","_02A6:IS85XXP_78F5E13D:O:0","","(ExternalAccess := Read/Write)"
COMMENT,,CAM04:O1,"TRIGGER ENABLE",,"CAM04:O1.DATA[0].0"
COMMENT,,CAM04:O1,"TRIGGER",,"CAM04:O1.DATA[0].1"
COMMENT,,CAM04:O1,"BUFFER RESULTS ENABLE",,"CAM04:O1.DATA[0].2"
COMMENT,,CAM04:O1,"INSPECTION RESULTS ACK",,"CAM04:O1.DATA[0].3"
COMMENT,,CAM04:O1,"EXECUTE COMMAND",,"CAM04:O1.DATA[0].4"
COMMENT,,CAM04:O1,"RESERVED",,"CAM04:O1.DATA[0].5"
COMMENT,,CAM04:O1,"RESERVED",,"CAM04:O1.DATA[0].6"
COMMENT,,CAM04:O1,"SET OFFLINE",,"CAM04:O1.DATA[0].7"
COMMENT,,CAM04:O1,"RESERVED",,"CAM04:O1.DATA[1]"
COMMENT,,CAM04:O1,"SET USER DATA",,"CAM04:O1.DATA[2].0"
COMMENT,,CAM04:O1,"RESERVED",,"CAM04:O1.DATA[2].1"
COMMENT,,CAM04:O1,"CLEAR ERROR",,"CAM04:O1.DATA[2].2"
COMMENT,,CAM04:O1,"CLEAR EXPOSURE COMPLETE",,"CAM04:O1.DATA[2].3"
COMMENT,,CAM04:O1,"RESERVED",,"CAM04:O1.DATA[2].4"
COMMENT,,CAM04:O1,"RESERVED",,"CAM04:O1.DATA[2].5"
COMMENT,,CAM04:O1,"RESERVED",,"CAM04:O1.DATA[2].6"
COMMENT,,CAM04:O1,"RESERVED",,"CAM04:O1.DATA[2].7"
COMMENT,,CAM04:O1,"SOFT EVENT 0",,"CAM04:O1.DATA[3].0"
COMMENT,,CAM04:O1,"SOFT EVENT 1",,"CAM04:O1.DATA[3].1"
COMMENT,,CAM04:O1,"SOFT EVENT 2",,"CAM04:O1.DATA[3].2"
COMMENT,,CAM04:O1,"SOFT EVENT 3",,"CAM04:O1.DATA[3].3"
COMMENT,,CAM04:O1,"SOFT EVENT 4",,"CAM04:O1.DATA[3].4"
COMMENT,,CAM04:O1,"SOFT EVENT 5",,"CAM04:O1.DATA[3].5"
COMMENT,,CAM04:O1,"SOFT EVENT 6",,"CAM04:O1.DATA[3].6"
COMMENT,,CAM04:O1,"SOFT EVENT 7",,"CAM04:O1.DATA[3].7"
COMMENT,,CAM04:O1,"COMMAND",,"CAM04:O1.DATA[4]"
COMMENT,,CAM04:O1,"COMMAND",,"CAM04:O1.DATA[5]"
COMMENT,,CAM04:O1,"RESERVED",,"CAM04:O1.DATA[6]"
COMMENT,,CAM04:O1,"RESERVED",,"CAM04:O1.DATA[7]"
COMMENT,,CAM04:O1,"USER DATA 0",,"CAM04:O1.DATA[8]"
COMMENT,,CAM04:O1,"USER DATA 1",,"CAM04:O1.DATA[9]"
COMMENT,,CAM04:O1,"USER DATA 2",,"CAM04:O1.DATA[10]"
COMMENT,,CAM04:O1,"USER DATA 3",,"CAM04:O1.DATA[11]"
COMMENT,,CAM04:O1,"USER DATA 4",,"CAM04:O1.DATA[12]"
COMMENT,,CAM04:O1,"USER DATA 5",,"CAM04:O1.DATA[13]"
COMMENT,,CAM04:O1,"USER DATA 6",,"CAM04:O1.DATA[14]"
COMMENT,,CAM04:O1,"USER DATA 7",,"CAM04:O1.DATA[15]"
TAG,,ENC31:C,"","AB:2198_ABQE:C:0","","(ExternalAccess := Read/Write)"
TAG,,ENC31:I,"ENCODER INPUTS$NINKJET PRINTER STATION","AB:2198_ABQE:I:0","","(ExternalAccess := Read/Write)"
TAG,,ENC31:O,"ENCODER OUTPUTS$NINKJET PRINTER STATION","AB:2198_ABQE:O:0","","(ExternalAccess := Read/Write)"
TAG,,DRV04:S,"","AB:Motion_Diagnostics:S:1","","(ExternalAccess := Read/Write)"
TAG,,MAN02:C,"","AB:ETHERNET_MODULE:C:0","","(ExternalAccess := Read/Write)"
TAG,,MAN02:I,"BARRIER PRESS-N-CURE, BAG OFFLOAD, BARRIER PRINTING INPUTS","AB:ETHERNET_MODULE_INT_10Bytes:I:0","","(ExternalAccess := Read/Write)"
COMMENT,,MAN02:I,"ELECTRONIC ANALOG CURING PRESSURE REGULATOR FEEDBACK$NBARRIER PRESS-N-CURE STATION",,"MAN02:I.DATA[0]"
COMMENT,,MAN02:I,"ELECTRONIC ANALOG$NCYLINDER STOP POSITION$NBARRIER FORMING STATION",,"MAN02:I.DATA[1]"
COMMENT,,MAN02:I,"ELECTRONIC ANALOG DIAL VACUUM REGULATOR FEEDBACK MAIN DIAL",,"MAN02:I.DATA[2]"
COMMENT,,MAN02:I,"SPARE ANALOG INPUT",,"MAN02:I.DATA[3]"
COMMENT,,MAN02:I,"BARRIER PRESS-N-CURE, BAG OFFLOAD, BARRIER PRINTING INPUTS",,"MAN02:I.DATA[4]"
COMMENT,,MAN02:I,"JOG FORWARD PUSH BUTTON$NOFFLOAD CONVEYOR",,"MAN02:I.DATA[4].0"
COMMENT,,MAN02:I,"EXTENDED POSITION SENSOR$NPRESS CYLINDER$NBARRIER PRESS-N-CURE STATION",,"MAN02:I.DATA[4].2"
COMMENT,,MAN02:I,"RETRACTED POSITION SENSOR$NPRESS CYLINDER$NBARRIER PRESS-N-CURE STATION",,"MAN02:I.DATA[4].3"
COMMENT,,MAN02:I,"EXTENDED POSITION SENSOR BAG RELEASE CYLINDER $NBAG OFFLOAD STATION",,"MAN02:I.DATA[4].4"
COMMENT,,MAN02:I,"RETRACTED POSITION SENSOR BAG RELEASE CYLINDER BAG OFFLOAD STATION",,"MAN02:I.DATA[4].5"
COMMENT,,MAN02:I,"EXTENDED POSITION SENSOR$NSUPPORT CYLINDER$NBARRIER PRINTING STATION",,"MAN02:I.DATA[4].6"
COMMENT,,MAN02:I,"RETRACTED POSITION SENSOR$NSUPPORT CYLINDER$NBARRIER PRINTING STATION",,"MAN02:I.DATA[4].7"
COMMENT,,MAN02:I,"BARRIER PRESENT SENSOR $NBARRIER LOAD STATION",,"MAN02:I.DATA[4].9"
COMMENT,,MAN02:I,"EXTENDED POSITION SENSOR$NPICK CYLINDER 1$NBARRIER PRESS-N-CURE STATION",,"MAN02:I.DATA[4].10"
COMMENT,,MAN02:I,"RETRACTED POSITION SENSOR$NPICK CYLINDER 1$NBARRIER PRESS-N-CURE STATION",,"MAN02:I.DATA[4].11"
COMMENT,,MAN02:I,"EXTENDED POSITION SENSOR$NPICK CYLINDER 2$NBARRIER PRESS-N-CURE STATION",,"MAN02:I.DATA[4].12"
COMMENT,,MAN02:I,"RETRACTED POSITION SENSOR$NPICK CYLINDER 2$NBARRIER PRESS-N-CURE STATION",,"MAN02:I.DATA[4].13"
COMMENT,,MAN02:I,"EXTENDED POSITION SENSOR$NSUPPORT CYLINDER$NBARRIER PRESS-N-CURE STATION",,"MAN02:I.DATA[4].14"
COMMENT,,MAN02:I,"RETRACTED POSITION SENSOR$NSUPPORT CYLINDER$NBARRIER PRESS-N-CURE STATION",,"MAN02:I.DATA[4].15"
TAG,,MAN02:O,"BARRIER PRESS-N-CURE, BAG OFFLOAD, BARRIER PRINTING OUTPUTS","AB:ETHERNET_MODULE_INT_12Bytes:O:0","","(ExternalAccess := Read/Write)"
COMMENT,,MAN02:O,"ELECTRONIC ANALOG CURING PRESSURE REGULATOR CONTROL$NBARRIER PRESS-N-CURE STATION",,"MAN02:O.DATA[0]"
COMMENT,,MAN02:O,"SPARE ANALOG OUTPUT",,"MAN02:O.DATA[1]"
COMMENT,,MAN02:O,"ELECTRONIC ANALOG MAIN DIAL VACUUM REGULATOR CONTROL$NMAIN DIAL",,"MAN02:O.DATA[2]"
COMMENT,,MAN02:O,"PRESS CYLINDER$NEXTEND SOLENOID$NBARRIER PRESS-N-CURE STATION",,"MAN02:O.DATA[2].2"
COMMENT,,MAN02:O,"N/A",,"MAN02:O.DATA[2].3"
COMMENT,,MAN02:O,"BAG RELEASE CYLINDER EXTEND SOLENOID$NBAG OFFLOAD STATION",,"MAN02:O.DATA[2].4"
COMMENT,,MAN02:O,"BAG RELEASE CYLINDER RETRACT SOLENOID$NBAG OFFLOAD STATION",,"MAN02:O.DATA[2].5"
COMMENT,,MAN02:O,"SUPPORT CYLINDER EXTEND SOLENOID$NBARRIER PRINTING STATION",,"MAN02:O.DATA[2].6"
COMMENT,,MAN02:O,"N/A",,"MAN02:O.DATA[2].7"
COMMENT,,MAN02:O,"LIGHT TABLE BLOW OFF",,"MAN02:O.DATA[2].8"
COMMENT,,MAN02:O,"N/A",,"MAN02:O.DATA[2].9"
COMMENT,,MAN02:O,"PICK CYLINDER 1$NEXTEND SOLENOID$NBARRIER PRESS-N-CURE STATION",,"MAN02:O.DATA[2].10"
COMMENT,,MAN02:O,"N/A",,"MAN02:O.DATA[2].11"
COMMENT,,MAN02:O,"PICK CYLINDER 2$NEXTEND SOLENOID$NBARRIER PRESS-N-CURE STATION",,"MAN02:O.DATA[2].12"
COMMENT,,MAN02:O,"N/A",,"MAN02:O.DATA[2].13"
COMMENT,,MAN02:O,"SUPPORT CYLINDER$NEXTEND SOLENOID$NBARRIER PRESS-N-CURE STATION",,"MAN02:O.DATA[2].14"
COMMENT,,MAN02:O,"N/A",,"MAN02:O.DATA[2].15"
COMMENT,,MAN02:O,"SPARE ANALOG OUTPUT",,"MAN02:O.DATA[3]"
COMMENT,,MAN02:O,"VACUUM #1 ON$NMAIN DIAL",,"MAN02:O.DATA[3].0"
COMMENT,,MAN02:O,"VACUUM #2 ON$NMAIN DIAL",,"MAN02:O.DATA[3].1"
COMMENT,,MAN02:O,"VACUUM #3 ON$NMAIN DIAL",,"MAN02:O.DATA[3].2"
COMMENT,,MAN02:O,"VACUUM #4 ON$NMAIN DIAL",,"MAN02:O.DATA[3].3"
COMMENT,,MAN02:O,"VACUUM #5 ON$NMAIN DIAL",,"MAN02:O.DATA[3].4"
COMMENT,,MAN02:O,"VACUUM #6 ON$NMAIN DIAL",,"MAN02:O.DATA[3].5"
COMMENT,,MAN02:O,"VACUUM #7 ON$NMAIN DIAL",,"MAN02:O.DATA[3].6"
COMMENT,,MAN02:O,"VACUUM #8 ON$NMAIN DIAL",,"MAN02:O.DATA[3].7"
COMMENT,,MAN02:O,"VACUUM #9 ON$NMAIN DIAL",,"MAN02:O.DATA[3].8"
COMMENT,,MAN02:O,"VACUUM #10 ON$NMAIN DIAL",,"MAN02:O.DATA[3].9"
COMMENT,,MAN02:O,"VACUUM #11 ON$NMAIN DIAL",,"MAN02:O.DATA[3].10"
COMMENT,,MAN02:O,"VACUUM #12 ON$NMAIN DIAL",,"MAN02:O.DATA[3].11"
COMMENT,,MAN02:O,"PICK VACUUM 1 SOLENOID$NBARRIER PRESS-N-CURE STATION",,"MAN02:O.DATA[3].12"
COMMENT,,MAN02:O,"PICK VACUUM 2 SOLENOID$NBARRIER PRESS-N-CURE STATION",,"MAN02:O.DATA[3].13"
COMMENT,,MAN02:O,"SKU PAD ENABLE$NSOLENOID$NBARRIER PRINTING STATION",,"MAN02:O.DATA[3].14"
COMMENT,,MAN02:O,"N/A",,"MAN02:O.DATA[3].15"
COMMENT,,MAN02:O,"BARRIER PRESS-N-CURE, BAG OFFLOAD, BARRIER PRINTING OUTPUTS",,"MAN02:O.DATA[4]"
COMMENT,,MAN02:O,"PRESS CYLINDER$NEXTEND SOLENOID$NBARRIER PRESS-N-CURE STATION",,"MAN02:O.DATA[4].2"
COMMENT,,MAN02:O,"N/A",,"MAN02:O.DATA[4].3"
COMMENT,,MAN02:O,"BAG RELEASE CYLINDER EXTEND SOLENOID$NBAG OFFLOAD STATION",,"MAN02:O.DATA[4].4"
COMMENT,,MAN02:O,"BAG RELEASE CYLINDER RETRACT SOLENOID$NBAG OFFLOAD STATION",,"MAN02:O.DATA[4].5"
COMMENT,,MAN02:O,"SUPPORT CYLINDER EXTEND SOLENOID$NBARRIER PRINTING STATION",,"MAN02:O.DATA[4].6"
COMMENT,,MAN02:O,"N/A",,"MAN02:O.DATA[4].7"
COMMENT,,MAN02:O,"LIGHT TABLE BLOW OFF",,"MAN02:O.DATA[4].8"
COMMENT,,MAN02:O,"N/A",,"MAN02:O.DATA[4].9"
COMMENT,,MAN02:O,"PICK CYLINDER 1$NEXTEND SOLENOID$NBARRIER PRESS-N-CURE STATION",,"MAN02:O.DATA[4].10"
COMMENT,,MAN02:O,"N/A",,"MAN02:O.DATA[4].11"
COMMENT,,MAN02:O,"PICK CYLINDER 2$NEXTEND SOLENOID$NBARRIER PRESS-N-CURE STATION",,"MAN02:O.DATA[4].12"
COMMENT,,MAN02:O,"N/A",,"MAN02:O.DATA[4].13"
COMMENT,,MAN02:O,"SUPPORT CYLINDER$NEXTEND SOLENOID$NBARRIER PRESS-N-CURE STATION",,"MAN02:O.DATA[4].14"
COMMENT,,MAN02:O,"N/A",,"MAN02:O.DATA[4].15"
COMMENT,,MAN02:O,"MAIN DIAL VACUUM AND BARRIER PRESS-N-CURE OUTPUTS",,"MAN02:O.DATA[5]"
COMMENT,,MAN02:O,"VACUUM #1 ON$NMAIN DIAL",,"MAN02:O.DATA[5].0"
COMMENT,,MAN02:O,"VACUUM #2 ON$NMAIN DIAL",,"MAN02:O.DATA[5].1"
COMMENT,,MAN02:O,"VACUUM #3 ON$NMAIN DIAL",,"MAN02:O.DATA[5].2"
COMMENT,,MAN02:O,"VACUUM #4 ON$NMAIN DIAL",,"MAN02:O.DATA[5].3"
COMMENT,,MAN02:O,"VACUUM #5 ON$NMAIN DIAL",,"MAN02:O.DATA[5].4"
COMMENT,,MAN02:O,"VACUUM #6 ON$NMAIN DIAL",,"MAN02:O.DATA[5].5"
COMMENT,,MAN02:O,"VACUUM #7 ON$NMAIN DIAL",,"MAN02:O.DATA[5].6"
COMMENT,,MAN02:O,"VACUUM #8 ON$NMAIN DIAL",,"MAN02:O.DATA[5].7"
COMMENT,,MAN02:O,"VACUUM #9 ON$NMAIN DIAL",,"MAN02:O.DATA[5].8"
COMMENT,,MAN02:O,"VACUUM #10 ON$NMAIN DIAL",,"MAN02:O.DATA[5].9"
COMMENT,,MAN02:O,"VACUUM #11 ON$NMAIN DIAL",,"MAN02:O.DATA[5].10"
COMMENT,,MAN02:O,"VACUUM #12 ON$NMAIN DIAL",,"MAN02:O.DATA[5].11"
COMMENT,,MAN02:O,"PICK VACUUM 1 SOLENOID$NBARRIER PRESS-N-CURE STATION",,"MAN02:O.DATA[5].12"
COMMENT,,MAN02:O,"PICK VACUUM 2 SOLENOID$NBARRIER PRESS-N-CURE STATION",,"MAN02:O.DATA[5].13"
COMMENT,,MAN02:O,"SKU PAD ENABLE$NSOLENOID$NBARRIER PRINTING STATION",,"MAN02:O.DATA[5].14"
COMMENT,,MAN02:O,"N/A",,"MAN02:O.DATA[5].15"
TAG,,PREHEAT2_RTD:C,"","AB:1732_IR4:C:0","","(ExternalAccess := Read/Write)"
TAG,,PREHEAT2_RTD:I,"RTD ANALOG INPUTS$NBARRIER PREHEAT STATION 2","AB:1732_IF4:I:0","","(ExternalAccess := Read/Write)"
COMMENT,,PREHEAT2_RTD:I,"RTD ANALOG MODULE FAULTED$NBARRIER PREHEAT STATION 2",,"PREHEAT2_RTD:I.FAULT"
COMMENT,,PREHEAT2_RTD:I,"UPPER BLOCK TEMPERATURE SENSOR BARRIER PREHEAT STATION 2",,"PREHEAT2_RTD:I.CH0DATA"
COMMENT,,PREHEAT2_RTD:I,"UPPER TOOL TEMPERATURE SENSOR BARRIER PREHEAT STATION 2",,"PREHEAT2_RTD:I.CH1DATA"
COMMENT,,PREHEAT2_RTD:I,"LOWER BLOCK TEMPERATURE SENSOR BARRIER PREHEAT STATION 2",,"PREHEAT2_RTD:I.CH2DATA"
COMMENT,,PREHEAT2_RTD:I,"LOWER TOOL TEMPERATURE SENSOR BARRIER PREHEAT STATION 2",,"PREHEAT2_RTD:I.CH3DATA"
COMMENT,,PREHEAT2_RTD:I,"UPPER BLOCK TEMPERATURE RTD$NCHANNEL FAULT$NBARRIER PREHEAT STATION 2",,"PREHEAT2_RTD:I.CH0FAULT"
COMMENT,,PREHEAT2_RTD:I,"UPPER TOOL TEMPERATURE RTD$NCHANNEL FAULT$NBARRIER PREHEAT STATION 2",,"PREHEAT2_RTD:I.CH1FAULT"
COMMENT,,PREHEAT2_RTD:I,"LOWER BLOCK TEMPERATURE RTD$NCHANNEL FAULT$NBARRIER PREHEAT STATION 2",,"PREHEAT2_RTD:I.CH2FAULT"
COMMENT,,PREHEAT2_RTD:I,"LOWER TOOL TEMPERATURE RTD$NCHANNEL FAULT$NBARRIER PREHEAT STATION 2",,"PREHEAT2_RTD:I.CH3FAULT"
TAG,,DRV02:S,"","AB:Motion_Diagnostics:S:1","","(ExternalAccess := Read/Write)"
TAG,,MAN03:C,"","AB:ETHERNET_MODULE:C:0","","(ExternalAccess := Read/Write)"
TAG,,MAN03:I,"BARRIER PNP, BARRIER MAG, BARRIER ELEV, BAG LOAD, INFEED CONV INPUTS","AB:ETHERNET_MODULE_INT_2Bytes:I:0","","(ExternalAccess := Read/Write)"
COMMENT,,MAN03:I,"BARRIER PNP, BARRIER MAG, BARRIER ELEV, BAG LOAD, INFEED CONV INPUTS",,"MAN03:I.DATA"
COMMENT,,MAN03:I,"BARRIER PNP, BARRIER MAG, BARRIER ELEV, BAG LOAD, INFEED CONV INPUTS",,"MAN03:I.DATA[0]"
COMMENT,,MAN03:I,"EXTENDED POSITION SENSOR$NPICK CYLINDER$NBARRIER PICK-N-PLACE/CORONA TREAT STATION",,"MAN03:I.DATA[0].0"
COMMENT,,MAN03:I,"RETRACTED POSITION SENSOR$NPICK CYLINDER$NBARRIER PICK-N-PLACE/CORONA TREAT STATION",,"MAN03:I.DATA[0].1"
COMMENT,,MAN03:I,"VACUUM SWITCH$NBARRIER PICK-N-PLACE/CORONA TREAT STATION",,"MAN03:I.DATA[0].2"
COMMENT,,MAN03:I,"BAG CLAMP PRESENT 1$NBAG LOAD STATION",,"MAN03:I.DATA[0].4"
COMMENT,,MAN03:I,"BAG CLAMP PRESENT 2$NBAG LOAD STATION",,"MAN03:I.DATA[0].5"
COMMENT,,MAN03:I,"BAG DROP BIN CLEAR SENSOR$NBAG INFEED$NCONVEYOR",,"MAN03:I.DATA[0].6"
COMMENT,,MAN03:I,"LANE FULL SENSOR$NBAG INFEED$NCONVEYOR$N0=EMPTY$N1=FULL",,"MAN03:I.DATA[0].7"
COMMENT,,MAN03:I,"STOP INDEX $NINFEED CONVEYOR",,"MAN03:I.DATA[0].8"
COMMENT,,MAN03:I,"SLOW DOWN INDEX SENSOR$NINFEED CONVEYOR",,"MAN03:I.DATA[0].9"
COMMENT,,MAN03:I,"TOWER BARRIER CHECK SENSOR$NBARRIER INFEED MAGAZINE$N$N0=PART PRESENT$N1= EMPTY",,"MAN03:I.DATA[0].11"
COMMENT,,MAN03:I,"SAFETY FLAP CLOSED$NBAG INFEED CONVEYOR$N$N0=OPEN$N1= CLOSED",,"MAN03:I.DATA[0].12"
COMMENT,,MAN03:I,"BARRIER PRESENCE SENSOR AT CORONA HEAD$N$N0= PRESENT$N1= NOT PRESENT",,"MAN03:I.DATA[0].13"
COMMENT,,MAN03:I,"BAG PRESENCE SENSOR TOP OF BAG, 0= PRESENT 1= NOT PRESENT",,"MAN03:I.DATA[0].14"
COMMENT,,MAN03:I,"BAG TAIL PRESENCE SENSOR$NBAG LOAD STATION$N0= NOT PRESENT 1= PRESENT",,"MAN03:I.DATA[0].15"
TAG,,MAN03:O,"BARRIER PNP, ROBOT 2 OUTPUTS","AB:ETHERNET_MODULE_INT_4Bytes:O:0","","(ExternalAccess := Read/Write)"
COMMENT,,MAN03:O,"BARRIER PNP, ROBOT 2 OUTPUTS",,"MAN03:O.DATA"
COMMENT,,MAN03:O,"BARRIER PNP, ROBOT 2 OUTPUTS",,"MAN03:O.DATA[0]"
COMMENT,,MAN03:O,"PICK CYLINDER EXTEND SOLENOID$NBARRIER PICK-N-PLACE/CORONA TREAT STATION",,"MAN03:O.DATA[0].0"
COMMENT,,MAN03:O,"N/A",,"MAN03:O.DATA[0].1"
COMMENT,,MAN03:O,"PICK VACUUM SOLENOID$NBARRIER PICK-N-PLACE/$NCORONA TREAT STATION",,"MAN03:O.DATA[0].2"
COMMENT,,MAN03:O,"PICK BAG VACUUM SOLENOID$NBAG OFFLOAD ROBOT (R3)",,"MAN03:O.DATA[0].3"
COMMENT,,MAN03:O,"PICK BARRIER VACUUM SOLENOID$NBARRIER LOAD ROBOT (R2)",,"MAN03:O.DATA[0].4"
COMMENT,,MAN03:O,"PICK BARRIER BLOW SOLENOID PICK-N-PLACE/ CORONA TREAT STATION",,"MAN03:O.DATA[0].5"
TAG,,MAN04:C,"","AB:ETHERNET_MODULE:C:0","","(ExternalAccess := Read/Write)"
TAG,,MAN04:I,"MANIFOLD 4","AB:ETHERNET_MODULE_INT_6Bytes:I:0","","(ExternalAccess := Read/Write)"
COMMENT,,MAN04:I,"ELECTRONIC ANALOG VACUUM PRESSURE REGULATOR FEEDBACK$NLIGHT TABLE",,"MAN04:I.DATA[0]"
COMMENT,,MAN04:I,"ANALOG X-AXIS POSITION BARRIER PRINTING STATION",,"MAN04:I.DATA[1]"
COMMENT,,MAN04:I,"RETRACTED POSITION SENSOR$NMAIN HEAD CYLINDER$NBARRIER PRINTING STATION",,"MAN04:I.DATA[2].0"
COMMENT,,MAN04:I,"RETRACTED POSITION SENSOR$NSECOND HEAD CYLINDER$NBARRIER PRINTING STATION",,"MAN04:I.DATA[2].1"
COMMENT,,MAN04:I,"BARRIER PRESENT SENSOR$NBARRIER PRINTING STATION",,"MAN04:I.DATA[2].2"
COMMENT,,MAN04:I,"PRINT PURGE BUCKET PRESENT BARRIER PRINTING STATION",,"MAN04:I.DATA[2].3"
COMMENT,,MAN04:I,"EXTENDED POSITION SENSOR$NCLICHE CYLINDER$NBARRIER PRINTING STATION",,"MAN04:I.DATA[2].4"
COMMENT,,MAN04:I,"RETRACTED POSITION SENSOR$NCLICHE CYLINDER$NBARRIER PRINTING STATION",,"MAN04:I.DATA[2].5"
COMMENT,,MAN04:I,"EXTENDED POSITION SENSOR$NHOLD DOWN CYLINDER$NBARRIER PRINTING STATION",,"MAN04:I.DATA[2].6"
COMMENT,,MAN04:I,"RETRACTED POSITION SENSOR$NHOLD DOWN CYLINDER$NBARRIER PRINTING STATION",,"MAN04:I.DATA[2].7"
COMMENT,,MAN04:I,"VACUUM SWITCH 1$NBARRIER PRESS-N-CURE STATION",,"MAN04:I.DATA[2].8"
COMMENT,,MAN04:I,"VACUUM SWITCH 2$NBARRIER PRESS-N-CURE STATION",,"MAN04:I.DATA[2].9"
TAG,,MAN04:O,"MANIFOLD 4","AB:ETHERNET_MODULE_INT_8Bytes:O:0","","(ExternalAccess := Read/Write)"
COMMENT,,MAN04:O,"MANIFOLD 4",,"MAN04:O.DATA"
COMMENT,,MAN04:O,"ELECTRONIC ANALOG VACUUM PRESSURE REGULATOR CONTROL$NLIGHT TABLE",,"MAN04:O.DATA[0]"
COMMENT,,MAN04:O,"SPARE ANALOG OUTPUT",,"MAN04:O.DATA[1]"
COMMENT,,MAN04:O,"DIGITAL OUTPUTS",,"MAN04:O.DATA[2]"
COMMENT,,MAN04:O,"MAIN PRINT HEAD CYLINDER EXTEND SOLENOID$NBARRIER PRINTING$NSTATION",,"MAN04:O.DATA[2].0"
COMMENT,,MAN04:O,"N/A",,"MAN04:O.DATA[2].1"
COMMENT,,MAN04:O,"SECONDARY PRINT HEAD CYLINDER EXTEND  SOLENOID$NBARRIER PRINTING$NSTATION",,"MAN04:O.DATA[2].2"
COMMENT,,MAN04:O,"N/A",,"MAN04:O.DATA[2].3"
COMMENT,,MAN04:O,"PRINTER CLICHE CYLINDER EXTEND SOLENOID$NBARRIER PRINTING$NSTATION",,"MAN04:O.DATA[2].4"
COMMENT,,MAN04:O,"N/A",,"MAN04:O.DATA[2].5"
COMMENT,,MAN04:O,"BARRIER HOLD DOWN CYLINDER  EXTEND SOLENOID$NBARRIER PRINTING STATION",,"MAN04:O.DATA[2].6"
COMMENT,,MAN04:O,"N/A",,"MAN04:O.DATA[2].7"
COMMENT,,MAN04:O,"VACUUM ON SOLENOID$NLIGHT TABLE",,"MAN04:O.DATA[2].9"
TAG,,R1:C,"","AB:ETHERNET_MODULE:C:0","","(ExternalAccess := Read/Write)"
TAG,,R1:I,"BAG LOAD ROBOT (R1)$NOUTPUTS FROM ROBOT$NINPUTS TO PLC","AB:ETHERNET_MODULE_DINT_8Bytes:I:0","","(ExternalAccess := Read/Write)"
COMMENT,,R1:I,"BAG LOAD ROBOT (R1)$NOUTPUTS",,"R1:I.DATA"
COMMENT,,R1:I,"BAG LOAD ROBOT (R1)$NOUTPUT WORD 1",,"R1:I.DATA[0]"
COMMENT,,R1:I,"SNO BIT 1$N(UO 11)$N BAG LOAD ROBOT (R1)",,"R1:I.DATA[0].0"
COMMENT,,R1:I,"SNO BIT 2$N(UO 12)$N BAG LOAD ROBOT (R1)",,"R1:I.DATA[0].1"
COMMENT,,R1:I,"SNO BIT 3 $N(UO 13)$NBAG LOAD ROBOT (R1)",,"R1:I.DATA[0].2"
COMMENT,,R1:I,"SNO BIT 4$N(UO 14)$N BAG LOAD ROBOT (R1)",,"R1:I.DATA[0].3"
COMMENT,,R1:I,"SNO BIT 5 $N(UO 15)$NBAG LOAD ROBOT (R1)",,"R1:I.DATA[0].4"
COMMENT,,R1:I,"SNO BIT 6 $N(UO 16)$NBAG LOAD ROBOT (R1)",,"R1:I.DATA[0].5"
COMMENT,,R1:I,"SNO BIT 7 $N(UO 17)$NBAG LOAD ROBOT (R1)",,"R1:I.DATA[0].6"
COMMENT,,R1:I,"FAULT $N(UO 6)$NBAG LOAD ROBOT (R1)",,"R1:I.DATA[0].7"
COMMENT,,R1:I,"TP ENABLE $N(UO 8)$NBAG LOAD ROBOT (R1)",,"R1:I.DATA[0].8"
COMMENT,,R1:I,"BATTERY LOW ALARM $N(UO 9)$NBAG LOAD ROBOT (R1)",,"R1:I.DATA[0].9"
COMMENT,,R1:I,"COMMAND ENABLE$N(UO 1)$NBAG LOAD ROBOT (R1)",,"R1:I.DATA[0].10"
COMMENT,,R1:I,"AT HOME$N(UO 7)$NBAG LOAD ROBOT (R1)",,"R1:I.DATA[0].11"
COMMENT,,R1:I,"PNS STARTED $N(DO 13)$NBAG LOAD ROBOT (R1)",,"R1:I.DATA[0].13"
COMMENT,,R1:I,"ROBOT ESTOP$NCONTROLLER$NESTOPPRESSED = 1$NEESTOPULLED = 0$N(DO 17)$NBAG LOAD ROBOT (R1)",,"R1:I.DATA[0].17"
COMMENT,,R1:I,"PNS DONE$N(DO 18)$NBAG LOAD ROBOT (R1)",,"R1:I.DATA[0].18"
COMMENT,,R1:I,"BAG PICKED FROM$NINFEED CONVEYOR$N(DO 20)$NBAG LOAD ROBOT (R1)",,"R1:I.DATA[0].20"
COMMENT,,R1:I,"BAG READY TO LOAD ON MAIN DIAL$N(DO 22)$NBAG LOAD ROBOT (R1)",,"R1:I.DATA[0].22"
COMMENT,,R1:I,"BAG LOADED ONTO$N MAIN DIAL$N(DO 23)$NBAG LOAD ROBOT (R1)",,"R1:I.DATA[0].23"
COMMENT,,R1:I,"OPERATOR BOX$NAUTO SWITCH$N(DO 24)$NBAG LOAD ROBOT (R1)",,"R1:I.DATA[0].24"
COMMENT,,R1:I,"INPUTS SIMULATED$N(DO 25)$NBAG LOAD ROBOT (R1)",,"R1:I.DATA[0].25"
COMMENT,,R1:I,"ROBOT IS CLEAR$NOF MAIN DIAL$N (DO 26) $NBAG LOAD ROBOT (R1)",,"R1:I.DATA[0].26"
COMMENT,,R1:I,"ROBOT IS CLEAR OF CONVEYOR (DO 27) BAG LOAD ROBOT (R1)",,"R1:I.DATA[0].27"
COMMENT,,R1:I,"ROBOT IS CLEAR OF VISION (DO 29)$NBAG LOAD ROBOT (R1)",,"R1:I.DATA[0].29"
COMMENT,,R1:I,"ROBOT ESTOP$NTEACH PENDANT$NESTOPPRESSED = 1$NEESTOPULLED = 0$N(DO 30)$NBAG LOAD ROBOT (R1)",,"R1:I.DATA[0].30"
COMMENT,,R1:I,"BAG LOAD ROBOT (R1)$NOUTPUT WORD 2",,"R1:I.DATA[1]"
COMMENT,,R1:I,"BAG VISION PASSED$NINFEED CONVEYOR$N(DO 32)$NBAG LOAD ROBOT (R1)",,"R1:I.DATA[1].0"
COMMENT,,R1:I,"BAG VISION FAILED$NINFEED CONVEYOR$N(DO 33)$NBAG LOAD ROBOT (R1)",,"R1:I.DATA[1].1"
COMMENT,,R1:I,"RELEASE BAG TO PLC$N(DO 36)$NBAG LOAD ROBOT (R1)",,"R1:I.DATA[1].4"
COMMENT,,R1:I,"PICK BAG TO PLC$N(DO 37)$NBAG LOAD ROBOT (R1)",,"R1:I.DATA[1].5"
COMMENT,,R1:I,"CLAMP BAG TO PLC$N(DO 40)$NBAG LOAD ROBOT (R1)",,"R1:I.DATA[1].8"
TAG,,R1:O,"BAG LOAD ROBOT (R1)$NINPUTS TO ROBOT$NOUTPUTS FROM PLC","AB:ETHERNET_MODULE_DINT_16Bytes:O:0","","(ExternalAccess := Read/Write)"
COMMENT,,R1:O,"BAG LOAD ROBOT (R1)$NINPUTS",,"R1:O.DATA"
COMMENT,,R1:O,"BAG LOAD ROBOT (R1)$NINPUT WORD 1",,"R1:O.DATA[0]"
COMMENT,,R1:O,"IMSTD$N(UI 1)$NBAG LOAD ROBOT (R1)",,"R1:O.DATA[0].1"
COMMENT,,R1:O,"HOLD$N(UI 2)$NBAG LOAD ROBOT (R1)",,"R1:O.DATA[0].2"
COMMENT,,R1:O,"SFSPD$N(UI 3)$NBAG LOAD ROBOT (R1)",,"R1:O.DATA[0].3"
COMMENT,,R1:O,"CSTOP$N(UI 4)$NBAG LOAD ROBOT (R1)",,"R1:O.DATA[0].4"
COMMENT,,R1:O,"FAULT RESET $N(UI 5)$NBAG LOAD ROBOT (R1)",,"R1:O.DATA[0].5"
COMMENT,,R1:O,"HOME (UI 7)$NBAG LOAD ROBOT (R1)",,"R1:O.DATA[0].7"
COMMENT,,R1:O,"ENABLE$N(UI 8)$NBAG LOAD ROBOT (R1)",,"R1:O.DATA[0].8"
COMMENT,,R1:O,"PNS STROBE 1 (UI 9)$NBAG LOAD ROBOT (R1)",,"R1:O.DATA[0].9"
COMMENT,,R1:O,"PNS STROBE 2 (UI 10)$NBAG LOAD ROBOT (R1)",,"R1:O.DATA[0].10"
COMMENT,,R1:O,"PNS STROBE 3 (UI 11)$NBAG LOAD ROBOT (R1)",,"R1:O.DATA[0].11"
COMMENT,,R1:O,"PNS STROBE 4 (UI 12)$NBAG LOAD ROBOT (R1)",,"R1:O.DATA[0].12"
COMMENT,,R1:O,"PNS STROBE 5 (UI 13)$NBAG LOAD ROBOT (R1)",,"R1:O.DATA[0].13"
COMMENT,,R1:O,"PNS STROBE 6 (UI 14)$NBAG LOAD ROBOT (R1)",,"R1:O.DATA[0].14"
COMMENT,,R1:O,"PNS STROBE 7 (UI 15)$NBAG LOAD ROBOT (R1)",,"R1:O.DATA[0].15"
COMMENT,,R1:O,"PNS STROBE$N(UI 17)$NBAG LOAD ROBOT (R1)",,"R1:O.DATA[0].17"
COMMENT,,R1:O,"PROD START$N(UI 18)$NBAG LOAD ROBOT (R1)",,"R1:O.DATA[0].18"
COMMENT,,R1:O,"(DI 19)$NBAG LOAD ROBOT (R1)",,"R1:O.DATA[0].19"
COMMENT,,R1:O,"BAG PICK REQUEST FROM INFEED $NCONVEYOR$N(DI 20)$NBAG LOAD ROBOT (R1)",,"R1:O.DATA[0].20"
COMMENT,,R1:O,"BAG GRIPPER IN $NBAG PICKED$NPOSITION$N(DI 21)$NBAG LOAD ROBOT (R1)",,"R1:O.DATA[0].21"
COMMENT,,R1:O,"BAG GRIPPER IN $NBAG RELEASED$NPOSITION$N(DI 22)$NBAG LOAD ROBOT (R1)",,"R1:O.DATA[0].22"
COMMENT,,R1:O,"BAG LOAD REQUEST FROM BAG LOAD STATION$N(DI 23)$NBAG LOAD ROBOT (R1)",,"R1:O.DATA[0].23"
COMMENT,,R1:O,"ROBOT SHUTDOWN$NREQUEST$N(DI 24)$NBAG LOAD ROBOT (R1)",,"R1:O.DATA[0].24"
COMMENT,,R1:O,"INSERT ONLY MODE$N(DI 25)$NBAG LOAD ROBOT (R1)",,"R1:O.DATA[0].25"
COMMENT,,R1:O,"BAG VISION REQUEST FROM INFEED $NCONVEYOR$N(DI 26)$NBAG LOAD ROBOT (R1)",,"R1:O.DATA[0].26"
COMMENT,,R1:O,"INPUT WORD 2$NBAG LOAD ROBOT (R1)",,"R1:O.DATA[1]"
COMMENT,,R1:O,"ROBOT SEQUENCE ERROR$N(DI 35)$NBAG LOAD ROBOT (R1)",,"R1:O.DATA[1].3"
COMMENT,,R1:O,"BAG CLAMP RETRACTED$NFROM PLC TO ROBOT$N(DI 36)$NBAG LOAD ROBOT (R1)",,"R1:O.DATA[1].4"
COMMENT,,R1:O,"BAG PICK FROM CONVEYOR R OFFSET  BIT 1$N(DI 37)$N BAG LOAD ROBOT (R1)",,"R1:O.DATA[1].5"
COMMENT,,R1:O,"BAG PICK FROM CONVEYOR R OFFSET  BIT 2$N(DI 38)$N BAG LOAD ROBOT (R1)",,"R1:O.DATA[1].6"
COMMENT,,R1:O,"BAG PICK FROM CONVEYOR R OFFSET  BIT 3$N(DI 39)$N BAG LOAD ROBOT (R1)",,"R1:O.DATA[1].7"
COMMENT,,R1:O,"BAG PICK FROM CONVEYOR R OFFSET  BIT 4$N(DI 40)$N BAG LOAD ROBOT (R1)",,"R1:O.DATA[1].8"
COMMENT,,R1:O,"BAG PICK FROM CONVEYOR R OFFSET  BIT 5$N(DI 41)$N BAG LOAD ROBOT (R1)",,"R1:O.DATA[1].9"
COMMENT,,R1:O,"BAG PICK FROM CONVEYOR R OFFSET  BIT 6$N(DI 42)$N BAG LOAD ROBOT (R1)",,"R1:O.DATA[1].10"
COMMENT,,R1:O,"BAG PICK FROM CONVEYOR R NEG BIT$N(DI 43)$N BAG LOAD ROBOT (R1)",,"R1:O.DATA[1].11"
COMMENT,,R1:O,"SNF TYPE VISION PROGRAM$NBIT #1$NFROM PLC TO ROBOT$N(DI 46)$NBAG LOAD ROBOT (R1)",,"R1:O.DATA[1].14"
COMMENT,,R1:O,"SNF TYPE VISION PROGRAM$NBIT #2$NFROM PLC TO ROBOT$N(DI 47)$NBAG LOAD ROBOT (R1)",,"R1:O.DATA[1].15"
COMMENT,,R1:O,"SNF TYPE VISION PROGRAM$NBIT #3$NFROM PLC TO ROBOT$N(DI 48)$NBAG LOAD ROBOT (R1)",,"R1:O.DATA[1].16"
COMMENT,,R1:O,"SNF TYPE VISION PROGRAM$NBIT #4$NFROM PLC TO ROBOT$N(DI 49)$NBAG LOAD ROBOT (R1)",,"R1:O.DATA[1].17"
COMMENT,,R1:O,"SNF TYPE VISION PROGRAM$NBIT #5$NFROM PLC TO ROBOT$N(DI 50)$NBAG LOAD ROBOT (R1)",,"R1:O.DATA[1].18"
COMMENT,,R1:O,"SNF TYPE VISION PROGRAM$NBIT #6$NFROM PLC TO ROBOT$N(DI 51)$NBAG LOAD ROBOT (R1)",,"R1:O.DATA[1].19"
COMMENT,,R1:O,"SNF TYPE VISION PROGRAM$NBIT #7$NFROM PLC TO ROBOT$N(DI 52)$NBAG LOAD ROBOT (R1)",,"R1:O.DATA[1].20"
COMMENT,,R1:O,"BAG LOAD ROBOT (R1)$NINPUTS TO ROBOT$NOUTPUTS FROM PLC INPUT WORD 2$NBAG LOAD ROBOT (R1)",,"R1:O.DATA[1].21"
COMMENT,,R1:O,"RIGID TYPE VISION PROGRAM$NBIT #1$NFROM PLC TO ROBOT$N(DI 54)$NBAG LOAD ROBOT (R1)",,"R1:O.DATA[1].22"
COMMENT,,R1:O,"RIGID TYPE VISION PROGRAM$NBIT #2$NFROM PLC TO ROBOT$N(DI 55)$NBAG LOAD ROBOT (R1)",,"R1:O.DATA[1].23"
COMMENT,,R1:O,"RIGID TYPE VISION PROGRAM$NBIT #3$NFROM PLC TO ROBOT$N(DI 56)$NBAG LOAD ROBOT (R1)",,"R1:O.DATA[1].24"
COMMENT,,R1:O,"RIGID TYPE VISION PROGRAM$NBIT #4$NFROM PLC TO ROBOT$N(DI 57)$NBAG LOAD ROBOT (R1)",,"R1:O.DATA[1].25"
COMMENT,,R1:O,"RIGID TYPE VISION PROGRAM$NBIT #5$NFROM PLC TO ROBOT$N(DI 58)$NBAG LOAD ROBOT (R1)",,"R1:O.DATA[1].26"
COMMENT,,R1:O,"ROBOT LOADING $NBAG TYPE$NBIT #1$NFROM PLC TO ROBOT$N(DI 59)$NBAG LOAD ROBOT (R1)",,"R1:O.DATA[1].27"
COMMENT,,R1:O,"ROBOT LOADING $NBAG TYPE$NBIT #2$NFROM PLC TO ROBOT$N(DI 60)$NBAG LOAD ROBOT (R1)",,"R1:O.DATA[1].28"
COMMENT,,R1:O,"ROBOT LOADING $NBAG TYPE$NBIT #3$NFROM PLC TO ROBOT$N(DI 61)$NBAG LOAD ROBOT (R1)",,"R1:O.DATA[1].29"
COMMENT,,R1:O,"INPUT WORD 3$NBAG LOAD ROBOT (R1)",,"R1:O.DATA[2]"
COMMENT,,R1:O,"BAG PLACEMENT ON MAIN DIAL X OFFSET  BIT 1$N(DI 64)$N BAG LOAD ROBOT (R1)",,"R1:O.DATA[2].0"
COMMENT,,R1:O,"BAG PLACEMENT ON MAIN DIAL X OFFSET  BIT 2$N(DI 65)$N BAG LOAD ROBOT (R1)",,"R1:O.DATA[2].1"
COMMENT,,R1:O,"BAG PLACEMENT ON MAIN DIAL X OFFSET  BIT 3$N(DI 66)$N BAG LOAD ROBOT (R1)",,"R1:O.DATA[2].2"
COMMENT,,R1:O,"BAG PLACEMENT ON MAIN DIAL X OFFSET  BIT 4$N(DI 67)$N BAG LOAD ROBOT (R1)",,"R1:O.DATA[2].3"
COMMENT,,R1:O,"BAG PLACEMENT ON MAIN DIAL X OFFSET  BIT 5$N(DI 68)$N BAG LOAD ROBOT (R1)",,"R1:O.DATA[2].4"
COMMENT,,R1:O,"BAG PLACEMENT ON MAIN DIAL X OFFSET  BIT 6$N(DI 69)$N BAG LOAD ROBOT (R1)",,"R1:O.DATA[2].5"
COMMENT,,R1:O,"BAG PLACEMENT ON MAIN DIAL X OFFSET NEGATIVE BIT$N(DI 70)$NBAG LOAD ROBOT (R1)",,"R1:O.DATA[2].6"
COMMENT,,R1:O,"BAG PLACEMENT ON MAIN DIAL Y OFFSET  BIT 1$N(DI 71)$N BAG LOAD ROBOT (R1)",,"R1:O.DATA[2].7"
COMMENT,,R1:O,"BAG PLACEMENT ON MAIN DIAL Y OFFSET  BIT 2$N(DI 72)$N BAG LOAD ROBOT (R1)",,"R1:O.DATA[2].8"
COMMENT,,R1:O,"BAG PLACEMENT ON MAIN DIAL Y OFFSET  BIT 3$N(DI 73)$N BAG LOAD ROBOT (R1)",,"R1:O.DATA[2].9"
COMMENT,,R1:O,"BAG PLACEMENT ON MAIN DIAL Y OFFSET  BIT 4$N(DI 74)$N BAG LOAD ROBOT (R1)",,"R1:O.DATA[2].10"
COMMENT,,R1:O,"BAG PLACEMENT ON MAIN DIAL Y OFFSET  BIT 5$N(DI 75)$N BAG LOAD ROBOT (R1)",,"R1:O.DATA[2].11"
COMMENT,,R1:O,"BAG PLACEMENT ON MAIN DIAL Y OFFSET  BIT 6$N(DI 76)$N BAG LOAD ROBOT (R1)",,"R1:O.DATA[2].12"
COMMENT,,R1:O,"BAG PLACEMENT ON MAIN DIAL Y OFFSET NEGATIVE BIT$N(DI 77)$N BAG LOAD ROBOT (R1)",,"R1:O.DATA[2].13"
COMMENT,,R1:O,"BAG PICK FROM CONVEYOR X OFFSET  BIT 1$N(DI 78)$N BAG LOAD ROBOT (R1)",,"R1:O.DATA[2].14"
COMMENT,,R1:O,"BAG PICK FROM CONVEYOR X OFFSET  BIT 2$N(DI 79)$N BAG LOAD ROBOT (R1)",,"R1:O.DATA[2].15"
COMMENT,,R1:O,"BAG PICK FROM CONVEYOR X OFFSET  BIT 3$N(DI 80)$N BAG LOAD ROBOT (R1)",,"R1:O.DATA[2].16"
COMMENT,,R1:O,"BAG PICK FROM CONVEYOR X OFFSET  BIT 4$N(DI 81)$N BAG LOAD ROBOT (R1)",,"R1:O.DATA[2].17"
COMMENT,,R1:O,"BAG PICK FROM CONVEYOR X OFFSET  BIT 5$N(DI 82)$N BAG LOAD ROBOT (R1)",,"R1:O.DATA[2].18"
COMMENT,,R1:O,"BAG PICK FROM CONVEYOR X OFFSET  BIT 6$N(DI 83)$N BAG LOAD ROBOT (R1)",,"R1:O.DATA[2].19"
COMMENT,,R1:O,"BAG PICK FROM CONVEYOR X OFFSET  NEGATIVE BIT$N(DI 84)$N BAG LOAD ROBOT (R1)",,"R1:O.DATA[2].20"
COMMENT,,R1:O,"BAG PICK FROM CONVEYOR Y OFFSET  BIT 1$N(DI 85)$N BAG LOAD ROBOT (R1)",,"R1:O.DATA[2].21"
COMMENT,,R1:O,"BAG PICK FROM CONVEYOR Y OFFSET  BIT 2$N(DI 86)$N BAG LOAD ROBOT (R1)",,"R1:O.DATA[2].22"
COMMENT,,R1:O,"BAG PICK FROM CONVEYOR Y OFFSET  BIT 3$N(DI 87)$N BAG LOAD ROBOT (R1)",,"R1:O.DATA[2].23"
COMMENT,,R1:O,"BAG PICK FROM CONVEYOR Y OFFSET  BIT 4$N(DI 88)$N BAG LOAD ROBOT (R1)",,"R1:O.DATA[2].24"
COMMENT,,R1:O,"BAG PICK FROM CONVEYOR Y OFFSET  BIT 5$N(DI 89)$N BAG LOAD ROBOT (R1)",,"R1:O.DATA[2].25"
COMMENT,,R1:O,"BAG PICK FROM CONVEYOR Y OFFSET  BIT 6$N(DI 90)$N BAG LOAD ROBOT (R1)",,"R1:O.DATA[2].26"
COMMENT,,R1:O,"BAG PICK FROM CONVEYOR Y OFFSET  NEGATIVE BIT$N(DI 91)$N BAG LOAD ROBOT (R1)",,"R1:O.DATA[2].27"
COMMENT,,R1:O,"BAG Z OFFSET NEGATIVE BIT$N(DI 95)$N BAG LOAD ROBOT (R1)",,"R1:O.DATA[2].31"
COMMENT,,R1:O,"INPUT WORD 4$NBAG LOAD ROBOT (R1)",,"R1:O.DATA[3]"
COMMENT,,R1:O,"BAG Z OFFSET BIT 1 (DI 96) BAG LOAD ROBOT (R1)",,"R1:O.DATA[3].0"
COMMENT,,R1:O,"BAG Z OFFSET BIT 2 (DI 97) BAG LOAD ROBOT (R1)",,"R1:O.DATA[3].1"
COMMENT,,R1:O,"BAG Z OFFSET BIT 3 (DI 98) BAG LOAD ROBOT (R1)",,"R1:O.DATA[3].2"
COMMENT,,R1:O,"BAG Z OFFSET BIT 4 (DI 99) BAG LOAD ROBOT (R1)",,"R1:O.DATA[3].3"
COMMENT,,R1:O,"BAG Z OFFSET BIT 5 (DI 100) BAG LOAD ROBOT (R1)",,"R1:O.DATA[3].4"
COMMENT,,R1:O,"BAG Z OFFSET BIT 6 (DI 101) BAG LOAD ROBOT (R1)",,"R1:O.DATA[3].5"
TAG,,BAG_FAILED_PICK_REQ,"FAILED BAG PICK REQUEST FROM BAG OFFLOAD STATION TO BAG OFFLOAD ROBOT (R3)","BOOL","","(RADIX := Decimal, Constant := false, ExternalAccess := Read/Write)"
TAG,,BAG_GLUE_PROCESS_FAILED,"PROCESS FAILED DUE TO MACHINE STOP$NBAG GLUE STATION","BOOL","","(RADIX := Decimal, Constant := false, ExternalAccess := Read/Write)"
ALIAS,,BAG_LOAD_BAG_CLAMP_PRESENT1,"BAG CLAMP PRESENT SENSOR 1$NBAG LOAD STATION","","MAN03:I.Data[0].4","(RADIX := Decimal, ExternalAccess := Read/Write)"
ALIAS,,BAG_LOAD_BAG_CLAMP_PRESENT2,"BAG CLAMP PRESENT SENSOR 2$NBAG LOAD STATION","","MAN03:I.Data[0].5","(RADIX := Decimal, ExternalAccess := Read/Write)"
ALIAS,,BAG_LOAD_BAG_PRESENT,"BAG PRESENT SENSOR$NBAG LOAD STATION","","MAN01:I.Data[2].4","(RADIX := Decimal, ExternalAccess := Read/Write)"
ALIAS,,BAG_LOAD_BAG_TOP_PRESENT,"","","MAN03:I.Data[0].14","(RADIX := Decimal, ExternalAccess := Read/Write)"
TAG,,BAG_LOAD_BARRIER_COUNTER,"BARRIER COUNTER$NDURING CELL SINGLE PART MODE$NBAG LOAD STATION","COUNTER","","(Constant := false, ExternalAccess := Read/Write)"
ALIAS,,BAG_LOAD_DATA_BAG_LOADED,"BAG LOADED$NMAIN DIAL PART DATA STREAM$NBAG LOAD STATION","","MAIN_DIAL_DATA[3].BAG_LOADED","(RADIX := Decimal, ExternalAccess := Read/Write)"
ALIAS,,BAG_LOAD_DATA_BAG_REJECT,"BAG REJECTED$NMAIN DIAL PART DATA STREAM$NBAG LOAD STATION","","MAIN_DIAL_DATA[3].BAG_REJECT","(RADIX := Decimal, ExternalAccess := Read/Write)"
ALIAS,,BAG_LOAD_DATA_BAR_LOADED,"BARRIER LOADED$NMAIN DIAL PART DATA STREAM$NBAG LOAD STATION","","MAIN_DIAL_DATA[3].BARRIER_LOADED","(RADIX := Decimal, ExternalAccess := Read/Write)"
ALIAS,,BAG_LOAD_DATA_BAR_REJECT,"BARRIER REJECTED$NMAIN DIAL PART DATA STREAM$NBAG LOAD STATION","","MAIN_DIAL_DATA[3].BARRIER_REJECT","(RADIX := Decimal, ExternalAccess := Read/Write)"
ALIAS,,BAG_LOAD_DATA_CLEAR_PB,"HMI PUSH BUTTON$NCLEAR DATA REQUEST$NBAG LOAD STATION","","MAIN_DIAL_DATA_CLEAR_REQ_ARRAY.3","(RADIX := Decimal, ExternalAccess := Read/Write)"
ALIAS,,BAG_LOAD_DATA_EMPTY_LAST_BAG,"LAST BAG REQUEST FOR CELL EMPTY$NMAIN DIAL PART DATA STREAM$NBAG LOAD STATION","","MAIN_DIAL_DATA[3].CELL_EMPTY_LAST_BAG","(RADIX := Decimal, ExternalAccess := Read/Write)"
ALIAS,,BAG_LOAD_DATA_FORMING_COMPLETE,"FORMING STATION COMPLETE$NMAIN DIAL PART DATA STREAM$NBAG LOAD STATION","","MAIN_DIAL_DATA[3].FORMING_COMPLETE","(RADIX := Decimal, ExternalAccess := Read/Write)"
ALIAS,,BAG_LOAD_DATA_FORMING_PRESS_OK,"FORMING STATION PRESSURE OK$NMAIN DIAL PART DATA STREAM$NBAG LOAD STATION","","MAIN_DIAL_DATA[3].FORMING_PRESSURE_OK","(RADIX := Decimal, ExternalAccess := Read/Write)"
ALIAS,,BAG_LOAD_DATA_FORMING_STARTED,"FORMING STATION STARTED$NMAIN DIAL PART DATA STREAM$NBAG LOAD STATION","","MAIN_DIAL_DATA[3].FORMING_STARTED","(RADIX := Decimal, ExternalAccess := Read/Write)"
ALIAS,,BAG_LOAD_DATA_GLUE_COMPLETE,"BAG GLUE STATION COMPLETED$NMAIN DIAL PART DATA STREAM$NBAG LOAD STATION","","MAIN_DIAL_DATA[3].BAG_GLUE_COMPLETE","(RADIX := Decimal, ExternalAccess := Read/Write)"
ALIAS,,BAG_LOAD_DATA_GLUE_OPEN_REJECT,"BAG GLUE STATION OPEN TIME REJECT$NMAIN DIAL PART DATA STREAM$NBAG LOAD STATION","","MAIN_DIAL_DATA[3].BAG_GLUE_OPEN_TIME_REJECT","(RADIX := Decimal, ExternalAccess := Read/Write)"
ALIAS,,BAG_LOAD_DATA_GLUE_PRESS_OK,"BAG GLUE STATION PRESSURE OK$NMAIN DIAL PART DATA STREAM$NBAG LOAD STATION","","MAIN_DIAL_DATA[3].BAG_GLUE_PRESSURE_OK","(RADIX := Decimal, ExternalAccess := Read/Write)"
ALIAS,,BAG_LOAD_DATA_GLUE_STARTED,"BAG GLUE STATION STARTED$NMAIN DIAL PART DATA STREAM$NBAG LOAD STATION","","MAIN_DIAL_DATA[3].BAG_GLUE_STARTED","(RADIX := Decimal, ExternalAccess := Read/Write)"
ALIAS,,BAG_LOAD_DATA_INKJET_COMPLETE,"INKJET PRINTING COMPLETED$NMAIN DIAL PART DATA STREAM$NBAG LOAD STATION","","MAIN_DIAL_DATA[3].INKJET_COMPLETE","(RADIX := Decimal, ExternalAccess := Read/Write)"
ALIAS,,BAG_LOAD_DATA_INKJET_STARTED,"INKJET PRINTING STARTED$NMAIN DIAL PART DATA STREAM$NBAG LOAD STATION","","MAIN_DIAL_DATA[3].INKJET_STARTED","(RADIX := Decimal, ExternalAccess := Read/Write)"
ALIAS,,BAG_LOAD_DATA_PNC_COMPLETE,"PRESS-N-CURE STATION COMPLETED$NMAIN DIAL PART DATA STREAM$NBAG LOAD STATION","","MAIN_DIAL_DATA[3].BAG_CURE_COMPLETE","(RADIX := Decimal, ExternalAccess := Read/Write)"
ALIAS,,BAG_LOAD_DATA_PNC_PRESS_OK,"PRESS-N-CURE STATION PRESSURE OK$NMAIN DIAL PART DATA STREAM$NBAG LOAD STATION","","MAIN_DIAL_DATA[3].BAG_CURE_PRESSURE_OK","(RADIX := Decimal, ExternalAccess := Read/Write)"
ALIAS,,BAG_LOAD_DATA_PNC_STARTED,"PRESS-N-CURE STATION STARTED$NMAIN DIAL PART DATA STREAM$NBAG LOAD STATION","","MAIN_DIAL_DATA[3].BAG_CURE_STARTED","(RADIX := Decimal, ExternalAccess := Read/Write)"
ALIAS,,BAG_LOAD_DATA_POS_BAG_REJECT,"POSITION BAG WAS REJECTED$NMAIN DIAL PART DATA STREAM$NBAG LOAD STATION","","MAIN_DIAL_DATA[3].STATION_POS_REJECT_BAG","(RADIX := Decimal, ExternalAccess := Read/Write)"
ALIAS,,BAG_LOAD_DATA_POS_BAR_REJECT,"POSITION BARRIER WAS REJECTED$NMAIN DIAL PART DATA STREAM$NBAG LOAD STATION","","MAIN_DIAL_DATA[3].STATION_POS_REJECT_BARRIER","(RADIX := Decimal, ExternalAccess := Read/Write)"
ALIAS,,BAG_LOAD_DATA_PREHEAT1_COMPLETE,"PREHEAT STATION 1 COMPLETE$NMAIN DIAL PART DATA STREAM$NBAG LOAD STATION","","MAIN_DIAL_DATA[3].PREHEAT1_COMPLETE","(RADIX := Decimal, ExternalAccess := Read/Write)"
ALIAS,,BAG_LOAD_DATA_PREHEAT1_LOW_TEMP_OK,"PREHEAT STATION 1 LOWER TEMP OK$NMAIN DIAL PART DATA STREAM$NBAG LOAD STATION","","MAIN_DIAL_DATA[3].PREHEAT1_LOW_TEMP_OK","(RADIX := Decimal, ExternalAccess := Read/Write)"
ALIAS,,BAG_LOAD_DATA_PREHEAT1_STARTED,"PREHEAT STATION 1 STARTED$NMAIN DIAL PART DATA STREAM$NBAG LOAD$NSTATION","","MAIN_DIAL_DATA[3].PREHEAT1_STARTED","(RADIX := Decimal, ExternalAccess := Read/Write)"
ALIAS,,BAG_LOAD_DATA_PREHEAT1_UP_TEMP_OK,"PREHEAT STATION 1 UPPER TEMP OK$NMAIN DIAL PART DATA STREAM$NBAG LOAD STATION","","MAIN_DIAL_DATA[3].PREHEAT1_UP_TEMP_OK","(RADIX := Decimal, ExternalAccess := Read/Write)"
ALIAS,,BAG_LOAD_DATA_PREHEAT2_COMPLETE,"PREHEAT STATION 2 COMPLETE$NMAIN DIAL PART DATA STREAM$NBAG LOAD STATION","","MAIN_DIAL_DATA[3].PREHEAT2_COMPLETE","(RADIX := Decimal, ExternalAccess := Read/Write)"
ALIAS,,BAG_LOAD_DATA_PREHEAT2_LOW_TEMP_OK,"PREHEAT STATION 2 LOWER TEMP OK$NMAIN DIAL PART DATA STREAM$NBAG LOAD STATION","","MAIN_DIAL_DATA[3].PREHEAT2_LOW_TEMP_OK","(RADIX := Decimal, ExternalAccess := Read/Write)"
ALIAS,,BAG_LOAD_DATA_PREHEAT2_STARTED,"PREHEAT STATION 2 STARTED$NMAIN DIAL PART DATA STREAM$NBAG LOAD$NSTATION","","MAIN_DIAL_DATA[3].PREHEAT2_STARTED","(RADIX := Decimal, ExternalAccess := Read/Write)"
ALIAS,,BAG_LOAD_DATA_PREHEAT2_UP_TEMP_OK,"PREHEAT STATION 2 UPPER TEMP OK$NMAIN DIAL PART DATA STREAM$NBAG LOAD STATION","","MAIN_DIAL_DATA[3].PREHEAT2_UP_TEMP_OK","(RADIX := Decimal, ExternalAccess := Read/Write)"
ALIAS,,BAG_LOAD_DATA_PRINT_COMPLETE,"PRINTING STATION COMPLETED$NMAIN DIAL PART DATA STREAM$NBAG LOAD STATION","","MAIN_DIAL_DATA[3].PRINT_COMPLETE","(RADIX := Decimal, ExternalAccess := Read/Write)"
ALIAS,,BAG_LOAD_DATA_PRINT_STARTED,"PRINTING STATION STARTED$NMAIN DIAL PART DATA STREAM$NBAG LOAD STATION","","MAIN_DIAL_DATA[3].PRINT_STARTED","(RADIX := Decimal, ExternalAccess := Read/Write)"
ALIAS,,BAG_LOAD_DATA_PUNCH_COMPLETE,"PUNCH STATION COMPLETED$NMAIN DIAL PART DATA STREAM$NBAG LOAD STATION","","MAIN_DIAL_DATA[3].PUNCH_COMPLETE","(RADIX := Decimal, ExternalAccess := Read/Write)"
ALIAS,,BAG_LOAD_DATA_PUNCH_STARTED,"PUNCH STATION STARTED$NMAIN DIAL PART DATA STREAM$NBAG LOAD STATION","","MAIN_DIAL_DATA[3].PUNCH_STARTED","(RADIX := Decimal, ExternalAccess := Read/Write)"
ALIAS,,BAG_LOAD_DATA_VISION_COMPLETE,"VISION INSPECTION STATION COMPLETED$NMAIN DIAL PART DATA STREAM$NBAG LOAD STATION","","MAIN_DIAL_DATA[3].VISION_COMPLETE","(RADIX := Decimal, ExternalAccess := Read/Write)"
ALIAS,,BAG_LOAD_DATA_VISION_PASS,"VISION INSPECTION STATION PASSED$NMAIN DIAL PART DATA STREAM$NBAG LOAD STATION","","MAIN_DIAL_DATA[3].VISION_PASS","(RADIX := Decimal, ExternalAccess := Read/Write)"
TAG,,BAG_LOAD_INDEX_DIAL_REQ,"INDEX REQUEST$NFROM BAG LOAD STATION$N TO MAIN DIAL","BOOL","","(RADIX := Decimal, Constant := false, ExternalAccess := Read/Write)"
TAG,,BAG_LOAD_PROCESS_DONE,"CYCLE DONE$NFROM BAG LOAD STATION TO MAIN DIAL","BOOL","","(RADIX := Decimal, Constant := false, ExternalAccess := Read/Write)"
ALIAS,,BAG_LOAD_REL_CYL_EXT,"BAG RELEASE CYLINDER EXTENDED SENSOR$NBAG LOAD STATION","","MAN01:I.Data[3].0","(RADIX := Decimal, ExternalAccess := Read/Write)"
TAG,,BAG_LOAD_REL_CYL_EXT_PB,"HMI PUSH BUTTON$NBAG RELEASE$NCYLINDER EXTEND$NBAG LOAD STATION","BOOL","","(RADIX := Decimal, Constant := false, ExternalAccess := Read/Write)"
ALIAS,,BAG_LOAD_REL_CYL_RET,"BAG RELEASE CYLINDER RETRACTED SENSOR$NBAG LOAD STATION","","MAN01:I.Data[3].1","(RADIX := Decimal, ExternalAccess := Read/Write)"
TAG,,BAG_LOAD_REQ,"BAG LOAD REQUEST FROM BAG LOAD STATION TO BAG LOAD ROBOT (R1)","BOOL","","(RADIX := Decimal, Constant := false, ExternalAccess := Read/Write)"
TAG,,BAG_LOAD_SCREEN_PB,"HMI PUSH BUTTON$NGOTO BAG $NLOAD STATION $NSCREEN","BOOL","","(RADIX := Decimal, Constant := false, ExternalAccess := Read/Write)"
TAG,,BAG_OFFLOAD_BAG_REJECT_CNT,"FAILURE COUNT FOR BAG REJECTED$NBAG OFFLOAD STATION","COUNTER","","(Constant := false, ExternalAccess := Read/Write)"
TAG,,BAG_OFFLOAD_BARRIER_COR_REJECT_CNT,"FAILURE COUNT FOR BARRIER REJECTED$NDUE TO CORONA HEAD INCOMPLETE CYCLE$NBAG OFFLOAD STATION","COUNTER","","(Constant := false, ExternalAccess := Read/Write)"
TAG,,BAG_OFFLOAD_BARRIER_REJECT_CNT,"FAILURE COUNT FOR BARRIER REJECTED$NDUE TO PROCESS$NBAG OFFLOAD STATION","COUNTER","","(Constant := false, ExternalAccess := Read/Write)"
TAG,,BAG_OFFLOAD_BARRIER_VIS_REJECT_ALLOWED,"FAILURE COUNT ALLOWED FOR BARRIER REJECTED$NDUE TO VISION$NBAG OFFLOAD STATION","INT","","(RADIX := Decimal, Constant := false, ExternalAccess := Read/Write)"
TAG,,BAG_OFFLOAD_BARRIER_VIS_REJECT_CNT,"FAILURE COUNT FOR BARRIER REJECTED$NDUE TO VISION$NLIGHT TABLE$NBARRIER LOAD ROBOT (R2)","COUNTER","","(Constant := false, ExternalAccess := Read/Write)"
TAG,,BAG_OFFLOAD_BARRIER_VIS_REJECT_MULTI_CNT,"MULTI FAILURE COUNT FOR BARRIER REJECTED$NDUE TO VISION$NLIGHT TABLE$NBARRIER LOAD ROBOT (R2)","COUNTER","","(Constant := false, ExternalAccess := Read/Write)"
TAG,,BAG_OFFLOAD_CTR_BAG_REJECT,"HMI ANIMATION$NBAG REJECTED$NBAG OFFLOAD STATION$N0=GREEN$N1=YELLOW$N2=RED","INT","","(RADIX := Decimal, Constant := false, ExternalAccess := Read/Write)"
TAG,,BAG_OFFLOAD_CTR_BARRIER_REJECT,"HMI ANIMATION$NBARRIER REJECTED$NDUE TO PROCESS$NBAG OFFLOAD STATION$N0=GREEN$N1=YELLOW$N2=RED","INT","","(RADIX := Decimal, Constant := false, ExternalAccess := Read/Write)"
TAG,,BAG_OFFLOAD_CTR_BARRIER_VIS_REJECT,"HMI ANIMATION$NBARRIER REJECTED$NDUE TO VISION$NLIGHT TABLE$NBARRIER LOAD ROBOT (R2)$N STATION$N0=GREEN$N1=YELLOW$N2=RED","INT","","(RADIX := Decimal, Constant := false, ExternalAccess := Read/Write)"
ALIAS,,BAG_OFFLOAD_DATA_BAG_LOADED,"BAG LOADED$NMAIN DIAL PART DATA STREAM$NBAG OFFLOAD STATION","","MAIN_DIAL_DATA[12].BAG_LOADED","(RADIX := Decimal, ExternalAccess := Read/Write)"
ALIAS,,BAG_OFFLOAD_DATA_BAG_REJECT,"BAG REJECTED$NMAIN DIAL PART DATA STREAM$NBAG OFFLOAD STATION","","MAIN_DIAL_DATA[12].BAG_REJECT","(RADIX := Decimal, ExternalAccess := Read/Write)"
ALIAS,,BAG_OFFLOAD_DATA_BAR_LOADED,"BARRIER LOADED$NMAIN DIAL PART DATA STREAM$NBAG OFFLOAD STATION","","MAIN_DIAL_DATA[12].BARRIER_LOADED","(RADIX := Decimal, ExternalAccess := Read/Write)"
ALIAS,,BAG_OFFLOAD_DATA_BAR_REJECT,"BARRIER REJECTED$NMAIN DIAL PART DATA STREAM$NBAG OFFLOAD STATION","","MAIN_DIAL_DATA[12].BARRIER_REJECT","(RADIX := Decimal, ExternalAccess := Read/Write)"
ALIAS,,BAG_OFFLOAD_DATA_CLEAR_PB,"HMI PUSH BUTTON$NCLEAR DATA REQUEST$NBAG OFFLOAD STATION","","MAIN_DIAL_DATA_CLEAR_REQ_ARRAY.12","(RADIX := Decimal, ExternalAccess := Read/Write)"
ALIAS,,BAG_OFFLOAD_DATA_EMPTY_LAST_BAG,"LAST BAG REQUEST FOR CELL EMPTY$NMAIN DIAL PART DATA STREAM$NBAG OFFLOAD STATION","","MAIN_DIAL_DATA[12].CELL_EMPTY_LAST_BAG","(RADIX := Decimal, ExternalAccess := Read/Write)"
ALIAS,,BAG_OFFLOAD_DATA_FORMING_COMPLETE,"FORMING STATION COMPLETE$NMAIN DIAL PART DATA STREAM$NBAG OFFLOAD STATION","","MAIN_DIAL_DATA[12].FORMING_COMPLETE","(RADIX := Decimal, ExternalAccess := Read/Write)"
ALIAS,,BAG_OFFLOAD_DATA_FORMING_PRESS_OK,"FORMING STATION PRESSURE OK$NMAIN DIAL PART DATA STREAM$NBAG OFFLOAD STATION","","MAIN_DIAL_DATA[12].FORMING_PRESSURE_OK","(RADIX := Decimal, ExternalAccess := Read/Write)"
ALIAS,,BAG_OFFLOAD_DATA_FORMING_STARTED,"FORMING STATION STARTED$NMAIN DIAL PART DATA STREAM$NBAG OFFLOAD STATION","","MAIN_DIAL_DATA[12].FORMING_STARTED","(RADIX := Decimal, ExternalAccess := Read/Write)"
ALIAS,,BAG_OFFLOAD_DATA_GLUE_COMPLETE,"BAG GLUE STATION COMPLETED$NMAIN DIAL PART DATA STREAM$NBAG OFFLOAD STATION","","MAIN_DIAL_DATA[12].BAG_GLUE_COMPLETE","(RADIX := Decimal, ExternalAccess := Read/Write)"
ALIAS,,BAG_OFFLOAD_DATA_GLUE_OPEN_REJECT,"BAG GLUE STATION OPEN TIME REJECT$NMAIN DIAL PART DATA STREAM$NBAG OFFLOAD STATION","","MAIN_DIAL_DATA[12].BAG_GLUE_OPEN_TIME_REJECT","(RADIX := Decimal, ExternalAccess := Read/Write)"
ALIAS,,BAG_OFFLOAD_DATA_GLUE_PRESS_OK,"BAG GLUE STATION PRESSURE OK$NMAIN DIAL PART DATA STREAM$NBAG OFFLOAD STATION","","MAIN_DIAL_DATA[12].BAG_GLUE_PRESSURE_OK","(RADIX := Decimal, ExternalAccess := Read/Write)"
ALIAS,,BAG_OFFLOAD_DATA_GLUE_STARTED,"BAG GLUE STATION STARTED$NMAIN DIAL PART DATA STREAM$NBAG OFFLOAD STATION","","MAIN_DIAL_DATA[12].BAG_GLUE_STARTED","(RADIX := Decimal, ExternalAccess := Read/Write)"
ALIAS,,BAG_OFFLOAD_DATA_INKJET_COMPLETE,"INKJET STATION COMPLETED$NMAIN DIAL PART DATA STREAM$NBAG OFFLOAD STATION","","MAIN_DIAL_DATA[12].INKJET_COMPLETE","(RADIX := Decimal, ExternalAccess := Read/Write)"
ALIAS,,BAG_OFFLOAD_DATA_INKJET_STARTED,"INKJET STATION STARTED$NMAIN DIAL PART DATA STREAM$NBAG OFFLOAD STATION","","MAIN_DIAL_DATA[12].INKJET_STARTED","(RADIX := Decimal, ExternalAccess := Read/Write)"
ALIAS,,BAG_OFFLOAD_DATA_PNC_COMPLETE,"PRESS-N-CURE STATION COMPLETED$NMAIN DIAL PART DATA STREAM$NBAG OFFLOAD STATION","","MAIN_DIAL_DATA[12].BAG_CURE_COMPLETE","(RADIX := Decimal, ExternalAccess := Read/Write)"
ALIAS,,BAG_OFFLOAD_DATA_PNC_PRESS_OK,"PRESS-N-CURE STATION PRESSURE OK$NMAIN DIAL PART DATA STREAM$NBAG OFFLOAD STATION","","MAIN_DIAL_DATA[12].BAG_CURE_PRESSURE_OK","(RADIX := Decimal, ExternalAccess := Read/Write)"
ALIAS,,BAG_OFFLOAD_DATA_PNC_STARTED,"PRESS-N-CURE STATION STARTED$NMAIN DIAL PART DATA STREAM$NBAG OFFLOAD STATION","","MAIN_DIAL_DATA[12].BAG_CURE_STARTED","(RADIX := Decimal, ExternalAccess := Read/Write)"
ALIAS,,BAG_OFFLOAD_DATA_POS_BAG_REJECT,"POSITION BAG WAS REJECTED$NMAIN DIAL PART DATA STREAM$NBAG OFFLOAD STATION","","MAIN_DIAL_DATA[12].STATION_POS_REJECT_BAG","(RADIX := Decimal, ExternalAccess := Read/Write)"
ALIAS,,BAG_OFFLOAD_DATA_POS_BAR_REJECT,"POSITION BARRIER WAS REJECTED$NMAIN DIAL PART DATA STREAM$NBAG OFFLOAD STATION","","MAIN_DIAL_DATA[12].STATION_POS_REJECT_BARRIER","(RADIX := Decimal, ExternalAccess := Read/Write)"
ALIAS,,BAG_OFFLOAD_DATA_PREHEAT1_COMPLETE,"PREHEAT STATION 1 COMPLETE$NMAIN DIAL PART DATA STREAM$NBAG OFFLOAD STATION","","MAIN_DIAL_DATA[12].PREHEAT1_COMPLETE","(RADIX := Decimal, ExternalAccess := Read/Write)"
ALIAS,,BAG_OFFLOAD_DATA_PREHEAT1_LOW_TEMP_OK,"PREHEAT STATION 1 LOWER TEMP OK$NMAIN DIAL PART DATA STREAM$NBAG OFFLOAD STATION","","MAIN_DIAL_DATA[12].PREHEAT1_LOW_TEMP_OK","(RADIX := Decimal, ExternalAccess := Read/Write)"
ALIAS,,BAG_OFFLOAD_DATA_PREHEAT1_STARTED,"PREHEAT STATION 1 STARTED$NMAIN DIAL PART DATA STREAM$NBAG OFFLOAD$NSTATION","","MAIN_DIAL_DATA[12].PREHEAT1_STARTED","(RADIX := Decimal, ExternalAccess := Read/Write)"
ALIAS,,BAG_OFFLOAD_DATA_PREHEAT1_UP_TEMP_OK,"PREHEAT STATION 1 UPPER TEMP OK$NMAIN DIAL PART DATA STREAM$NBAG OFFLOAD STATION","","MAIN_DIAL_DATA[12].PREHEAT1_UP_TEMP_OK","(RADIX := Decimal, ExternalAccess := Read/Write)"
ALIAS,,BAG_OFFLOAD_DATA_PREHEAT2_COMPLETE,"PREHEAT STATION 2 COMPLETE$NMAIN DIAL PART DATA STREAM$NBAG OFFLOAD STATION","","MAIN_DIAL_DATA[12].PREHEAT2_COMPLETE","(RADIX := Decimal, ExternalAccess := Read/Write)"
ALIAS,,BAG_OFFLOAD_DATA_PREHEAT2_LOW_TEMP_OK,"PREHEAT STATION 2 LOWER TEMP OK$NMAIN DIAL PART DATA STREAM$NBAG OFFLOAD STATION","","MAIN_DIAL_DATA[12].PREHEAT2_LOW_TEMP_OK","(RADIX := Decimal, ExternalAccess := Read/Write)"
ALIAS,,BAG_OFFLOAD_DATA_PREHEAT2_STARTED,"PREHEAT STATION 2 STARTED$NMAIN DIAL PART DATA STREAM$NBAG OFFLOAD$NSTATION","","MAIN_DIAL_DATA[12].PREHEAT2_STARTED","(RADIX := Decimal, ExternalAccess := Read/Write)"
ALIAS,,BAG_OFFLOAD_DATA_PREHEAT2_UP_TEMP_OK,"PREHEAT STATION 2 UPPER TEMP OK$NMAIN DIAL PART DATA STREAM$NBAG OFFLOAD STATION","","MAIN_DIAL_DATA[12].PREHEAT2_UP_TEMP_OK","(RADIX := Decimal, ExternalAccess := Read/Write)"
ALIAS,,BAG_OFFLOAD_DATA_PRINT_COMPLETE,"PRINTING STATION COMPLETED$NMAIN DIAL PART DATA STREAM$NBAG OFFLOAD STATION","","MAIN_DIAL_DATA[12].PRINT_COMPLETE","(RADIX := Decimal, ExternalAccess := Read/Write)"
ALIAS,,BAG_OFFLOAD_DATA_PRINT_STARTED,"PRINTING STATION STARTED$NMAIN DIAL PART DATA STREAM$NBAG OFFLOAD STATION","","MAIN_DIAL_DATA[12].PRINT_STARTED","(RADIX := Decimal, ExternalAccess := Read/Write)"
ALIAS,,BAG_OFFLOAD_DATA_PUNCH_COMPLETE,"PUNCH STATION COMPLETED$NMAIN DIAL PART DATA STREAM$NBAG OFFLOAD STATION","","MAIN_DIAL_DATA[12].PUNCH_COMPLETE","(RADIX := Decimal, ExternalAccess := Read/Write)"
ALIAS,,BAG_OFFLOAD_DATA_PUNCH_STARTED,"PUNCH STATION STARTED$NMAIN DIAL PART DATA STREAM$NBAG OFFLOAD STATION","","MAIN_DIAL_DATA[12].PUNCH_STARTED","(RADIX := Decimal, ExternalAccess := Read/Write)"
ALIAS,,BAG_OFFLOAD_DATA_VISION_COMPLETE,"VISION INSPECTION STATION COMPLETED$NMAIN DIAL PART DATA STREAM$NBAG OFFLOAD STATION","","MAIN_DIAL_DATA[12].VISION_COMPLETE","(RADIX := Decimal, ExternalAccess := Read/Write)"
ALIAS,,BAG_OFFLOAD_DATA_VISION_PASS,"VISION INSPECTION STATION PASSED$NMAIN DIAL PART DATA STREAM$NBAG OFFLOAD STATION","","MAIN_DIAL_DATA[12].VISION_PASS","(RADIX := Decimal, ExternalAccess := Read/Write)"
TAG,,BAG_OFFLOAD_INDEX_DIAL_REQ,"INDEX REQUEST$NFROM BAG $NOFFLOAD STATION$N TO MAIN DIAL","BOOL","","(RADIX := Decimal, Constant := false, ExternalAccess := Read/Write)"
TAG,,BAG_OFFLOAD_PART_PICKED,"PART PICKED$NFROM BAG OFFLOAD STATION","BOOL","","(RADIX := Decimal, Constant := false, ExternalAccess := Read/Write)"
TAG,,BAG_OFFLOAD_PREV_BAG_REJECT_CNT,"PREVIOUS FAILURE COUNT FOR BAG REJECTED$NBAG OFFLOAD STATION","INT","","(RADIX := Decimal, Constant := false, ExternalAccess := Read/Write)"
TAG,,BAG_OFFLOAD_PREV_BARRIER_REJECT_CNT,"PREVIOUS FAILURE COUNT FOR BARRIER REJECTED DUE TO PROCESS$NBAG OFFLOAD STATION","INT","","(RADIX := Decimal, Constant := false, ExternalAccess := Read/Write)"
TAG,,BAG_OFFLOAD_PREV_BARRIER_VIS_REJECT_CNT,"PREVIOUS FAILURE COUNT FOR BARRIER REJECTED DUE TO VISION$NBAG OFFLOAD STATION","INT","","(RADIX := Decimal, Constant := false, ExternalAccess := Read/Write)"
TAG,,BAG_OFFLOAD_PROCESS_DONE,"CYCLE DONE$NFROM BAG OFFLOAD STATION TO MAIN DIAL","BOOL","","(RADIX := Decimal, Constant := false, ExternalAccess := Read/Write)"
ALIAS,,BAG_OFFLOAD_REL_CYL_EXT,"BAG RELEASE CYLINDER EXTENDED SENSOR$NBAG OFFLOAD STATION","","MAN02:I.Data[4].4","(RADIX := Decimal, ExternalAccess := Read/Write)"
TAG,,BAG_OFFLOAD_REL_CYL_EXT_PB,"HMI PUSH BUTTON$NEXTEND BAG RELEASE CYLINDER$NBAG OFFLOAD STATION","BOOL","","(RADIX := Decimal, Constant := false, ExternalAccess := Read/Write)"
ALIAS,,BAG_OFFLOAD_REL_CYL_RET,"BAG RELEASE CYLINDER RETRACTED SENSOR$NBAG OFFLOAD STATION","","MAN02:I.Data[4].5","(RADIX := Decimal, ExternalAccess := Read/Write)"
TAG,,BAG_OFFLOAD_SCREEN_PB,"HMI PUSH BUTTON$NGOTO BAG OFFLOAD STATION SCREEN","BOOL","","(RADIX := Decimal, Constant := false, ExternalAccess := Read/Write)"
TAG,,BAG_PASSED_PICK_REQ,"PASSED BAG PICK REQUEST FROM BAG OFFLOAD STATION TO BAG OFFLOAD ROBOT (R3)","BOOL","","(RADIX := Decimal, Constant := false, ExternalAccess := Read/Write)"
TAG,,BAG_SETUP_ONLY,"DISABLE BAG OFFLOAD CLAMPS FOR SETTING UP BAG VISION$NBAG OFFLOAD STATION","BOOL","","(RADIX := Decimal, Constant := false, ExternalAccess := Read/Write)"
ALIAS,,BAG_TAIL_PRESENT,"","","MAN03:I.Data[0].15","(RADIX := Decimal, ExternalAccess := Read/Write)"
TAG,,BAG_TOP_ACTIVE_RECIPE,"ACTIVE FROM RECIPE BAG LOAD$NSTATION","BOOL","","(RADIX := Decimal, Constant := false, ExternalAccess := Read/Write)"
TAG,,BAG_VIS_FAILED_PICK_REQ,"COGNEX VISION$NFAILED BAG PICK REQUEST FROM BAG OFFLOAD STATION TO BAG OFFLOAD ROBOT (R3)","BOOL","","(RADIX := Decimal, Constant := false, ExternalAccess := Read/Write)"
TAG,,BARRIER_ELEV_ABORT_INDEX_PB,"HMI PUSH BUTTON$NSTOP DRIVE$NBARRIER INFEED ELEVATOR","BOOL","","(RADIX := Decimal, Constant := false, ExternalAccess := Read/Write)"
TAG,,BARRIER_ELEV_BAR_DETECT,"BARRIER DETECTED$NPOSITION CHECK SENSOR$NBARRIER INFEED ELEVATOR","BOOL","","(RADIX := Decimal, Constant := false, ExternalAccess := Read/Write)"
TAG,,BARRIER_ELEV_BAR_READY_PICK,"BARRIER READY TO BE PICKED$NBARRIER INFEED ELEVATOR","BOOL","","(RADIX := Decimal, Constant := false, ExternalAccess := Read/Write)"
TAG,,BARRIER_ELEV_BRAKE_CONT,"BRAKE CONTROL$NINTEGER$NBARRIER INFEED$NELEVATOR$N$N0=DRIVE CONTROL$N1=MANUAL RELEASE","INT","","(RADIX := Decimal, Constant := false, ExternalAccess := Read/Write)"
TAG,,BARRIER_ELEV_BRAKE_PB,"HMI PUSH BUTTON$NENGAGE BRAKE$NBARRIER INFEED ELEVATOR","BOOL","","(RADIX := Decimal, Constant := false, ExternalAccess := Read/Write)"
TAG,,BARRIER_ELEV_BRAKE_PB_VIS,"HMI VISIBILITY$NDRIVE BRAKE PUSH BUTTON$NBARRIER INFEED ELEVATOR","BOOL","","(RADIX := Decimal, Constant := false, ExternalAccess := Read/Write)"
TAG,,BARRIER_ELEV_CLEAR_TO_INDEX,"EVERYTHING IS CLEAR OF BARRIER INFEED ELEVATOR","BOOL","","(RADIX := Decimal, Constant := false, ExternalAccess := Read/Write)"
TAG,,BARRIER_ELEV_CUR_POS_HMI,"HMI$NCURRENT POSITION$NBARRIER INFEED ELEVATOR$N(X*100 = METRIC$NX*3.93700787402 = STANDARD)","DINT","","(RADIX := Decimal, Constant := false, ExternalAccess := Read/Write)"
TAG,,BARRIER_ELEV_DRV_ENABLE_PB,"HMI PUSH BUTTON$NENABLE DRIVE$NBARRIER INFEED ELEVATOR","BOOL","","(RADIX := Decimal, Constant := false, ExternalAccess := Read/Write)"
TAG,,BARRIER_ELEV_DRV_ENABLE_PB_VIS,"HMI VISIBILITY$NDRIVE ENABLE PUSH BUTTON$NBARRIER INFEED ELEVATOR","BOOL","","(RADIX := Decimal, Constant := false, ExternalAccess := Read/Write)"
ALIAS,,BARRIER_ELEV_DRV_FAULT,"DRIVE FAULTED$NBARRIER INFEED ELEVATOR","","DRV03.PhysicalAxisFault","(RADIX := Decimal, ExternalAccess := Read/Write)"
TAG,,BARRIER_ELEV_DRV_FAULT_PB_VIS,"HMI VISIBILITY$NDRIVE RESET FAULT PUSH BUTTON$NBARRIER INFEED ELEVATOR","BOOL","","(RADIX := Decimal, Constant := false, ExternalAccess := Read/Write)"
TAG,,BARRIER_ELEV_DRV_HOMED,"DRIVE IS HOMED$NBARRIER INFEED ELEVATOR","BOOL","","(RADIX := Decimal, Constant := false, ExternalAccess := Read/Write)"
ALIAS,,BARRIER_ELEV_DRV_HOMED_STATUS,"DRIVE HOMED STATUS$NBARRIER INFEED ELEVATOR","","DRV03.AxisHomedStatus","(RADIX := Decimal, ExternalAccess := Read/Write)"
TAG,,BARRIER_ELEV_DRV_HOME_OFF,"DRIVE HOME $NOFFSET$NBARRIER INFEED ELEVATOR$N$N(DO NOT CHANGE AFTER MACHINE SETUP)","REAL","","(RADIX := Float, Constant := false, ExternalAccess := Read/Write)"
TAG,,BARRIER_ELEV_DRV_HOME_PB,"HMI PUSH BUTTON$NHOME DRIVE$NBARRIER INFEED ELEVATOR","BOOL","","(RADIX := Decimal, Constant := false, ExternalAccess := Read/Write)"
TAG,,BARRIER_ELEV_DRV_HOME_PB_VIS,"HMI VISIBILITY$NDRIVE HOME PUSH BUTTON$NBARRIER INFEED ELEVATOR","BOOL","","(RADIX := Decimal, Constant := false, ExternalAccess := Read/Write)"
TAG,,BARRIER_ELEV_DRV_HOMING_IND,"HMI INDICATOR$NDRIVE IS HOMING$NBARRIER INFEED ELEVATOR","BOOL","","(RADIX := Decimal, Constant := false, ExternalAccess := Read/Write)"
TAG,,BARRIER_ELEV_DRV_INDEX_NUM,"INDEX NUMBER$NBARRIER INFEED $NELEVATOR$N$N5=REG PICK POS$N6=INC RETRACT POS$N7=OUT OF MAG POS$N8=RETURN TO PREV POS","INT","","(RADIX := Decimal, Constant := false, ExternalAccess := Read/Write)"
ALIAS,,BARRIER_ELEV_DRV_MOVING,"DRIVE IS PRESENTLY MOVING STATUS BIT$NBARRIER INFEED ELEVATOR","","DRV03.MoveStatus","(RADIX := Decimal, ExternalAccess := Read/Write)"
TAG,,BARRIER_ELEV_DRV_PB_VIS,"HMI VISIBILITY$NDRIVE PUSH BUTTONS$NBARRIER INFEED ELEVATOR","BOOL","","(RADIX := Decimal, Constant := false, ExternalAccess := Read/Write)"
ALIAS,,BARRIER_ELEV_DRV_READY,"DRIVE READY$NBARRIER INFEED ELEVATOR","","DRV03.DriveEnableStatus","(RADIX := Decimal, ExternalAccess := Read/Write)"
TAG,,BARRIER_ELEV_DRV_RESET_PB,"HMI PUSH BUTTON$NDRIVE RESET SHUTDOWN  & CLEAR FAULTS$NBARRIER ELEVATOR STATION","BOOL","","(RADIX := Decimal, Constant := false, ExternalAccess := Read/Write)"
ALIAS,,BARRIER_ELEV_DRV_SAFE_TRQ_OFF,"DRIVE SAFE$NTORQUE OFF$NINHIBIT BIT$NBARRIER INFEED$NELEVATOR$N$N0=RUN MODE$N1=INACTIVE","","DRV03.SafeTorqueOffInhibit","(RADIX := Decimal, ExternalAccess := Read/Write)"
ALIAS,,BARRIER_ELEV_DRV_SHUTDOWN,"DRIVE SHUTDOWN BARRIER INFEED$NELEVATOR","","DRV03.ShutdownStatus","(RADIX := Decimal, ExternalAccess := Read/Write)"
TAG,,BARRIER_ELEV_HOME_REQUEST,"HOME ELEVATOR REQUEST$NFROM BARRIER INFEED MAGAZINE","BOOL","","(RADIX := Decimal, Constant := false, ExternalAccess := Read/Write)"
ALIAS,,BARRIER_ELEV_HOME_SENSOR,"HOME SENSOR$NBARRIER INFEED ELEVATOR","","DRV03.HomeInputStatus","(RADIX := Decimal, ExternalAccess := Read/Write)"
TAG,,BARRIER_ELEV_INDEXING_IND,"HMI ANIMATION$NDRIVE INDEXING$NBARRIER INFEED ELEVATOR","BOOL","","(RADIX := Decimal, Constant := false, ExternalAccess := Read/Write)"
TAG,,BARRIER_ELEV_INDEX_PB,"HMI PUSH BUTTON$NINDEX$NBARRIER INFEED ELEVATOR","BOOL","","(RADIX := Decimal, Constant := false, ExternalAccess := Read/Write)"
TAG,,BARRIER_ELEV_IN_POSITION,"ELEVATOR IS IN POSITION AND READY FOR PROCESSING$NBARRIER INFEED ELEVATOR","BOOL","","(RADIX := Decimal, Constant := false, ExternalAccess := Read/Write)"
TAG,,BARRIER_ELEV_MOT_DRV_REG_PICK_POS_CONT,"DRIVE REG PICK POSITION $NCONTROL WORD$NBARRIER INFEED ELEVATOR","MOTION_INSTRUCTION","","(Constant := false, ExternalAccess := Read/Write)"
TAG,,BARRIER_ELEV_MOT_DRV_REG_PICK_POS_SPD,"DRIVE REG PICK POSITION $NSPEED$NBARRIER INFEED ELEVATOR","DINT","","(RADIX := Decimal, Constant := false, ExternalAccess := Read/Write)"
TAG,,BARRIER_ELEV_OUT_OF_MAG_POS,"ELEVATOR IS OUT OF MAG AND CLEAR OF THE MAGAZINE$NBARRIER INFEED ELEVATOR","BOOL","","(RADIX := Decimal, Constant := false, ExternalAccess := Read/Write)"
TAG,,BARRIER_ELEV_OUT_OF_MAG_POS_ABS,"OUT OF MAGAZINE ABSOLUTE POSITION (MM)$NBARRIER INFEED ELEVATOR","REAL","","(RADIX := Float, Constant := false, ExternalAccess := Read/Write)"
TAG,,BARRIER_ELEV_OUT_OF_MAG_POS_LOWER,"OUT OF MAGAZINE POSITION LOWER LIMIT (MM)$NBARRIER INFEED ELEVATOR","REAL","","(RADIX := Float, Constant := false, ExternalAccess := Read/Write)"
TAG,,BARRIER_ELEV_OUT_OF_MAG_POS_UPPER,"OUT OF MAGAZINE POSITION UPPER LIMIT (MM)$NBARRIER INFEED ELEVATOR","REAL","","(RADIX := Float, Constant := false, ExternalAccess := Read/Write)"
TAG,,BARRIER_ELEV_PART_NOT_PRESENT,"PARTS NOT PRESENT IN BARRIER TOWER SENSOR$NBARRIER INFEED ELEVATOR","BOOL","","(RADIX := Decimal, Constant := false, ExternalAccess := Read/Write)"
TAG,,BARRIER_ELEV_PART_NOT_PRESENT_TIMING,"PARTS NOT PRESENT IN BARRIER TOWER SENSOR$NDEBOUNCE IS TIMING$NBARRIER INFEED ELEVATOR","BOOL","","(RADIX := Decimal, Constant := false, ExternalAccess := Read/Write)"
TAG,,BARRIER_ELEV_PICK_OFFSET_POS,"DRIVE REG OFFSET$NPICK POSITION $NBARRIER INFEED ELEVATOR","REAL","","(RADIX := Float, Constant := false, ExternalAccess := Read/Write)"
TAG,,BARRIER_ELEV_PICK_OFFSET_RECIPE,"PICK POSITION OFFSET FROM RECIPE$NBARRIER INFEED ELEVATOR","REAL","","(RADIX := Float, Constant := false, ExternalAccess := Read/Write)"
TAG,,BARRIER_ELEV_PICK_OFFSET_SCALED,"PICK POSITION OFFSET SCALED FOR STANDARD/METRIC$NBARRIER INFEED ELEVATOR","REAL","","(RADIX := Float, Constant := false, ExternalAccess := Read/Write)"
TAG,,BARRIER_ELEV_PICK_POS,"THE ELEVATOR IS AT THE BARRIER PICK POSITION$NBARRIER INFEED ELEVATOR","BOOL","","(RADIX := Decimal, Constant := false, ExternalAccess := Read/Write)"
TAG,,BARRIER_ELEV_PICK_POS_ABS,"PICK ABSOLUTE POSITION (MM)$NBARRIER INFEED ELEVATOR","REAL","","(RADIX := Float, Constant := false, ExternalAccess := Read/Write)"
TAG,,BARRIER_ELEV_PICK_POS_LOWER,"PICK POSITION LOWER LIMIT (MM)$NBARRIER INFEED ELEVATOR","REAL","","(RADIX := Float, Constant := false, ExternalAccess := Read/Write)"
TAG,,BARRIER_ELEV_PICK_POS_UPPER,"PICK POSITION UPPER LIMIT (MM)$NBARRIER INFEED ELEVATOR","REAL","","(RADIX := Float, Constant := false, ExternalAccess := Read/Write)"
TAG,,BARRIER_ELEV_POS_PB,"HMI PUSH BUTTON SERIES FOR $NPOSITION CONTROL$NBARRIER INFEED ELEVATOR$N$N1=REG PICK POS$N2=INC RETRACT POS$N4=OUT OF MAG POS","INT","","(RADIX := Decimal, Constant := false, ExternalAccess := Read/Write)"
TAG,,BARRIER_ELEV_RETURN_POS,"THE ELEVATOR IS AT THE RETURN POSITION$NBARRIER INFEED ELEVATOR","BOOL","","(RADIX := Decimal, Constant := false, ExternalAccess := Read/Write)"
TAG,,BARRIER_ELEV_RETURN_POS_ABS,"RETURN ABSOLUTE POSITION (MM)$NBARRIER INFEED ELEVATOR","REAL","","(RADIX := Float, Constant := false, ExternalAccess := Read/Write)"
TAG,,BARRIER_ELEV_RETURN_POS_LOWER,"RETURN POSITION LOWER LIMIT (MM)$NBARRIER INFEED ELEVATOR","REAL","","(RADIX := Float, Constant := false, ExternalAccess := Read/Write)"
TAG,,BARRIER_ELEV_RETURN_POS_UPPER,"RETURN POSITION UPPER LIMIT (MM)$NBARRIER INFEED ELEVATOR","REAL","","(RADIX := Float, Constant := false, ExternalAccess := Read/Write)"
TAG,,BARRIER_ELEV_RET_INC_OFFSET,"RETRACTED INCREMENTAL OFFSET (MM)$NBARRIER INFEED ELEVATOR","REAL","","(RADIX := Float, Constant := false, ExternalAccess := Read/Write)"
TAG,,BARRIER_ELEV_RET_INC_OFFSET_NEG,"NEGATIVE RETRACTED INCREMENTAL OFFSET (MM)$NBARRIER INFEED ELEVATOR","REAL","","(RADIX := Float, Constant := false, ExternalAccess := Read/Write)"
TAG,,BARRIER_ELEV_RET_INC_POS,"THE ELEVATOR IS AT THE RETRACTED INCREMENTAL POSITION$NBARRIER INFEED ELEVATOR","BOOL","","(RADIX := Decimal, Constant := false, ExternalAccess := Read/Write)"
TAG,,BARRIER_ELEV_RET_INC_POS_ABS,"RETRACTED INCREMENTAL POSITION (MM)$NBARRIER INFEED ELEVATOR","REAL","","(RADIX := Float, Constant := false, ExternalAccess := Read/Write)"
TAG,,BARRIER_ELEV_RET_INC_POS_LOWER,"RETRACTED INCREMENTAL POSITION LOWER LIMIT (MM)$NBARRIER INFEED ELEVATOR","REAL","","(RADIX := Float, Constant := false, ExternalAccess := Read/Write)"
TAG,,BARRIER_ELEV_RET_INC_POS_UPPER,"RETRACTED INCREMENTAL POSITION UPPER LIMIT (MM)$NBARRIER INFEED ELEVATOR","REAL","","(RADIX := Float, Constant := false, ExternalAccess := Read/Write)"
ALIAS,,BARRIER_ELEV_SERVO_HOMED,"DRIVE IS HOMED$NBARRIER INFEED ELEVATOR","","DRV03.AxisHomedStatus","(RADIX := Decimal, ExternalAccess := Read/Write)"
TAG,,BARRIER_ELEV_TOP_POS,"THE ELEVATOR IS AT THE TOP PROGRAMMED POSITION$NBARRIER INFEED ELEVATOR","BOOL","","(RADIX := Decimal, Constant := false, ExternalAccess := Read/Write)"
TAG,,BARRIER_ELEV_TOP_POS_LOWER,"TOP POSITION LOWER LIMIT (MM)$NBARRIER INFEED ELEVATOR","REAL","","(RADIX := Float, Constant := false, ExternalAccess := Read/Write)"
TAG,,BARRIER_ELEV_TOP_POS_UPPER,"TOP POSITION UPPER LIMIT (MM)$NBARRIER INFEED ELEVATOR","REAL","","(RADIX := Float, Constant := false, ExternalAccess := Read/Write)"
TAG,,BARRIER_ELEV_TOP_POS_VAL,"TOP POSITION (MM)$NBARRIER INFEED ELEVATOR","REAL","","(RADIX := Float, Constant := false, ExternalAccess := Read/Write)"
TAG,,BARRIER_FAILED_PICK_REQ,"FAILED BARRIER PICK REQUEST FROM BAG OFFLOAD STATION TO BAG OFFLOAD ROBOT (R3)","BOOL","","(RADIX := Decimal, Constant := false, ExternalAccess := Read/Write)"
ALIAS,,BARRIER_HOLD_DOWN_CYL_SOL,"BARRIER HOLD DOWN CYLINDER EXTEND SOLENOID$NBARRIER PRINTING$NSTATION","","MAN04:O.Data[2].6","(RADIX := Decimal, ExternalAccess := Read/Write)"
ALIAS,,BARRIER_LOAD_BARRIER_PRESENT,"BARRIER PRESENT SENSOR$NBARRIER LOAD STATION","","MAN02:I.Data[4].9","(RADIX := Decimal, ExternalAccess := Read/Write)"
ALIAS,,BARRIER_LOAD_DATA_BAG_LOADED,"BAG LOADED$NMAIN DIAL PART DATA STREAM$NBARRIER LOAD STATION","","MAIN_DIAL_DATA[1].BAG_LOADED","(RADIX := Decimal, ExternalAccess := Read/Write)"
ALIAS,,BARRIER_LOAD_DATA_BAG_REJECT,"BAG REJECTED$NMAIN DIAL PART DATA STREAM$NBARRIER LOAD STATION","","MAIN_DIAL_DATA[1].BAG_REJECT","(RADIX := Decimal, ExternalAccess := Read/Write)"
ALIAS,,BARRIER_LOAD_DATA_BAR_LOADED,"BARRIER LOADED$NMAIN DIAL PART DATA STREAM$NBARRIER LOAD STATION","","MAIN_DIAL_DATA[1].BARRIER_LOADED","(RADIX := Decimal, ExternalAccess := Read/Write)"
ALIAS,,BARRIER_LOAD_DATA_BAR_REJECT,"BARRIER REJECTED$NMAIN DIAL PART DATA STREAM$NBARRIER LOAD STATION","","MAIN_DIAL_DATA[1].BARRIER_REJECT","(RADIX := Decimal, ExternalAccess := Read/Write)"
ALIAS,,BARRIER_LOAD_DATA_CLEAR_PB,"HMI PUSH BUTTON$NCLEAR DATA REQUEST$N BARRIER LOAD STATION","","MAIN_DIAL_DATA_CLEAR_REQ_ARRAY.1","(RADIX := Decimal, ExternalAccess := Read/Write)"
ALIAS,,BARRIER_LOAD_DATA_EMPTY_LAST_BAG,"LAST BAG REQUEST FOR CELL EMPTY$NMAIN DIAL PART DATA STREAM$NBARRIER LOAD STATION","","MAIN_DIAL_DATA[1].CELL_EMPTY_LAST_BAG","(RADIX := Decimal, ExternalAccess := Read/Write)"
ALIAS,,BARRIER_LOAD_DATA_FORMING_COMPLETE,"FORMING STATION COMPLETE$NMAIN DIAL PART DATA STREAM$NBARRIER LOAD STATION","","MAIN_DIAL_DATA[1].FORMING_COMPLETE","(RADIX := Decimal, ExternalAccess := Read/Write)"
ALIAS,,BARRIER_LOAD_DATA_FORMING_PRESS_OK,"FORMING STATION PRESSURE OK$NMAIN DIAL PART DATA STREAM$NBARRIER LOAD STATION","","MAIN_DIAL_DATA[1].FORMING_PRESSURE_OK","(RADIX := Decimal, ExternalAccess := Read/Write)"
ALIAS,,BARRIER_LOAD_DATA_FORMING_STARTED,"FORMING STATION STARTED$NMAIN DIAL PART DATA STREAM$NBARRIER LOAD STATION","","MAIN_DIAL_DATA[1].FORMING_STARTED","(RADIX := Decimal, ExternalAccess := Read/Write)"
ALIAS,,BARRIER_LOAD_DATA_GLUE_COMPLETE,"BAG GLUE STATION COMPLETED$NMAIN DIAL PART DATA STREAM$NBARRIER LOAD STATION","","MAIN_DIAL_DATA[1].BAG_GLUE_COMPLETE","(RADIX := Decimal, ExternalAccess := Read/Write)"
ALIAS,,BARRIER_LOAD_DATA_GLUE_OPEN_REJECT,"BAG GLUE STATION OPEN TIME REJECT$NMAIN DIAL PART DATA STREAM$NBARRIER LOAD STATION","","MAIN_DIAL_DATA[1].BAG_GLUE_OPEN_TIME_REJECT","(RADIX := Decimal, ExternalAccess := Read/Write)"
ALIAS,,BARRIER_LOAD_DATA_GLUE_PRESS_OK,"BAG GLUE STATION PRESSURE OK$NMAIN DIAL PART DATA STREAM$NBARRIER LOAD STATION","","MAIN_DIAL_DATA[1].BAG_GLUE_PRESSURE_OK","(RADIX := Decimal, ExternalAccess := Read/Write)"
ALIAS,,BARRIER_LOAD_DATA_GLUE_STARTED,"BAG GLUE STATION STARTED$NMAIN DIAL PART DATA STREAM$NBARRIER LOAD STATION","","MAIN_DIAL_DATA[1].BAG_GLUE_STARTED","(RADIX := Decimal, ExternalAccess := Read/Write)"
ALIAS,,BARRIER_LOAD_DATA_INKJET_COMPLETE,"INKJET STATION COMPLETE$NMAIN DIAL PART DATA STREAM$NBARRIER LOAD STATION","","MAIN_DIAL_DATA[1].INKJET_COMPLETE","(RADIX := Decimal, ExternalAccess := Read/Write)"
ALIAS,,BARRIER_LOAD_DATA_INKJET_STARTED,"INKJET STATION STARTED$NMAIN DIAL PART DATA STREAM$NBARRIER LOAD STATION","","MAIN_DIAL_DATA[1].INKJET_STARTED","(RADIX := Decimal, ExternalAccess := Read/Write)"
ALIAS,,BARRIER_LOAD_DATA_PNC_COMPLETE,"PRESS-N-CURE STATION COMPLETED$NMAIN DIAL PART DATA STREAM$NBARRIER LOAD STATION","","MAIN_DIAL_DATA[1].BAG_CURE_COMPLETE","(RADIX := Decimal, ExternalAccess := Read/Write)"
ALIAS,,BARRIER_LOAD_DATA_PNC_PRESS_OK,"PRESS-N-CURE STATION PRESSURE OK$NMAIN DIAL PART DATA STREAM$NBARRIER LOAD STATION","","MAIN_DIAL_DATA[1].BAG_CURE_PRESSURE_OK","(RADIX := Decimal, ExternalAccess := Read/Write)"
ALIAS,,BARRIER_LOAD_DATA_PNC_STARTED,"PRESS-N-CURE STATION STARTED$NMAIN DIAL PART DATA STREAM$NBARRIER LOAD STATION","","MAIN_DIAL_DATA[1].BAG_CURE_STARTED","(RADIX := Decimal, ExternalAccess := Read/Write)"
ALIAS,,BARRIER_LOAD_DATA_POS_BAG_REJECT,"POSITION BAG WAS REJECTED$NMAIN DIAL PART DATA STREAM$NBARRIER LOAD STATION","","MAIN_DIAL_DATA[1].STATION_POS_REJECT_BAG","(RADIX := Decimal, ExternalAccess := Read/Write)"
ALIAS,,BARRIER_LOAD_DATA_POS_BAR_REJECT,"POSITION BARRIER WAS REJECTED$NMAIN DIAL PART DATA STREAM$NBARRIER LOAD STATION","","MAIN_DIAL_DATA[1].STATION_POS_REJECT_BARRIER","(RADIX := Decimal, ExternalAccess := Read/Write)"
ALIAS,,BARRIER_LOAD_DATA_PREHEAT1_COMPLETE,"PREHEAT STATION 1 COMPLETE$NMAIN DIAL PART DATA STREAM$NBARRIER LOAD STATION","","MAIN_DIAL_DATA[1].PREHEAT1_COMPLETE","(RADIX := Decimal, ExternalAccess := Read/Write)"
ALIAS,,BARRIER_LOAD_DATA_PREHEAT1_LOW_TEMP_OK,"PREHEAT STATION 1 LOWER TEMP OK$NMAIN DIAL PART DATA STREAM$NBARRIER LOAD STATION","","MAIN_DIAL_DATA[1].PREHEAT1_LOW_TEMP_OK","(RADIX := Decimal, ExternalAccess := Read/Write)"
ALIAS,,BARRIER_LOAD_DATA_PREHEAT1_STARTED,"PREHEAT STATION 1 STARTED$NMAIN DIAL PART DATA STREAM$NBARRIER LOAD$NSTATION","","MAIN_DIAL_DATA[1].PREHEAT1_STARTED","(RADIX := Decimal, ExternalAccess := Read/Write)"
ALIAS,,BARRIER_LOAD_DATA_PREHEAT1_UP_TEMP_OK,"PREHEAT STATION 1 UPPER TEMP OK$NMAIN DIAL PART DATA STREAM$NBARRIER LOAD STATION","","MAIN_DIAL_DATA[1].PREHEAT1_UP_TEMP_OK","(RADIX := Decimal, ExternalAccess := Read/Write)"
ALIAS,,BARRIER_LOAD_DATA_PREHEAT2_COMPLETE,"PREHEAT STATION 2 COMPLETE$NMAIN DIAL PART DATA STREAM$NBARRIER LOAD STATION","","MAIN_DIAL_DATA[1].PREHEAT2_COMPLETE","(RADIX := Decimal, ExternalAccess := Read/Write)"
ALIAS,,BARRIER_LOAD_DATA_PREHEAT2_LOW_TEMP_OK,"PREHEAT STATION 2 LOWER TEMP OK$NMAIN DIAL PART DATA STREAM$NBARRIER LOAD STATION","","MAIN_DIAL_DATA[1].PREHEAT2_LOW_TEMP_OK","(RADIX := Decimal, ExternalAccess := Read/Write)"
ALIAS,,BARRIER_LOAD_DATA_PREHEAT2_STARTED,"PREHEAT STATION 2 STARTED$NMAIN DIAL PART DATA STREAM$NBARRIER LOAD$NSTATION","","MAIN_DIAL_DATA[1].PREHEAT2_STARTED","(RADIX := Decimal, ExternalAccess := Read/Write)"
ALIAS,,BARRIER_LOAD_DATA_PREHEAT2_UP_TEMP_OK,"PREHEAT STATION 2 UPPER TEMP OK$NMAIN DIAL PART DATA STREAM$NBARRIER LOAD STATION","","MAIN_DIAL_DATA[1].PREHEAT2_UP_TEMP_OK","(RADIX := Decimal, ExternalAccess := Read/Write)"
ALIAS,,BARRIER_LOAD_DATA_PRINT_COMPLETE,"PRINTING STATION COMPLETED$NMAIN DIAL PART DATA STREAM$NBARRIER LOAD STATION","","MAIN_DIAL_DATA[1].PRINT_COMPLETE","(RADIX := Decimal, ExternalAccess := Read/Write)"
ALIAS,,BARRIER_LOAD_DATA_PRINT_STARTED,"PRINTING STATION STARTED$NMAIN DIAL PART DATA STREAM$NBARRIER LOAD STATION","","MAIN_DIAL_DATA[1].PRINT_STARTED","(RADIX := Decimal, ExternalAccess := Read/Write)"
ALIAS,,BARRIER_LOAD_DATA_PUNCH_COMPLETE,"PUNCH STATION COMPLETED$NMAIN DIAL PART DATA STREAM$NBARRIER LOAD STATION","","MAIN_DIAL_DATA[1].PUNCH_COMPLETE","(RADIX := Decimal, ExternalAccess := Read/Write)"
ALIAS,,BARRIER_LOAD_DATA_PUNCH_STARTED,"PUNCH STATION STARTED$NMAIN DIAL PART DATA STREAM$NBARRIER LOAD STATION","","MAIN_DIAL_DATA[1].PUNCH_STARTED","(RADIX := Decimal, ExternalAccess := Read/Write)"
ALIAS,,BARRIER_LOAD_DATA_VISION_COMPLETE,"VISION INSPECTION STATION COMPLETED$NMAIN DIAL PART DATA STREAM$NBARRIER LOAD STATION","","MAIN_DIAL_DATA[1].VISION_COMPLETE","(RADIX := Decimal, ExternalAccess := Read/Write)"
ALIAS,,BARRIER_LOAD_DATA_VISION_PASS,"VISION INSPECTION STATION PASSED$NMAIN DIAL PART DATA STREAM$NBARRIER LOAD STATION","","MAIN_DIAL_DATA[1].VISION_PASS","(RADIX := Decimal, ExternalAccess := Read/Write)"
TAG,,BARRIER_LOAD_INDEX_DIAL_REQ,"INDEX REQUEST$NFROM BARRIER $NLOAD STATION$N TO MAIN DIAL","BOOL","","(RADIX := Decimal, Constant := false, ExternalAccess := Read/Write)"
TAG,,BARRIER_LOAD_PROCESS_DONE,"CYCLE DONE$NFROM BARRIER LOAD STATION TO MAIN DIAL","BOOL","","(RADIX := Decimal, Constant := false, ExternalAccess := Read/Write)"
TAG,,BARRIER_LOAD_REQ,"BARRIER LOAD REQUEST FROM BARRIER LOAD STATION TO BARRIER LOAD ROBOT (R2)","BOOL","","(RADIX := Decimal, Constant := false, ExternalAccess := Read/Write)"
TAG,,BARRIER_MAG_ABORT_INDEX_PB,"HMI PUSH BUTTON$NSTOP DRIVE$NBARRIER INFEED MAGAZINE","BOOL","","(RADIX := Decimal, Constant := false, ExternalAccess := Read/Write)"
TAG,,BARRIER_MAG_BRAKE_CONT,"BRAKE CONTROL$NINTEGER$NBARRIER INFEED$NMAGAZINE$N$N0=DRIVE CONTROL$N1=MANUAL RELEASE","INT","","(RADIX := Decimal, Constant := false, ExternalAccess := Read/Write)"
TAG,,BARRIER_MAG_BRAKE_PB,"HMI PUSH BUTTON$NENGAGE BRAKE$NBARRIER INFEED MAGAZINE","BOOL","","(RADIX := Decimal, Constant := false, ExternalAccess := Read/Write)"
TAG,,BARRIER_MAG_BRAKE_PB_VIS,"HMI VISIBILITY$NDRIVE BRAKE PUSH BUTTON$NBARRIER INFEED MAGAZINE","BOOL","","(RADIX := Decimal, Constant := false, ExternalAccess := Read/Write)"
TAG,,BARRIER_MAG_CLEAR_TO_INDEX,"CLEAR TO INDEX BARRIER INFEED MAGAZINE","BOOL","","(RADIX := Decimal, Constant := false, ExternalAccess := Read/Write)"
TAG,,BARRIER_MAG_CUR_POS_HMI,"HMI$NCURRENT POSITION$NBARRIER INFEED MAGAZINE","DINT","","(RADIX := Decimal, Constant := false, ExternalAccess := Read/Write)"
TAG,,BARRIER_MAG_DRV_ENABLE_PB,"HMI PUSH BUTTON$NENABLE DRIVE$NBARRIER INFEED MAGAZINE","BOOL","","(RADIX := Decimal, Constant := false, ExternalAccess := Read/Write)"
TAG,,BARRIER_MAG_DRV_ENABLE_PB_VIS,"HMI VISIBILITY$NDRIVE ENABLE PUSH BUTTON$NBARRIER INFEED MAGAZINE","BOOL","","(RADIX := Decimal, Constant := false, ExternalAccess := Read/Write)"
ALIAS,,BARRIER_MAG_DRV_FAULT,"DRIVE FAULTED$NBARRIER INFEED MAGAZINE","","DRV02.PhysicalAxisFault","(RADIX := Decimal, ExternalAccess := Read/Write)"
TAG,,BARRIER_MAG_DRV_FAULT_PB_VIS,"HMI VISIBILITY$NDRIVE FAULT RESET PUSH BUTTON$NBARRIER INFEED MAGAZINE","BOOL","","(RADIX := Decimal, Constant := false, ExternalAccess := Read/Write)"
TAG,,BARRIER_MAG_DRV_HOMED,"DRIVE IS HOMED$NBARRIER INFEED MAGAZINE","BOOL","","(RADIX := Decimal, Constant := false, ExternalAccess := Read/Write)"
ALIAS,,BARRIER_MAG_DRV_HOMED_STATUS,"DRIVE HOMED STATUS$NBARRIER INFEED MAGAZINE","","DRV02.AxisHomedStatus","(RADIX := Decimal, ExternalAccess := Read/Write)"
TAG,,BARRIER_MAG_DRV_HOME_OFF,"DRIVE HOME $NOFFSET$NBARRIER INFEED$NMAGAZINE$N(DO NOT CHANGE AFTER MACHINE SETUP)","REAL","","(RADIX := Float, Constant := false, ExternalAccess := Read/Write)"
TAG,,BARRIER_MAG_DRV_HOME_PB,"HMI PUSH BUTTON$NHOME DRIVE$NBARRIER INFEED MAGAZINE","BOOL","","(RADIX := Decimal, Constant := false, ExternalAccess := Read/Write)"
TAG,,BARRIER_MAG_DRV_HOME_PB_VIS,"HMI VISIBILITY$NDRIVE HOME PUSH BUTTON$NBARRIER INFEED MAGAZINE","BOOL","","(RADIX := Decimal, Constant := false, ExternalAccess := Read/Write)"
ALIAS,,BARRIER_MAG_DRV_HOMING,"DRVIE IS PRESENTLY HOMING STATUS BIT$NBARRIER INFEED MAGAZINE","","DRV02.HomingStatus","(RADIX := Decimal, ExternalAccess := Read/Write)"
TAG,,BARRIER_MAG_DRV_HOMING_IND,"HMI INDICATOR$NDRIVE IS HOMING$NBARRIER INFEED MAGAZINE","BOOL","","(RADIX := Decimal, Constant := false, ExternalAccess := Read/Write)"
ALIAS,,BARRIER_MAG_DRV_MOVING,"DRVIE IS PRESENTLY MOVING STATUS BIT$NBARRIER INFEED MAGAZINE","","DRV02.MoveStatus","(RADIX := Decimal, ExternalAccess := Read/Write)"
TAG,,BARRIER_MAG_DRV_PB_VIS,"HMI VISIBILITY$NDRIVE PUSH BUTTONS$NBARRIER INFEED MAGAZINE","BOOL","","(RADIX := Decimal, Constant := false, ExternalAccess := Read/Write)"
ALIAS,,BARRIER_MAG_DRV_READY,"DRIVE READY$NBARRIER INFEED MAGAZINE","","DRV02.DriveEnableStatus","(RADIX := Decimal, ExternalAccess := Read/Write)"
TAG,,BARRIER_MAG_DRV_RESET_PB,"HMI PUSH BUTTON$NDRIVE RESET SHUTDOWN  & CLEAR FAULTS$NBARRIER INFEED MAGAZINE","BOOL","","(RADIX := Decimal, Constant := false, ExternalAccess := Read/Write)"
ALIAS,,BARRIER_MAG_DRV_SAFE_TRQ_OFF,"DRIVE SAFE$NTORQUE OFF$NINHIBIT BIT$NBARRIER INFEED$NMAGAZINE$N$N0=RUN MODE$N1=INACTIVE","","DRV02.SafeTorqueOffInhibit","(RADIX := Decimal, ExternalAccess := Read/Write)"
ALIAS,,BARRIER_MAG_DRV_SHUTDOWN,"DRIVE SHUTDOWN $NBARRIER INFEED$NMAGAZINE","","DRV02.ShutdownStatus","(RADIX := Decimal, ExternalAccess := Read/Write)"
ALIAS,,BARRIER_MAG_HOME_SENSOR,"HOME SENSOR$NBARRIER INFEED MAGAZINE","","DRV02.HomeInputStatus","(RADIX := Decimal, ExternalAccess := Read/Write)"
TAG,,BARRIER_MAG_INDEXING_IND,"HMI INDICATOR$NDRIVE INDEXING$NBARRIER INFEED MAGAZINE","BOOL","","(RADIX := Decimal, Constant := false, ExternalAccess := Read/Write)"
TAG,,BARRIER_MAG_INDEX_PB,"HMI PUSH BUTTON$NINDEX$NBARRIER INFEED MAGAZINE","BOOL","","(RADIX := Decimal, Constant := false, ExternalAccess := Read/Write)"
TAG,,BARRIER_MAG_INDEX_REQ_FROM_PNP,"INDEX REQUEST FROM BARRIER PICK-N-PLACE DUE TO FAILED PICK$NBARRIER INFEED MAGAZINE","BOOL","","(RADIX := Decimal, Constant := false, ExternalAccess := Read/Write)"
TAG,,BARRIER_MAG_IN_POSITION,"MAGAZINE IS IN POSITION AND READY FOR PROCESSING$NBARRIER INFEED MAGAZINE","BOOL","","(RADIX := Decimal, Constant := false, ExternalAccess := Read/Write)"
TAG,,BARRIER_MAG_LT_CURTAIN_CLEAR,"LIGHT CURTAIN IS CLEAR$NBARRIER INFEED MAGAZINE","BOOL","","(RADIX := Decimal, Constant := false, ExternalAccess := Read/Write)"
TAG,,BARRIER_MAG_READY_FOR_PROCESS,"READY FOR PROCESS TO ALL STATIONS$NBARRIER INFEED MAGAZINE","BOOL","","(RADIX := Decimal, Constant := false, ExternalAccess := Read/Write)"
TAG,,BARRIER_MAG_SCREEN_PB,"HMI PUSH BUTTON$NGOTO BARRIER INFEED MAGAZINE SCREEN","BOOL","","(RADIX := Decimal, Constant := false, ExternalAccess := Read/Write)"
ALIAS,,BARRIER_MAG_TWR_CHK,"TUBE CHECK SENSOR$NBARRIER INFEED MAGAZINE$N$N0=PARTS IN TOWER$N1= PARTS NOT IN TOWER","","MAN03:I.Data[0].11","(RADIX := Decimal, ExternalAccess := Read/Write)"
TAG,,BARRIER_PRINT_Y_APPLY_POS_OFF_VAL,"PRINT APPLY OFFSET Y-POSITION VALUE$NBARRIER PRINTING STATION","REAL","","(RADIX := Float, Constant := false, ExternalAccess := Read/Write)"
TAG,,BARRIER_PRINT_Y_APPLY_POS_OFF_VAL_SCALED,"PRINT APPLY OFFSET Y-POSITION VALUE SCALED$NBARRIER PRINTING STATION","REAL","","(RADIX := Float, Constant := false, ExternalAccess := Read/Write)"
TAG,,BAR_FORM_STOP_SCALE,"ANALOG SCALING PARAMTERS$NBARRIER FORMING STATION","PRES_SCALE_PARAM","","(Constant := false, ExternalAccess := Read/Write)"
TAG,,CAM_JOB_ID,"","SINT[2]","","(RADIX := Decimal, Constant := false, ExternalAccess := Read/Write)"
TAG,,CAM_JOB_ID_INT,"","INT","","(RADIX := Decimal, Constant := false, ExternalAccess := Read/Write)"
TAG,,CELL_ACTIVATE_DOOR_LOCKS,"POWER DOOR LOCKS$NCELL","BOOL","","(RADIX := Decimal, Constant := false, ExternalAccess := Read/Write)"
TAG,,CELL_ACTIVATE_MANUAL_MODE,"HMI PUSH BUTTON$NACTIVATE MANUAL MODE$NCELL","BOOL","","(RADIX := Decimal, Constant := false, ExternalAccess := Read/Write)"
TAG,,CELL_ALARMS_ACTIVE,"ALARMS$NARE ACTIVATED$NCELL","BOOL","","(RADIX := Decimal, Constant := false, ExternalAccess := Read/Write)"
TAG,,CELL_ALARM_RED_LIGHT,"SYSTEM ALARM$NCELL","BOOL","","(RADIX := Decimal, Constant := false, ExternalAccess := Read/Write)"
TAG,,CELL_ASI_DIAG_SCREEN_PB,"HMI PUSH BUTTON$NGOTO ASI DIAGNOSTICS SCREEN","BOOL","","(RADIX := Decimal, Constant := false, ExternalAccess := Read/Write)"
TAG,,CELL_ASI_ETHERNET_COMMS_OK,"ASI ETHERNET COMMUNICATION OK$NCELL","BOOL","","(RADIX := Decimal, Constant := false, ExternalAccess := Read/Write)"
TAG,,CELL_ASI_NODES_READY,"ASI NODES ARE READY$NCELL","BOOL","","(RADIX := Decimal, Constant := false, ExternalAccess := Read/Write)"
TAG,,CELL_ASI_NODES_READY_NOT_READY_ANIMATION,"ANIMIATION FOR HMI$NASI NODES NOT$NREADY BUTTON$NCELL","BOOL","","(RADIX := Decimal, Constant := false, ExternalAccess := Read/Write)"
TAG,,CELL_ASI_NODE_SAFETY_STATUS_CH1_A,"ASI SAFETY A NODES$NSTATUS$NCHANNEL 1$NCELL","INT[32]","","(RADIX := Decimal, Constant := false, ExternalAccess := Read/Write)"
COMMENT,,CELL_ASI_NODE_SAFETY_STATUS_CH1_A,"ASI SAFETY NULL STATUS$NCHANNEL 1$NCELL",,"CELL_ASI_NODE_SAFETY_STATUS_CH1_A[0]"
COMMENT,,CELL_ASI_NODE_SAFETY_STATUS_CH1_A,"ASI SAFETY NODE 1A$NSTATUS$NCHANNEL 1$NCELL",,"CELL_ASI_NODE_SAFETY_STATUS_CH1_A[1]"
COMMENT,,CELL_ASI_NODE_SAFETY_STATUS_CH1_A,"ASI SAFETY NODE 1A$NSTATUS OK$NCHANNEL 1$NCELL",,"CELL_ASI_NODE_SAFETY_STATUS_CH1_A[1].0"
COMMENT,,CELL_ASI_NODE_SAFETY_STATUS_CH1_A,"ASI SAFETY NODE 1A$NSTATUS WAIT$NCHANNEL 1$NCELL",,"CELL_ASI_NODE_SAFETY_STATUS_CH1_A[1].1"
COMMENT,,CELL_ASI_NODE_SAFETY_STATUS_CH1_A,"ASI SAFETY NODE 1A$NSTATUS$NTEST CYCLE$NCHANNEL 1$NCELL",,"CELL_ASI_NODE_SAFETY_STATUS_CH1_A[1].2"
COMMENT,,CELL_ASI_NODE_SAFETY_STATUS_CH1_A,"ASI SAFETY NODE 1A$NSTATUS$NERROR LOCK$NCHANNEL 1$NCELL",,"CELL_ASI_NODE_SAFETY_STATUS_CH1_A[1].3"
COMMENT,,CELL_ASI_NODE_SAFETY_STATUS_CH1_A,"ASI SAFETY NODE 1A$NSTATUS$NMISSING SLAVE$NCHANNEL 1$NCELL",,"CELL_ASI_NODE_SAFETY_STATUS_CH1_A[1].4"
COMMENT,,CELL_ASI_NODE_SAFETY_STATUS_CH1_A,"ASI SAFETY NODE 1A$NSTATUS$NPERIPHERAL FAULT$NCHANNEL 1$NCELL",,"CELL_ASI_NODE_SAFETY_STATUS_CH1_A[1].5"
COMMENT,,CELL_ASI_NODE_SAFETY_STATUS_CH1_A,"ASI SAFETY NODE 2A$NSTATUS$NCHANNEL 1$NCELL",,"CELL_ASI_NODE_SAFETY_STATUS_CH1_A[2]"
COMMENT,,CELL_ASI_NODE_SAFETY_STATUS_CH1_A,"ASI SAFETY NODE 2A$NSTATUS OK$NCHANNEL 1$NCELL",,"CELL_ASI_NODE_SAFETY_STATUS_CH1_A[2].0"
COMMENT,,CELL_ASI_NODE_SAFETY_STATUS_CH1_A,"ASI SAFETY NODE 2A$NSTATUS WAIT$NCHANNEL 1$NCELL",,"CELL_ASI_NODE_SAFETY_STATUS_CH1_A[2].1"
COMMENT,,CELL_ASI_NODE_SAFETY_STATUS_CH1_A,"ASI SAFETY NODE 2A$NSTATUS$NTEST CYCLE$NCHANNEL 1$NCELL",,"CELL_ASI_NODE_SAFETY_STATUS_CH1_A[2].2"
COMMENT,,CELL_ASI_NODE_SAFETY_STATUS_CH1_A,"ASI SAFETY NODE 2A$NSTATUS$NERROR LOCK$NCHANNEL 1$NCELL",,"CELL_ASI_NODE_SAFETY_STATUS_CH1_A[2].3"
COMMENT,,CELL_ASI_NODE_SAFETY_STATUS_CH1_A,"ASI SAFETY NODE 2A$NSTATUS$NMISSING SLAVE$NCHANNEL 1$NCELL",,"CELL_ASI_NODE_SAFETY_STATUS_CH1_A[2].4"
COMMENT,,CELL_ASI_NODE_SAFETY_STATUS_CH1_A,"ASI SAFETY NODE 2A$NSTATUS$NPERIPHERAL FAULT$NCHANNEL 1$NCELL",,"CELL_ASI_NODE_SAFETY_STATUS_CH1_A[2].5"
COMMENT,,CELL_ASI_NODE_SAFETY_STATUS_CH1_A,"ASI SAFETY NODE 3A$NSTATUS$NCHANNEL 1$NCELL",,"CELL_ASI_NODE_SAFETY_STATUS_CH1_A[3]"
COMMENT,,CELL_ASI_NODE_SAFETY_STATUS_CH1_A,"ASI SAFETY NODE 3A$NSTATUS OK$NCHANNEL 1$NCELL",,"CELL_ASI_NODE_SAFETY_STATUS_CH1_A[3].0"
COMMENT,,CELL_ASI_NODE_SAFETY_STATUS_CH1_A,"ASI SAFETY NODE 3A$NSTATUS WAIT$NCHANNEL 1$NCELL",,"CELL_ASI_NODE_SAFETY_STATUS_CH1_A[3].1"
COMMENT,,CELL_ASI_NODE_SAFETY_STATUS_CH1_A,"ASI SAFETY NODE 3A$NSTATUS$NTEST CYCLE$NCHANNEL 1$NCELL",,"CELL_ASI_NODE_SAFETY_STATUS_CH1_A[3].2"
COMMENT,,CELL_ASI_NODE_SAFETY_STATUS_CH1_A,"ASI SAFETY NODE 3A$NSTATUS$NERROR LOCK$NCHANNEL 1$NCELL",,"CELL_ASI_NODE_SAFETY_STATUS_CH1_A[3].3"
COMMENT,,CELL_ASI_NODE_SAFETY_STATUS_CH1_A,"ASI SAFETY NODE 3A$NSTATUS$NMISSING SLAVE$NCHANNEL 1$NCELL",,"CELL_ASI_NODE_SAFETY_STATUS_CH1_A[3].4"
COMMENT,,CELL_ASI_NODE_SAFETY_STATUS_CH1_A,"ASI SAFETY NODE 3A$NSTATUS$NPERIPHERAL FAULT$NCHANNEL 1$NCELL",,"CELL_ASI_NODE_SAFETY_STATUS_CH1_A[3].5"
COMMENT,,CELL_ASI_NODE_SAFETY_STATUS_CH1_A,"ASI SAFETY NODE 4A$NSTATUS$NCHANNEL 1$NCELL",,"CELL_ASI_NODE_SAFETY_STATUS_CH1_A[4]"
COMMENT,,CELL_ASI_NODE_SAFETY_STATUS_CH1_A,"ASI SAFETY NODE 4A$NSTATUS OK$NCHANNEL 1$NCELL",,"CELL_ASI_NODE_SAFETY_STATUS_CH1_A[4].0"
COMMENT,,CELL_ASI_NODE_SAFETY_STATUS_CH1_A,"ASI SAFETY NODE 4A$NSTATUS WAIT$NCHANNEL 1$NCELL",,"CELL_ASI_NODE_SAFETY_STATUS_CH1_A[4].1"
COMMENT,,CELL_ASI_NODE_SAFETY_STATUS_CH1_A,"ASI SAFETY NODE 4A$NSTATUS$NTEST CYCLE$NCHANNEL 1$NCELL",,"CELL_ASI_NODE_SAFETY_STATUS_CH1_A[4].2"
COMMENT,,CELL_ASI_NODE_SAFETY_STATUS_CH1_A,"ASI SAFETY NODE 4A$NSTATUS$NERROR LOCK$NCHANNEL 1$NCELL",,"CELL_ASI_NODE_SAFETY_STATUS_CH1_A[4].3"
COMMENT,,CELL_ASI_NODE_SAFETY_STATUS_CH1_A,"ASI SAFETY NODE 4A$NSTATUS$NMISSING SLAVE$NCHANNEL 1$NCELL",,"CELL_ASI_NODE_SAFETY_STATUS_CH1_A[4].4"
COMMENT,,CELL_ASI_NODE_SAFETY_STATUS_CH1_A,"ASI SAFETY NODE 4A$NSTATUS$NPERIPHERAL FAULT$NCHANNEL 1$NCELL",,"CELL_ASI_NODE_SAFETY_STATUS_CH1_A[4].5"
COMMENT,,CELL_ASI_NODE_SAFETY_STATUS_CH1_A,"ASI SAFETY NODE 5A$NSTATUS$NCHANNEL 1$NCELL",,"CELL_ASI_NODE_SAFETY_STATUS_CH1_A[5]"
COMMENT,,CELL_ASI_NODE_SAFETY_STATUS_CH1_A,"ASI SAFETY NODE 5A$NSTATUS OK$NCHANNEL 1$NCELL",,"CELL_ASI_NODE_SAFETY_STATUS_CH1_A[5].0"
COMMENT,,CELL_ASI_NODE_SAFETY_STATUS_CH1_A,"ASI SAFETY NODE 5A$NSTATUS WAIT$NCHANNEL 1$NCELL",,"CELL_ASI_NODE_SAFETY_STATUS_CH1_A[5].1"
COMMENT,,CELL_ASI_NODE_SAFETY_STATUS_CH1_A,"ASI SAFETY NODE 5A$NSTATUS$NTEST CYCLE$NCHANNEL 1$NCELL",,"CELL_ASI_NODE_SAFETY_STATUS_CH1_A[5].2"
COMMENT,,CELL_ASI_NODE_SAFETY_STATUS_CH1_A,"ASI SAFETY NODE 5A$NSTATUS$NERROR LOCK$NCHANNEL 1$NCELL",,"CELL_ASI_NODE_SAFETY_STATUS_CH1_A[5].3"
COMMENT,,CELL_ASI_NODE_SAFETY_STATUS_CH1_A,"ASI SAFETY NODE 5A$NSTATUS$NMISSING SLAVE$NCHANNEL 1$NCELL",,"CELL_ASI_NODE_SAFETY_STATUS_CH1_A[5].4"
COMMENT,,CELL_ASI_NODE_SAFETY_STATUS_CH1_A,"ASI SAFETY NODE 5A$NSTATUS$NPERIPHERAL FAULT$NCHANNEL 1$NCELL",,"CELL_ASI_NODE_SAFETY_STATUS_CH1_A[5].5"
COMMENT,,CELL_ASI_NODE_SAFETY_STATUS_CH1_A,"ASI SAFETY NODE 6A$NSTATUS$NCHANNEL 1$NCELL",,"CELL_ASI_NODE_SAFETY_STATUS_CH1_A[6]"
COMMENT,,CELL_ASI_NODE_SAFETY_STATUS_CH1_A,"ASI SAFETY NODE 6A$NSTATUS OK$NCHANNEL 1$NCELL",,"CELL_ASI_NODE_SAFETY_STATUS_CH1_A[6].0"
COMMENT,,CELL_ASI_NODE_SAFETY_STATUS_CH1_A,"ASI SAFETY NODE 6A$NSTATUS WAIT$NCHANNEL 1$NCELL",,"CELL_ASI_NODE_SAFETY_STATUS_CH1_A[6].1"
COMMENT,,CELL_ASI_NODE_SAFETY_STATUS_CH1_A,"ASI SAFETY NODE 6A$NSTATUS$NTEST CYCLE$NCHANNEL 1$NCELL",,"CELL_ASI_NODE_SAFETY_STATUS_CH1_A[6].2"
COMMENT,,CELL_ASI_NODE_SAFETY_STATUS_CH1_A,"ASI SAFETY NODE 6A$NSTATUS$NERROR LOCK$NCHANNEL 1$NCELL",,"CELL_ASI_NODE_SAFETY_STATUS_CH1_A[6].3"
COMMENT,,CELL_ASI_NODE_SAFETY_STATUS_CH1_A,"ASI SAFETY NODE 6A$NSTATUS$NMISSING SLAVE$NCHANNEL 1$NCELL",,"CELL_ASI_NODE_SAFETY_STATUS_CH1_A[6].4"
COMMENT,,CELL_ASI_NODE_SAFETY_STATUS_CH1_A,"ASI SAFETY NODE 6A$NSTATUS$NPERIPHERAL FAULT$NCHANNEL 1$NCELL",,"CELL_ASI_NODE_SAFETY_STATUS_CH1_A[6].5"
COMMENT,,CELL_ASI_NODE_SAFETY_STATUS_CH1_A,"ASI SAFETY NODE 7A$NSTATUS$NCHANNEL 1$NCELL",,"CELL_ASI_NODE_SAFETY_STATUS_CH1_A[7]"
COMMENT,,CELL_ASI_NODE_SAFETY_STATUS_CH1_A,"ASI SAFETY NODE 7A$NSTATUS OK$NCHANNEL 1$NCELL",,"CELL_ASI_NODE_SAFETY_STATUS_CH1_A[7].0"
COMMENT,,CELL_ASI_NODE_SAFETY_STATUS_CH1_A,"ASI SAFETY NODE 7A$NSTATUS WAIT$NCHANNEL 1$NCELL",,"CELL_ASI_NODE_SAFETY_STATUS_CH1_A[7].1"
COMMENT,,CELL_ASI_NODE_SAFETY_STATUS_CH1_A,"ASI SAFETY NODE 7A$NSTATUS$NTEST CYCLE$NCHANNEL 1$NCELL",,"CELL_ASI_NODE_SAFETY_STATUS_CH1_A[7].2"
COMMENT,,CELL_ASI_NODE_SAFETY_STATUS_CH1_A,"ASI SAFETY NODE 7A$NSTATUS$NERROR LOCK$NCHANNEL 1$NCELL",,"CELL_ASI_NODE_SAFETY_STATUS_CH1_A[7].3"
COMMENT,,CELL_ASI_NODE_SAFETY_STATUS_CH1_A,"ASI SAFETY NODE 7A$NSTATUS$NMISSING SLAVE$NCHANNEL 1$NCELL",,"CELL_ASI_NODE_SAFETY_STATUS_CH1_A[7].4"
COMMENT,,CELL_ASI_NODE_SAFETY_STATUS_CH1_A,"ASI SAFETY NODE 7A$NSTATUS$NPERIPHERAL FAULT$NCHANNEL 1$NCELL",,"CELL_ASI_NODE_SAFETY_STATUS_CH1_A[7].5"
COMMENT,,CELL_ASI_NODE_SAFETY_STATUS_CH1_A,"ASI SAFETY NODE 8A$NSTATUS$NCHANNEL 1$NCELL",,"CELL_ASI_NODE_SAFETY_STATUS_CH1_A[8]"
COMMENT,,CELL_ASI_NODE_SAFETY_STATUS_CH1_A,"ASI SAFETY NODE 8A$NSTATUS OK$NCHANNEL 1$NCELL",,"CELL_ASI_NODE_SAFETY_STATUS_CH1_A[8].0"
COMMENT,,CELL_ASI_NODE_SAFETY_STATUS_CH1_A,"ASI SAFETY NODE 8A$NSTATUS WAIT$NCHANNEL 1$NCELL",,"CELL_ASI_NODE_SAFETY_STATUS_CH1_A[8].1"
COMMENT,,CELL_ASI_NODE_SAFETY_STATUS_CH1_A,"ASI SAFETY NODE 8A$NSTATUS$NTEST CYCLE$NCHANNEL 1$NCELL",,"CELL_ASI_NODE_SAFETY_STATUS_CH1_A[8].2"
COMMENT,,CELL_ASI_NODE_SAFETY_STATUS_CH1_A,"ASI SAFETY NODE 8A$NSTATUS$NERROR LOCK$NCHANNEL 1$NCELL",,"CELL_ASI_NODE_SAFETY_STATUS_CH1_A[8].3"
COMMENT,,CELL_ASI_NODE_SAFETY_STATUS_CH1_A,"ASI SAFETY NODE 8A$NSTATUS$NMISSING SLAVE$NCHANNEL 1$NCELL",,"CELL_ASI_NODE_SAFETY_STATUS_CH1_A[8].4"
COMMENT,,CELL_ASI_NODE_SAFETY_STATUS_CH1_A,"ASI SAFETY NODE 8A$NSTATUS$NPERIPHERAL FAULT$NCHANNEL 1$NCELL",,"CELL_ASI_NODE_SAFETY_STATUS_CH1_A[8].5"
COMMENT,,CELL_ASI_NODE_SAFETY_STATUS_CH1_A,"ASI SAFETY NODE 9A$NSTATUS$NCHANNEL 1$NCELL",,"CELL_ASI_NODE_SAFETY_STATUS_CH1_A[9]"
COMMENT,,CELL_ASI_NODE_SAFETY_STATUS_CH1_A,"ASI SAFETY NODE 9A$NSTATUS OK$NCHANNEL 1$NCELL",,"CELL_ASI_NODE_SAFETY_STATUS_CH1_A[9].0"
COMMENT,,CELL_ASI_NODE_SAFETY_STATUS_CH1_A,"ASI SAFETY NODE 9A$NSTATUS WAIT$NCHANNEL 1$NCELL",,"CELL_ASI_NODE_SAFETY_STATUS_CH1_A[9].1"
COMMENT,,CELL_ASI_NODE_SAFETY_STATUS_CH1_A,"ASI SAFETY NODE 9A$NSTATUS$NTEST CYCLE$NCHANNEL 1$NCELL",,"CELL_ASI_NODE_SAFETY_STATUS_CH1_A[9].2"
COMMENT,,CELL_ASI_NODE_SAFETY_STATUS_CH1_A,"ASI SAFETY NODE 9A$NSTATUS$NERROR LOCK$NCHANNEL 1$NCELL",,"CELL_ASI_NODE_SAFETY_STATUS_CH1_A[9].3"
COMMENT,,CELL_ASI_NODE_SAFETY_STATUS_CH1_A,"ASI SAFETY NODE 9A$NSTATUS$NMISSING SLAVE$NCHANNEL 1$NCELL",,"CELL_ASI_NODE_SAFETY_STATUS_CH1_A[9].4"
COMMENT,,CELL_ASI_NODE_SAFETY_STATUS_CH1_A,"ASI SAFETY NODE 9A$NSTATUS$NPERIPHERAL FAULT$NCHANNEL 1$NCELL",,"CELL_ASI_NODE_SAFETY_STATUS_CH1_A[9].5"
COMMENT,,CELL_ASI_NODE_SAFETY_STATUS_CH1_A,"ASI SAFETY NODE 10A$NSTATUS$NCHANNEL 1$NCELL",,"CELL_ASI_NODE_SAFETY_STATUS_CH1_A[10]"
COMMENT,,CELL_ASI_NODE_SAFETY_STATUS_CH1_A,"ASI SAFETY NODE 10A$NSTATUS OK$NCHANNEL 1$NCELL",,"CELL_ASI_NODE_SAFETY_STATUS_CH1_A[10].0"
COMMENT,,CELL_ASI_NODE_SAFETY_STATUS_CH1_A,"ASI SAFETY NODE 10A$NSTATUS WAIT$NCHANNEL 1$NCELL",,"CELL_ASI_NODE_SAFETY_STATUS_CH1_A[10].1"
COMMENT,,CELL_ASI_NODE_SAFETY_STATUS_CH1_A,"ASI SAFETY NODE 10A$NSTATUS$NTEST CYCLE$NCHANNEL 1$NCELL",,"CELL_ASI_NODE_SAFETY_STATUS_CH1_A[10].2"
COMMENT,,CELL_ASI_NODE_SAFETY_STATUS_CH1_A,"ASI SAFETY NODE 10A$NSTATUS$NERROR LOCK$NCHANNEL 1$NCELL",,"CELL_ASI_NODE_SAFETY_STATUS_CH1_A[10].3"
COMMENT,,CELL_ASI_NODE_SAFETY_STATUS_CH1_A,"ASI SAFETY NODE 10A$NSTATUS$NMISSING SLAVE$NCHANNEL 1$NCELL",,"CELL_ASI_NODE_SAFETY_STATUS_CH1_A[10].4"
COMMENT,,CELL_ASI_NODE_SAFETY_STATUS_CH1_A,"ASI SAFETY NODE 10A$NSTATUS$NPERIPHERAL FAULT$NCHANNEL 1$NCELL",,"CELL_ASI_NODE_SAFETY_STATUS_CH1_A[10].5"
COMMENT,,CELL_ASI_NODE_SAFETY_STATUS_CH1_A,"ASI SAFETY NODE 11A$NSTATUS$NCHANNEL 1$NCELL",,"CELL_ASI_NODE_SAFETY_STATUS_CH1_A[11]"
COMMENT,,CELL_ASI_NODE_SAFETY_STATUS_CH1_A,"ASI SAFETY NODE 11A$NSTATUS OK$NCHANNEL 1$NCELL",,"CELL_ASI_NODE_SAFETY_STATUS_CH1_A[11].0"
COMMENT,,CELL_ASI_NODE_SAFETY_STATUS_CH1_A,"ASI SAFETY NODE 11A$NSTATUS WAIT$NCHANNEL 1$NCELL",,"CELL_ASI_NODE_SAFETY_STATUS_CH1_A[11].1"
COMMENT,,CELL_ASI_NODE_SAFETY_STATUS_CH1_A,"ASI SAFETY NODE 11A$NSTATUS$NTEST CYCLE$NCHANNEL 1$NCELL",,"CELL_ASI_NODE_SAFETY_STATUS_CH1_A[11].2"
COMMENT,,CELL_ASI_NODE_SAFETY_STATUS_CH1_A,"ASI SAFETY NODE 11A$NSTATUS$NERROR LOCK$NCHANNEL 1$NCELL",,"CELL_ASI_NODE_SAFETY_STATUS_CH1_A[11].3"
COMMENT,,CELL_ASI_NODE_SAFETY_STATUS_CH1_A,"ASI SAFETY NODE 11A$NSTATUS$NMISSING SLAVE$NCHANNEL 1$NCELL",,"CELL_ASI_NODE_SAFETY_STATUS_CH1_A[11].4"
COMMENT,,CELL_ASI_NODE_SAFETY_STATUS_CH1_A,"ASI SAFETY NODE 11A$NSTATUS$NPERIPHERAL FAULT$NCHANNEL 1$NCELL",,"CELL_ASI_NODE_SAFETY_STATUS_CH1_A[11].5"
COMMENT,,CELL_ASI_NODE_SAFETY_STATUS_CH1_A,"ASI SAFETY NODE 12A$NSTATUS$NCHANNEL 1$NCELL",,"CELL_ASI_NODE_SAFETY_STATUS_CH1_A[12]"
COMMENT,,CELL_ASI_NODE_SAFETY_STATUS_CH1_A,"ASI SAFETY NODE 12A$NSTATUS OK$NCHANNEL 1$NCELL",,"CELL_ASI_NODE_SAFETY_STATUS_CH1_A[12].0"
COMMENT,,CELL_ASI_NODE_SAFETY_STATUS_CH1_A,"ASI SAFETY NODE 12A$NSTATUS WAIT$NCHANNEL 1$NCELL",,"CELL_ASI_NODE_SAFETY_STATUS_CH1_A[12].1"
COMMENT,,CELL_ASI_NODE_SAFETY_STATUS_CH1_A,"ASI SAFETY NODE 12A$NSTATUS$NTEST CYCLE$NCHANNEL 1$NCELL",,"CELL_ASI_NODE_SAFETY_STATUS_CH1_A[12].2"
COMMENT,,CELL_ASI_NODE_SAFETY_STATUS_CH1_A,"ASI SAFETY NODE 12A$NSTATUS$NERROR LOCK$NCHANNEL 1$NCELL",,"CELL_ASI_NODE_SAFETY_STATUS_CH1_A[12].3"
COMMENT,,CELL_ASI_NODE_SAFETY_STATUS_CH1_A,"ASI SAFETY NODE 12A$NSTATUS$NMISSING SLAVE$NCHANNEL 1$NCELL",,"CELL_ASI_NODE_SAFETY_STATUS_CH1_A[12].4"
COMMENT,,CELL_ASI_NODE_SAFETY_STATUS_CH1_A,"ASI SAFETY NODE 12A$NSTATUS$NPERIPHERAL FAULT$NCHANNEL 1$NCELL",,"CELL_ASI_NODE_SAFETY_STATUS_CH1_A[12].5"
COMMENT,,CELL_ASI_NODE_SAFETY_STATUS_CH1_A,"ASI SAFETY NODE 13A$NSTATUS$NCHANNEL 1$NCELL",,"CELL_ASI_NODE_SAFETY_STATUS_CH1_A[13]"
COMMENT,,CELL_ASI_NODE_SAFETY_STATUS_CH1_A,"ASI SAFETY NODE 13A$NSTATUS OK$NCHANNEL 1$NCELL",,"CELL_ASI_NODE_SAFETY_STATUS_CH1_A[13].0"
COMMENT,,CELL_ASI_NODE_SAFETY_STATUS_CH1_A,"ASI SAFETY NODE 13A$NSTATUS WAIT$NCHANNEL 1$NCELL",,"CELL_ASI_NODE_SAFETY_STATUS_CH1_A[13].1"
COMMENT,,CELL_ASI_NODE_SAFETY_STATUS_CH1_A,"ASI SAFETY NODE 13A$NSTATUS$NTEST CYCLE$NCHANNEL 1$NCELL",,"CELL_ASI_NODE_SAFETY_STATUS_CH1_A[13].2"
COMMENT,,CELL_ASI_NODE_SAFETY_STATUS_CH1_A,"ASI SAFETY NODE 13A$NSTATUS$NERROR LOCK$NCHANNEL 1$NCELL",,"CELL_ASI_NODE_SAFETY_STATUS_CH1_A[13].3"
COMMENT,,CELL_ASI_NODE_SAFETY_STATUS_CH1_A,"ASI SAFETY NODE 13A$NSTATUS$NMISSING SLAVE$NCHANNEL 1$NCELL",,"CELL_ASI_NODE_SAFETY_STATUS_CH1_A[13].4"
COMMENT,,CELL_ASI_NODE_SAFETY_STATUS_CH1_A,"ASI SAFETY NODE 13A$NSTATUS$NPERIPHERAL FAULT$NCHANNEL 1$NCELL",,"CELL_ASI_NODE_SAFETY_STATUS_CH1_A[13].5"
COMMENT,,CELL_ASI_NODE_SAFETY_STATUS_CH1_A,"ASI SAFETY NODE 14A$NSTATUS$NCHANNEL 1$NCELL",,"CELL_ASI_NODE_SAFETY_STATUS_CH1_A[14]"
COMMENT,,CELL_ASI_NODE_SAFETY_STATUS_CH1_A,"ASI SAFETY NODE 14A$NSTATUS OK$NCHANNEL 1$NCELL",,"CELL_ASI_NODE_SAFETY_STATUS_CH1_A[14].0"
COMMENT,,CELL_ASI_NODE_SAFETY_STATUS_CH1_A,"ASI SAFETY NODE 14A$NSTATUS WAIT$NCHANNEL 1$NCELL",,"CELL_ASI_NODE_SAFETY_STATUS_CH1_A[14].1"
COMMENT,,CELL_ASI_NODE_SAFETY_STATUS_CH1_A,"ASI SAFETY NODE 14A$NSTATUS$NTEST CYCLE$NCHANNEL 1$NCELL",,"CELL_ASI_NODE_SAFETY_STATUS_CH1_A[14].2"
COMMENT,,CELL_ASI_NODE_SAFETY_STATUS_CH1_A,"ASI SAFETY NODE 14A$NSTATUS$NERROR LOCK$NCHANNEL 1$NCELL",,"CELL_ASI_NODE_SAFETY_STATUS_CH1_A[14].3"
COMMENT,,CELL_ASI_NODE_SAFETY_STATUS_CH1_A,"ASI SAFETY NODE 14A$NSTATUS$NMISSING SLAVE$NCHANNEL 1$NCELL",,"CELL_ASI_NODE_SAFETY_STATUS_CH1_A[14].4"
COMMENT,,CELL_ASI_NODE_SAFETY_STATUS_CH1_A,"ASI SAFETY NODE 14A$NSTATUS$NPERIPHERAL FAULT$NCHANNEL 1$NCELL",,"CELL_ASI_NODE_SAFETY_STATUS_CH1_A[14].5"
COMMENT,,CELL_ASI_NODE_SAFETY_STATUS_CH1_A,"ASI SAFETY NODE 15A$NSTATUS$NCHANNEL 1$NCELL",,"CELL_ASI_NODE_SAFETY_STATUS_CH1_A[15]"
COMMENT,,CELL_ASI_NODE_SAFETY_STATUS_CH1_A,"ASI SAFETY NODE 15A$NSTATUS OK$NCHANNEL 1$NCELL",,"CELL_ASI_NODE_SAFETY_STATUS_CH1_A[15].0"
COMMENT,,CELL_ASI_NODE_SAFETY_STATUS_CH1_A,"ASI SAFETY NODE 15A$NSTATUS WAIT$NCHANNEL 1$NCELL",,"CELL_ASI_NODE_SAFETY_STATUS_CH1_A[15].1"
COMMENT,,CELL_ASI_NODE_SAFETY_STATUS_CH1_A,"ASI SAFETY NODE 15A$NSTATUS$NTEST CYCLE$NCHANNEL 1$NCELL",,"CELL_ASI_NODE_SAFETY_STATUS_CH1_A[15].2"
COMMENT,,CELL_ASI_NODE_SAFETY_STATUS_CH1_A,"ASI SAFETY NODE 15A$NSTATUS$NERROR LOCK$NCHANNEL 1$NCELL",,"CELL_ASI_NODE_SAFETY_STATUS_CH1_A[15].3"
COMMENT,,CELL_ASI_NODE_SAFETY_STATUS_CH1_A,"ASI SAFETY NODE 15A$NSTATUS$NMISSING SLAVE$NCHANNEL 1$NCELL",,"CELL_ASI_NODE_SAFETY_STATUS_CH1_A[15].4"
COMMENT,,CELL_ASI_NODE_SAFETY_STATUS_CH1_A,"ASI SAFETY NODE 15A$NSTATUS$NPERIPHERAL FAULT$NCHANNEL 1$NCELL",,"CELL_ASI_NODE_SAFETY_STATUS_CH1_A[15].5"
COMMENT,,CELL_ASI_NODE_SAFETY_STATUS_CH1_A,"ASI SAFETY NODE 16A$NSTATUS$NCHANNEL 1$NCELL",,"CELL_ASI_NODE_SAFETY_STATUS_CH1_A[16]"
COMMENT,,CELL_ASI_NODE_SAFETY_STATUS_CH1_A,"ASI SAFETY NODE 16A$NSTATUS OK$NCHANNEL 1$NCELL",,"CELL_ASI_NODE_SAFETY_STATUS_CH1_A[16].0"
COMMENT,,CELL_ASI_NODE_SAFETY_STATUS_CH1_A,"ASI SAFETY NODE 16A$NSTATUS WAIT$NCHANNEL 1$NCELL",,"CELL_ASI_NODE_SAFETY_STATUS_CH1_A[16].1"
COMMENT,,CELL_ASI_NODE_SAFETY_STATUS_CH1_A,"ASI SAFETY NODE 16A$NSTATUS$NTEST CYCLE$NCHANNEL 1$NCELL",,"CELL_ASI_NODE_SAFETY_STATUS_CH1_A[16].2"
COMMENT,,CELL_ASI_NODE_SAFETY_STATUS_CH1_A,"ASI SAFETY NODE 16A$NSTATUS$NERROR LOCK$NCHANNEL 1$NCELL",,"CELL_ASI_NODE_SAFETY_STATUS_CH1_A[16].3"
COMMENT,,CELL_ASI_NODE_SAFETY_STATUS_CH1_A,"ASI SAFETY NODE 16A$NSTATUS$NMISSING SLAVE$NCHANNEL 1$NCELL",,"CELL_ASI_NODE_SAFETY_STATUS_CH1_A[16].4"
COMMENT,,CELL_ASI_NODE_SAFETY_STATUS_CH1_A,"ASI SAFETY NODE 16A$NSTATUS$NPERIPHERAL FAULT$NCHANNEL 1$NCELL",,"CELL_ASI_NODE_SAFETY_STATUS_CH1_A[16].5"
COMMENT,,CELL_ASI_NODE_SAFETY_STATUS_CH1_A,"ASI SAFETY NODE 17A$NSTATUS$NCHANNEL 1$NCELL",,"CELL_ASI_NODE_SAFETY_STATUS_CH1_A[17]"
COMMENT,,CELL_ASI_NODE_SAFETY_STATUS_CH1_A,"ASI SAFETY NODE 17A$NSTATUS OK$NCHANNEL 1$NCELL",,"CELL_ASI_NODE_SAFETY_STATUS_CH1_A[17].0"
COMMENT,,CELL_ASI_NODE_SAFETY_STATUS_CH1_A,"ASI SAFETY NODE 17A$NSTATUS WAIT$NCHANNEL 1$NCELL",,"CELL_ASI_NODE_SAFETY_STATUS_CH1_A[17].1"
COMMENT,,CELL_ASI_NODE_SAFETY_STATUS_CH1_A,"ASI SAFETY NODE 17A$NSTATUS$NTEST CYCLE$NCHANNEL 1$NCELL",,"CELL_ASI_NODE_SAFETY_STATUS_CH1_A[17].2"
COMMENT,,CELL_ASI_NODE_SAFETY_STATUS_CH1_A,"ASI SAFETY NODE 17A$NSTATUS$NERROR LOCK$NCHANNEL 1$NCELL",,"CELL_ASI_NODE_SAFETY_STATUS_CH1_A[17].3"
COMMENT,,CELL_ASI_NODE_SAFETY_STATUS_CH1_A,"ASI SAFETY NODE 17A$NSTATUS$NMISSING SLAVE$NCHANNEL 1$NCELL",,"CELL_ASI_NODE_SAFETY_STATUS_CH1_A[17].4"
COMMENT,,CELL_ASI_NODE_SAFETY_STATUS_CH1_A,"ASI SAFETY NODE 17A$NSTATUS$NPERIPHERAL FAULT$NCHANNEL 1$NCELL",,"CELL_ASI_NODE_SAFETY_STATUS_CH1_A[17].5"
COMMENT,,CELL_ASI_NODE_SAFETY_STATUS_CH1_A,"ASI SAFETY NODE 18A$NSTATUS$NCHANNEL 1$NCELL",,"CELL_ASI_NODE_SAFETY_STATUS_CH1_A[18]"
COMMENT,,CELL_ASI_NODE_SAFETY_STATUS_CH1_A,"ASI SAFETY NODE 18A$NSTATUS OK$NCHANNEL 1$NCELL",,"CELL_ASI_NODE_SAFETY_STATUS_CH1_A[18].0"
COMMENT,,CELL_ASI_NODE_SAFETY_STATUS_CH1_A,"ASI SAFETY NODE 18A$NSTATUS WAIT$NCHANNEL 1$NCELL",,"CELL_ASI_NODE_SAFETY_STATUS_CH1_A[18].1"
COMMENT,,CELL_ASI_NODE_SAFETY_STATUS_CH1_A,"ASI SAFETY NODE 18A$NSTATUS$NTEST CYCLE$NCHANNEL 1$NCELL",,"CELL_ASI_NODE_SAFETY_STATUS_CH1_A[18].2"
COMMENT,,CELL_ASI_NODE_SAFETY_STATUS_CH1_A,"ASI SAFETY NODE 18A$NSTATUS$NERROR LOCK$NCHANNEL 1$NCELL",,"CELL_ASI_NODE_SAFETY_STATUS_CH1_A[18].3"
COMMENT,,CELL_ASI_NODE_SAFETY_STATUS_CH1_A,"ASI SAFETY NODE 18A$NSTATUS$NMISSING SLAVE$NCHANNEL 1$NCELL",,"CELL_ASI_NODE_SAFETY_STATUS_CH1_A[18].4"
COMMENT,,CELL_ASI_NODE_SAFETY_STATUS_CH1_A,"ASI SAFETY NODE 18A$NSTATUS$NPERIPHERAL FAULT$NCHANNEL 1$NCELL",,"CELL_ASI_NODE_SAFETY_STATUS_CH1_A[18].5"
COMMENT,,CELL_ASI_NODE_SAFETY_STATUS_CH1_A,"ASI SAFETY NODE 19A$NSTATUS$NCHANNEL 1$NCELL",,"CELL_ASI_NODE_SAFETY_STATUS_CH1_A[19]"
COMMENT,,CELL_ASI_NODE_SAFETY_STATUS_CH1_A,"ASI SAFETY NODE 19A$NSTATUS OK$NCHANNEL 1$NCELL",,"CELL_ASI_NODE_SAFETY_STATUS_CH1_A[19].0"
COMMENT,,CELL_ASI_NODE_SAFETY_STATUS_CH1_A,"ASI SAFETY NODE 19A$NSTATUS WAIT$NCHANNEL 1$NCELL",,"CELL_ASI_NODE_SAFETY_STATUS_CH1_A[19].1"
COMMENT,,CELL_ASI_NODE_SAFETY_STATUS_CH1_A,"ASI SAFETY NODE 19A$NSTATUS$NTEST CYCLE$NCHANNEL 1$NCELL",,"CELL_ASI_NODE_SAFETY_STATUS_CH1_A[19].2"
COMMENT,,CELL_ASI_NODE_SAFETY_STATUS_CH1_A,"ASI SAFETY NODE 19A$NSTATUS$NERROR LOCK$NCHANNEL 1$NCELL",,"CELL_ASI_NODE_SAFETY_STATUS_CH1_A[19].3"
COMMENT,,CELL_ASI_NODE_SAFETY_STATUS_CH1_A,"ASI SAFETY NODE 19A$NSTATUS$NMISSING SLAVE$NCHANNEL 1$NCELL",,"CELL_ASI_NODE_SAFETY_STATUS_CH1_A[19].4"
COMMENT,,CELL_ASI_NODE_SAFETY_STATUS_CH1_A,"ASI SAFETY NODE 19A$NSTATUS$NPERIPHERAL FAULT$NCHANNEL 1$NCELL",,"CELL_ASI_NODE_SAFETY_STATUS_CH1_A[19].5"
COMMENT,,CELL_ASI_NODE_SAFETY_STATUS_CH1_A,"ASI SAFETY NODE 20A$NSTATUS$NCHANNEL 1$NCELL",,"CELL_ASI_NODE_SAFETY_STATUS_CH1_A[20]"
COMMENT,,CELL_ASI_NODE_SAFETY_STATUS_CH1_A,"ASI SAFETY NODE 20A$NSTATUS OK$NCHANNEL 1$NCELL",,"CELL_ASI_NODE_SAFETY_STATUS_CH1_A[20].0"
COMMENT,,CELL_ASI_NODE_SAFETY_STATUS_CH1_A,"ASI SAFETY NODE 20A$NSTATUS WAIT$NCHANNEL 1$NCELL",,"CELL_ASI_NODE_SAFETY_STATUS_CH1_A[20].1"
COMMENT,,CELL_ASI_NODE_SAFETY_STATUS_CH1_A,"ASI SAFETY NODE 20A$NSTATUS$NTEST CYCLE$NCHANNEL 1$NCELL",,"CELL_ASI_NODE_SAFETY_STATUS_CH1_A[20].2"
COMMENT,,CELL_ASI_NODE_SAFETY_STATUS_CH1_A,"ASI SAFETY NODE 20A$NSTATUS$NERROR LOCK$NCHANNEL 1$NCELL",,"CELL_ASI_NODE_SAFETY_STATUS_CH1_A[20].3"
COMMENT,,CELL_ASI_NODE_SAFETY_STATUS_CH1_A,"ASI SAFETY NODE 20A$NSTATUS$NMISSING SLAVE$NCHANNEL 1$NCELL",,"CELL_ASI_NODE_SAFETY_STATUS_CH1_A[20].4"
COMMENT,,CELL_ASI_NODE_SAFETY_STATUS_CH1_A,"ASI SAFETY NODE 20A$NSTATUS$NPERIPHERAL FAULT$NCHANNEL 1$NCELL",,"CELL_ASI_NODE_SAFETY_STATUS_CH1_A[20].5"
COMMENT,,CELL_ASI_NODE_SAFETY_STATUS_CH1_A,"ASI SAFETY NODE 21A$NSTATUS$NCHANNEL 1$NCELL",,"CELL_ASI_NODE_SAFETY_STATUS_CH1_A[21]"
COMMENT,,CELL_ASI_NODE_SAFETY_STATUS_CH1_A,"ASI SAFETY NODE 21A$NSTATUS OK$NCHANNEL 1$NCELL",,"CELL_ASI_NODE_SAFETY_STATUS_CH1_A[21].0"
COMMENT,,CELL_ASI_NODE_SAFETY_STATUS_CH1_A,"ASI SAFETY NODE 21A$NSTATUS WAIT$NCHANNEL 1$NCELL",,"CELL_ASI_NODE_SAFETY_STATUS_CH1_A[21].1"
COMMENT,,CELL_ASI_NODE_SAFETY_STATUS_CH1_A,"ASI SAFETY NODE 21A$NSTATUS$NTEST CYCLE$NCHANNEL 1$NCELL",,"CELL_ASI_NODE_SAFETY_STATUS_CH1_A[21].2"
COMMENT,,CELL_ASI_NODE_SAFETY_STATUS_CH1_A,"ASI SAFETY NODE 21A$NSTATUS$NERROR LOCK$NCHANNEL 1$NCELL",,"CELL_ASI_NODE_SAFETY_STATUS_CH1_A[21].3"
COMMENT,,CELL_ASI_NODE_SAFETY_STATUS_CH1_A,"ASI SAFETY NODE 21A$NSTATUS$NMISSING SLAVE$NCHANNEL 1$NCELL",,"CELL_ASI_NODE_SAFETY_STATUS_CH1_A[21].4"
COMMENT,,CELL_ASI_NODE_SAFETY_STATUS_CH1_A,"ASI SAFETY NODE 21A$NSTATUS$NPERIPHERAL FAULT$NCHANNEL 1$NCELL",,"CELL_ASI_NODE_SAFETY_STATUS_CH1_A[21].5"
COMMENT,,CELL_ASI_NODE_SAFETY_STATUS_CH1_A,"ASI SAFETY NODE 22A$NSTATUS$NCHANNEL 1$NCELL",,"CELL_ASI_NODE_SAFETY_STATUS_CH1_A[22]"
COMMENT,,CELL_ASI_NODE_SAFETY_STATUS_CH1_A,"ASI SAFETY NODE 22A$NSTATUS OK$NCHANNEL 1$NCELL",,"CELL_ASI_NODE_SAFETY_STATUS_CH1_A[22].0"
COMMENT,,CELL_ASI_NODE_SAFETY_STATUS_CH1_A,"ASI SAFETY NODE 22A$NSTATUS WAIT$NCHANNEL 1$NCELL",,"CELL_ASI_NODE_SAFETY_STATUS_CH1_A[22].1"
COMMENT,,CELL_ASI_NODE_SAFETY_STATUS_CH1_A,"ASI SAFETY NODE 22A$NSTATUS$NTEST CYCLE$NCHANNEL 1$NCELL",,"CELL_ASI_NODE_SAFETY_STATUS_CH1_A[22].2"
COMMENT,,CELL_ASI_NODE_SAFETY_STATUS_CH1_A,"ASI SAFETY NODE 22A$NSTATUS$NERROR LOCK$NCHANNEL 1$NCELL",,"CELL_ASI_NODE_SAFETY_STATUS_CH1_A[22].3"
COMMENT,,CELL_ASI_NODE_SAFETY_STATUS_CH1_A,"ASI SAFETY NODE 22A$NSTATUS$NMISSING SLAVE$NCHANNEL 1$NCELL",,"CELL_ASI_NODE_SAFETY_STATUS_CH1_A[22].4"
COMMENT,,CELL_ASI_NODE_SAFETY_STATUS_CH1_A,"ASI SAFETY NODE 22A$NSTATUS$NPERIPHERAL FAULT$NCHANNEL 1$NCELL",,"CELL_ASI_NODE_SAFETY_STATUS_CH1_A[22].5"
COMMENT,,CELL_ASI_NODE_SAFETY_STATUS_CH1_A,"ASI SAFETY NODE 23A$NSTATUS$NCHANNEL 1$NCELL",,"CELL_ASI_NODE_SAFETY_STATUS_CH1_A[23]"
COMMENT,,CELL_ASI_NODE_SAFETY_STATUS_CH1_A,"ASI SAFETY NODE 23A$NSTATUS OK$NCHANNEL 1$NCELL",,"CELL_ASI_NODE_SAFETY_STATUS_CH1_A[23].0"
COMMENT,,CELL_ASI_NODE_SAFETY_STATUS_CH1_A,"ASI SAFETY NODE 23A$NSTATUS WAIT$NCHANNEL 1$NCELL",,"CELL_ASI_NODE_SAFETY_STATUS_CH1_A[23].1"
COMMENT,,CELL_ASI_NODE_SAFETY_STATUS_CH1_A,"ASI SAFETY NODE 23A$NSTATUS$NTEST CYCLE$NCHANNEL 1$NCELL",,"CELL_ASI_NODE_SAFETY_STATUS_CH1_A[23].2"
COMMENT,,CELL_ASI_NODE_SAFETY_STATUS_CH1_A,"ASI SAFETY NODE 23A$NSTATUS$NERROR LOCK$NCHANNEL 1$NCELL",,"CELL_ASI_NODE_SAFETY_STATUS_CH1_A[23].3"
COMMENT,,CELL_ASI_NODE_SAFETY_STATUS_CH1_A,"ASI SAFETY NODE 23A$NSTATUS$NMISSING SLAVE$NCHANNEL 1$NCELL",,"CELL_ASI_NODE_SAFETY_STATUS_CH1_A[23].4"
COMMENT,,CELL_ASI_NODE_SAFETY_STATUS_CH1_A,"ASI SAFETY NODE 23A$NSTATUS$NPERIPHERAL FAULT$NCHANNEL 1$NCELL",,"CELL_ASI_NODE_SAFETY_STATUS_CH1_A[23].5"
COMMENT,,CELL_ASI_NODE_SAFETY_STATUS_CH1_A,"ASI SAFETY NODE 24A$NSTATUS$NCHANNEL 1$NCELL",,"CELL_ASI_NODE_SAFETY_STATUS_CH1_A[24]"
COMMENT,,CELL_ASI_NODE_SAFETY_STATUS_CH1_A,"ASI SAFETY NODE 24A$NSTATUS OK$NCHANNEL 1$NCELL",,"CELL_ASI_NODE_SAFETY_STATUS_CH1_A[24].0"
COMMENT,,CELL_ASI_NODE_SAFETY_STATUS_CH1_A,"ASI SAFETY NODE 24A$NSTATUS WAIT$NCHANNEL 1$NCELL",,"CELL_ASI_NODE_SAFETY_STATUS_CH1_A[24].1"
COMMENT,,CELL_ASI_NODE_SAFETY_STATUS_CH1_A,"ASI SAFETY NODE 24A$NSTATUS$NTEST CYCLE$NCHANNEL 1$NCELL",,"CELL_ASI_NODE_SAFETY_STATUS_CH1_A[24].2"
COMMENT,,CELL_ASI_NODE_SAFETY_STATUS_CH1_A,"ASI SAFETY NODE 24A$NSTATUS$NERROR LOCK$NCHANNEL 1$NCELL",,"CELL_ASI_NODE_SAFETY_STATUS_CH1_A[24].3"
COMMENT,,CELL_ASI_NODE_SAFETY_STATUS_CH1_A,"ASI SAFETY NODE 24A$NSTATUS$NMISSING SLAVE$NCHANNEL 1$NCELL",,"CELL_ASI_NODE_SAFETY_STATUS_CH1_A[24].4"
COMMENT,,CELL_ASI_NODE_SAFETY_STATUS_CH1_A,"ASI SAFETY NODE 24A$NSTATUS$NPERIPHERAL FAULT$NCHANNEL 1$NCELL",,"CELL_ASI_NODE_SAFETY_STATUS_CH1_A[24].5"
COMMENT,,CELL_ASI_NODE_SAFETY_STATUS_CH1_A,"ASI SAFETY NODE 25A$NSTATUS$NCHANNEL 1$NCELL",,"CELL_ASI_NODE_SAFETY_STATUS_CH1_A[25]"
COMMENT,,CELL_ASI_NODE_SAFETY_STATUS_CH1_A,"ASI SAFETY NODE 25A$NSTATUS OK$NCHANNEL 1$NCELL",,"CELL_ASI_NODE_SAFETY_STATUS_CH1_A[25].0"
COMMENT,,CELL_ASI_NODE_SAFETY_STATUS_CH1_A,"ASI SAFETY NODE 25A$NSTATUS WAIT$NCHANNEL 1$NCELL",,"CELL_ASI_NODE_SAFETY_STATUS_CH1_A[25].1"
COMMENT,,CELL_ASI_NODE_SAFETY_STATUS_CH1_A,"ASI SAFETY NODE 25A$NSTATUS$NTEST CYCLE$NCHANNEL 1$NCELL",,"CELL_ASI_NODE_SAFETY_STATUS_CH1_A[25].2"
COMMENT,,CELL_ASI_NODE_SAFETY_STATUS_CH1_A,"ASI SAFETY NODE 25A$NSTATUS$NERROR LOCK$NCHANNEL 1$NCELL",,"CELL_ASI_NODE_SAFETY_STATUS_CH1_A[25].3"
COMMENT,,CELL_ASI_NODE_SAFETY_STATUS_CH1_A,"ASI SAFETY NODE 25A$NSTATUS$NMISSING SLAVE$NCHANNEL 1$NCELL",,"CELL_ASI_NODE_SAFETY_STATUS_CH1_A[25].4"
COMMENT,,CELL_ASI_NODE_SAFETY_STATUS_CH1_A,"ASI SAFETY NODE 25A$NSTATUS$NPERIPHERAL FAULT$NCHANNEL 1$NCELL",,"CELL_ASI_NODE_SAFETY_STATUS_CH1_A[25].5"
COMMENT,,CELL_ASI_NODE_SAFETY_STATUS_CH1_A,"ASI SAFETY NODE 26A$NSTATUS$NCHANNEL 1$NCELL",,"CELL_ASI_NODE_SAFETY_STATUS_CH1_A[26]"
COMMENT,,CELL_ASI_NODE_SAFETY_STATUS_CH1_A,"ASI SAFETY NODE 26A$NSTATUS OK$NCHANNEL 1$NCELL",,"CELL_ASI_NODE_SAFETY_STATUS_CH1_A[26].0"
COMMENT,,CELL_ASI_NODE_SAFETY_STATUS_CH1_A,"ASI SAFETY NODE 26A$NSTATUS WAIT$NCHANNEL 1$NCELL",,"CELL_ASI_NODE_SAFETY_STATUS_CH1_A[26].1"
COMMENT,,CELL_ASI_NODE_SAFETY_STATUS_CH1_A,"ASI SAFETY NODE 26A$NSTATUS$NTEST CYCLE$NCHANNEL 1$NCELL",,"CELL_ASI_NODE_SAFETY_STATUS_CH1_A[26].2"
COMMENT,,CELL_ASI_NODE_SAFETY_STATUS_CH1_A,"ASI SAFETY NODE 26A$NSTATUS$NERROR LOCK$NCHANNEL 1$NCELL",,"CELL_ASI_NODE_SAFETY_STATUS_CH1_A[26].3"
COMMENT,,CELL_ASI_NODE_SAFETY_STATUS_CH1_A,"ASI SAFETY NODE 26A$NSTATUS$NMISSING SLAVE$NCHANNEL 1$NCELL",,"CELL_ASI_NODE_SAFETY_STATUS_CH1_A[26].4"
COMMENT,,CELL_ASI_NODE_SAFETY_STATUS_CH1_A,"ASI SAFETY NODE 26A$NSTATUS$NPERIPHERAL FAULT$NCHANNEL 1$NCELL",,"CELL_ASI_NODE_SAFETY_STATUS_CH1_A[26].5"
COMMENT,,CELL_ASI_NODE_SAFETY_STATUS_CH1_A,"ASI SAFETY NODE 27A$NSTATUS$NCHANNEL 1$NCELL",,"CELL_ASI_NODE_SAFETY_STATUS_CH1_A[27]"
COMMENT,,CELL_ASI_NODE_SAFETY_STATUS_CH1_A,"ASI SAFETY NODE 27A$NSTATUS OK$NCHANNEL 1$NCELL",,"CELL_ASI_NODE_SAFETY_STATUS_CH1_A[27].0"
COMMENT,,CELL_ASI_NODE_SAFETY_STATUS_CH1_A,"ASI SAFETY NODE 27A$NSTATUS WAIT$NCHANNEL 1$NCELL",,"CELL_ASI_NODE_SAFETY_STATUS_CH1_A[27].1"
COMMENT,,CELL_ASI_NODE_SAFETY_STATUS_CH1_A,"ASI SAFETY NODE 27A$NSTATUS$NTEST CYCLE$NCHANNEL 1$NCELL",,"CELL_ASI_NODE_SAFETY_STATUS_CH1_A[27].2"
COMMENT,,CELL_ASI_NODE_SAFETY_STATUS_CH1_A,"ASI SAFETY NODE 27A$NSTATUS$NERROR LOCK$NCHANNEL 1$NCELL",,"CELL_ASI_NODE_SAFETY_STATUS_CH1_A[27].3"
COMMENT,,CELL_ASI_NODE_SAFETY_STATUS_CH1_A,"ASI SAFETY NODE 27A$NSTATUS$NMISSING SLAVE$NCHANNEL 1$NCELL",,"CELL_ASI_NODE_SAFETY_STATUS_CH1_A[27].4"
COMMENT,,CELL_ASI_NODE_SAFETY_STATUS_CH1_A,"ASI SAFETY NODE 27A$NSTATUS$NPERIPHERAL FAULT$NCHANNEL 1$NCELL",,"CELL_ASI_NODE_SAFETY_STATUS_CH1_A[27].5"
COMMENT,,CELL_ASI_NODE_SAFETY_STATUS_CH1_A,"ASI SAFETY NODE 28A$NSTATUS$NCHANNEL 1$NCELL",,"CELL_ASI_NODE_SAFETY_STATUS_CH1_A[28]"
COMMENT,,CELL_ASI_NODE_SAFETY_STATUS_CH1_A,"ASI SAFETY NODE 28$NSTATUS OK$NCHANNEL 1$NCELL",,"CELL_ASI_NODE_SAFETY_STATUS_CH1_A[28].0"
COMMENT,,CELL_ASI_NODE_SAFETY_STATUS_CH1_A,"ASI SAFETY NODE 28A$NSTATUS WAIT$NCHANNEL 1$NCELL",,"CELL_ASI_NODE_SAFETY_STATUS_CH1_A[28].1"
COMMENT,,CELL_ASI_NODE_SAFETY_STATUS_CH1_A,"ASI SAFETY NODE 28$NSTATUS$NTEST CYCLE$NCHANNEL 1$NCELL",,"CELL_ASI_NODE_SAFETY_STATUS_CH1_A[28].2"
COMMENT,,CELL_ASI_NODE_SAFETY_STATUS_CH1_A,"ASI SAFETY NODE 28A$NSTATUS$NERROR LOCK$NCHANNEL 1$NCELL",,"CELL_ASI_NODE_SAFETY_STATUS_CH1_A[28].3"
COMMENT,,CELL_ASI_NODE_SAFETY_STATUS_CH1_A,"ASI SAFETY NODE 28A$NSTATUS$NMISSING SLAVE$NCHANNEL 1$NCELL",,"CELL_ASI_NODE_SAFETY_STATUS_CH1_A[28].4"
COMMENT,,CELL_ASI_NODE_SAFETY_STATUS_CH1_A,"ASI SAFETY NODE 28A$NSTATUS$NPERIPHERAL FAULT$NCHANNEL 1$NCELL",,"CELL_ASI_NODE_SAFETY_STATUS_CH1_A[28].5"
COMMENT,,CELL_ASI_NODE_SAFETY_STATUS_CH1_A,"ASI SAFETY NODE 29A$NSTATUS$NCHANNEL 1$NCELL",,"CELL_ASI_NODE_SAFETY_STATUS_CH1_A[29]"
COMMENT,,CELL_ASI_NODE_SAFETY_STATUS_CH1_A,"ASI SAFETY NODE 29A$NSTATUS OK$NCHANNEL 1$NCELL",,"CELL_ASI_NODE_SAFETY_STATUS_CH1_A[29].0"
COMMENT,,CELL_ASI_NODE_SAFETY_STATUS_CH1_A,"ASI SAFETY NODE 29A$NSTATUS WAIT$NCHANNEL 1$NCELL",,"CELL_ASI_NODE_SAFETY_STATUS_CH1_A[29].1"
COMMENT,,CELL_ASI_NODE_SAFETY_STATUS_CH1_A,"ASI SAFETY NODE 29A$NSTATUS$NTEST CYCLE$NCHANNEL 1$NCELL",,"CELL_ASI_NODE_SAFETY_STATUS_CH1_A[29].2"
COMMENT,,CELL_ASI_NODE_SAFETY_STATUS_CH1_A,"ASI SAFETY NODE 29A$NSTATUS$NERROR LOCK$NCHANNEL 1$NCELL",,"CELL_ASI_NODE_SAFETY_STATUS_CH1_A[29].3"
COMMENT,,CELL_ASI_NODE_SAFETY_STATUS_CH1_A,"ASI SAFETY NODE 29A$NSTATUS$NMISSING SLAVE$NCHANNEL 1$NCELL",,"CELL_ASI_NODE_SAFETY_STATUS_CH1_A[29].4"
COMMENT,,CELL_ASI_NODE_SAFETY_STATUS_CH1_A,"ASI SAFETY NODE 29A$NSTATUS$NPERIPHERAL FAULT$NCHANNEL 1$NCELL",,"CELL_ASI_NODE_SAFETY_STATUS_CH1_A[29].5"
COMMENT,,CELL_ASI_NODE_SAFETY_STATUS_CH1_A,"ASI SAFETY NODE 30A$NSTATUS$NCHANNEL 1$NCELL",,"CELL_ASI_NODE_SAFETY_STATUS_CH1_A[30]"
COMMENT,,CELL_ASI_NODE_SAFETY_STATUS_CH1_A,"ASI SAFETY NODE 30A$NSTATUS OK$NCHANNEL 1$NCELL",,"CELL_ASI_NODE_SAFETY_STATUS_CH1_A[30].0"
COMMENT,,CELL_ASI_NODE_SAFETY_STATUS_CH1_A,"ASI SAFETY NODE 30A$NSTATUS WAIT$NCHANNEL 1$NCELL",,"CELL_ASI_NODE_SAFETY_STATUS_CH1_A[30].1"
COMMENT,,CELL_ASI_NODE_SAFETY_STATUS_CH1_A,"ASI SAFETY NODE 30A$NSTATUS$NTEST CYCLE$NCHANNEL 1$NCELL",,"CELL_ASI_NODE_SAFETY_STATUS_CH1_A[30].2"
COMMENT,,CELL_ASI_NODE_SAFETY_STATUS_CH1_A,"ASI SAFETY NODE 30A$NSTATUS$NERROR LOCK$NCHANNEL 1$NCELL",,"CELL_ASI_NODE_SAFETY_STATUS_CH1_A[30].3"
COMMENT,,CELL_ASI_NODE_SAFETY_STATUS_CH1_A,"ASI SAFETY NODE 30A$NSTATUS$NMISSING SLAVE$NCHANNEL 1$NCELL",,"CELL_ASI_NODE_SAFETY_STATUS_CH1_A[30].4"
COMMENT,,CELL_ASI_NODE_SAFETY_STATUS_CH1_A,"ASI SAFETY NODE 30A$NSTATUS$NPERIPHERAL FAULT$NCHANNEL 1$NCELL",,"CELL_ASI_NODE_SAFETY_STATUS_CH1_A[30].5"
COMMENT,,CELL_ASI_NODE_SAFETY_STATUS_CH1_A,"ASI SAFETY NODE 31A$NSTATUS$NCHANNEL 1$NCELL",,"CELL_ASI_NODE_SAFETY_STATUS_CH1_A[31]"
COMMENT,,CELL_ASI_NODE_SAFETY_STATUS_CH1_A,"ASI SAFETY NODE 31A$NSTATUS OK$NCHANNEL 1$NCELL",,"CELL_ASI_NODE_SAFETY_STATUS_CH1_A[31].0"
COMMENT,,CELL_ASI_NODE_SAFETY_STATUS_CH1_A,"ASI SAFETY NODE 31A$NSTATUS WAIT$NCHANNEL 1$NCELL",,"CELL_ASI_NODE_SAFETY_STATUS_CH1_A[31].1"
COMMENT,,CELL_ASI_NODE_SAFETY_STATUS_CH1_A,"ASI SAFETY NODE 31A$NSTATUS$NTEST CYCLE$NCHANNEL 1$NCELL",,"CELL_ASI_NODE_SAFETY_STATUS_CH1_A[31].2"
COMMENT,,CELL_ASI_NODE_SAFETY_STATUS_CH1_A,"ASI SAFETY NODE 31A$NSTATUS$NERROR LOCK$NCHANNEL 1$NCELL",,"CELL_ASI_NODE_SAFETY_STATUS_CH1_A[31].3"
COMMENT,,CELL_ASI_NODE_SAFETY_STATUS_CH1_A,"ASI SAFETY NODE 31A$NSTATUS$NMISSING SLAVE$NCHANNEL 1$NCELL",,"CELL_ASI_NODE_SAFETY_STATUS_CH1_A[31].4"
COMMENT,,CELL_ASI_NODE_SAFETY_STATUS_CH1_A,"ASI SAFETY NODE 31A$NSTATUS$NPERIPHERAL FAULT$NCHANNEL 1$NCELL",,"CELL_ASI_NODE_SAFETY_STATUS_CH1_A[31].5"
TAG,,CELL_ASI_NODE_SAFETY_STATUS_CH1_B,"ASI SAFETY B NODES$NSTATUS$NCHANNEL 1$NCELL","INT[32]","","(RADIX := Decimal, Constant := false, ExternalAccess := Read/Write)"
COMMENT,,CELL_ASI_NODE_SAFETY_STATUS_CH1_B,"ASI SAFETY NULL STATUS$NCHANNEL 1$NCELL",,"CELL_ASI_NODE_SAFETY_STATUS_CH1_B[0]"
COMMENT,,CELL_ASI_NODE_SAFETY_STATUS_CH1_B,"ASI SAFETY NODE 1B$NSTATUS$NCHANNEL 1$NCELL",,"CELL_ASI_NODE_SAFETY_STATUS_CH1_B[1]"
COMMENT,,CELL_ASI_NODE_SAFETY_STATUS_CH1_B,"ASI SAFETY NODE 1B$NSTATUS OK$NCHANNEL 1$NCELL",,"CELL_ASI_NODE_SAFETY_STATUS_CH1_B[1].0"
COMMENT,,CELL_ASI_NODE_SAFETY_STATUS_CH1_B,"ASI SAFETY NODE 1B$NSTATUS WAIT$NCHANNEL 1$NCELL",,"CELL_ASI_NODE_SAFETY_STATUS_CH1_B[1].1"
COMMENT,,CELL_ASI_NODE_SAFETY_STATUS_CH1_B,"ASI SAFETY NODE 1B$NSTATUS$NTEST CYCLE$NCHANNEL 1$NCELL",,"CELL_ASI_NODE_SAFETY_STATUS_CH1_B[1].2"
COMMENT,,CELL_ASI_NODE_SAFETY_STATUS_CH1_B,"ASI SAFETY NODE 1B$NSTATUS$NERROR LOCK$NCHANNEL 1$NCELL",,"CELL_ASI_NODE_SAFETY_STATUS_CH1_B[1].3"
COMMENT,,CELL_ASI_NODE_SAFETY_STATUS_CH1_B,"ASI SAFETY NODE 1B$NSTATUS$NMISSING SLAVE$NCHANNEL 1$NCELL",,"CELL_ASI_NODE_SAFETY_STATUS_CH1_B[1].4"
COMMENT,,CELL_ASI_NODE_SAFETY_STATUS_CH1_B,"ASI SAFETY NODE 1B$NSTATUS$NPERIPHERAL FAULT$NCHANNEL 1$NCELL",,"CELL_ASI_NODE_SAFETY_STATUS_CH1_B[1].5"
COMMENT,,CELL_ASI_NODE_SAFETY_STATUS_CH1_B,"ASI SAFETY NODE 2B$NSTATUS$NCHANNEL 1$NCELL",,"CELL_ASI_NODE_SAFETY_STATUS_CH1_B[2]"
COMMENT,,CELL_ASI_NODE_SAFETY_STATUS_CH1_B,"ASI SAFETY NODE 2B$NSTATUS OK$NCHANNEL 1$NCELL",,"CELL_ASI_NODE_SAFETY_STATUS_CH1_B[2].0"
COMMENT,,CELL_ASI_NODE_SAFETY_STATUS_CH1_B,"ASI SAFETY NODE 2B$NSTATUS WAIT$NCHANNEL 1$NCELL",,"CELL_ASI_NODE_SAFETY_STATUS_CH1_B[2].1"
COMMENT,,CELL_ASI_NODE_SAFETY_STATUS_CH1_B,"ASI SAFETY NODE 2B$NSTATUS$NTEST CYCLE$NCHANNEL 1$NCELL",,"CELL_ASI_NODE_SAFETY_STATUS_CH1_B[2].2"
COMMENT,,CELL_ASI_NODE_SAFETY_STATUS_CH1_B,"ASI SAFETY NODE 2B$NSTATUS$NERROR LOCK$NCHANNEL 1$NCELL",,"CELL_ASI_NODE_SAFETY_STATUS_CH1_B[2].3"
COMMENT,,CELL_ASI_NODE_SAFETY_STATUS_CH1_B,"ASI SAFETY NODE 2B$NSTATUS$NMISSING SLAVE$NCHANNEL 1$NCELL",,"CELL_ASI_NODE_SAFETY_STATUS_CH1_B[2].4"
COMMENT,,CELL_ASI_NODE_SAFETY_STATUS_CH1_B,"ASI SAFETY NODE 2B$NSTATUS$NPERIPHERAL FAULT$NCHANNEL 1$NCELL",,"CELL_ASI_NODE_SAFETY_STATUS_CH1_B[2].5"
COMMENT,,CELL_ASI_NODE_SAFETY_STATUS_CH1_B,"ASI SAFETY NODE 3B$NSTATUS$NCHANNEL 1$NCELL",,"CELL_ASI_NODE_SAFETY_STATUS_CH1_B[3]"
COMMENT,,CELL_ASI_NODE_SAFETY_STATUS_CH1_B,"ASI SAFETY NODE 3B$NSTATUS OK$NCHANNEL 1$NCELL",,"CELL_ASI_NODE_SAFETY_STATUS_CH1_B[3].0"
COMMENT,,CELL_ASI_NODE_SAFETY_STATUS_CH1_B,"ASI SAFETY NODE 3B$NSTATUS WAIT$NCHANNEL 1$NCELL",,"CELL_ASI_NODE_SAFETY_STATUS_CH1_B[3].1"
COMMENT,,CELL_ASI_NODE_SAFETY_STATUS_CH1_B,"ASI SAFETY NODE 3B$NSTATUS$NTEST CYCLE$NCHANNEL 1$NCELL",,"CELL_ASI_NODE_SAFETY_STATUS_CH1_B[3].2"
COMMENT,,CELL_ASI_NODE_SAFETY_STATUS_CH1_B,"ASI SAFETY NODE 3B$NSTATUS$NERROR LOCK$NCHANNEL 1$NCELL",,"CELL_ASI_NODE_SAFETY_STATUS_CH1_B[3].3"
COMMENT,,CELL_ASI_NODE_SAFETY_STATUS_CH1_B,"ASI SAFETY NODE 3B$NSTATUS$NMISSING SLAVE$NCHANNEL 1$NCELL",,"CELL_ASI_NODE_SAFETY_STATUS_CH1_B[3].4"
COMMENT,,CELL_ASI_NODE_SAFETY_STATUS_CH1_B,"ASI SAFETY NODE 3B$NSTATUS$NPERIPHERAL FAULT$NCHANNEL 1$NCELL",,"CELL_ASI_NODE_SAFETY_STATUS_CH1_B[3].5"
COMMENT,,CELL_ASI_NODE_SAFETY_STATUS_CH1_B,"ASI SAFETY NODE 4B$NSTATUS$NCHANNEL 1$NCELL",,"CELL_ASI_NODE_SAFETY_STATUS_CH1_B[4]"
COMMENT,,CELL_ASI_NODE_SAFETY_STATUS_CH1_B,"ASI SAFETY NODE 4B$NSTATUS OK$NCHANNEL 1$NCELL",,"CELL_ASI_NODE_SAFETY_STATUS_CH1_B[4].0"
COMMENT,,CELL_ASI_NODE_SAFETY_STATUS_CH1_B,"ASI SAFETY NODE 4B$NSTATUS WAIT$NCHANNEL 1$NCELL",,"CELL_ASI_NODE_SAFETY_STATUS_CH1_B[4].1"
COMMENT,,CELL_ASI_NODE_SAFETY_STATUS_CH1_B,"ASI SAFETY NODE 4B$NSTATUS$NTEST CYCLE$NCHANNEL 1$NCELL",,"CELL_ASI_NODE_SAFETY_STATUS_CH1_B[4].2"
COMMENT,,CELL_ASI_NODE_SAFETY_STATUS_CH1_B,"ASI SAFETY NODE 4B$NSTATUS$NERROR LOCK$NCHANNEL 1$NCELL",,"CELL_ASI_NODE_SAFETY_STATUS_CH1_B[4].3"
COMMENT,,CELL_ASI_NODE_SAFETY_STATUS_CH1_B,"ASI SAFETY NODE 4B$NSTATUS$NMISSING SLAVE$NCHANNEL 1$NCELL",,"CELL_ASI_NODE_SAFETY_STATUS_CH1_B[4].4"
COMMENT,,CELL_ASI_NODE_SAFETY_STATUS_CH1_B,"ASI SAFETY NODE 4B$NSTATUS$NPERIPHERAL FAULT$NCHANNEL 1$NCELL",,"CELL_ASI_NODE_SAFETY_STATUS_CH1_B[4].5"
COMMENT,,CELL_ASI_NODE_SAFETY_STATUS_CH1_B,"ASI SAFETY NODE 5B$NSTATUS$NCHANNEL 1$NCELL",,"CELL_ASI_NODE_SAFETY_STATUS_CH1_B[5]"
COMMENT,,CELL_ASI_NODE_SAFETY_STATUS_CH1_B,"ASI SAFETY NODE 5B$NSTATUS OK$NCHANNEL 1$NCELL",,"CELL_ASI_NODE_SAFETY_STATUS_CH1_B[5].0"
COMMENT,,CELL_ASI_NODE_SAFETY_STATUS_CH1_B,"ASI SAFETY NODE 5B$NSTATUS WAIT$NCHANNEL 1$NCELL",,"CELL_ASI_NODE_SAFETY_STATUS_CH1_B[5].1"
COMMENT,,CELL_ASI_NODE_SAFETY_STATUS_CH1_B,"ASI SAFETY NODE 5B$NSTATUS$NTEST CYCLE$NCHANNEL 1$NCELL",,"CELL_ASI_NODE_SAFETY_STATUS_CH1_B[5].2"
COMMENT,,CELL_ASI_NODE_SAFETY_STATUS_CH1_B,"ASI SAFETY NODE 5B$NSTATUS$NERROR LOCK$NCHANNEL 1$NCELL",,"CELL_ASI_NODE_SAFETY_STATUS_CH1_B[5].3"
COMMENT,,CELL_ASI_NODE_SAFETY_STATUS_CH1_B,"ASI SAFETY NODE 5B$NSTATUS$NMISSING SLAVE$NCHANNEL 1$NCELL",,"CELL_ASI_NODE_SAFETY_STATUS_CH1_B[5].4"
COMMENT,,CELL_ASI_NODE_SAFETY_STATUS_CH1_B,"ASI SAFETY NODE 5B$NSTATUS$NPERIPHERAL FAULT$NCHANNEL 1$NCELL",,"CELL_ASI_NODE_SAFETY_STATUS_CH1_B[5].5"
COMMENT,,CELL_ASI_NODE_SAFETY_STATUS_CH1_B,"ASI SAFETY NODE 6B$NSTATUS$NCHANNEL 1$NCELL",,"CELL_ASI_NODE_SAFETY_STATUS_CH1_B[6]"
COMMENT,,CELL_ASI_NODE_SAFETY_STATUS_CH1_B,"ASI SAFETY NODE 6B$NSTATUS OK$NCHANNEL 1$NCELL",,"CELL_ASI_NODE_SAFETY_STATUS_CH1_B[6].0"
COMMENT,,CELL_ASI_NODE_SAFETY_STATUS_CH1_B,"ASI SAFETY NODE 6B$NSTATUS WAIT$NCHANNEL 1$NCELL",,"CELL_ASI_NODE_SAFETY_STATUS_CH1_B[6].1"
COMMENT,,CELL_ASI_NODE_SAFETY_STATUS_CH1_B,"ASI SAFETY NODE 6B$NSTATUS$NTEST CYCLE$NCHANNEL 1$NCELL",,"CELL_ASI_NODE_SAFETY_STATUS_CH1_B[6].2"
COMMENT,,CELL_ASI_NODE_SAFETY_STATUS_CH1_B,"ASI SAFETY NODE 6B$NSTATUS$NERROR LOCK$NCHANNEL 1$NCELL",,"CELL_ASI_NODE_SAFETY_STATUS_CH1_B[6].3"
COMMENT,,CELL_ASI_NODE_SAFETY_STATUS_CH1_B,"ASI SAFETY NODE 6B$NSTATUS$NMISSING SLAVE$NCHANNEL 1$NCELL",,"CELL_ASI_NODE_SAFETY_STATUS_CH1_B[6].4"
COMMENT,,CELL_ASI_NODE_SAFETY_STATUS_CH1_B,"ASI SAFETY NODE 6B$NSTATUS$NPERIPHERAL FAULT$NCHANNEL 1$NCELL",,"CELL_ASI_NODE_SAFETY_STATUS_CH1_B[6].5"
COMMENT,,CELL_ASI_NODE_SAFETY_STATUS_CH1_B,"ASI SAFETY NODE 7B$NSTATUS$NCHANNEL 1$NCELL",,"CELL_ASI_NODE_SAFETY_STATUS_CH1_B[7]"
COMMENT,,CELL_ASI_NODE_SAFETY_STATUS_CH1_B,"ASI SAFETY NODE 7B$NSTATUS OK$NCHANNEL 1$NCELL",,"CELL_ASI_NODE_SAFETY_STATUS_CH1_B[7].0"
COMMENT,,CELL_ASI_NODE_SAFETY_STATUS_CH1_B,"ASI SAFETY NODE 7B$NSTATUS WAIT$NCHANNEL 1$NCELL",,"CELL_ASI_NODE_SAFETY_STATUS_CH1_B[7].1"
COMMENT,,CELL_ASI_NODE_SAFETY_STATUS_CH1_B,"ASI SAFETY NODE 7B$NSTATUS$NTEST CYCLE$NCHANNEL 1$NCELL",,"CELL_ASI_NODE_SAFETY_STATUS_CH1_B[7].2"
COMMENT,,CELL_ASI_NODE_SAFETY_STATUS_CH1_B,"ASI SAFETY NODE 7B$NSTATUS$NERROR LOCK$NCHANNEL 1$NCELL",,"CELL_ASI_NODE_SAFETY_STATUS_CH1_B[7].3"
COMMENT,,CELL_ASI_NODE_SAFETY_STATUS_CH1_B,"ASI SAFETY NODE 7B$NSTATUS$NMISSING SLAVE$NCHANNEL 1$NCELL",,"CELL_ASI_NODE_SAFETY_STATUS_CH1_B[7].4"
COMMENT,,CELL_ASI_NODE_SAFETY_STATUS_CH1_B,"ASI SAFETY NODE 7B$NSTATUS$NPERIPHERAL FAULT$NCHANNEL 1$NCELL",,"CELL_ASI_NODE_SAFETY_STATUS_CH1_B[7].5"
COMMENT,,CELL_ASI_NODE_SAFETY_STATUS_CH1_B,"ASI SAFETY NODE 8B$NSTATUS$NCHANNEL 1$NCELL",,"CELL_ASI_NODE_SAFETY_STATUS_CH1_B[8]"
COMMENT,,CELL_ASI_NODE_SAFETY_STATUS_CH1_B,"ASI SAFETY NODE 8B$NSTATUS OK$NCHANNEL 1$NCELL",,"CELL_ASI_NODE_SAFETY_STATUS_CH1_B[8].0"
COMMENT,,CELL_ASI_NODE_SAFETY_STATUS_CH1_B,"ASI SAFETY NODE 8B$NSTATUS WAIT$NCHANNEL 1$NCELL",,"CELL_ASI_NODE_SAFETY_STATUS_CH1_B[8].1"
COMMENT,,CELL_ASI_NODE_SAFETY_STATUS_CH1_B,"ASI SAFETY NODE 8B$NSTATUS$NTEST CYCLE$NCHANNEL 1$NCELL",,"CELL_ASI_NODE_SAFETY_STATUS_CH1_B[8].2"
COMMENT,,CELL_ASI_NODE_SAFETY_STATUS_CH1_B,"ASI SAFETY NODE 8B$NSTATUS$NERROR LOCK$NCHANNEL 1$NCELL",,"CELL_ASI_NODE_SAFETY_STATUS_CH1_B[8].3"
COMMENT,,CELL_ASI_NODE_SAFETY_STATUS_CH1_B,"ASI SAFETY NODE 8B$NSTATUS$NMISSING SLAVE$NCHANNEL 1$NCELL",,"CELL_ASI_NODE_SAFETY_STATUS_CH1_B[8].4"
COMMENT,,CELL_ASI_NODE_SAFETY_STATUS_CH1_B,"ASI SAFETY NODE 8B$NSTATUS$NPERIPHERAL FAULT$NCHANNEL 1$NCELL",,"CELL_ASI_NODE_SAFETY_STATUS_CH1_B[8].5"
COMMENT,,CELL_ASI_NODE_SAFETY_STATUS_CH1_B,"ASI SAFETY NODE 9B$NSTATUS$NCHANNEL 1$NCELL",,"CELL_ASI_NODE_SAFETY_STATUS_CH1_B[9]"
COMMENT,,CELL_ASI_NODE_SAFETY_STATUS_CH1_B,"ASI SAFETY NODE 9B$NSTATUS OK$NCHANNEL 1$NCELL",,"CELL_ASI_NODE_SAFETY_STATUS_CH1_B[9].0"
COMMENT,,CELL_ASI_NODE_SAFETY_STATUS_CH1_B,"ASI SAFETY NODE 9B$NSTATUS WAIT$NCHANNEL 1$NCELL",,"CELL_ASI_NODE_SAFETY_STATUS_CH1_B[9].1"
COMMENT,,CELL_ASI_NODE_SAFETY_STATUS_CH1_B,"ASI SAFETY NODE 9B$NSTATUS$NTEST CYCLE$NCHANNEL 1$NCELL",,"CELL_ASI_NODE_SAFETY_STATUS_CH1_B[9].2"
COMMENT,,CELL_ASI_NODE_SAFETY_STATUS_CH1_B,"ASI SAFETY NODE 9B$NSTATUS$NERROR LOCK$NCHANNEL 1$NCELL",,"CELL_ASI_NODE_SAFETY_STATUS_CH1_B[9].3"
COMMENT,,CELL_ASI_NODE_SAFETY_STATUS_CH1_B,"ASI SAFETY NODE 9B$NSTATUS$NMISSING SLAVE$NCHANNEL 1$NCELL",,"CELL_ASI_NODE_SAFETY_STATUS_CH1_B[9].4"
COMMENT,,CELL_ASI_NODE_SAFETY_STATUS_CH1_B,"ASI SAFETY NODE 9B$NSTATUS$NPERIPHERAL FAULT$NCHANNEL 1$NCELL",,"CELL_ASI_NODE_SAFETY_STATUS_CH1_B[9].5"
COMMENT,,CELL_ASI_NODE_SAFETY_STATUS_CH1_B,"ASI SAFETY NODE 10B$NSTATUS$NCHANNEL 1$NCELL",,"CELL_ASI_NODE_SAFETY_STATUS_CH1_B[10]"
COMMENT,,CELL_ASI_NODE_SAFETY_STATUS_CH1_B,"ASI SAFETY NODE 10B$NSTATUS OK$NCHANNEL 1$NCELL",,"CELL_ASI_NODE_SAFETY_STATUS_CH1_B[10].0"
COMMENT,,CELL_ASI_NODE_SAFETY_STATUS_CH1_B,"ASI SAFETY NODE 10B$NSTATUS WAIT$NCHANNEL 1$NCELL",,"CELL_ASI_NODE_SAFETY_STATUS_CH1_B[10].1"
COMMENT,,CELL_ASI_NODE_SAFETY_STATUS_CH1_B,"ASI SAFETY NODE 10B$NSTATUS$NTEST CYCLE$NCHANNEL 1$NCELL",,"CELL_ASI_NODE_SAFETY_STATUS_CH1_B[10].2"
COMMENT,,CELL_ASI_NODE_SAFETY_STATUS_CH1_B,"ASI SAFETY NODE 10B$NSTATUS$NERROR LOCK$NCHANNEL 1$NCELL",,"CELL_ASI_NODE_SAFETY_STATUS_CH1_B[10].3"
COMMENT,,CELL_ASI_NODE_SAFETY_STATUS_CH1_B,"ASI SAFETY NODE 10B$NSTATUS$NMISSING SLAVE$NCHANNEL 1$NCELL",,"CELL_ASI_NODE_SAFETY_STATUS_CH1_B[10].4"
COMMENT,,CELL_ASI_NODE_SAFETY_STATUS_CH1_B,"ASI SAFETY NODE 10B$NSTATUS$NPERIPHERAL FAULT$NCHANNEL 1$NCELL",,"CELL_ASI_NODE_SAFETY_STATUS_CH1_B[10].5"
COMMENT,,CELL_ASI_NODE_SAFETY_STATUS_CH1_B,"ASI SAFETY NODE 11B$NSTATUS$NCHANNEL 1$NCELL",,"CELL_ASI_NODE_SAFETY_STATUS_CH1_B[11]"
COMMENT,,CELL_ASI_NODE_SAFETY_STATUS_CH1_B,"ASI SAFETY NODE 11B$NSTATUS OK$NCHANNEL 1$NCELL",,"CELL_ASI_NODE_SAFETY_STATUS_CH1_B[11].0"
COMMENT,,CELL_ASI_NODE_SAFETY_STATUS_CH1_B,"ASI SAFETY NODE 11B$NSTATUS WAIT$NCHANNEL 1$NCELL",,"CELL_ASI_NODE_SAFETY_STATUS_CH1_B[11].1"
COMMENT,,CELL_ASI_NODE_SAFETY_STATUS_CH1_B,"ASI SAFETY NODE 11B$NSTATUS$NTEST CYCLE$NCHANNEL 1$NCELL",,"CELL_ASI_NODE_SAFETY_STATUS_CH1_B[11].2"
COMMENT,,CELL_ASI_NODE_SAFETY_STATUS_CH1_B,"ASI SAFETY NODE 11B$NSTATUS$NERROR LOCK$NCHANNEL 1$NCELL",,"CELL_ASI_NODE_SAFETY_STATUS_CH1_B[11].3"
COMMENT,,CELL_ASI_NODE_SAFETY_STATUS_CH1_B,"ASI SAFETY NODE 11B$NSTATUS$NMISSING SLAVE$NCHANNEL 1$NCELL",,"CELL_ASI_NODE_SAFETY_STATUS_CH1_B[11].4"
COMMENT,,CELL_ASI_NODE_SAFETY_STATUS_CH1_B,"ASI SAFETY NODE 11B$NSTATUS$NPERIPHERAL FAULT$NCHANNEL 1$NCELL",,"CELL_ASI_NODE_SAFETY_STATUS_CH1_B[11].5"
COMMENT,,CELL_ASI_NODE_SAFETY_STATUS_CH1_B,"ASI SAFETY NODE 12B$NSTATUS$NCHANNEL 1$NCELL",,"CELL_ASI_NODE_SAFETY_STATUS_CH1_B[12]"
COMMENT,,CELL_ASI_NODE_SAFETY_STATUS_CH1_B,"ASI SAFETY NODE 12B$NSTATUS OK$NCHANNEL 1$NCELL",,"CELL_ASI_NODE_SAFETY_STATUS_CH1_B[12].0"
COMMENT,,CELL_ASI_NODE_SAFETY_STATUS_CH1_B,"ASI SAFETY NODE 12B$NSTATUS WAIT$NCHANNEL 1$NCELL",,"CELL_ASI_NODE_SAFETY_STATUS_CH1_B[12].1"
COMMENT,,CELL_ASI_NODE_SAFETY_STATUS_CH1_B,"ASI SAFETY NODE 12B$NSTATUS$NTEST CYCLE$NCHANNEL 1$NCELL",,"CELL_ASI_NODE_SAFETY_STATUS_CH1_B[12].2"
COMMENT,,CELL_ASI_NODE_SAFETY_STATUS_CH1_B,"ASI SAFETY NODE 12B$NSTATUS$NERROR LOCK$NCHANNEL 1$NCELL",,"CELL_ASI_NODE_SAFETY_STATUS_CH1_B[12].3"
COMMENT,,CELL_ASI_NODE_SAFETY_STATUS_CH1_B,"ASI SAFETY NODE 12B$NSTATUS$NMISSING SLAVE$NCHANNEL 1$NCELL",,"CELL_ASI_NODE_SAFETY_STATUS_CH1_B[12].4"
COMMENT,,CELL_ASI_NODE_SAFETY_STATUS_CH1_B,"ASI SAFETY NODE 12B$NSTATUS$NPERIPHERAL FAULT$NCHANNEL 1$NCELL",,"CELL_ASI_NODE_SAFETY_STATUS_CH1_B[12].5"
COMMENT,,CELL_ASI_NODE_SAFETY_STATUS_CH1_B,"ASI SAFETY NODE 13B$NSTATUS$NCHANNEL 1$NCELL",,"CELL_ASI_NODE_SAFETY_STATUS_CH1_B[13]"
COMMENT,,CELL_ASI_NODE_SAFETY_STATUS_CH1_B,"ASI SAFETY NODE 13B$NSTATUS OK$NCHANNEL 1$NCELL",,"CELL_ASI_NODE_SAFETY_STATUS_CH1_B[13].0"
COMMENT,,CELL_ASI_NODE_SAFETY_STATUS_CH1_B,"ASI SAFETY NODE 13B$NSTATUS WAIT$NCHANNEL 1$NCELL",,"CELL_ASI_NODE_SAFETY_STATUS_CH1_B[13].1"
COMMENT,,CELL_ASI_NODE_SAFETY_STATUS_CH1_B,"ASI SAFETY NODE 13B$NSTATUS$NTEST CYCLE$NCHANNEL 1$NCELL",,"CELL_ASI_NODE_SAFETY_STATUS_CH1_B[13].2"
COMMENT,,CELL_ASI_NODE_SAFETY_STATUS_CH1_B,"ASI SAFETY NODE 13B$NSTATUS$NERROR LOCK$NCHANNEL 1$NCELL",,"CELL_ASI_NODE_SAFETY_STATUS_CH1_B[13].3"
COMMENT,,CELL_ASI_NODE_SAFETY_STATUS_CH1_B,"ASI SAFETY NODE 13B$NSTATUS$NMISSING SLAVE$NCHANNEL 1$NCELL",,"CELL_ASI_NODE_SAFETY_STATUS_CH1_B[13].4"
COMMENT,,CELL_ASI_NODE_SAFETY_STATUS_CH1_B,"ASI SAFETY NODE 13B$NSTATUS$NPERIPHERAL FAULT$NCHANNEL 1$NCELL",,"CELL_ASI_NODE_SAFETY_STATUS_CH1_B[13].5"
COMMENT,,CELL_ASI_NODE_SAFETY_STATUS_CH1_B,"ASI SAFETY NODE 14B$NSTATUS$NCHANNEL 1$NCELL",,"CELL_ASI_NODE_SAFETY_STATUS_CH1_B[14]"
COMMENT,,CELL_ASI_NODE_SAFETY_STATUS_CH1_B,"ASI SAFETY NODE 14B$NSTATUS OK$NCHANNEL 1$NCELL",,"CELL_ASI_NODE_SAFETY_STATUS_CH1_B[14].0"
COMMENT,,CELL_ASI_NODE_SAFETY_STATUS_CH1_B,"ASI SAFETY NODE 14B$NSTATUS WAIT$NCHANNEL 1$NCELL",,"CELL_ASI_NODE_SAFETY_STATUS_CH1_B[14].1"
COMMENT,,CELL_ASI_NODE_SAFETY_STATUS_CH1_B,"ASI SAFETY NODE 14B$NSTATUS$NTEST CYCLE$NCHANNEL 1$NCELL",,"CELL_ASI_NODE_SAFETY_STATUS_CH1_B[14].2"
COMMENT,,CELL_ASI_NODE_SAFETY_STATUS_CH1_B,"ASI SAFETY NODE 14B$NSTATUS$NERROR LOCK$NCHANNEL 1$NCELL",,"CELL_ASI_NODE_SAFETY_STATUS_CH1_B[14].3"
COMMENT,,CELL_ASI_NODE_SAFETY_STATUS_CH1_B,"ASI SAFETY NODE 14B$NSTATUS$NMISSING SLAVE$NCHANNEL 1$NCELL",,"CELL_ASI_NODE_SAFETY_STATUS_CH1_B[14].4"
COMMENT,,CELL_ASI_NODE_SAFETY_STATUS_CH1_B,"ASI SAFETY NODE 14B$NSTATUS$NPERIPHERAL FAULT$NCHANNEL 1$NCELL",,"CELL_ASI_NODE_SAFETY_STATUS_CH1_B[14].5"
COMMENT,,CELL_ASI_NODE_SAFETY_STATUS_CH1_B,"ASI SAFETY NODE 15B$NSTATUS$NCHANNEL 1$NCELL",,"CELL_ASI_NODE_SAFETY_STATUS_CH1_B[15]"
COMMENT,,CELL_ASI_NODE_SAFETY_STATUS_CH1_B,"ASI SAFETY NODE 15B$NSTATUS OK$NCHANNEL 1$NCELL",,"CELL_ASI_NODE_SAFETY_STATUS_CH1_B[15].0"
COMMENT,,CELL_ASI_NODE_SAFETY_STATUS_CH1_B,"ASI SAFETY NODE 15B$NSTATUS WAIT$NCHANNEL 1$NCELL",,"CELL_ASI_NODE_SAFETY_STATUS_CH1_B[15].1"
COMMENT,,CELL_ASI_NODE_SAFETY_STATUS_CH1_B,"ASI SAFETY NODE 15B$NSTATUS$NTEST CYCLE$NCHANNEL 1$NCELL",,"CELL_ASI_NODE_SAFETY_STATUS_CH1_B[15].2"
COMMENT,,CELL_ASI_NODE_SAFETY_STATUS_CH1_B,"ASI SAFETY NODE 15B$NSTATUS$NERROR LOCK$NCHANNEL 1$NCELL",,"CELL_ASI_NODE_SAFETY_STATUS_CH1_B[15].3"
COMMENT,,CELL_ASI_NODE_SAFETY_STATUS_CH1_B,"ASI SAFETY NODE 15B$NSTATUS$NMISSING SLAVE$NCHANNEL 1$NCELL",,"CELL_ASI_NODE_SAFETY_STATUS_CH1_B[15].4"
COMMENT,,CELL_ASI_NODE_SAFETY_STATUS_CH1_B,"ASI SAFETY NODE 15B$NSTATUS$NPERIPHERAL FAULT$NCHANNEL 1$NCELL",,"CELL_ASI_NODE_SAFETY_STATUS_CH1_B[15].5"
COMMENT,,CELL_ASI_NODE_SAFETY_STATUS_CH1_B,"ASI SAFETY NODE 16B$NSTATUS$NCHANNEL 1$NCELL",,"CELL_ASI_NODE_SAFETY_STATUS_CH1_B[16]"
COMMENT,,CELL_ASI_NODE_SAFETY_STATUS_CH1_B,"ASI SAFETY NODE 16B$NSTATUS OK$NCHANNEL 1$NCELL",,"CELL_ASI_NODE_SAFETY_STATUS_CH1_B[16].0"
COMMENT,,CELL_ASI_NODE_SAFETY_STATUS_CH1_B,"ASI SAFETY NODE 16B$NSTATUS WAIT$NCHANNEL 1$NCELL",,"CELL_ASI_NODE_SAFETY_STATUS_CH1_B[16].1"
COMMENT,,CELL_ASI_NODE_SAFETY_STATUS_CH1_B,"ASI SAFETY NODE 16B$NSTATUS$NTEST CYCLE$NCHANNEL 1$NCELL",,"CELL_ASI_NODE_SAFETY_STATUS_CH1_B[16].2"
COMMENT,,CELL_ASI_NODE_SAFETY_STATUS_CH1_B,"ASI SAFETY NODE 16B$NSTATUS$NERROR LOCK$NCHANNEL 1$NCELL",,"CELL_ASI_NODE_SAFETY_STATUS_CH1_B[16].3"
COMMENT,,CELL_ASI_NODE_SAFETY_STATUS_CH1_B,"ASI SAFETY NODE 16B$NSTATUS$NMISSING SLAVE$NCHANNEL 1$NCELL",,"CELL_ASI_NODE_SAFETY_STATUS_CH1_B[16].4"
COMMENT,,CELL_ASI_NODE_SAFETY_STATUS_CH1_B,"ASI SAFETY NODE 16B$NSTATUS$NPERIPHERAL FAULT$NCHANNEL 1$NCELL",,"CELL_ASI_NODE_SAFETY_STATUS_CH1_B[16].5"
COMMENT,,CELL_ASI_NODE_SAFETY_STATUS_CH1_B,"ASI SAFETY NODE 17B$NSTATUS$NCHANNEL 1$NCELL",,"CELL_ASI_NODE_SAFETY_STATUS_CH1_B[17]"
COMMENT,,CELL_ASI_NODE_SAFETY_STATUS_CH1_B,"ASI SAFETY NODE 17B$NSTATUS OK$NCHANNEL 1$NCELL",,"CELL_ASI_NODE_SAFETY_STATUS_CH1_B[17].0"
COMMENT,,CELL_ASI_NODE_SAFETY_STATUS_CH1_B,"ASI SAFETY NODE 17B$NSTATUS WAIT$NCHANNEL 1$NCELL",,"CELL_ASI_NODE_SAFETY_STATUS_CH1_B[17].1"
COMMENT,,CELL_ASI_NODE_SAFETY_STATUS_CH1_B,"ASI SAFETY NODE 17B$NSTATUS$NTEST CYCLE$NCHANNEL 1$NCELL",,"CELL_ASI_NODE_SAFETY_STATUS_CH1_B[17].2"
COMMENT,,CELL_ASI_NODE_SAFETY_STATUS_CH1_B,"ASI SAFETY NODE 17B$NSTATUS$NERROR LOCK$NCHANNEL 1$NCELL",,"CELL_ASI_NODE_SAFETY_STATUS_CH1_B[17].3"
COMMENT,,CELL_ASI_NODE_SAFETY_STATUS_CH1_B,"ASI SAFETY NODE 17B$NSTATUS$NMISSING SLAVE$NCHANNEL 1$NCELL",,"CELL_ASI_NODE_SAFETY_STATUS_CH1_B[17].4"
COMMENT,,CELL_ASI_NODE_SAFETY_STATUS_CH1_B,"ASI SAFETY NODE 17B$NSTATUS$NPERIPHERAL FAULT$NCHANNEL 1$NCELL",,"CELL_ASI_NODE_SAFETY_STATUS_CH1_B[17].5"
COMMENT,,CELL_ASI_NODE_SAFETY_STATUS_CH1_B,"ASI SAFETY NODE 18B$NSTATUS$NCHANNEL 1$NCELL",,"CELL_ASI_NODE_SAFETY_STATUS_CH1_B[18]"
COMMENT,,CELL_ASI_NODE_SAFETY_STATUS_CH1_B,"ASI SAFETY NODE 18B$NSTATUS OK$NCHANNEL 1$NCELL",,"CELL_ASI_NODE_SAFETY_STATUS_CH1_B[18].0"
COMMENT,,CELL_ASI_NODE_SAFETY_STATUS_CH1_B,"ASI SAFETY NODE 18B$NSTATUS WAIT$NCHANNEL 1$NCELL",,"CELL_ASI_NODE_SAFETY_STATUS_CH1_B[18].1"
COMMENT,,CELL_ASI_NODE_SAFETY_STATUS_CH1_B,"ASI SAFETY NODE 18B$NSTATUS$NTEST CYCLE$NCHANNEL 1$NCELL",,"CELL_ASI_NODE_SAFETY_STATUS_CH1_B[18].2"
COMMENT,,CELL_ASI_NODE_SAFETY_STATUS_CH1_B,"ASI SAFETY NODE 18B$NSTATUS$NERROR LOCK$NCHANNEL 1$NCELL",,"CELL_ASI_NODE_SAFETY_STATUS_CH1_B[18].3"
COMMENT,,CELL_ASI_NODE_SAFETY_STATUS_CH1_B,"ASI SAFETY NODE 18B$NSTATUS$NMISSING SLAVE$NCHANNEL 1$NCELL",,"CELL_ASI_NODE_SAFETY_STATUS_CH1_B[18].4"
COMMENT,,CELL_ASI_NODE_SAFETY_STATUS_CH1_B,"ASI SAFETY NODE 18B$NSTATUS$NPERIPHERAL FAULT$NCHANNEL 1$NCELL",,"CELL_ASI_NODE_SAFETY_STATUS_CH1_B[18].5"
COMMENT,,CELL_ASI_NODE_SAFETY_STATUS_CH1_B,"ASI SAFETY NODE 19B$NSTATUS$NCHANNEL 1$NCELL",,"CELL_ASI_NODE_SAFETY_STATUS_CH1_B[19]"
COMMENT,,CELL_ASI_NODE_SAFETY_STATUS_CH1_B,"ASI SAFETY NODE 19B$NSTATUS OK$NCHANNEL 1$NCELL",,"CELL_ASI_NODE_SAFETY_STATUS_CH1_B[19].0"
COMMENT,,CELL_ASI_NODE_SAFETY_STATUS_CH1_B,"ASI SAFETY NODE 19B$NSTATUS WAIT$NCHANNEL 1$NCELL",,"CELL_ASI_NODE_SAFETY_STATUS_CH1_B[19].1"
COMMENT,,CELL_ASI_NODE_SAFETY_STATUS_CH1_B,"ASI SAFETY NODE 19B$NSTATUS$NTEST CYCLE$NCHANNEL 1$NCELL",,"CELL_ASI_NODE_SAFETY_STATUS_CH1_B[19].2"
COMMENT,,CELL_ASI_NODE_SAFETY_STATUS_CH1_B,"ASI SAFETY NODE 19B$NSTATUS$NERROR LOCK$NCHANNEL 1$NCELL",,"CELL_ASI_NODE_SAFETY_STATUS_CH1_B[19].3"
COMMENT,,CELL_ASI_NODE_SAFETY_STATUS_CH1_B,"ASI SAFETY NODE 19B$NSTATUS$NMISSING SLAVE$NCHANNEL 1$NCELL",,"CELL_ASI_NODE_SAFETY_STATUS_CH1_B[19].4"
COMMENT,,CELL_ASI_NODE_SAFETY_STATUS_CH1_B,"ASI SAFETY NODE 19B$NSTATUS$NPERIPHERAL FAULT$NCHANNEL 1$NCELL",,"CELL_ASI_NODE_SAFETY_STATUS_CH1_B[19].5"
COMMENT,,CELL_ASI_NODE_SAFETY_STATUS_CH1_B,"ASI SAFETY NODE 20B$NSTATUS$NCHANNEL 1$NCELL",,"CELL_ASI_NODE_SAFETY_STATUS_CH1_B[20]"
COMMENT,,CELL_ASI_NODE_SAFETY_STATUS_CH1_B,"ASI SAFETY NODE 20B$NSTATUS OK$NCHANNEL 1$NCELL",,"CELL_ASI_NODE_SAFETY_STATUS_CH1_B[20].0"
COMMENT,,CELL_ASI_NODE_SAFETY_STATUS_CH1_B,"ASI SAFETY NODE 20B$NSTATUS WAIT$NCHANNEL 1$NCELL",,"CELL_ASI_NODE_SAFETY_STATUS_CH1_B[20].1"
COMMENT,,CELL_ASI_NODE_SAFETY_STATUS_CH1_B,"ASI SAFETY NODE 20B$NSTATUS$NTEST CYCLE$NCHANNEL 1$NCELL",,"CELL_ASI_NODE_SAFETY_STATUS_CH1_B[20].2"
COMMENT,,CELL_ASI_NODE_SAFETY_STATUS_CH1_B,"ASI SAFETY NODE 20B$NSTATUS$NERROR LOCK$NCHANNEL 1$NCELL",,"CELL_ASI_NODE_SAFETY_STATUS_CH1_B[20].3"
COMMENT,,CELL_ASI_NODE_SAFETY_STATUS_CH1_B,"ASI SAFETY NODE 20B$NSTATUS$NMISSING SLAVE$NCHANNEL 1$NCELL",,"CELL_ASI_NODE_SAFETY_STATUS_CH1_B[20].4"
COMMENT,,CELL_ASI_NODE_SAFETY_STATUS_CH1_B,"ASI SAFETY NODE 20B$NSTATUS$NPERIPHERAL FAULT$NCHANNEL 1$NCELL",,"CELL_ASI_NODE_SAFETY_STATUS_CH1_B[20].5"
COMMENT,,CELL_ASI_NODE_SAFETY_STATUS_CH1_B,"ASI SAFETY NODE 21B$NSTATUS$NCHANNEL 1$NCELL",,"CELL_ASI_NODE_SAFETY_STATUS_CH1_B[21]"
COMMENT,,CELL_ASI_NODE_SAFETY_STATUS_CH1_B,"ASI SAFETY NODE 21B$NSTATUS OK$NCHANNEL 1$NCELL",,"CELL_ASI_NODE_SAFETY_STATUS_CH1_B[21].0"
COMMENT,,CELL_ASI_NODE_SAFETY_STATUS_CH1_B,"ASI SAFETY NODE 21B$NSTATUS WAIT$NCHANNEL 1$NCELL",,"CELL_ASI_NODE_SAFETY_STATUS_CH1_B[21].1"
COMMENT,,CELL_ASI_NODE_SAFETY_STATUS_CH1_B,"ASI SAFETY NODE 21B$NSTATUS$NTEST CYCLE$NCHANNEL 1$NCELL",,"CELL_ASI_NODE_SAFETY_STATUS_CH1_B[21].2"
COMMENT,,CELL_ASI_NODE_SAFETY_STATUS_CH1_B,"ASI SAFETY NODE 21B$NSTATUS$NERROR LOCK$NCHANNEL 1$NCELL",,"CELL_ASI_NODE_SAFETY_STATUS_CH1_B[21].3"
COMMENT,,CELL_ASI_NODE_SAFETY_STATUS_CH1_B,"ASI SAFETY NODE 21B$NSTATUS$NMISSING SLAVE$NCHANNEL 1$NCELL",,"CELL_ASI_NODE_SAFETY_STATUS_CH1_B[21].4"
COMMENT,,CELL_ASI_NODE_SAFETY_STATUS_CH1_B,"ASI SAFETY NODE 21B$NSTATUS$NPERIPHERAL FAULT$NCHANNEL 1$NCELL",,"CELL_ASI_NODE_SAFETY_STATUS_CH1_B[21].5"
COMMENT,,CELL_ASI_NODE_SAFETY_STATUS_CH1_B,"ASI SAFETY NODE 22B$NSTATUS$NCHANNEL 1$NCELL",,"CELL_ASI_NODE_SAFETY_STATUS_CH1_B[22]"
COMMENT,,CELL_ASI_NODE_SAFETY_STATUS_CH1_B,"ASI SAFETY NODE 22B$NSTATUS OK$NCHANNEL 1$NCELL",,"CELL_ASI_NODE_SAFETY_STATUS_CH1_B[22].0"
COMMENT,,CELL_ASI_NODE_SAFETY_STATUS_CH1_B,"ASI SAFETY NODE 22B$NSTATUS WAIT$NCHANNEL 1$NCELL",,"CELL_ASI_NODE_SAFETY_STATUS_CH1_B[22].1"
COMMENT,,CELL_ASI_NODE_SAFETY_STATUS_CH1_B,"ASI SAFETY NODE 22B$NSTATUS$NTEST CYCLE$NCHANNEL 1$NCELL",,"CELL_ASI_NODE_SAFETY_STATUS_CH1_B[22].2"
COMMENT,,CELL_ASI_NODE_SAFETY_STATUS_CH1_B,"ASI SAFETY NODE 22B$NSTATUS$NERROR LOCK$NCHANNEL 1$NCELL",,"CELL_ASI_NODE_SAFETY_STATUS_CH1_B[22].3"
COMMENT,,CELL_ASI_NODE_SAFETY_STATUS_CH1_B,"ASI SAFETY NODE 22B$NSTATUS$NMISSING SLAVE$NCHANNEL 1$NCELL",,"CELL_ASI_NODE_SAFETY_STATUS_CH1_B[22].4"
COMMENT,,CELL_ASI_NODE_SAFETY_STATUS_CH1_B,"ASI SAFETY NODE 22B$NSTATUS$NPERIPHERAL FAULT$NCHANNEL 1$NCELL",,"CELL_ASI_NODE_SAFETY_STATUS_CH1_B[22].5"
COMMENT,,CELL_ASI_NODE_SAFETY_STATUS_CH1_B,"ASI SAFETY NODE 23B$NSTATUS$NCHANNEL 1$NCELL",,"CELL_ASI_NODE_SAFETY_STATUS_CH1_B[23]"
COMMENT,,CELL_ASI_NODE_SAFETY_STATUS_CH1_B,"ASI SAFETY NODE 23B$NSTATUS OK$NCHANNEL 1$NCELL",,"CELL_ASI_NODE_SAFETY_STATUS_CH1_B[23].0"
COMMENT,,CELL_ASI_NODE_SAFETY_STATUS_CH1_B,"ASI SAFETY NODE 23B$NSTATUS WAIT$NCHANNEL 1$NCELL",,"CELL_ASI_NODE_SAFETY_STATUS_CH1_B[23].1"
COMMENT,,CELL_ASI_NODE_SAFETY_STATUS_CH1_B,"ASI SAFETY NODE 23B$NSTATUS$NTEST CYCLE$NCHANNEL 1$NCELL",,"CELL_ASI_NODE_SAFETY_STATUS_CH1_B[23].2"
COMMENT,,CELL_ASI_NODE_SAFETY_STATUS_CH1_B,"ASI SAFETY NODE 23B$NSTATUS$NERROR LOCK$NCHANNEL 1$NCELL",,"CELL_ASI_NODE_SAFETY_STATUS_CH1_B[23].3"
COMMENT,,CELL_ASI_NODE_SAFETY_STATUS_CH1_B,"ASI SAFETY NODE 23B$NSTATUS$NMISSING SLAVE$NCHANNEL 1$NCELL",,"CELL_ASI_NODE_SAFETY_STATUS_CH1_B[23].4"
COMMENT,,CELL_ASI_NODE_SAFETY_STATUS_CH1_B,"ASI SAFETY NODE 23B$NSTATUS$NPERIPHERAL FAULT$NCHANNEL 1$NCELL",,"CELL_ASI_NODE_SAFETY_STATUS_CH1_B[23].5"
COMMENT,,CELL_ASI_NODE_SAFETY_STATUS_CH1_B,"ASI SAFETY NODE 24B$NSTATUS$NCHANNEL 1$NCELL",,"CELL_ASI_NODE_SAFETY_STATUS_CH1_B[24]"
COMMENT,,CELL_ASI_NODE_SAFETY_STATUS_CH1_B,"ASI SAFETY NODE 24B$NSTATUS OK$NCHANNEL 1$NCELL",,"CELL_ASI_NODE_SAFETY_STATUS_CH1_B[24].0"
COMMENT,,CELL_ASI_NODE_SAFETY_STATUS_CH1_B,"ASI SAFETY NODE 24B$NSTATUS WAIT$NCHANNEL 1$NCELL",,"CELL_ASI_NODE_SAFETY_STATUS_CH1_B[24].1"
COMMENT,,CELL_ASI_NODE_SAFETY_STATUS_CH1_B,"ASI SAFETY NODE 24B$NSTATUS$NTEST CYCLE$NCHANNEL 1$NCELL",,"CELL_ASI_NODE_SAFETY_STATUS_CH1_B[24].2"
COMMENT,,CELL_ASI_NODE_SAFETY_STATUS_CH1_B,"ASI SAFETY NODE 24B$NSTATUS$NERROR LOCK$NCHANNEL 1$NCELL",,"CELL_ASI_NODE_SAFETY_STATUS_CH1_B[24].3"
COMMENT,,CELL_ASI_NODE_SAFETY_STATUS_CH1_B,"ASI SAFETY NODE 24B$NSTATUS$NMISSING SLAVE$NCHANNEL 1$NCELL",,"CELL_ASI_NODE_SAFETY_STATUS_CH1_B[24].4"
COMMENT,,CELL_ASI_NODE_SAFETY_STATUS_CH1_B,"ASI SAFETY NODE 24B$NSTATUS$NPERIPHERAL FAULT$NCHANNEL 1$NCELL",,"CELL_ASI_NODE_SAFETY_STATUS_CH1_B[24].5"
COMMENT,,CELL_ASI_NODE_SAFETY_STATUS_CH1_B,"ASI SAFETY NODE 25B$NSTATUS$NCHANNEL 1$NCELL",,"CELL_ASI_NODE_SAFETY_STATUS_CH1_B[25]"
COMMENT,,CELL_ASI_NODE_SAFETY_STATUS_CH1_B,"ASI SAFETY NODE 25B$NSTATUS OK$NCHANNEL 1$NCELL",,"CELL_ASI_NODE_SAFETY_STATUS_CH1_B[25].0"
COMMENT,,CELL_ASI_NODE_SAFETY_STATUS_CH1_B,"ASI SAFETY NODE 25B$NSTATUS WAIT$NCHANNEL 1$NCELL",,"CELL_ASI_NODE_SAFETY_STATUS_CH1_B[25].1"
COMMENT,,CELL_ASI_NODE_SAFETY_STATUS_CH1_B,"ASI SAFETY NODE 25B$NSTATUS$NTEST CYCLE$NCHANNEL 1$NCELL",,"CELL_ASI_NODE_SAFETY_STATUS_CH1_B[25].2"
COMMENT,,CELL_ASI_NODE_SAFETY_STATUS_CH1_B,"ASI SAFETY NODE 25B$NSTATUS$NERROR LOCK$NCHANNEL 1$NCELL",,"CELL_ASI_NODE_SAFETY_STATUS_CH1_B[25].3"
COMMENT,,CELL_ASI_NODE_SAFETY_STATUS_CH1_B,"ASI SAFETY NODE 25B$NSTATUS$NMISSING SLAVE$NCHANNEL 1$NCELL",,"CELL_ASI_NODE_SAFETY_STATUS_CH1_B[25].4"
COMMENT,,CELL_ASI_NODE_SAFETY_STATUS_CH1_B,"ASI SAFETY NODE 25B$NSTATUS$NPERIPHERAL FAULT$NCHANNEL 1$NCELL",,"CELL_ASI_NODE_SAFETY_STATUS_CH1_B[25].5"
COMMENT,,CELL_ASI_NODE_SAFETY_STATUS_CH1_B,"ASI SAFETY NODE 26B$NSTATUS$NCHANNEL 1$NCELL",,"CELL_ASI_NODE_SAFETY_STATUS_CH1_B[26]"
COMMENT,,CELL_ASI_NODE_SAFETY_STATUS_CH1_B,"ASI SAFETY NODE 26B$NSTATUS OK$NCHANNEL 1$NCELL",,"CELL_ASI_NODE_SAFETY_STATUS_CH1_B[26].0"
COMMENT,,CELL_ASI_NODE_SAFETY_STATUS_CH1_B,"ASI SAFETY NODE 26B$NSTATUS WAIT$NCHANNEL 1$NCELL",,"CELL_ASI_NODE_SAFETY_STATUS_CH1_B[26].1"
COMMENT,,CELL_ASI_NODE_SAFETY_STATUS_CH1_B,"ASI SAFETY NODE 26B$NSTATUS$NTEST CYCLE$NCHANNEL 1$NCELL",,"CELL_ASI_NODE_SAFETY_STATUS_CH1_B[26].2"
COMMENT,,CELL_ASI_NODE_SAFETY_STATUS_CH1_B,"ASI SAFETY NODE 26B$NSTATUS$NERROR LOCK$NCHANNEL 1$NCELL",,"CELL_ASI_NODE_SAFETY_STATUS_CH1_B[26].3"
COMMENT,,CELL_ASI_NODE_SAFETY_STATUS_CH1_B,"ASI SAFETY NODE 26B$NSTATUS$NMISSING SLAVE$NCHANNEL 1$NCELL",,"CELL_ASI_NODE_SAFETY_STATUS_CH1_B[26].4"
COMMENT,,CELL_ASI_NODE_SAFETY_STATUS_CH1_B,"ASI SAFETY NODE 26B$NSTATUS$NPERIPHERAL FAULT$NCHANNEL 1$NCELL",,"CELL_ASI_NODE_SAFETY_STATUS_CH1_B[26].5"
COMMENT,,CELL_ASI_NODE_SAFETY_STATUS_CH1_B,"ASI SAFETY NODE 27B$NSTATUS$NCHANNEL 1$NCELL",,"CELL_ASI_NODE_SAFETY_STATUS_CH1_B[27]"
COMMENT,,CELL_ASI_NODE_SAFETY_STATUS_CH1_B,"ASI SAFETY NODE 27B$NSTATUS OK$NCHANNEL 1$NCELL",,"CELL_ASI_NODE_SAFETY_STATUS_CH1_B[27].0"
COMMENT,,CELL_ASI_NODE_SAFETY_STATUS_CH1_B,"ASI SAFETY NODE 27B$NSTATUS WAIT$NCHANNEL 1$NCELL",,"CELL_ASI_NODE_SAFETY_STATUS_CH1_B[27].1"
COMMENT,,CELL_ASI_NODE_SAFETY_STATUS_CH1_B,"ASI SAFETY NODE 27B$NSTATUS$NTEST CYCLE$NCHANNEL 1$NCELL",,"CELL_ASI_NODE_SAFETY_STATUS_CH1_B[27].2"
COMMENT,,CELL_ASI_NODE_SAFETY_STATUS_CH1_B,"ASI SAFETY NODE 27B$NSTATUS$NERROR LOCK$NCHANNEL 1$NCELL",,"CELL_ASI_NODE_SAFETY_STATUS_CH1_B[27].3"
COMMENT,,CELL_ASI_NODE_SAFETY_STATUS_CH1_B,"ASI SAFETY NODE 27B$NSTATUS$NMISSING SLAVE$NCHANNEL 1$NCELL",,"CELL_ASI_NODE_SAFETY_STATUS_CH1_B[27].4"
COMMENT,,CELL_ASI_NODE_SAFETY_STATUS_CH1_B,"ASI SAFETY NODE 27B$NSTATUS$NPERIPHERAL FAULT$NCHANNEL 1$NCELL",,"CELL_ASI_NODE_SAFETY_STATUS_CH1_B[27].5"
COMMENT,,CELL_ASI_NODE_SAFETY_STATUS_CH1_B,"ASI SAFETY NODE 28B$NSTATUS$NCHANNEL 1$NCELL",,"CELL_ASI_NODE_SAFETY_STATUS_CH1_B[28]"
COMMENT,,CELL_ASI_NODE_SAFETY_STATUS_CH1_B,"ASI SAFETY NODE 28B$NSTATUS OK$NCHANNEL 1$NCELL",,"CELL_ASI_NODE_SAFETY_STATUS_CH1_B[28].0"
COMMENT,,CELL_ASI_NODE_SAFETY_STATUS_CH1_B,"ASI SAFETY NODE 28B$NSTATUS WAIT$NCHANNEL 1$NCELL",,"CELL_ASI_NODE_SAFETY_STATUS_CH1_B[28].1"
COMMENT,,CELL_ASI_NODE_SAFETY_STATUS_CH1_B,"ASI SAFETY NODE 28B$NSTATUS$NTEST CYCLE$NCHANNEL 1$NCELL",,"CELL_ASI_NODE_SAFETY_STATUS_CH1_B[28].2"
COMMENT,,CELL_ASI_NODE_SAFETY_STATUS_CH1_B,"ASI SAFETY NODE 28B$NSTATUS$NERROR LOCK$NCHANNEL 1$NCELL",,"CELL_ASI_NODE_SAFETY_STATUS_CH1_B[28].3"
COMMENT,,CELL_ASI_NODE_SAFETY_STATUS_CH1_B,"ASI SAFETY NODE 28B$NSTATUS$NMISSING SLAVE$NCHANNEL 1$NCELL",,"CELL_ASI_NODE_SAFETY_STATUS_CH1_B[28].4"
COMMENT,,CELL_ASI_NODE_SAFETY_STATUS_CH1_B,"ASI SAFETY NODE 28B$NSTATUS$NPERIPHERAL FAULT$NCHANNEL 1$NCELL",,"CELL_ASI_NODE_SAFETY_STATUS_CH1_B[28].5"
COMMENT,,CELL_ASI_NODE_SAFETY_STATUS_CH1_B,"ASI SAFETY NODE 29B$NSTATUS$NCHANNEL 1$NCELL",,"CELL_ASI_NODE_SAFETY_STATUS_CH1_B[29]"
COMMENT,,CELL_ASI_NODE_SAFETY_STATUS_CH1_B,"ASI SAFETY NODE 29B$NSTATUS OK$NCHANNEL 1$NCELL",,"CELL_ASI_NODE_SAFETY_STATUS_CH1_B[29].0"
COMMENT,,CELL_ASI_NODE_SAFETY_STATUS_CH1_B,"ASI SAFETY NODE 29B$NSTATUS WAIT$NCHANNEL 1$NCELL",,"CELL_ASI_NODE_SAFETY_STATUS_CH1_B[29].1"
COMMENT,,CELL_ASI_NODE_SAFETY_STATUS_CH1_B,"ASI SAFETY NODE 29B$NSTATUS$NTEST CYCLE$NCHANNEL 1$NCELL",,"CELL_ASI_NODE_SAFETY_STATUS_CH1_B[29].2"
COMMENT,,CELL_ASI_NODE_SAFETY_STATUS_CH1_B,"ASI SAFETY NODE 29B$NSTATUS$NERROR LOCK$NCHANNEL 1$NCELL",,"CELL_ASI_NODE_SAFETY_STATUS_CH1_B[29].3"
COMMENT,,CELL_ASI_NODE_SAFETY_STATUS_CH1_B,"ASI SAFETY NODE 29B$NSTATUS$NMISSING SLAVE$NCHANNEL 1$NCELL",,"CELL_ASI_NODE_SAFETY_STATUS_CH1_B[29].4"
COMMENT,,CELL_ASI_NODE_SAFETY_STATUS_CH1_B,"ASI SAFETY NODE 29B$NSTATUS$NPERIPHERAL FAULT$NCHANNEL 1$NCELL",,"CELL_ASI_NODE_SAFETY_STATUS_CH1_B[29].5"
COMMENT,,CELL_ASI_NODE_SAFETY_STATUS_CH1_B,"ASI SAFETY NODE 30B$NSTATUS$NCHANNEL 1$NCELL",,"CELL_ASI_NODE_SAFETY_STATUS_CH1_B[30]"
COMMENT,,CELL_ASI_NODE_SAFETY_STATUS_CH1_B,"ASI SAFETY NODE 30B$NSTATUS OK$NCHANNEL 1$NCELL",,"CELL_ASI_NODE_SAFETY_STATUS_CH1_B[30].0"
COMMENT,,CELL_ASI_NODE_SAFETY_STATUS_CH1_B,"ASI SAFETY NODE 30B$NSTATUS WAIT$NCHANNEL 1$NCELL",,"CELL_ASI_NODE_SAFETY_STATUS_CH1_B[30].1"
COMMENT,,CELL_ASI_NODE_SAFETY_STATUS_CH1_B,"ASI SAFETY NODE 30B$NSTATUS$NTEST CYCLE$NCHANNEL 1$NCELL",,"CELL_ASI_NODE_SAFETY_STATUS_CH1_B[30].2"
COMMENT,,CELL_ASI_NODE_SAFETY_STATUS_CH1_B,"ASI SAFETY NODE 30B$NSTATUS$NERROR LOCK$NCHANNEL 1$NCELL",,"CELL_ASI_NODE_SAFETY_STATUS_CH1_B[30].3"
COMMENT,,CELL_ASI_NODE_SAFETY_STATUS_CH1_B,"ASI SAFETY NODE 30B$NSTATUS$NMISSING SLAVE$NCHANNEL 1$NCELL",,"CELL_ASI_NODE_SAFETY_STATUS_CH1_B[30].4"
COMMENT,,CELL_ASI_NODE_SAFETY_STATUS_CH1_B,"ASI SAFETY NODE 30B$NSTATUS$NPERIPHERAL FAULT$NCHANNEL 1$NCELL",,"CELL_ASI_NODE_SAFETY_STATUS_CH1_B[30].5"
COMMENT,,CELL_ASI_NODE_SAFETY_STATUS_CH1_B,"ASI SAFETY NODE 31B$NSTATUS$NCHANNEL 1$NCELL",,"CELL_ASI_NODE_SAFETY_STATUS_CH1_B[31]"
COMMENT,,CELL_ASI_NODE_SAFETY_STATUS_CH1_B,"ASI SAFETY NODE 31B$NSTATUS OK$NCHANNEL 1$NCELL",,"CELL_ASI_NODE_SAFETY_STATUS_CH1_B[31].0"
COMMENT,,CELL_ASI_NODE_SAFETY_STATUS_CH1_B,"ASI SAFETY NODE 31B$NSTATUS WAIT$NCHANNEL 1$NCELL",,"CELL_ASI_NODE_SAFETY_STATUS_CH1_B[31].1"
COMMENT,,CELL_ASI_NODE_SAFETY_STATUS_CH1_B,"ASI SAFETY NODE 31B$NSTATUS$NTEST CYCLE$NCHANNEL 1$NCELL",,"CELL_ASI_NODE_SAFETY_STATUS_CH1_B[31].2"
COMMENT,,CELL_ASI_NODE_SAFETY_STATUS_CH1_B,"ASI SAFETY NODE 31B$NSTATUS$NERROR LOCK$NCHANNEL 1$NCELL",,"CELL_ASI_NODE_SAFETY_STATUS_CH1_B[31].3"
COMMENT,,CELL_ASI_NODE_SAFETY_STATUS_CH1_B,"ASI SAFETY NODE 31B$NSTATUS$NMISSING SLAVE$NCHANNEL 1$NCELL",,"CELL_ASI_NODE_SAFETY_STATUS_CH1_B[31].4"
COMMENT,,CELL_ASI_NODE_SAFETY_STATUS_CH1_B,"ASI SAFETY NODE 31B$NSTATUS$NPERIPHERAL FAULT$NCHANNEL 1$NCELL",,"CELL_ASI_NODE_SAFETY_STATUS_CH1_B[31].5"
TAG,,CELL_ASI_NODE_SAFETY_STATUS_CH1_OK,"ASI SAFETY$NSTATUS WAIT$NCHANNEL 1 OK$NCELL","BOOL","","(RADIX := Decimal, Constant := false, ExternalAccess := Read/Write)"
TAG,,CELL_ASI_NODE_SAFETY_STATUS_CH2_A,"ASI SAFETY A NODES$NSTATUS$NCHANNEL 2$NCELL","INT[32]","","(RADIX := Decimal, Constant := false, ExternalAccess := Read/Write)"
COMMENT,,CELL_ASI_NODE_SAFETY_STATUS_CH2_A,"ASI SAFETY NULL STATUS$NCHANNEL 2$NCELL",,"CELL_ASI_NODE_SAFETY_STATUS_CH2_A[0]"
COMMENT,,CELL_ASI_NODE_SAFETY_STATUS_CH2_A,"ASI SAFETY NODE 1A$NSTATUS$NCHANNEL 2$NCELL",,"CELL_ASI_NODE_SAFETY_STATUS_CH2_A[1]"
COMMENT,,CELL_ASI_NODE_SAFETY_STATUS_CH2_A,"ASI SAFETY NODE 1A$NSTATUS OK$NCHANNEL 2$NCELL",,"CELL_ASI_NODE_SAFETY_STATUS_CH2_A[1].0"
COMMENT,,CELL_ASI_NODE_SAFETY_STATUS_CH2_A,"ASI SAFETY NODE 1A$NSTATUS WAIT$NCHANNEL 2$NCELL",,"CELL_ASI_NODE_SAFETY_STATUS_CH2_A[1].1"
COMMENT,,CELL_ASI_NODE_SAFETY_STATUS_CH2_A,"ASI SAFETY NODE 1A$NSTATUS$NTEST CYCLE$NCHANNEL 2$NCELL",,"CELL_ASI_NODE_SAFETY_STATUS_CH2_A[1].2"
COMMENT,,CELL_ASI_NODE_SAFETY_STATUS_CH2_A,"ASI SAFETY NODE 1A$NSTATUS$NERROR LOCK$NCHANNEL 2$NCELL",,"CELL_ASI_NODE_SAFETY_STATUS_CH2_A[1].3"
COMMENT,,CELL_ASI_NODE_SAFETY_STATUS_CH2_A,"ASI SAFETY NODE 1A$NSTATUS$NMISSING SLAVE$NCHANNEL 2$NCELL",,"CELL_ASI_NODE_SAFETY_STATUS_CH2_A[1].4"
COMMENT,,CELL_ASI_NODE_SAFETY_STATUS_CH2_A,"ASI SAFETY NODE 1A$NSTATUS$NPERIPHERAL FAULT$NCHANNEL 2$NCELL",,"CELL_ASI_NODE_SAFETY_STATUS_CH2_A[1].5"
COMMENT,,CELL_ASI_NODE_SAFETY_STATUS_CH2_A,"ASI SAFETY NODE 2A$NSTATUS$NCHANNEL 2$NCELL",,"CELL_ASI_NODE_SAFETY_STATUS_CH2_A[2]"
COMMENT,,CELL_ASI_NODE_SAFETY_STATUS_CH2_A,"ASI SAFETY NODE 2A$NSTATUS OK$NCHANNEL 2$NCELL",,"CELL_ASI_NODE_SAFETY_STATUS_CH2_A[2].0"
COMMENT,,CELL_ASI_NODE_SAFETY_STATUS_CH2_A,"ASI SAFETY NODE 2A$NSTATUS WAIT$NCHANNEL 2$NCELL",,"CELL_ASI_NODE_SAFETY_STATUS_CH2_A[2].1"
COMMENT,,CELL_ASI_NODE_SAFETY_STATUS_CH2_A,"ASI SAFETY NODE 2A$NSTATUS$NTEST CYCLE$NCHANNEL 2$NCELL",,"CELL_ASI_NODE_SAFETY_STATUS_CH2_A[2].2"
COMMENT,,CELL_ASI_NODE_SAFETY_STATUS_CH2_A,"ASI SAFETY NODE 2A$NSTATUS$NERROR LOCK$NCHANNEL 2$NCELL",,"CELL_ASI_NODE_SAFETY_STATUS_CH2_A[2].3"
COMMENT,,CELL_ASI_NODE_SAFETY_STATUS_CH2_A,"ASI SAFETY NODE 2A$NSTATUS$NMISSING SLAVE$NCHANNEL 2$NCELL",,"CELL_ASI_NODE_SAFETY_STATUS_CH2_A[2].4"
COMMENT,,CELL_ASI_NODE_SAFETY_STATUS_CH2_A,"ASI SAFETY NODE 2A$NSTATUS$NPERIPHERAL FAULT$NCHANNEL 2$NCELL",,"CELL_ASI_NODE_SAFETY_STATUS_CH2_A[2].5"
COMMENT,,CELL_ASI_NODE_SAFETY_STATUS_CH2_A,"ASI SAFETY NODE 3A$NSTATUS$NCHANNEL 2$NCELL",,"CELL_ASI_NODE_SAFETY_STATUS_CH2_A[3]"
COMMENT,,CELL_ASI_NODE_SAFETY_STATUS_CH2_A,"ASI SAFETY NODE 3A$NSTATUS OK$NCHANNEL 2$NCELL",,"CELL_ASI_NODE_SAFETY_STATUS_CH2_A[3].0"
COMMENT,,CELL_ASI_NODE_SAFETY_STATUS_CH2_A,"ASI SAFETY NODE 3A$NSTATUS WAIT$NCHANNEL 2$NCELL",,"CELL_ASI_NODE_SAFETY_STATUS_CH2_A[3].1"
COMMENT,,CELL_ASI_NODE_SAFETY_STATUS_CH2_A,"ASI SAFETY NODE 3A$NSTATUS$NTEST CYCLE$NCHANNEL 2$NCELL",,"CELL_ASI_NODE_SAFETY_STATUS_CH2_A[3].2"
COMMENT,,CELL_ASI_NODE_SAFETY_STATUS_CH2_A,"ASI SAFETY NODE 3A$NSTATUS$NERROR LOCK$NCHANNEL 2$NCELL",,"CELL_ASI_NODE_SAFETY_STATUS_CH2_A[3].3"
COMMENT,,CELL_ASI_NODE_SAFETY_STATUS_CH2_A,"ASI SAFETY NODE 3A$NSTATUS$NMISSING SLAVE$NCHANNEL 2$NCELL",,"CELL_ASI_NODE_SAFETY_STATUS_CH2_A[3].4"
COMMENT,,CELL_ASI_NODE_SAFETY_STATUS_CH2_A,"ASI SAFETY NODE 3A$NSTATUS$NPERIPHERAL FAULT$NCHANNEL 2$NCELL",,"CELL_ASI_NODE_SAFETY_STATUS_CH2_A[3].5"
COMMENT,,CELL_ASI_NODE_SAFETY_STATUS_CH2_A,"ASI SAFETY NODE 4A$NSTATUS$NCHANNEL 2$NCELL",,"CELL_ASI_NODE_SAFETY_STATUS_CH2_A[4]"
COMMENT,,CELL_ASI_NODE_SAFETY_STATUS_CH2_A,"ASI SAFETY NODE 4A$NSTATUS OK$NCHANNEL 2$NCELL",,"CELL_ASI_NODE_SAFETY_STATUS_CH2_A[4].0"
COMMENT,,CELL_ASI_NODE_SAFETY_STATUS_CH2_A,"ASI SAFETY NODE 4A$NSTATUS WAIT$NCHANNEL 2$NCELL",,"CELL_ASI_NODE_SAFETY_STATUS_CH2_A[4].1"
COMMENT,,CELL_ASI_NODE_SAFETY_STATUS_CH2_A,"ASI SAFETY NODE 4A$NSTATUS$NTEST CYCLE$NCHANNEL 2$NCELL",,"CELL_ASI_NODE_SAFETY_STATUS_CH2_A[4].2"
COMMENT,,CELL_ASI_NODE_SAFETY_STATUS_CH2_A,"ASI SAFETY NODE 4A$NSTATUS$NERROR LOCK$NCHANNEL 2$NCELL",,"CELL_ASI_NODE_SAFETY_STATUS_CH2_A[4].3"
COMMENT,,CELL_ASI_NODE_SAFETY_STATUS_CH2_A,"ASI SAFETY NODE 4A$NSTATUS$NMISSING SLAVE$NCHANNEL 2$NCELL",,"CELL_ASI_NODE_SAFETY_STATUS_CH2_A[4].4"
COMMENT,,CELL_ASI_NODE_SAFETY_STATUS_CH2_A,"ASI SAFETY NODE 4A$NSTATUS$NPERIPHERAL FAULT$NCHANNEL 2$NCELL",,"CELL_ASI_NODE_SAFETY_STATUS_CH2_A[4].5"
COMMENT,,CELL_ASI_NODE_SAFETY_STATUS_CH2_A,"ASI SAFETY NODE 5A$NSTATUS$NCHANNEL 2$NCELL",,"CELL_ASI_NODE_SAFETY_STATUS_CH2_A[5]"
COMMENT,,CELL_ASI_NODE_SAFETY_STATUS_CH2_A,"ASI SAFETY NODE 5A$NSTATUS OK$NCHANNEL 2$NCELL",,"CELL_ASI_NODE_SAFETY_STATUS_CH2_A[5].0"
COMMENT,,CELL_ASI_NODE_SAFETY_STATUS_CH2_A,"ASI SAFETY NODE 5A$NSTATUS WAIT$NCHANNEL 2$NCELL",,"CELL_ASI_NODE_SAFETY_STATUS_CH2_A[5].1"
COMMENT,,CELL_ASI_NODE_SAFETY_STATUS_CH2_A,"ASI SAFETY NODE 5A$NSTATUS$NTEST CYCLE$NCHANNEL 2$NCELL",,"CELL_ASI_NODE_SAFETY_STATUS_CH2_A[5].2"
COMMENT,,CELL_ASI_NODE_SAFETY_STATUS_CH2_A,"ASI SAFETY NODE 5A$NSTATUS$NERROR LOCK$NCHANNEL 2$NCELL",,"CELL_ASI_NODE_SAFETY_STATUS_CH2_A[5].3"
COMMENT,,CELL_ASI_NODE_SAFETY_STATUS_CH2_A,"ASI SAFETY NODE 5A$NSTATUS$NMISSING SLAVE$NCHANNEL 2$NCELL",,"CELL_ASI_NODE_SAFETY_STATUS_CH2_A[5].4"
COMMENT,,CELL_ASI_NODE_SAFETY_STATUS_CH2_A,"ASI SAFETY NODE 5A$NSTATUS$NPERIPHERAL FAULT$NCHANNEL 2$NCELL",,"CELL_ASI_NODE_SAFETY_STATUS_CH2_A[5].5"
COMMENT,,CELL_ASI_NODE_SAFETY_STATUS_CH2_A,"ASI SAFETY NODE 6A$NSTATUS$NCHANNEL 2$NCELL",,"CELL_ASI_NODE_SAFETY_STATUS_CH2_A[6]"
COMMENT,,CELL_ASI_NODE_SAFETY_STATUS_CH2_A,"ASI SAFETY NODE 6A$NSTATUS OK$NCHANNEL 2$NCELL",,"CELL_ASI_NODE_SAFETY_STATUS_CH2_A[6].0"
COMMENT,,CELL_ASI_NODE_SAFETY_STATUS_CH2_A,"ASI SAFETY NODE 6A$NSTATUS WAIT$NCHANNEL 2$NCELL",,"CELL_ASI_NODE_SAFETY_STATUS_CH2_A[6].1"
COMMENT,,CELL_ASI_NODE_SAFETY_STATUS_CH2_A,"ASI SAFETY NODE 6A$NSTATUS$NTEST CYCLE$NCHANNEL 2$NCELL",,"CELL_ASI_NODE_SAFETY_STATUS_CH2_A[6].2"
COMMENT,,CELL_ASI_NODE_SAFETY_STATUS_CH2_A,"ASI SAFETY NODE 6A$NSTATUS$NERROR LOCK$NCHANNEL 2$NCELL",,"CELL_ASI_NODE_SAFETY_STATUS_CH2_A[6].3"
COMMENT,,CELL_ASI_NODE_SAFETY_STATUS_CH2_A,"ASI SAFETY NODE 6A$NSTATUS$NMISSING SLAVE$NCHANNEL 2$NCELL",,"CELL_ASI_NODE_SAFETY_STATUS_CH2_A[6].4"
COMMENT,,CELL_ASI_NODE_SAFETY_STATUS_CH2_A,"ASI SAFETY NODE 6A$NSTATUS$NPERIPHERAL FAULT$NCHANNEL 2$NCELL",,"CELL_ASI_NODE_SAFETY_STATUS_CH2_A[6].5"
COMMENT,,CELL_ASI_NODE_SAFETY_STATUS_CH2_A,"ASI SAFETY NODE 7A$NSTATUS$NCHANNEL 2$NCELL",,"CELL_ASI_NODE_SAFETY_STATUS_CH2_A[7]"
COMMENT,,CELL_ASI_NODE_SAFETY_STATUS_CH2_A,"ASI SAFETY NODE 7A$NSTATUS OK$NCHANNEL 2$NCELL",,"CELL_ASI_NODE_SAFETY_STATUS_CH2_A[7].0"
COMMENT,,CELL_ASI_NODE_SAFETY_STATUS_CH2_A,"ASI SAFETY NODE 7A$NSTATUS WAIT$NCHANNEL 2$NCELL",,"CELL_ASI_NODE_SAFETY_STATUS_CH2_A[7].1"
COMMENT,,CELL_ASI_NODE_SAFETY_STATUS_CH2_A,"ASI SAFETY NODE 7A$NSTATUS$NTEST CYCLE$NCHANNEL 2$NCELL",,"CELL_ASI_NODE_SAFETY_STATUS_CH2_A[7].2"
COMMENT,,CELL_ASI_NODE_SAFETY_STATUS_CH2_A,"ASI SAFETY NODE 7A$NSTATUS$NERROR LOCK$NCHANNEL 2$NCELL",,"CELL_ASI_NODE_SAFETY_STATUS_CH2_A[7].3"
COMMENT,,CELL_ASI_NODE_SAFETY_STATUS_CH2_A,"ASI SAFETY NODE 7A$NSTATUS$NMISSING SLAVE$NCHANNEL 2$NCELL",,"CELL_ASI_NODE_SAFETY_STATUS_CH2_A[7].4"
COMMENT,,CELL_ASI_NODE_SAFETY_STATUS_CH2_A,"ASI SAFETY NODE 7A$NSTATUS$NPERIPHERAL FAULT$NCHANNEL 2$NCELL",,"CELL_ASI_NODE_SAFETY_STATUS_CH2_A[7].5"
COMMENT,,CELL_ASI_NODE_SAFETY_STATUS_CH2_A,"ASI SAFETY NODE 8A$NSTATUS$NCHANNEL 2$NCELL",,"CELL_ASI_NODE_SAFETY_STATUS_CH2_A[8]"
COMMENT,,CELL_ASI_NODE_SAFETY_STATUS_CH2_A,"ASI SAFETY NODE 8A$NSTATUS OK$NCHANNEL 2$NCELL",,"CELL_ASI_NODE_SAFETY_STATUS_CH2_A[8].0"
COMMENT,,CELL_ASI_NODE_SAFETY_STATUS_CH2_A,"ASI SAFETY NODE 8A$NSTATUS WAIT$NCHANNEL 2$NCELL",,"CELL_ASI_NODE_SAFETY_STATUS_CH2_A[8].1"
COMMENT,,CELL_ASI_NODE_SAFETY_STATUS_CH2_A,"ASI SAFETY NODE 8A$NSTATUS$NTEST CYCLE$NCHANNEL 2$NCELL",,"CELL_ASI_NODE_SAFETY_STATUS_CH2_A[8].2"
COMMENT,,CELL_ASI_NODE_SAFETY_STATUS_CH2_A,"ASI SAFETY NODE 8A$NSTATUS$NERROR LOCK$NCHANNEL 2$NCELL",,"CELL_ASI_NODE_SAFETY_STATUS_CH2_A[8].3"
COMMENT,,CELL_ASI_NODE_SAFETY_STATUS_CH2_A,"ASI SAFETY NODE 8A$NSTATUS$NMISSING SLAVE$NCHANNEL 2$NCELL",,"CELL_ASI_NODE_SAFETY_STATUS_CH2_A[8].4"
COMMENT,,CELL_ASI_NODE_SAFETY_STATUS_CH2_A,"ASI SAFETY NODE 8A$NSTATUS$NPERIPHERAL FAULT$NCHANNEL 2$NCELL",,"CELL_ASI_NODE_SAFETY_STATUS_CH2_A[8].5"
COMMENT,,CELL_ASI_NODE_SAFETY_STATUS_CH2_A,"ASI SAFETY NODE 9A$NSTATUS$NCHANNEL 2$NCELL",,"CELL_ASI_NODE_SAFETY_STATUS_CH2_A[9]"
COMMENT,,CELL_ASI_NODE_SAFETY_STATUS_CH2_A,"ASI SAFETY NODE 9A$NSTATUS OK$NCHANNEL 2$NCELL",,"CELL_ASI_NODE_SAFETY_STATUS_CH2_A[9].0"
COMMENT,,CELL_ASI_NODE_SAFETY_STATUS_CH2_A,"ASI SAFETY NODE 9A$NSTATUS WAIT$NCHANNEL 2$NCELL",,"CELL_ASI_NODE_SAFETY_STATUS_CH2_A[9].1"
COMMENT,,CELL_ASI_NODE_SAFETY_STATUS_CH2_A,"ASI SAFETY NODE 9A$NSTATUS$NTEST CYCLE$NCHANNEL 2$NCELL",,"CELL_ASI_NODE_SAFETY_STATUS_CH2_A[9].2"
COMMENT,,CELL_ASI_NODE_SAFETY_STATUS_CH2_A,"ASI SAFETY NODE 9A$NSTATUS$NERROR LOCK$NCHANNEL 2$NCELL",,"CELL_ASI_NODE_SAFETY_STATUS_CH2_A[9].3"
COMMENT,,CELL_ASI_NODE_SAFETY_STATUS_CH2_A,"ASI SAFETY NODE 9A$NSTATUS$NMISSING SLAVE$NCHANNEL 2$NCELL",,"CELL_ASI_NODE_SAFETY_STATUS_CH2_A[9].4"
COMMENT,,CELL_ASI_NODE_SAFETY_STATUS_CH2_A,"ASI SAFETY NODE 9A$NSTATUS$NPERIPHERAL FAULT$NCHANNEL 2$NCELL",,"CELL_ASI_NODE_SAFETY_STATUS_CH2_A[9].5"
COMMENT,,CELL_ASI_NODE_SAFETY_STATUS_CH2_A,"ASI SAFETY NODE 10A$NSTATUS$NCHANNEL 2$NCELL",,"CELL_ASI_NODE_SAFETY_STATUS_CH2_A[10]"
COMMENT,,CELL_ASI_NODE_SAFETY_STATUS_CH2_A,"ASI SAFETY NODE 10A$NSTATUS OK$NCHANNEL 2$NCELL",,"CELL_ASI_NODE_SAFETY_STATUS_CH2_A[10].0"
COMMENT,,CELL_ASI_NODE_SAFETY_STATUS_CH2_A,"ASI SAFETY NODE 10A$NSTATUS WAIT$NCHANNEL 2$NCELL",,"CELL_ASI_NODE_SAFETY_STATUS_CH2_A[10].1"
COMMENT,,CELL_ASI_NODE_SAFETY_STATUS_CH2_A,"ASI SAFETY NODE 10A$NSTATUS$NTEST CYCLE$NCHANNEL 2$NCELL",,"CELL_ASI_NODE_SAFETY_STATUS_CH2_A[10].2"
COMMENT,,CELL_ASI_NODE_SAFETY_STATUS_CH2_A,"ASI SAFETY NODE 10A$NSTATUS$NERROR LOCK$NCHANNEL 2$NCELL",,"CELL_ASI_NODE_SAFETY_STATUS_CH2_A[10].3"
COMMENT,,CELL_ASI_NODE_SAFETY_STATUS_CH2_A,"ASI SAFETY NODE 10A$NSTATUS$NMISSING SLAVE$NCHANNEL 2$NCELL",,"CELL_ASI_NODE_SAFETY_STATUS_CH2_A[10].4"
COMMENT,,CELL_ASI_NODE_SAFETY_STATUS_CH2_A,"ASI SAFETY NODE 10A$NSTATUS$NPERIPHERAL FAULT$NCHANNEL 2$NCELL",,"CELL_ASI_NODE_SAFETY_STATUS_CH2_A[10].5"
COMMENT,,CELL_ASI_NODE_SAFETY_STATUS_CH2_A,"ASI SAFETY NODE 11A$NSTATUS$NCHANNEL 2$NCELL",,"CELL_ASI_NODE_SAFETY_STATUS_CH2_A[11]"
COMMENT,,CELL_ASI_NODE_SAFETY_STATUS_CH2_A,"ASI SAFETY NODE 11A$NSTATUS OK$NCHANNEL 2$NCELL",,"CELL_ASI_NODE_SAFETY_STATUS_CH2_A[11].0"
COMMENT,,CELL_ASI_NODE_SAFETY_STATUS_CH2_A,"ASI SAFETY NODE 11A$NSTATUS WAIT$NCHANNEL 2$NCELL",,"CELL_ASI_NODE_SAFETY_STATUS_CH2_A[11].1"
COMMENT,,CELL_ASI_NODE_SAFETY_STATUS_CH2_A,"ASI SAFETY NODE 11A$NSTATUS$NTEST CYCLE$NCHANNEL 2$NCELL",,"CELL_ASI_NODE_SAFETY_STATUS_CH2_A[11].2"
COMMENT,,CELL_ASI_NODE_SAFETY_STATUS_CH2_A,"ASI SAFETY NODE 11A$NSTATUS$NERROR LOCK$NCHANNEL 2$NCELL",,"CELL_ASI_NODE_SAFETY_STATUS_CH2_A[11].3"
COMMENT,,CELL_ASI_NODE_SAFETY_STATUS_CH2_A,"ASI SAFETY NODE 11A$NSTATUS$NMISSING SLAVE$NCHANNEL 2$NCELL",,"CELL_ASI_NODE_SAFETY_STATUS_CH2_A[11].4"
COMMENT,,CELL_ASI_NODE_SAFETY_STATUS_CH2_A,"ASI SAFETY NODE 11A$NSTATUS$NPERIPHERAL FAULT$NCHANNEL 2$NCELL",,"CELL_ASI_NODE_SAFETY_STATUS_CH2_A[11].5"
COMMENT,,CELL_ASI_NODE_SAFETY_STATUS_CH2_A,"ASI SAFETY NODE 12A$NSTATUS$NCHANNEL 2$NCELL",,"CELL_ASI_NODE_SAFETY_STATUS_CH2_A[12]"
COMMENT,,CELL_ASI_NODE_SAFETY_STATUS_CH2_A,"ASI SAFETY NODE 12A$NSTATUS OK$NCHANNEL 2$NCELL",,"CELL_ASI_NODE_SAFETY_STATUS_CH2_A[12].0"
COMMENT,,CELL_ASI_NODE_SAFETY_STATUS_CH2_A,"ASI SAFETY NODE 12A$NSTATUS WAIT$NCHANNEL 2$NCELL",,"CELL_ASI_NODE_SAFETY_STATUS_CH2_A[12].1"
COMMENT,,CELL_ASI_NODE_SAFETY_STATUS_CH2_A,"ASI SAFETY NODE 12A$NSTATUS$NTEST CYCLE$NCHANNEL 2$NCELL",,"CELL_ASI_NODE_SAFETY_STATUS_CH2_A[12].2"
COMMENT,,CELL_ASI_NODE_SAFETY_STATUS_CH2_A,"ASI SAFETY NODE 12A$NSTATUS$NERROR LOCK$NCHANNEL 2$NCELL",,"CELL_ASI_NODE_SAFETY_STATUS_CH2_A[12].3"
COMMENT,,CELL_ASI_NODE_SAFETY_STATUS_CH2_A,"ASI SAFETY NODE 12A$NSTATUS$NMISSING SLAVE$NCHANNEL 2$NCELL",,"CELL_ASI_NODE_SAFETY_STATUS_CH2_A[12].4"
COMMENT,,CELL_ASI_NODE_SAFETY_STATUS_CH2_A,"ASI SAFETY NODE 12A$NSTATUS$NPERIPHERAL FAULT$NCHANNEL 2$NCELL",,"CELL_ASI_NODE_SAFETY_STATUS_CH2_A[12].5"
COMMENT,,CELL_ASI_NODE_SAFETY_STATUS_CH2_A,"ASI SAFETY NODE 13A$NSTATUS$NCHANNEL 2$NCELL",,"CELL_ASI_NODE_SAFETY_STATUS_CH2_A[13]"
COMMENT,,CELL_ASI_NODE_SAFETY_STATUS_CH2_A,"ASI SAFETY NODE 13A$NSTATUS OK$NCHANNEL 2$NCELL",,"CELL_ASI_NODE_SAFETY_STATUS_CH2_A[13].0"
COMMENT,,CELL_ASI_NODE_SAFETY_STATUS_CH2_A,"ASI SAFETY NODE 13A$NSTATUS WAIT$NCHANNEL 2$NCELL",,"CELL_ASI_NODE_SAFETY_STATUS_CH2_A[13].1"
COMMENT,,CELL_ASI_NODE_SAFETY_STATUS_CH2_A,"ASI SAFETY NODE 13A$NSTATUS$NTEST CYCLE$NCHANNEL 2$NCELL",,"CELL_ASI_NODE_SAFETY_STATUS_CH2_A[13].2"
COMMENT,,CELL_ASI_NODE_SAFETY_STATUS_CH2_A,"ASI SAFETY NODE 13A$NSTATUS$NERROR LOCK$NCHANNEL 2$NCELL",,"CELL_ASI_NODE_SAFETY_STATUS_CH2_A[13].3"
COMMENT,,CELL_ASI_NODE_SAFETY_STATUS_CH2_A,"ASI SAFETY NODE 13A$NSTATUS$NMISSING SLAVE$NCHANNEL 2$NCELL",,"CELL_ASI_NODE_SAFETY_STATUS_CH2_A[13].4"
COMMENT,,CELL_ASI_NODE_SAFETY_STATUS_CH2_A,"ASI SAFETY NODE 13A$NSTATUS$NPERIPHERAL FAULT$NCHANNEL 2$NCELL",,"CELL_ASI_NODE_SAFETY_STATUS_CH2_A[13].5"
COMMENT,,CELL_ASI_NODE_SAFETY_STATUS_CH2_A,"ASI SAFETY NODE 14A$NSTATUS$NCHANNEL 2$NCELL",,"CELL_ASI_NODE_SAFETY_STATUS_CH2_A[14]"
COMMENT,,CELL_ASI_NODE_SAFETY_STATUS_CH2_A,"ASI SAFETY NODE 14A$NSTATUS OK$NCHANNEL 2$NCELL",,"CELL_ASI_NODE_SAFETY_STATUS_CH2_A[14].0"
COMMENT,,CELL_ASI_NODE_SAFETY_STATUS_CH2_A,"ASI SAFETY NODE 14A$NSTATUS WAIT$NCHANNEL 2$NCELL",,"CELL_ASI_NODE_SAFETY_STATUS_CH2_A[14].1"
COMMENT,,CELL_ASI_NODE_SAFETY_STATUS_CH2_A,"ASI SAFETY NODE 14A$NSTATUS$NTEST CYCLE$NCHANNEL 2$NCELL",,"CELL_ASI_NODE_SAFETY_STATUS_CH2_A[14].2"
COMMENT,,CELL_ASI_NODE_SAFETY_STATUS_CH2_A,"ASI SAFETY NODE 14A$NSTATUS$NERROR LOCK$NCHANNEL 2$NCELL",,"CELL_ASI_NODE_SAFETY_STATUS_CH2_A[14].3"
COMMENT,,CELL_ASI_NODE_SAFETY_STATUS_CH2_A,"ASI SAFETY NODE 14A$NSTATUS$NMISSING SLAVE$NCHANNEL 2$NCELL",,"CELL_ASI_NODE_SAFETY_STATUS_CH2_A[14].4"
COMMENT,,CELL_ASI_NODE_SAFETY_STATUS_CH2_A,"ASI SAFETY NODE 14A$NSTATUS$NPERIPHERAL FAULT$NCHANNEL 2$NCELL",,"CELL_ASI_NODE_SAFETY_STATUS_CH2_A[14].5"
COMMENT,,CELL_ASI_NODE_SAFETY_STATUS_CH2_A,"ASI SAFETY NODE 15A$NSTATUS$NCHANNEL 2$NCELL",,"CELL_ASI_NODE_SAFETY_STATUS_CH2_A[15]"
COMMENT,,CELL_ASI_NODE_SAFETY_STATUS_CH2_A,"ASI SAFETY NODE 15A$NSTATUS OK$NCHANNEL 2$NCELL",,"CELL_ASI_NODE_SAFETY_STATUS_CH2_A[15].0"
COMMENT,,CELL_ASI_NODE_SAFETY_STATUS_CH2_A,"ASI SAFETY NODE 15A$NSTATUS WAIT$NCHANNEL 2$NCELL",,"CELL_ASI_NODE_SAFETY_STATUS_CH2_A[15].1"
COMMENT,,CELL_ASI_NODE_SAFETY_STATUS_CH2_A,"ASI SAFETY NODE 15A$NSTATUS$NTEST CYCLE$NCHANNEL 2$NCELL",,"CELL_ASI_NODE_SAFETY_STATUS_CH2_A[15].2"
COMMENT,,CELL_ASI_NODE_SAFETY_STATUS_CH2_A,"ASI SAFETY NODE 15A$NSTATUS$NERROR LOCK$NCHANNEL 2$NCELL",,"CELL_ASI_NODE_SAFETY_STATUS_CH2_A[15].3"
COMMENT,,CELL_ASI_NODE_SAFETY_STATUS_CH2_A,"ASI SAFETY NODE 15A$NSTATUS$NMISSING SLAVE$NCHANNEL 2$NCELL",,"CELL_ASI_NODE_SAFETY_STATUS_CH2_A[15].4"
COMMENT,,CELL_ASI_NODE_SAFETY_STATUS_CH2_A,"ASI SAFETY NODE 15A$NSTATUS$NPERIPHERAL FAULT$NCHANNEL 2$NCELL",,"CELL_ASI_NODE_SAFETY_STATUS_CH2_A[15].5"
COMMENT,,CELL_ASI_NODE_SAFETY_STATUS_CH2_A,"ASI SAFETY NODE 16A$NSTATUS$NCHANNEL 2$NCELL",,"CELL_ASI_NODE_SAFETY_STATUS_CH2_A[16]"
COMMENT,,CELL_ASI_NODE_SAFETY_STATUS_CH2_A,"ASI SAFETY NODE 16A$NSTATUS OK$NCHANNEL 2$NCELL",,"CELL_ASI_NODE_SAFETY_STATUS_CH2_A[16].0"
COMMENT,,CELL_ASI_NODE_SAFETY_STATUS_CH2_A,"ASI SAFETY NODE 16A$NSTATUS WAIT$NCHANNEL 2$NCELL",,"CELL_ASI_NODE_SAFETY_STATUS_CH2_A[16].1"
COMMENT,,CELL_ASI_NODE_SAFETY_STATUS_CH2_A,"ASI SAFETY NODE 16A$NSTATUS$NTEST CYCLE$NCHANNEL 2$NCELL",,"CELL_ASI_NODE_SAFETY_STATUS_CH2_A[16].2"
COMMENT,,CELL_ASI_NODE_SAFETY_STATUS_CH2_A,"ASI SAFETY NODE 16A$NSTATUS$NERROR LOCK$NCHANNEL 2$NCELL",,"CELL_ASI_NODE_SAFETY_STATUS_CH2_A[16].3"
COMMENT,,CELL_ASI_NODE_SAFETY_STATUS_CH2_A,"ASI SAFETY NODE 16A$NSTATUS$NMISSING SLAVE$NCHANNEL 2$NCELL",,"CELL_ASI_NODE_SAFETY_STATUS_CH2_A[16].4"
COMMENT,,CELL_ASI_NODE_SAFETY_STATUS_CH2_A,"ASI SAFETY NODE 16A$NSTATUS$NPERIPHERAL FAULT$NCHANNEL 2$NCELL",,"CELL_ASI_NODE_SAFETY_STATUS_CH2_A[16].5"
COMMENT,,CELL_ASI_NODE_SAFETY_STATUS_CH2_A,"ASI SAFETY NODE 17A$NSTATUS$NCHANNEL 2$NCELL",,"CELL_ASI_NODE_SAFETY_STATUS_CH2_A[17]"
COMMENT,,CELL_ASI_NODE_SAFETY_STATUS_CH2_A,"ASI SAFETY NODE 17A$NSTATUS OK$NCHANNEL 2$NCELL",,"CELL_ASI_NODE_SAFETY_STATUS_CH2_A[17].0"
COMMENT,,CELL_ASI_NODE_SAFETY_STATUS_CH2_A,"ASI SAFETY NODE 17A$NSTATUS WAIT$NCHANNEL 2$NCELL",,"CELL_ASI_NODE_SAFETY_STATUS_CH2_A[17].1"
COMMENT,,CELL_ASI_NODE_SAFETY_STATUS_CH2_A,"ASI SAFETY NODE 17A$NSTATUS$NTEST CYCLE$NCHANNEL 2$NCELL",,"CELL_ASI_NODE_SAFETY_STATUS_CH2_A[17].2"
COMMENT,,CELL_ASI_NODE_SAFETY_STATUS_CH2_A,"ASI SAFETY NODE 17A$NSTATUS$NERROR LOCK$NCHANNEL 2$NCELL",,"CELL_ASI_NODE_SAFETY_STATUS_CH2_A[17].3"
COMMENT,,CELL_ASI_NODE_SAFETY_STATUS_CH2_A,"ASI SAFETY NODE 17A$NSTATUS$NMISSING SLAVE$NCHANNEL 2$NCELL",,"CELL_ASI_NODE_SAFETY_STATUS_CH2_A[17].4"
COMMENT,,CELL_ASI_NODE_SAFETY_STATUS_CH2_A,"ASI SAFETY NODE 17A$NSTATUS$NPERIPHERAL FAULT$NCHANNEL 2$NCELL",,"CELL_ASI_NODE_SAFETY_STATUS_CH2_A[17].5"
COMMENT,,CELL_ASI_NODE_SAFETY_STATUS_CH2_A,"ASI SAFETY NODE 18A$NSTATUS$NCHANNEL 2$NCELL",,"CELL_ASI_NODE_SAFETY_STATUS_CH2_A[18]"
COMMENT,,CELL_ASI_NODE_SAFETY_STATUS_CH2_A,"ASI SAFETY NODE 18A$NSTATUS OK$NCHANNEL 2$NCELL",,"CELL_ASI_NODE_SAFETY_STATUS_CH2_A[18].0"
COMMENT,,CELL_ASI_NODE_SAFETY_STATUS_CH2_A,"ASI SAFETY NODE 18A$NSTATUS WAIT$NCHANNEL 2$NCELL",,"CELL_ASI_NODE_SAFETY_STATUS_CH2_A[18].1"
COMMENT,,CELL_ASI_NODE_SAFETY_STATUS_CH2_A,"ASI SAFETY NODE 18A$NSTATUS$NTEST CYCLE$NCHANNEL 2$NCELL",,"CELL_ASI_NODE_SAFETY_STATUS_CH2_A[18].2"
COMMENT,,CELL_ASI_NODE_SAFETY_STATUS_CH2_A,"ASI SAFETY NODE 18A$NSTATUS$NERROR LOCK$NCHANNEL 2$NCELL",,"CELL_ASI_NODE_SAFETY_STATUS_CH2_A[18].3"
COMMENT,,CELL_ASI_NODE_SAFETY_STATUS_CH2_A,"ASI SAFETY NODE 18A$NSTATUS$NMISSING SLAVE$NCHANNEL 2$NCELL",,"CELL_ASI_NODE_SAFETY_STATUS_CH2_A[18].4"
COMMENT,,CELL_ASI_NODE_SAFETY_STATUS_CH2_A,"ASI SAFETY NODE 18A$NSTATUS$NPERIPHERAL FAULT$NCHANNEL 2$NCELL",,"CELL_ASI_NODE_SAFETY_STATUS_CH2_A[18].5"
COMMENT,,CELL_ASI_NODE_SAFETY_STATUS_CH2_A,"ASI SAFETY NODE 19A$NSTATUS$NCHANNEL 2$NCELL",,"CELL_ASI_NODE_SAFETY_STATUS_CH2_A[19]"
COMMENT,,CELL_ASI_NODE_SAFETY_STATUS_CH2_A,"ASI SAFETY NODE 19A$NSTATUS OK$NCHANNEL 2$NCELL",,"CELL_ASI_NODE_SAFETY_STATUS_CH2_A[19].0"
COMMENT,,CELL_ASI_NODE_SAFETY_STATUS_CH2_A,"ASI SAFETY NODE 19A$NSTATUS WAIT$NCHANNEL 2$NCELL",,"CELL_ASI_NODE_SAFETY_STATUS_CH2_A[19].1"
COMMENT,,CELL_ASI_NODE_SAFETY_STATUS_CH2_A,"ASI SAFETY NODE 19A$NSTATUS$NTEST CYCLE$NCHANNEL 2$NCELL",,"CELL_ASI_NODE_SAFETY_STATUS_CH2_A[19].2"
COMMENT,,CELL_ASI_NODE_SAFETY_STATUS_CH2_A,"ASI SAFETY NODE 19A$NSTATUS$NERROR LOCK$NCHANNEL 2$NCELL",,"CELL_ASI_NODE_SAFETY_STATUS_CH2_A[19].3"
COMMENT,,CELL_ASI_NODE_SAFETY_STATUS_CH2_A,"ASI SAFETY NODE 19A$NSTATUS$NMISSING SLAVE$NCHANNEL 2$NCELL",,"CELL_ASI_NODE_SAFETY_STATUS_CH2_A[19].4"
COMMENT,,CELL_ASI_NODE_SAFETY_STATUS_CH2_A,"ASI SAFETY NODE 19A$NSTATUS$NPERIPHERAL FAULT$NCHANNEL 2$NCELL",,"CELL_ASI_NODE_SAFETY_STATUS_CH2_A[19].5"
COMMENT,,CELL_ASI_NODE_SAFETY_STATUS_CH2_A,"ASI SAFETY NODE 20A$NSTATUS$NCHANNEL 2$NCELL",,"CELL_ASI_NODE_SAFETY_STATUS_CH2_A[20]"
COMMENT,,CELL_ASI_NODE_SAFETY_STATUS_CH2_A,"ASI SAFETY NODE 20A$NSTATUS OK$NCHANNEL 2$NCELL",,"CELL_ASI_NODE_SAFETY_STATUS_CH2_A[20].0"
COMMENT,,CELL_ASI_NODE_SAFETY_STATUS_CH2_A,"ASI SAFETY NODE 20A$NSTATUS WAIT$NCHANNEL 2$NCELL",,"CELL_ASI_NODE_SAFETY_STATUS_CH2_A[20].1"
COMMENT,,CELL_ASI_NODE_SAFETY_STATUS_CH2_A,"ASI SAFETY NODE 20A$NSTATUS$NTEST CYCLE$NCHANNEL 2$NCELL",,"CELL_ASI_NODE_SAFETY_STATUS_CH2_A[20].2"
COMMENT,,CELL_ASI_NODE_SAFETY_STATUS_CH2_A,"ASI SAFETY NODE 20A$NSTATUS$NERROR LOCK$NCHANNEL 2$NCELL",,"CELL_ASI_NODE_SAFETY_STATUS_CH2_A[20].3"
COMMENT,,CELL_ASI_NODE_SAFETY_STATUS_CH2_A,"ASI SAFETY NODE 20A$NSTATUS$NMISSING SLAVE$NCHANNEL 2$NCELL",,"CELL_ASI_NODE_SAFETY_STATUS_CH2_A[20].4"
COMMENT,,CELL_ASI_NODE_SAFETY_STATUS_CH2_A,"ASI SAFETY NODE 20A$NSTATUS$NPERIPHERAL FAULT$NCHANNEL 2$NCELL",,"CELL_ASI_NODE_SAFETY_STATUS_CH2_A[20].5"
COMMENT,,CELL_ASI_NODE_SAFETY_STATUS_CH2_A,"ASI SAFETY NODE 21A$NSTATUS$NCHANNEL 2$NCELL",,"CELL_ASI_NODE_SAFETY_STATUS_CH2_A[21]"
COMMENT,,CELL_ASI_NODE_SAFETY_STATUS_CH2_A,"ASI SAFETY NODE 21A$NSTATUS OK$NCHANNEL 2$NCELL",,"CELL_ASI_NODE_SAFETY_STATUS_CH2_A[21].0"
COMMENT,,CELL_ASI_NODE_SAFETY_STATUS_CH2_A,"ASI SAFETY NODE 21A$NSTATUS WAIT$NCHANNEL 2$NCELL",,"CELL_ASI_NODE_SAFETY_STATUS_CH2_A[21].1"
COMMENT,,CELL_ASI_NODE_SAFETY_STATUS_CH2_A,"ASI SAFETY NODE 21A$NSTATUS$NTEST CYCLE$NCHANNEL 2$NCELL",,"CELL_ASI_NODE_SAFETY_STATUS_CH2_A[21].2"
COMMENT,,CELL_ASI_NODE_SAFETY_STATUS_CH2_A,"ASI SAFETY NODE 21A$NSTATUS$NERROR LOCK$NCHANNEL 2$NCELL",,"CELL_ASI_NODE_SAFETY_STATUS_CH2_A[21].3"
COMMENT,,CELL_ASI_NODE_SAFETY_STATUS_CH2_A,"ASI SAFETY NODE 21A$NSTATUS$NMISSING SLAVE$NCHANNEL 2$NCELL",,"CELL_ASI_NODE_SAFETY_STATUS_CH2_A[21].4"
COMMENT,,CELL_ASI_NODE_SAFETY_STATUS_CH2_A,"ASI SAFETY NODE 21A$NSTATUS$NPERIPHERAL FAULT$NCHANNEL 2$NCELL",,"CELL_ASI_NODE_SAFETY_STATUS_CH2_A[21].5"
COMMENT,,CELL_ASI_NODE_SAFETY_STATUS_CH2_A,"ASI SAFETY NODE 22A$NSTATUS$NCHANNEL 2$NCELL",,"CELL_ASI_NODE_SAFETY_STATUS_CH2_A[22]"
COMMENT,,CELL_ASI_NODE_SAFETY_STATUS_CH2_A,"ASI SAFETY NODE 22A$NSTATUS OK$NCHANNEL 2$NCELL",,"CELL_ASI_NODE_SAFETY_STATUS_CH2_A[22].0"
COMMENT,,CELL_ASI_NODE_SAFETY_STATUS_CH2_A,"ASI SAFETY NODE 22A$NSTATUS WAIT$NCHANNEL 2$NCELL",,"CELL_ASI_NODE_SAFETY_STATUS_CH2_A[22].1"
COMMENT,,CELL_ASI_NODE_SAFETY_STATUS_CH2_A,"ASI SAFETY NODE 22A$NSTATUS$NTEST CYCLE$NCHANNEL 2$NCELL",,"CELL_ASI_NODE_SAFETY_STATUS_CH2_A[22].2"
COMMENT,,CELL_ASI_NODE_SAFETY_STATUS_CH2_A,"ASI SAFETY NODE 22A$NSTATUS$NERROR LOCK$NCHANNEL 2$NCELL",,"CELL_ASI_NODE_SAFETY_STATUS_CH2_A[22].3"
COMMENT,,CELL_ASI_NODE_SAFETY_STATUS_CH2_A,"ASI SAFETY NODE 22A$NSTATUS$NMISSING SLAVE$NCHANNEL 2$NCELL",,"CELL_ASI_NODE_SAFETY_STATUS_CH2_A[22].4"
COMMENT,,CELL_ASI_NODE_SAFETY_STATUS_CH2_A,"ASI SAFETY NODE 22A$NSTATUS$NPERIPHERAL FAULT$NCHANNEL 2$NCELL",,"CELL_ASI_NODE_SAFETY_STATUS_CH2_A[22].5"
COMMENT,,CELL_ASI_NODE_SAFETY_STATUS_CH2_A,"ASI SAFETY NODE 23A$NSTATUS$NCHANNEL 2$NCELL",,"CELL_ASI_NODE_SAFETY_STATUS_CH2_A[23]"
COMMENT,,CELL_ASI_NODE_SAFETY_STATUS_CH2_A,"ASI SAFETY NODE 23A$NSTATUS OK$NCHANNEL 2$NCELL",,"CELL_ASI_NODE_SAFETY_STATUS_CH2_A[23].0"
COMMENT,,CELL_ASI_NODE_SAFETY_STATUS_CH2_A,"ASI SAFETY NODE 23A$NSTATUS WAIT$NCHANNEL 2$NCELL",,"CELL_ASI_NODE_SAFETY_STATUS_CH2_A[23].1"
COMMENT,,CELL_ASI_NODE_SAFETY_STATUS_CH2_A,"ASI SAFETY NODE 23A$NSTATUS$NTEST CYCLE$NCHANNEL 2$NCELL",,"CELL_ASI_NODE_SAFETY_STATUS_CH2_A[23].2"
COMMENT,,CELL_ASI_NODE_SAFETY_STATUS_CH2_A,"ASI SAFETY NODE 23A$NSTATUS$NERROR LOCK$NCHANNEL 2$NCELL",,"CELL_ASI_NODE_SAFETY_STATUS_CH2_A[23].3"
COMMENT,,CELL_ASI_NODE_SAFETY_STATUS_CH2_A,"ASI SAFETY NODE 23A$NSTATUS$NMISSING SLAVE$NCHANNEL 2$NCELL",,"CELL_ASI_NODE_SAFETY_STATUS_CH2_A[23].4"
COMMENT,,CELL_ASI_NODE_SAFETY_STATUS_CH2_A,"ASI SAFETY NODE 23A$NSTATUS$NPERIPHERAL FAULT$NCHANNEL 2$NCELL",,"CELL_ASI_NODE_SAFETY_STATUS_CH2_A[23].5"
COMMENT,,CELL_ASI_NODE_SAFETY_STATUS_CH2_A,"ASI SAFETY NODE 24A$NSTATUS$NCHANNEL 2$NCELL",,"CELL_ASI_NODE_SAFETY_STATUS_CH2_A[24]"
COMMENT,,CELL_ASI_NODE_SAFETY_STATUS_CH2_A,"ASI SAFETY NODE 24A$NSTATUS OK$NCHANNEL 2$NCELL",,"CELL_ASI_NODE_SAFETY_STATUS_CH2_A[24].0"
COMMENT,,CELL_ASI_NODE_SAFETY_STATUS_CH2_A,"ASI SAFETY NODE 24A$NSTATUS WAIT$NCHANNEL 2$NCELL",,"CELL_ASI_NODE_SAFETY_STATUS_CH2_A[24].1"
COMMENT,,CELL_ASI_NODE_SAFETY_STATUS_CH2_A,"ASI SAFETY NODE 24A$NSTATUS$NTEST CYCLE$NCHANNEL 2$NCELL",,"CELL_ASI_NODE_SAFETY_STATUS_CH2_A[24].2"
COMMENT,,CELL_ASI_NODE_SAFETY_STATUS_CH2_A,"ASI SAFETY NODE 24A$NSTATUS$NERROR LOCK$NCHANNEL 2$NCELL",,"CELL_ASI_NODE_SAFETY_STATUS_CH2_A[24].3"
COMMENT,,CELL_ASI_NODE_SAFETY_STATUS_CH2_A,"ASI SAFETY NODE 24A$NSTATUS$NMISSING SLAVE$NCHANNEL 2$NCELL",,"CELL_ASI_NODE_SAFETY_STATUS_CH2_A[24].4"
COMMENT,,CELL_ASI_NODE_SAFETY_STATUS_CH2_A,"ASI SAFETY NODE 24A$NSTATUS$NPERIPHERAL FAULT$NCHANNEL 2$NCELL",,"CELL_ASI_NODE_SAFETY_STATUS_CH2_A[24].5"
COMMENT,,CELL_ASI_NODE_SAFETY_STATUS_CH2_A,"ASI SAFETY NODE 25A$NSTATUS$NCHANNEL 2$NCELL",,"CELL_ASI_NODE_SAFETY_STATUS_CH2_A[25]"
COMMENT,,CELL_ASI_NODE_SAFETY_STATUS_CH2_A,"ASI SAFETY NODE 25A$NSTATUS OK$NCHANNEL 2$NCELL",,"CELL_ASI_NODE_SAFETY_STATUS_CH2_A[25].0"
COMMENT,,CELL_ASI_NODE_SAFETY_STATUS_CH2_A,"ASI SAFETY NODE 25A$NSTATUS WAIT$NCHANNEL 2$NCELL",,"CELL_ASI_NODE_SAFETY_STATUS_CH2_A[25].1"
COMMENT,,CELL_ASI_NODE_SAFETY_STATUS_CH2_A,"ASI SAFETY NODE 25A$NSTATUS$NTEST CYCLE$NCHANNEL 2$NCELL",,"CELL_ASI_NODE_SAFETY_STATUS_CH2_A[25].2"
COMMENT,,CELL_ASI_NODE_SAFETY_STATUS_CH2_A,"ASI SAFETY NODE 25A$NSTATUS$NERROR LOCK$NCHANNEL 2$NCELL",,"CELL_ASI_NODE_SAFETY_STATUS_CH2_A[25].3"
COMMENT,,CELL_ASI_NODE_SAFETY_STATUS_CH2_A,"ASI SAFETY NODE 25A$NSTATUS$NMISSING SLAVE$NCHANNEL 2$NCELL",,"CELL_ASI_NODE_SAFETY_STATUS_CH2_A[25].4"
COMMENT,,CELL_ASI_NODE_SAFETY_STATUS_CH2_A,"ASI SAFETY NODE 25A$NSTATUS$NPERIPHERAL FAULT$NCHANNEL 2$NCELL",,"CELL_ASI_NODE_SAFETY_STATUS_CH2_A[25].5"
COMMENT,,CELL_ASI_NODE_SAFETY_STATUS_CH2_A,"ASI SAFETY NODE 26A$NSTATUS$NCHANNEL 2$NCELL",,"CELL_ASI_NODE_SAFETY_STATUS_CH2_A[26]"
COMMENT,,CELL_ASI_NODE_SAFETY_STATUS_CH2_A,"ASI SAFETY NODE 26A$NSTATUS OK$NCHANNEL 2$NCELL",,"CELL_ASI_NODE_SAFETY_STATUS_CH2_A[26].0"
COMMENT,,CELL_ASI_NODE_SAFETY_STATUS_CH2_A,"ASI SAFETY NODE 26A$NSTATUS WAIT$NCHANNEL 2$NCELL",,"CELL_ASI_NODE_SAFETY_STATUS_CH2_A[26].1"
COMMENT,,CELL_ASI_NODE_SAFETY_STATUS_CH2_A,"ASI SAFETY NODE 26A$NSTATUS$NTEST CYCLE$NCHANNEL 2$NCELL",,"CELL_ASI_NODE_SAFETY_STATUS_CH2_A[26].2"
COMMENT,,CELL_ASI_NODE_SAFETY_STATUS_CH2_A,"ASI SAFETY NODE 26A$NSTATUS$NERROR LOCK$NCHANNEL 2$NCELL",,"CELL_ASI_NODE_SAFETY_STATUS_CH2_A[26].3"
COMMENT,,CELL_ASI_NODE_SAFETY_STATUS_CH2_A,"ASI SAFETY NODE 26A$NSTATUS$NMISSING SLAVE$NCHANNEL 2$NCELL",,"CELL_ASI_NODE_SAFETY_STATUS_CH2_A[26].4"
COMMENT,,CELL_ASI_NODE_SAFETY_STATUS_CH2_A,"ASI SAFETY NODE 26A$NSTATUS$NPERIPHERAL FAULT$NCHANNEL 2$NCELL",,"CELL_ASI_NODE_SAFETY_STATUS_CH2_A[26].5"
COMMENT,,CELL_ASI_NODE_SAFETY_STATUS_CH2_A,"ASI SAFETY NODE 27A$NSTATUS$NCHANNEL 2$NCELL",,"CELL_ASI_NODE_SAFETY_STATUS_CH2_A[27]"
COMMENT,,CELL_ASI_NODE_SAFETY_STATUS_CH2_A,"ASI SAFETY NODE 27A$NSTATUS OK$NCHANNEL 2$NCELL",,"CELL_ASI_NODE_SAFETY_STATUS_CH2_A[27].0"
COMMENT,,CELL_ASI_NODE_SAFETY_STATUS_CH2_A,"ASI SAFETY NODE 27A$NSTATUS WAIT$NCHANNEL 2$NCELL",,"CELL_ASI_NODE_SAFETY_STATUS_CH2_A[27].1"
COMMENT,,CELL_ASI_NODE_SAFETY_STATUS_CH2_A,"ASI SAFETY NODE 27A$NSTATUS$NTEST CYCLE$NCHANNEL 2$NCELL",,"CELL_ASI_NODE_SAFETY_STATUS_CH2_A[27].2"
COMMENT,,CELL_ASI_NODE_SAFETY_STATUS_CH2_A,"ASI SAFETY NODE 27A$NSTATUS$NERROR LOCK$NCHANNEL 2$NCELL",,"CELL_ASI_NODE_SAFETY_STATUS_CH2_A[27].3"
COMMENT,,CELL_ASI_NODE_SAFETY_STATUS_CH2_A,"ASI SAFETY NODE 27A$NSTATUS$NMISSING SLAVE$NCHANNEL 2$NCELL",,"CELL_ASI_NODE_SAFETY_STATUS_CH2_A[27].4"
COMMENT,,CELL_ASI_NODE_SAFETY_STATUS_CH2_A,"ASI SAFETY NODE 27A$NSTATUS$NPERIPHERAL FAULT$NCHANNEL 2$NCELL",,"CELL_ASI_NODE_SAFETY_STATUS_CH2_A[27].5"
COMMENT,,CELL_ASI_NODE_SAFETY_STATUS_CH2_A,"ASI SAFETY NODE 28A$NSTATUS$NCHANNEL 2$NCELL",,"CELL_ASI_NODE_SAFETY_STATUS_CH2_A[28]"
COMMENT,,CELL_ASI_NODE_SAFETY_STATUS_CH2_A,"ASI SAFETY NODE 28A$NSTATUS OK$NCHANNEL 2$NCELL",,"CELL_ASI_NODE_SAFETY_STATUS_CH2_A[28].0"
COMMENT,,CELL_ASI_NODE_SAFETY_STATUS_CH2_A,"ASI SAFETY NODE 28A$NSTATUS WAIT$NCHANNEL 2$NCELL",,"CELL_ASI_NODE_SAFETY_STATUS_CH2_A[28].1"
COMMENT,,CELL_ASI_NODE_SAFETY_STATUS_CH2_A,"ASI SAFETY NODE 28A$NSTATUS$NTEST CYCLE$NCHANNEL 2$NCELL",,"CELL_ASI_NODE_SAFETY_STATUS_CH2_A[28].2"
COMMENT,,CELL_ASI_NODE_SAFETY_STATUS_CH2_A,"ASI SAFETY NODE 28A$NSTATUS$NERROR LOCK$NCHANNEL 2$NCELL",,"CELL_ASI_NODE_SAFETY_STATUS_CH2_A[28].3"
COMMENT,,CELL_ASI_NODE_SAFETY_STATUS_CH2_A,"ASI SAFETY NODE 28A$NSTATUS$NMISSING SLAVE$NCHANNEL 2$NCELL",,"CELL_ASI_NODE_SAFETY_STATUS_CH2_A[28].4"
COMMENT,,CELL_ASI_NODE_SAFETY_STATUS_CH2_A,"ASI SAFETY NODE 28A$NSTATUS$NPERIPHERAL FAULT$NCHANNEL 2$NCELL",,"CELL_ASI_NODE_SAFETY_STATUS_CH2_A[28].5"
COMMENT,,CELL_ASI_NODE_SAFETY_STATUS_CH2_A,"ASI SAFETY NODE 29A$NSTATUS$NCHANNEL 2$NCELL",,"CELL_ASI_NODE_SAFETY_STATUS_CH2_A[29]"
COMMENT,,CELL_ASI_NODE_SAFETY_STATUS_CH2_A,"ASI SAFETY NODE 29A$NSTATUS OK$NCHANNEL 2$NCELL",,"CELL_ASI_NODE_SAFETY_STATUS_CH2_A[29].0"
COMMENT,,CELL_ASI_NODE_SAFETY_STATUS_CH2_A,"ASI SAFETY NODE 29A$NSTATUS WAIT$NCHANNEL 2$NCELL",,"CELL_ASI_NODE_SAFETY_STATUS_CH2_A[29].1"
COMMENT,,CELL_ASI_NODE_SAFETY_STATUS_CH2_A,"ASI SAFETY NODE 29A$NSTATUS$NTEST CYCLE$NCHANNEL 2$NCELL",,"CELL_ASI_NODE_SAFETY_STATUS_CH2_A[29].2"
COMMENT,,CELL_ASI_NODE_SAFETY_STATUS_CH2_A,"ASI SAFETY NODE 29A$NSTATUS$NERROR LOCK$NCHANNEL 2$NCELL",,"CELL_ASI_NODE_SAFETY_STATUS_CH2_A[29].3"
COMMENT,,CELL_ASI_NODE_SAFETY_STATUS_CH2_A,"ASI SAFETY NODE 29A$NSTATUS$NMISSING SLAVE$NCHANNEL 2$NCELL",,"CELL_ASI_NODE_SAFETY_STATUS_CH2_A[29].4"
COMMENT,,CELL_ASI_NODE_SAFETY_STATUS_CH2_A,"ASI SAFETY NODE 29A$NSTATUS$NPERIPHERAL FAULT$NCHANNEL 2$NCELL",,"CELL_ASI_NODE_SAFETY_STATUS_CH2_A[29].5"
COMMENT,,CELL_ASI_NODE_SAFETY_STATUS_CH2_A,"ASI SAFETY NODE 30A$NSTATUS$NCHANNEL 2$NCELL",,"CELL_ASI_NODE_SAFETY_STATUS_CH2_A[30]"
COMMENT,,CELL_ASI_NODE_SAFETY_STATUS_CH2_A,"ASI SAFETY NODE 30A$NSTATUS OK$NCHANNEL 2$NCELL",,"CELL_ASI_NODE_SAFETY_STATUS_CH2_A[30].0"
COMMENT,,CELL_ASI_NODE_SAFETY_STATUS_CH2_A,"ASI SAFETY NODE 30A$NSTATUS WAIT$NCHANNEL 2$NCELL",,"CELL_ASI_NODE_SAFETY_STATUS_CH2_A[30].1"
COMMENT,,CELL_ASI_NODE_SAFETY_STATUS_CH2_A,"ASI SAFETY NODE 30A$NSTATUS$NTEST CYCLE$NCHANNEL 2$NCELL",,"CELL_ASI_NODE_SAFETY_STATUS_CH2_A[30].2"
COMMENT,,CELL_ASI_NODE_SAFETY_STATUS_CH2_A,"ASI SAFETY NODE 30A$NSTATUS$NERROR LOCK$NCHANNEL 2$NCELL",,"CELL_ASI_NODE_SAFETY_STATUS_CH2_A[30].3"
COMMENT,,CELL_ASI_NODE_SAFETY_STATUS_CH2_A,"ASI SAFETY NODE 30A$NSTATUS$NMISSING SLAVE$NCHANNEL 2$NCELL",,"CELL_ASI_NODE_SAFETY_STATUS_CH2_A[30].4"
COMMENT,,CELL_ASI_NODE_SAFETY_STATUS_CH2_A,"ASI SAFETY NODE 30A$NSTATUS$NPERIPHERAL FAULT$NCHANNEL 2$NCELL",,"CELL_ASI_NODE_SAFETY_STATUS_CH2_A[30].5"
COMMENT,,CELL_ASI_NODE_SAFETY_STATUS_CH2_A,"ASI SAFETY NODE 31A$NSTATUS$NCHANNEL 2$NCELL",,"CELL_ASI_NODE_SAFETY_STATUS_CH2_A[31]"
COMMENT,,CELL_ASI_NODE_SAFETY_STATUS_CH2_A,"ASI SAFETY NODE 31A$NSTATUS OK$NCHANNEL 2$NCELL",,"CELL_ASI_NODE_SAFETY_STATUS_CH2_A[31].0"
COMMENT,,CELL_ASI_NODE_SAFETY_STATUS_CH2_A,"ASI SAFETY NODE 31A$NSTATUS WAIT$NCHANNEL 2$NCELL",,"CELL_ASI_NODE_SAFETY_STATUS_CH2_A[31].1"
COMMENT,,CELL_ASI_NODE_SAFETY_STATUS_CH2_A,"ASI SAFETY NODE 31A$NSTATUS$NTEST CYCLE$NCHANNEL 2$NCELL",,"CELL_ASI_NODE_SAFETY_STATUS_CH2_A[31].2"
COMMENT,,CELL_ASI_NODE_SAFETY_STATUS_CH2_A,"ASI SAFETY NODE 31A$NSTATUS$NERROR LOCK$NCHANNEL 2$NCELL",,"CELL_ASI_NODE_SAFETY_STATUS_CH2_A[31].3"
COMMENT,,CELL_ASI_NODE_SAFETY_STATUS_CH2_A,"ASI SAFETY NODE 31A$NSTATUS$NMISSING SLAVE$NCHANNEL 2$NCELL",,"CELL_ASI_NODE_SAFETY_STATUS_CH2_A[31].4"
COMMENT,,CELL_ASI_NODE_SAFETY_STATUS_CH2_A,"ASI SAFETY NODE 31A$NSTATUS$NPERIPHERAL FAULT$NCHANNEL 2$NCELL",,"CELL_ASI_NODE_SAFETY_STATUS_CH2_A[31].5"
TAG,,CELL_ASI_NODE_SAFETY_STATUS_CH2_B,"ASI SAFETY B NODES$NSTATUS$NCHANNEL 2$NCELL","INT[32]","","(RADIX := Decimal, Constant := false, ExternalAccess := Read/Write)"
COMMENT,,CELL_ASI_NODE_SAFETY_STATUS_CH2_B,"ASI SAFETY NULL STATUS$NCHANNEL 2$NCELL",,"CELL_ASI_NODE_SAFETY_STATUS_CH2_B[0]"
COMMENT,,CELL_ASI_NODE_SAFETY_STATUS_CH2_B,"ASI SAFETY NODE 1B$NSTATUS$NCHANNEL 2$NCELL",,"CELL_ASI_NODE_SAFETY_STATUS_CH2_B[1]"
COMMENT,,CELL_ASI_NODE_SAFETY_STATUS_CH2_B,"ASI SAFETY NODE 1B$NSTATUS OK$NCHANNEL 2$NCELL",,"CELL_ASI_NODE_SAFETY_STATUS_CH2_B[1].0"
COMMENT,,CELL_ASI_NODE_SAFETY_STATUS_CH2_B,"ASI SAFETY NODE 1B$NSTATUS WAIT$NCHANNEL 2$NCELL",,"CELL_ASI_NODE_SAFETY_STATUS_CH2_B[1].1"
COMMENT,,CELL_ASI_NODE_SAFETY_STATUS_CH2_B,"ASI SAFETY NODE 1B$NSTATUS$NTEST CYCLE$NCHANNEL 2$NCELL",,"CELL_ASI_NODE_SAFETY_STATUS_CH2_B[1].2"
COMMENT,,CELL_ASI_NODE_SAFETY_STATUS_CH2_B,"ASI SAFETY NODE 1B$NSTATUS$NERROR LOCK$NCHANNEL 2$NCELL",,"CELL_ASI_NODE_SAFETY_STATUS_CH2_B[1].3"
COMMENT,,CELL_ASI_NODE_SAFETY_STATUS_CH2_B,"ASI SAFETY NODE 1B$NSTATUS$NMISSING SLAVE$NCHANNEL 2$NCELL",,"CELL_ASI_NODE_SAFETY_STATUS_CH2_B[1].4"
COMMENT,,CELL_ASI_NODE_SAFETY_STATUS_CH2_B,"ASI SAFETY NODE 1B$NSTATUS$NPERIPHERAL FAULT$NCHANNEL 2$NCELL",,"CELL_ASI_NODE_SAFETY_STATUS_CH2_B[1].5"
COMMENT,,CELL_ASI_NODE_SAFETY_STATUS_CH2_B,"ASI SAFETY NODE 2B$NSTATUS$NCHANNEL 2$NCELL",,"CELL_ASI_NODE_SAFETY_STATUS_CH2_B[2]"
COMMENT,,CELL_ASI_NODE_SAFETY_STATUS_CH2_B,"ASI SAFETY NODE 2B$NSTATUS OK$NCHANNEL 2$NCELL",,"CELL_ASI_NODE_SAFETY_STATUS_CH2_B[2].0"
COMMENT,,CELL_ASI_NODE_SAFETY_STATUS_CH2_B,"ASI SAFETY NODE 2B$NSTATUS WAIT$NCHANNEL 2$NCELL",,"CELL_ASI_NODE_SAFETY_STATUS_CH2_B[2].1"
COMMENT,,CELL_ASI_NODE_SAFETY_STATUS_CH2_B,"ASI SAFETY NODE 2B$NSTATUS$NTEST CYCLE$NCHANNEL 2$NCELL",,"CELL_ASI_NODE_SAFETY_STATUS_CH2_B[2].2"
COMMENT,,CELL_ASI_NODE_SAFETY_STATUS_CH2_B,"ASI SAFETY NODE 2B$NSTATUS$NERROR LOCK$NCHANNEL 2$NCELL",,"CELL_ASI_NODE_SAFETY_STATUS_CH2_B[2].3"
COMMENT,,CELL_ASI_NODE_SAFETY_STATUS_CH2_B,"ASI SAFETY NODE 2B$NSTATUS$NMISSING SLAVE$NCHANNEL 2$NCELL",,"CELL_ASI_NODE_SAFETY_STATUS_CH2_B[2].4"
COMMENT,,CELL_ASI_NODE_SAFETY_STATUS_CH2_B,"ASI SAFETY NODE 2B$NSTATUS$NPERIPHERAL FAULT$NCHANNEL 2$NCELL",,"CELL_ASI_NODE_SAFETY_STATUS_CH2_B[2].5"
COMMENT,,CELL_ASI_NODE_SAFETY_STATUS_CH2_B,"ASI SAFETY NODE 3B$NSTATUS$NCHANNEL 2$NCELL",,"CELL_ASI_NODE_SAFETY_STATUS_CH2_B[3]"
COMMENT,,CELL_ASI_NODE_SAFETY_STATUS_CH2_B,"ASI SAFETY NODE 3B$NSTATUS OK$NCHANNEL 2$NCELL",,"CELL_ASI_NODE_SAFETY_STATUS_CH2_B[3].0"
COMMENT,,CELL_ASI_NODE_SAFETY_STATUS_CH2_B,"ASI SAFETY NODE 3B$NSTATUS WAIT$NCHANNEL 2$NCELL",,"CELL_ASI_NODE_SAFETY_STATUS_CH2_B[3].1"
COMMENT,,CELL_ASI_NODE_SAFETY_STATUS_CH2_B,"ASI SAFETY NODE 3B$NSTATUS$NTEST CYCLE$NCHANNEL 2$NCELL",,"CELL_ASI_NODE_SAFETY_STATUS_CH2_B[3].2"
COMMENT,,CELL_ASI_NODE_SAFETY_STATUS_CH2_B,"ASI SAFETY NODE 3B$NSTATUS$NERROR LOCK$NCHANNEL 2$NCELL",,"CELL_ASI_NODE_SAFETY_STATUS_CH2_B[3].3"
COMMENT,,CELL_ASI_NODE_SAFETY_STATUS_CH2_B,"ASI SAFETY NODE 3B$NSTATUS$NMISSING SLAVE$NCHANNEL 2$NCELL",,"CELL_ASI_NODE_SAFETY_STATUS_CH2_B[3].4"
COMMENT,,CELL_ASI_NODE_SAFETY_STATUS_CH2_B,"ASI SAFETY NODE 3B$NSTATUS$NPERIPHERAL FAULT$NCHANNEL 2$NCELL",,"CELL_ASI_NODE_SAFETY_STATUS_CH2_B[3].5"
COMMENT,,CELL_ASI_NODE_SAFETY_STATUS_CH2_B,"ASI SAFETY NODE 4B$NSTATUS$NCHANNEL 2$NCELL",,"CELL_ASI_NODE_SAFETY_STATUS_CH2_B[4]"
COMMENT,,CELL_ASI_NODE_SAFETY_STATUS_CH2_B,"ASI SAFETY NODE 4B$NSTATUS OK$NCHANNEL 2$NCELL",,"CELL_ASI_NODE_SAFETY_STATUS_CH2_B[4].0"
COMMENT,,CELL_ASI_NODE_SAFETY_STATUS_CH2_B,"ASI SAFETY NODE 4B$NSTATUS WAIT$NCHANNEL 2$NCELL",,"CELL_ASI_NODE_SAFETY_STATUS_CH2_B[4].1"
COMMENT,,CELL_ASI_NODE_SAFETY_STATUS_CH2_B,"ASI SAFETY NODE 4B$NSTATUS$NTEST CYCLE$NCHANNEL 2$NCELL",,"CELL_ASI_NODE_SAFETY_STATUS_CH2_B[4].2"
COMMENT,,CELL_ASI_NODE_SAFETY_STATUS_CH2_B,"ASI SAFETY NODE 4B$NSTATUS$NERROR LOCK$NCHANNEL 2$NCELL",,"CELL_ASI_NODE_SAFETY_STATUS_CH2_B[4].3"
COMMENT,,CELL_ASI_NODE_SAFETY_STATUS_CH2_B,"ASI SAFETY NODE 4B$NSTATUS$NMISSING SLAVE$NCHANNEL 2$NCELL",,"CELL_ASI_NODE_SAFETY_STATUS_CH2_B[4].4"
COMMENT,,CELL_ASI_NODE_SAFETY_STATUS_CH2_B,"ASI SAFETY NODE 4B$NSTATUS$NPERIPHERAL FAULT$NCHANNEL 2$NCELL",,"CELL_ASI_NODE_SAFETY_STATUS_CH2_B[4].5"
COMMENT,,CELL_ASI_NODE_SAFETY_STATUS_CH2_B,"ASI SAFETY NODE 5B$NSTATUS$NCHANNEL 2$NCELL",,"CELL_ASI_NODE_SAFETY_STATUS_CH2_B[5]"
COMMENT,,CELL_ASI_NODE_SAFETY_STATUS_CH2_B,"ASI SAFETY NODE 5B$NSTATUS OK$NCHANNEL 2$NCELL",,"CELL_ASI_NODE_SAFETY_STATUS_CH2_B[5].0"
COMMENT,,CELL_ASI_NODE_SAFETY_STATUS_CH2_B,"ASI SAFETY NODE 5B$NSTATUS WAIT$NCHANNEL 2$NCELL",,"CELL_ASI_NODE_SAFETY_STATUS_CH2_B[5].1"
COMMENT,,CELL_ASI_NODE_SAFETY_STATUS_CH2_B,"ASI SAFETY NODE 5B$NSTATUS$NTEST CYCLE$NCHANNEL 2$NCELL",,"CELL_ASI_NODE_SAFETY_STATUS_CH2_B[5].2"
COMMENT,,CELL_ASI_NODE_SAFETY_STATUS_CH2_B,"ASI SAFETY NODE 5B$NSTATUS$NERROR LOCK$NCHANNEL 2$NCELL",,"CELL_ASI_NODE_SAFETY_STATUS_CH2_B[5].3"
COMMENT,,CELL_ASI_NODE_SAFETY_STATUS_CH2_B,"ASI SAFETY NODE 5B$NSTATUS$NMISSING SLAVE$NCHANNEL 2$NCELL",,"CELL_ASI_NODE_SAFETY_STATUS_CH2_B[5].4"
COMMENT,,CELL_ASI_NODE_SAFETY_STATUS_CH2_B,"ASI SAFETY NODE 5B$NSTATUS$NPERIPHERAL FAULT$NCHANNEL 2$NCELL",,"CELL_ASI_NODE_SAFETY_STATUS_CH2_B[5].5"
COMMENT,,CELL_ASI_NODE_SAFETY_STATUS_CH2_B,"ASI SAFETY NODE 6B$NSTATUS$NCHANNEL 2$NCELL",,"CELL_ASI_NODE_SAFETY_STATUS_CH2_B[6]"
COMMENT,,CELL_ASI_NODE_SAFETY_STATUS_CH2_B,"ASI SAFETY NODE 6B$NSTATUS OK$NCHANNEL 2$NCELL",,"CELL_ASI_NODE_SAFETY_STATUS_CH2_B[6].0"
COMMENT,,CELL_ASI_NODE_SAFETY_STATUS_CH2_B,"ASI SAFETY NODE 6B$NSTATUS WAIT$NCHANNEL 2$NCELL",,"CELL_ASI_NODE_SAFETY_STATUS_CH2_B[6].1"
COMMENT,,CELL_ASI_NODE_SAFETY_STATUS_CH2_B,"ASI SAFETY NODE 6B$NSTATUS$NTEST CYCLE$NCHANNEL 2$NCELL",,"CELL_ASI_NODE_SAFETY_STATUS_CH2_B[6].2"
COMMENT,,CELL_ASI_NODE_SAFETY_STATUS_CH2_B,"ASI SAFETY NODE 6B$NSTATUS$NERROR LOCK$NCHANNEL 2$NCELL",,"CELL_ASI_NODE_SAFETY_STATUS_CH2_B[6].3"
COMMENT,,CELL_ASI_NODE_SAFETY_STATUS_CH2_B,"ASI SAFETY NODE 6B$NSTATUS$NMISSING SLAVE$NCHANNEL 2$NCELL",,"CELL_ASI_NODE_SAFETY_STATUS_CH2_B[6].4"
COMMENT,,CELL_ASI_NODE_SAFETY_STATUS_CH2_B,"ASI SAFETY NODE 6B$NSTATUS$NPERIPHERAL FAULT$NCHANNEL 2$NCELL",,"CELL_ASI_NODE_SAFETY_STATUS_CH2_B[6].5"
COMMENT,,CELL_ASI_NODE_SAFETY_STATUS_CH2_B,"ASI SAFETY NODE 7B$NSTATUS$NCHANNEL 2$NCELL",,"CELL_ASI_NODE_SAFETY_STATUS_CH2_B[7]"
COMMENT,,CELL_ASI_NODE_SAFETY_STATUS_CH2_B,"ASI SAFETY NODE 7B$NSTATUS OK$NCHANNEL 2$NCELL",,"CELL_ASI_NODE_SAFETY_STATUS_CH2_B[7].0"
COMMENT,,CELL_ASI_NODE_SAFETY_STATUS_CH2_B,"ASI SAFETY NODE 7B$NSTATUS WAIT$NCHANNEL 2$NCELL",,"CELL_ASI_NODE_SAFETY_STATUS_CH2_B[7].1"
COMMENT,,CELL_ASI_NODE_SAFETY_STATUS_CH2_B,"ASI SAFETY NODE 7B$NSTATUS$NTEST CYCLE$NCHANNEL 2$NCELL",,"CELL_ASI_NODE_SAFETY_STATUS_CH2_B[7].2"
COMMENT,,CELL_ASI_NODE_SAFETY_STATUS_CH2_B,"ASI SAFETY NODE 7B$NSTATUS$NERROR LOCK$NCHANNEL 2$NCELL",,"CELL_ASI_NODE_SAFETY_STATUS_CH2_B[7].3"
COMMENT,,CELL_ASI_NODE_SAFETY_STATUS_CH2_B,"ASI SAFETY NODE 7B$NSTATUS$NMISSING SLAVE$NCHANNEL 2$NCELL",,"CELL_ASI_NODE_SAFETY_STATUS_CH2_B[7].4"
COMMENT,,CELL_ASI_NODE_SAFETY_STATUS_CH2_B,"ASI SAFETY NODE 7B$NSTATUS$NPERIPHERAL FAULT$NCHANNEL 2$NCELL",,"CELL_ASI_NODE_SAFETY_STATUS_CH2_B[7].5"
COMMENT,,CELL_ASI_NODE_SAFETY_STATUS_CH2_B,"ASI SAFETY NODE 8B$NSTATUS$NCHANNEL 2$NCELL",,"CELL_ASI_NODE_SAFETY_STATUS_CH2_B[8]"
COMMENT,,CELL_ASI_NODE_SAFETY_STATUS_CH2_B,"ASI SAFETY NODE 8B$NSTATUS OK$NCHANNEL 2$NCELL",,"CELL_ASI_NODE_SAFETY_STATUS_CH2_B[8].0"
COMMENT,,CELL_ASI_NODE_SAFETY_STATUS_CH2_B,"ASI SAFETY NODE 8B$NSTATUS WAIT$NCHANNEL 2$NCELL",,"CELL_ASI_NODE_SAFETY_STATUS_CH2_B[8].1"
COMMENT,,CELL_ASI_NODE_SAFETY_STATUS_CH2_B,"ASI SAFETY NODE 8B$NSTATUS$NTEST CYCLE$NCHANNEL 2$NCELL",,"CELL_ASI_NODE_SAFETY_STATUS_CH2_B[8].2"
COMMENT,,CELL_ASI_NODE_SAFETY_STATUS_CH2_B,"ASI SAFETY NODE 8B$NSTATUS$NERROR LOCK$NCHANNEL 2$NCELL",,"CELL_ASI_NODE_SAFETY_STATUS_CH2_B[8].3"
COMMENT,,CELL_ASI_NODE_SAFETY_STATUS_CH2_B,"ASI SAFETY NODE 8B$NSTATUS$NMISSING SLAVE$NCHANNEL 2$NCELL",,"CELL_ASI_NODE_SAFETY_STATUS_CH2_B[8].4"
COMMENT,,CELL_ASI_NODE_SAFETY_STATUS_CH2_B,"ASI SAFETY NODE 8B$NSTATUS$NPERIPHERAL FAULT$NCHANNEL 2$NCELL",,"CELL_ASI_NODE_SAFETY_STATUS_CH2_B[8].5"
COMMENT,,CELL_ASI_NODE_SAFETY_STATUS_CH2_B,"ASI SAFETY NODE 9B$NSTATUS$NCHANNEL 2$NCELL",,"CELL_ASI_NODE_SAFETY_STATUS_CH2_B[9]"
COMMENT,,CELL_ASI_NODE_SAFETY_STATUS_CH2_B,"ASI SAFETY NODE 9B$NSTATUS OK$NCHANNEL 2$NCELL",,"CELL_ASI_NODE_SAFETY_STATUS_CH2_B[9].0"
COMMENT,,CELL_ASI_NODE_SAFETY_STATUS_CH2_B,"ASI SAFETY NODE 9B$NSTATUS WAIT$NCHANNEL 2$NCELL",,"CELL_ASI_NODE_SAFETY_STATUS_CH2_B[9].1"
COMMENT,,CELL_ASI_NODE_SAFETY_STATUS_CH2_B,"ASI SAFETY NODE 9B$NSTATUS$NTEST CYCLE$NCHANNEL 2$NCELL",,"CELL_ASI_NODE_SAFETY_STATUS_CH2_B[9].2"
COMMENT,,CELL_ASI_NODE_SAFETY_STATUS_CH2_B,"ASI SAFETY NODE 9B$NSTATUS$NERROR LOCK$NCHANNEL 2$NCELL",,"CELL_ASI_NODE_SAFETY_STATUS_CH2_B[9].3"
COMMENT,,CELL_ASI_NODE_SAFETY_STATUS_CH2_B,"ASI SAFETY NODE 9B$NSTATUS$NMISSING SLAVE$NCHANNEL 2$NCELL",,"CELL_ASI_NODE_SAFETY_STATUS_CH2_B[9].4"
COMMENT,,CELL_ASI_NODE_SAFETY_STATUS_CH2_B,"ASI SAFETY NODE 9B$NSTATUS$NPERIPHERAL FAULT$NCHANNEL 2$NCELL",,"CELL_ASI_NODE_SAFETY_STATUS_CH2_B[9].5"
COMMENT,,CELL_ASI_NODE_SAFETY_STATUS_CH2_B,"ASI SAFETY NODE 10B$NSTATUS$NCHANNEL 2$NCELL",,"CELL_ASI_NODE_SAFETY_STATUS_CH2_B[10]"
COMMENT,,CELL_ASI_NODE_SAFETY_STATUS_CH2_B,"ASI SAFETY NODE 10B$NSTATUS OK$NCHANNEL 2$NCELL",,"CELL_ASI_NODE_SAFETY_STATUS_CH2_B[10].0"
COMMENT,,CELL_ASI_NODE_SAFETY_STATUS_CH2_B,"ASI SAFETY NODE 10B$NSTATUS WAIT$NCHANNEL 2$NCELL",,"CELL_ASI_NODE_SAFETY_STATUS_CH2_B[10].1"
COMMENT,,CELL_ASI_NODE_SAFETY_STATUS_CH2_B,"ASI SAFETY NODE 10B$NSTATUS$NTEST CYCLE$NCHANNEL 2$NCELL",,"CELL_ASI_NODE_SAFETY_STATUS_CH2_B[10].2"
COMMENT,,CELL_ASI_NODE_SAFETY_STATUS_CH2_B,"ASI SAFETY NODE 10B$NSTATUS$NERROR LOCK$NCHANNEL 2$NCELL",,"CELL_ASI_NODE_SAFETY_STATUS_CH2_B[10].3"
COMMENT,,CELL_ASI_NODE_SAFETY_STATUS_CH2_B,"ASI SAFETY NODE 10B$NSTATUS$NMISSING SLAVE$NCHANNEL 2$NCELL",,"CELL_ASI_NODE_SAFETY_STATUS_CH2_B[10].4"
COMMENT,,CELL_ASI_NODE_SAFETY_STATUS_CH2_B,"ASI SAFETY NODE 10B$NSTATUS$NPERIPHERAL FAULT$NCHANNEL 2$NCELL",,"CELL_ASI_NODE_SAFETY_STATUS_CH2_B[10].5"
COMMENT,,CELL_ASI_NODE_SAFETY_STATUS_CH2_B,"ASI SAFETY NODE 11B$NSTATUS$NCHANNEL 2$NCELL",,"CELL_ASI_NODE_SAFETY_STATUS_CH2_B[11]"
COMMENT,,CELL_ASI_NODE_SAFETY_STATUS_CH2_B,"ASI SAFETY NODE 11B$NSTATUS OK$NCHANNEL 2$NCELL",,"CELL_ASI_NODE_SAFETY_STATUS_CH2_B[11].0"
COMMENT,,CELL_ASI_NODE_SAFETY_STATUS_CH2_B,"ASI SAFETY NODE 11B$NSTATUS WAIT$NCHANNEL 2$NCELL",,"CELL_ASI_NODE_SAFETY_STATUS_CH2_B[11].1"
COMMENT,,CELL_ASI_NODE_SAFETY_STATUS_CH2_B,"ASI SAFETY NODE 11B$NSTATUS$NTEST CYCLE$NCHANNEL 2$NCELL",,"CELL_ASI_NODE_SAFETY_STATUS_CH2_B[11].2"
COMMENT,,CELL_ASI_NODE_SAFETY_STATUS_CH2_B,"ASI SAFETY NODE 11B$NSTATUS$NERROR LOCK$NCHANNEL 2$NCELL",,"CELL_ASI_NODE_SAFETY_STATUS_CH2_B[11].3"
COMMENT,,CELL_ASI_NODE_SAFETY_STATUS_CH2_B,"ASI SAFETY NODE 11B$NSTATUS$NMISSING SLAVE$NCHANNEL 2$NCELL",,"CELL_ASI_NODE_SAFETY_STATUS_CH2_B[11].4"
COMMENT,,CELL_ASI_NODE_SAFETY_STATUS_CH2_B,"ASI SAFETY NODE 11B$NSTATUS$NPERIPHERAL FAULT$NCHANNEL 2$NCELL",,"CELL_ASI_NODE_SAFETY_STATUS_CH2_B[11].5"
COMMENT,,CELL_ASI_NODE_SAFETY_STATUS_CH2_B,"ASI SAFETY NODE 12B$NSTATUS$NCHANNEL 2$NCELL",,"CELL_ASI_NODE_SAFETY_STATUS_CH2_B[12]"
COMMENT,,CELL_ASI_NODE_SAFETY_STATUS_CH2_B,"ASI SAFETY NODE 12B$NSTATUS OK$NCHANNEL 2$NCELL",,"CELL_ASI_NODE_SAFETY_STATUS_CH2_B[12].0"
COMMENT,,CELL_ASI_NODE_SAFETY_STATUS_CH2_B,"ASI SAFETY NODE 12B$NSTATUS WAIT$NCHANNEL 2$NCELL",,"CELL_ASI_NODE_SAFETY_STATUS_CH2_B[12].1"
COMMENT,,CELL_ASI_NODE_SAFETY_STATUS_CH2_B,"ASI SAFETY NODE 12B$NSTATUS$NTEST CYCLE$NCHANNEL 2$NCELL",,"CELL_ASI_NODE_SAFETY_STATUS_CH2_B[12].2"
COMMENT,,CELL_ASI_NODE_SAFETY_STATUS_CH2_B,"ASI SAFETY NODE 12B$NSTATUS$NERROR LOCK$NCHANNEL 2$NCELL",,"CELL_ASI_NODE_SAFETY_STATUS_CH2_B[12].3"
COMMENT,,CELL_ASI_NODE_SAFETY_STATUS_CH2_B,"ASI SAFETY NODE 12B$NSTATUS$NMISSING SLAVE$NCHANNEL 2$NCELL",,"CELL_ASI_NODE_SAFETY_STATUS_CH2_B[12].4"
COMMENT,,CELL_ASI_NODE_SAFETY_STATUS_CH2_B,"ASI SAFETY NODE 12B$NSTATUS$NPERIPHERAL FAULT$NCHANNEL 2$NCELL",,"CELL_ASI_NODE_SAFETY_STATUS_CH2_B[12].5"
COMMENT,,CELL_ASI_NODE_SAFETY_STATUS_CH2_B,"ASI SAFETY NODE 13B$NSTATUS$NCHANNEL 2$NCELL",,"CELL_ASI_NODE_SAFETY_STATUS_CH2_B[13]"
COMMENT,,CELL_ASI_NODE_SAFETY_STATUS_CH2_B,"ASI SAFETY NODE 13B$NSTATUS OK$NCHANNEL 2$NCELL",,"CELL_ASI_NODE_SAFETY_STATUS_CH2_B[13].0"
COMMENT,,CELL_ASI_NODE_SAFETY_STATUS_CH2_B,"ASI SAFETY NODE 13B$NSTATUS WAIT$NCHANNEL 2$NCELL",,"CELL_ASI_NODE_SAFETY_STATUS_CH2_B[13].1"
COMMENT,,CELL_ASI_NODE_SAFETY_STATUS_CH2_B,"ASI SAFETY NODE 13B$NSTATUS$NTEST CYCLE$NCHANNEL 2$NCELL",,"CELL_ASI_NODE_SAFETY_STATUS_CH2_B[13].2"
COMMENT,,CELL_ASI_NODE_SAFETY_STATUS_CH2_B,"ASI SAFETY NODE 13B$NSTATUS$NERROR LOCK$NCHANNEL 2$NCELL",,"CELL_ASI_NODE_SAFETY_STATUS_CH2_B[13].3"
COMMENT,,CELL_ASI_NODE_SAFETY_STATUS_CH2_B,"ASI SAFETY NODE 13B$NSTATUS$NMISSING SLAVE$NCHANNEL 2$NCELL",,"CELL_ASI_NODE_SAFETY_STATUS_CH2_B[13].4"
COMMENT,,CELL_ASI_NODE_SAFETY_STATUS_CH2_B,"ASI SAFETY NODE 13B$NSTATUS$NPERIPHERAL FAULT$NCHANNEL 2$NCELL",,"CELL_ASI_NODE_SAFETY_STATUS_CH2_B[13].5"
COMMENT,,CELL_ASI_NODE_SAFETY_STATUS_CH2_B,"ASI SAFETY NODE 14B$NSTATUS$NCHANNEL 2$NCELL",,"CELL_ASI_NODE_SAFETY_STATUS_CH2_B[14]"
COMMENT,,CELL_ASI_NODE_SAFETY_STATUS_CH2_B,"ASI SAFETY NODE 14B$NSTATUS OK$NCHANNEL 2$NCELL",,"CELL_ASI_NODE_SAFETY_STATUS_CH2_B[14].0"
COMMENT,,CELL_ASI_NODE_SAFETY_STATUS_CH2_B,"ASI SAFETY NODE 14B$NSTATUS WAIT$NCHANNEL 2$NCELL",,"CELL_ASI_NODE_SAFETY_STATUS_CH2_B[14].1"
COMMENT,,CELL_ASI_NODE_SAFETY_STATUS_CH2_B,"ASI SAFETY NODE 14B$NSTATUS$NTEST CYCLE$NCHANNEL 2$NCELL",,"CELL_ASI_NODE_SAFETY_STATUS_CH2_B[14].2"
COMMENT,,CELL_ASI_NODE_SAFETY_STATUS_CH2_B,"ASI SAFETY NODE 14B$NSTATUS$NERROR LOCK$NCHANNEL 2$NCELL",,"CELL_ASI_NODE_SAFETY_STATUS_CH2_B[14].3"
COMMENT,,CELL_ASI_NODE_SAFETY_STATUS_CH2_B,"ASI SAFETY NODE 14B$NSTATUS$NMISSING SLAVE$NCHANNEL 2$NCELL",,"CELL_ASI_NODE_SAFETY_STATUS_CH2_B[14].4"
COMMENT,,CELL_ASI_NODE_SAFETY_STATUS_CH2_B,"ASI SAFETY NODE 14B$NSTATUS$NPERIPHERAL FAULT$NCHANNEL 2$NCELL",,"CELL_ASI_NODE_SAFETY_STATUS_CH2_B[14].5"
COMMENT,,CELL_ASI_NODE_SAFETY_STATUS_CH2_B,"ASI SAFETY NODE 15B$NSTATUS$NCHANNEL 2$NCELL",,"CELL_ASI_NODE_SAFETY_STATUS_CH2_B[15]"
COMMENT,,CELL_ASI_NODE_SAFETY_STATUS_CH2_B,"ASI SAFETY NODE 15B$NSTATUS OK$NCHANNEL 2$NCELL",,"CELL_ASI_NODE_SAFETY_STATUS_CH2_B[15].0"
COMMENT,,CELL_ASI_NODE_SAFETY_STATUS_CH2_B,"ASI SAFETY NODE 15B$NSTATUS WAIT$NCHANNEL 2$NCELL",,"CELL_ASI_NODE_SAFETY_STATUS_CH2_B[15].1"
COMMENT,,CELL_ASI_NODE_SAFETY_STATUS_CH2_B,"ASI SAFETY NODE 15B$NSTATUS$NTEST CYCLE$NCHANNEL 2$NCELL",,"CELL_ASI_NODE_SAFETY_STATUS_CH2_B[15].2"
COMMENT,,CELL_ASI_NODE_SAFETY_STATUS_CH2_B,"ASI SAFETY NODE 15B$NSTATUS$NERROR LOCK$NCHANNEL 2$NCELL",,"CELL_ASI_NODE_SAFETY_STATUS_CH2_B[15].3"
COMMENT,,CELL_ASI_NODE_SAFETY_STATUS_CH2_B,"ASI SAFETY NODE 15B$NSTATUS$NMISSING SLAVE$NCHANNEL 2$NCELL",,"CELL_ASI_NODE_SAFETY_STATUS_CH2_B[15].4"
COMMENT,,CELL_ASI_NODE_SAFETY_STATUS_CH2_B,"ASI SAFETY NODE 15B$NSTATUS$NPERIPHERAL FAULT$NCHANNEL 2$NCELL",,"CELL_ASI_NODE_SAFETY_STATUS_CH2_B[15].5"
COMMENT,,CELL_ASI_NODE_SAFETY_STATUS_CH2_B,"ASI SAFETY NODE 16B$NSTATUS$NCHANNEL 2$NCELL",,"CELL_ASI_NODE_SAFETY_STATUS_CH2_B[16]"
COMMENT,,CELL_ASI_NODE_SAFETY_STATUS_CH2_B,"ASI SAFETY NODE 16B$NSTATUS OK$NCHANNEL 2$NCELL",,"CELL_ASI_NODE_SAFETY_STATUS_CH2_B[16].0"
COMMENT,,CELL_ASI_NODE_SAFETY_STATUS_CH2_B,"ASI SAFETY NODE 16B$NSTATUS WAIT$NCHANNEL 2$NCELL",,"CELL_ASI_NODE_SAFETY_STATUS_CH2_B[16].1"
COMMENT,,CELL_ASI_NODE_SAFETY_STATUS_CH2_B,"ASI SAFETY NODE 16B$NSTATUS$NTEST CYCLE$NCHANNEL 2$NCELL",,"CELL_ASI_NODE_SAFETY_STATUS_CH2_B[16].2"
COMMENT,,CELL_ASI_NODE_SAFETY_STATUS_CH2_B,"ASI SAFETY NODE 16B$NSTATUS$NERROR LOCK$NCHANNEL 2$NCELL",,"CELL_ASI_NODE_SAFETY_STATUS_CH2_B[16].3"
COMMENT,,CELL_ASI_NODE_SAFETY_STATUS_CH2_B,"ASI SAFETY NODE 16B$NSTATUS$NMISSING SLAVE$NCHANNEL 2$NCELL",,"CELL_ASI_NODE_SAFETY_STATUS_CH2_B[16].4"
COMMENT,,CELL_ASI_NODE_SAFETY_STATUS_CH2_B,"ASI SAFETY NODE 16B$NSTATUS$NPERIPHERAL FAULT$NCHANNEL 2$NCELL",,"CELL_ASI_NODE_SAFETY_STATUS_CH2_B[16].5"
COMMENT,,CELL_ASI_NODE_SAFETY_STATUS_CH2_B,"ASI SAFETY NODE 17B$NSTATUS$NCHANNEL 2$NCELL",,"CELL_ASI_NODE_SAFETY_STATUS_CH2_B[17]"
COMMENT,,CELL_ASI_NODE_SAFETY_STATUS_CH2_B,"ASI SAFETY NODE 17B$NSTATUS OK$NCHANNEL 2$NCELL",,"CELL_ASI_NODE_SAFETY_STATUS_CH2_B[17].0"
COMMENT,,CELL_ASI_NODE_SAFETY_STATUS_CH2_B,"ASI SAFETY NODE 17B$NSTATUS WAIT$NCHANNEL 2$NCELL",,"CELL_ASI_NODE_SAFETY_STATUS_CH2_B[17].1"
COMMENT,,CELL_ASI_NODE_SAFETY_STATUS_CH2_B,"ASI SAFETY NODE 17B$NSTATUS$NTEST CYCLE$NCHANNEL 2$NCELL",,"CELL_ASI_NODE_SAFETY_STATUS_CH2_B[17].2"
COMMENT,,CELL_ASI_NODE_SAFETY_STATUS_CH2_B,"ASI SAFETY NODE 17B$NSTATUS$NERROR LOCK$NCHANNEL 2$NCELL",,"CELL_ASI_NODE_SAFETY_STATUS_CH2_B[17].3"
COMMENT,,CELL_ASI_NODE_SAFETY_STATUS_CH2_B,"ASI SAFETY NODE 17B$NSTATUS$NMISSING SLAVE$NCHANNEL 2$NCELL",,"CELL_ASI_NODE_SAFETY_STATUS_CH2_B[17].4"
COMMENT,,CELL_ASI_NODE_SAFETY_STATUS_CH2_B,"ASI SAFETY NODE 17B$NSTATUS$NPERIPHERAL FAULT$NCHANNEL 2$NCELL",,"CELL_ASI_NODE_SAFETY_STATUS_CH2_B[17].5"
COMMENT,,CELL_ASI_NODE_SAFETY_STATUS_CH2_B,"ASI SAFETY NODE 18B$NSTATUS$NCHANNEL 2$NCELL",,"CELL_ASI_NODE_SAFETY_STATUS_CH2_B[18]"
COMMENT,,CELL_ASI_NODE_SAFETY_STATUS_CH2_B,"ASI SAFETY NODE 18B$NSTATUS OK$NCHANNEL 2$NCELL",,"CELL_ASI_NODE_SAFETY_STATUS_CH2_B[18].0"
COMMENT,,CELL_ASI_NODE_SAFETY_STATUS_CH2_B,"ASI SAFETY NODE 18B$NSTATUS WAIT$NCHANNEL 2$NCELL",,"CELL_ASI_NODE_SAFETY_STATUS_CH2_B[18].1"
COMMENT,,CELL_ASI_NODE_SAFETY_STATUS_CH2_B,"ASI SAFETY NODE 18B$NSTATUS$NTEST CYCLE$NCHANNEL 2$NCELL",,"CELL_ASI_NODE_SAFETY_STATUS_CH2_B[18].2"
COMMENT,,CELL_ASI_NODE_SAFETY_STATUS_CH2_B,"ASI SAFETY NODE 18B$NSTATUS$NERROR LOCK$NCHANNEL 2$NCELL",,"CELL_ASI_NODE_SAFETY_STATUS_CH2_B[18].3"
COMMENT,,CELL_ASI_NODE_SAFETY_STATUS_CH2_B,"ASI SAFETY NODE 18B$NSTATUS$NMISSING SLAVE$NCHANNEL 2$NCELL",,"CELL_ASI_NODE_SAFETY_STATUS_CH2_B[18].4"
COMMENT,,CELL_ASI_NODE_SAFETY_STATUS_CH2_B,"ASI SAFETY NODE 18B$NSTATUS$NPERIPHERAL FAULT$NCHANNEL 2$NCELL",,"CELL_ASI_NODE_SAFETY_STATUS_CH2_B[18].5"
COMMENT,,CELL_ASI_NODE_SAFETY_STATUS_CH2_B,"ASI SAFETY NODE 19B$NSTATUS$NCHANNEL 2$NCELL",,"CELL_ASI_NODE_SAFETY_STATUS_CH2_B[19]"
COMMENT,,CELL_ASI_NODE_SAFETY_STATUS_CH2_B,"ASI SAFETY NODE 19B$NSTATUS OK$NCHANNEL 2$NCELL",,"CELL_ASI_NODE_SAFETY_STATUS_CH2_B[19].0"
COMMENT,,CELL_ASI_NODE_SAFETY_STATUS_CH2_B,"ASI SAFETY NODE 19B$NSTATUS WAIT$NCHANNEL 2$NCELL",,"CELL_ASI_NODE_SAFETY_STATUS_CH2_B[19].1"
COMMENT,,CELL_ASI_NODE_SAFETY_STATUS_CH2_B,"ASI SAFETY NODE 19B$NSTATUS$NTEST CYCLE$NCHANNEL 2$NCELL",,"CELL_ASI_NODE_SAFETY_STATUS_CH2_B[19].2"
COMMENT,,CELL_ASI_NODE_SAFETY_STATUS_CH2_B,"ASI SAFETY NODE 19B$NSTATUS$NERROR LOCK$NCHANNEL 2$NCELL",,"CELL_ASI_NODE_SAFETY_STATUS_CH2_B[19].3"
COMMENT,,CELL_ASI_NODE_SAFETY_STATUS_CH2_B,"ASI SAFETY NODE 19B$NSTATUS$NMISSING SLAVE$NCHANNEL 2$NCELL",,"CELL_ASI_NODE_SAFETY_STATUS_CH2_B[19].4"
COMMENT,,CELL_ASI_NODE_SAFETY_STATUS_CH2_B,"ASI SAFETY NODE 19B$NSTATUS$NPERIPHERAL FAULT$NCHANNEL 2$NCELL",,"CELL_ASI_NODE_SAFETY_STATUS_CH2_B[19].5"
COMMENT,,CELL_ASI_NODE_SAFETY_STATUS_CH2_B,"ASI SAFETY NODE 20B$NSTATUS$NCHANNEL 2$NCELL",,"CELL_ASI_NODE_SAFETY_STATUS_CH2_B[20]"
COMMENT,,CELL_ASI_NODE_SAFETY_STATUS_CH2_B,"ASI SAFETY NODE 20B$NSTATUS OK$NCHANNEL 2$NCELL",,"CELL_ASI_NODE_SAFETY_STATUS_CH2_B[20].0"
COMMENT,,CELL_ASI_NODE_SAFETY_STATUS_CH2_B,"ASI SAFETY NODE 20B$NSTATUS WAIT$NCHANNEL 2$NCELL",,"CELL_ASI_NODE_SAFETY_STATUS_CH2_B[20].1"
COMMENT,,CELL_ASI_NODE_SAFETY_STATUS_CH2_B,"ASI SAFETY NODE 20B$NSTATUS$NTEST CYCLE$NCHANNEL 2$NCELL",,"CELL_ASI_NODE_SAFETY_STATUS_CH2_B[20].2"
COMMENT,,CELL_ASI_NODE_SAFETY_STATUS_CH2_B,"ASI SAFETY NODE 20B$NSTATUS$NERROR LOCK$NCHANNEL 2$NCELL",,"CELL_ASI_NODE_SAFETY_STATUS_CH2_B[20].3"
COMMENT,,CELL_ASI_NODE_SAFETY_STATUS_CH2_B,"ASI SAFETY NODE 20B$NSTATUS$NMISSING SLAVE$NCHANNEL 2$NCELL",,"CELL_ASI_NODE_SAFETY_STATUS_CH2_B[20].4"
COMMENT,,CELL_ASI_NODE_SAFETY_STATUS_CH2_B,"ASI SAFETY NODE 20B$NSTATUS$NPERIPHERAL FAULT$NCHANNEL 2$NCELL",,"CELL_ASI_NODE_SAFETY_STATUS_CH2_B[20].5"
COMMENT,,CELL_ASI_NODE_SAFETY_STATUS_CH2_B,"ASI SAFETY NODE 21B$NSTATUS$NCHANNEL 2$NCELL",,"CELL_ASI_NODE_SAFETY_STATUS_CH2_B[21]"
COMMENT,,CELL_ASI_NODE_SAFETY_STATUS_CH2_B,"ASI SAFETY NODE 21B$NSTATUS OK$NCHANNEL 2$NCELL",,"CELL_ASI_NODE_SAFETY_STATUS_CH2_B[21].0"
COMMENT,,CELL_ASI_NODE_SAFETY_STATUS_CH2_B,"ASI SAFETY NODE 21B$NSTATUS WAIT$NCHANNEL 2$NCELL",,"CELL_ASI_NODE_SAFETY_STATUS_CH2_B[21].1"
COMMENT,,CELL_ASI_NODE_SAFETY_STATUS_CH2_B,"ASI SAFETY NODE 21B$NSTATUS$NTEST CYCLE$NCHANNEL 2$NCELL",,"CELL_ASI_NODE_SAFETY_STATUS_CH2_B[21].2"
COMMENT,,CELL_ASI_NODE_SAFETY_STATUS_CH2_B,"ASI SAFETY NODE 21B$NSTATUS$NERROR LOCK$NCHANNEL 2$NCELL",,"CELL_ASI_NODE_SAFETY_STATUS_CH2_B[21].3"
COMMENT,,CELL_ASI_NODE_SAFETY_STATUS_CH2_B,"ASI SAFETY NODE 21B$NSTATUS$NMISSING SLAVE$NCHANNEL 2$NCELL",,"CELL_ASI_NODE_SAFETY_STATUS_CH2_B[21].4"
COMMENT,,CELL_ASI_NODE_SAFETY_STATUS_CH2_B,"ASI SAFETY NODE 21B$NSTATUS$NPERIPHERAL FAULT$NCHANNEL 2$NCELL",,"CELL_ASI_NODE_SAFETY_STATUS_CH2_B[21].5"
COMMENT,,CELL_ASI_NODE_SAFETY_STATUS_CH2_B,"ASI SAFETY NODE 22B$NSTATUS$NCHANNEL 2$NCELL",,"CELL_ASI_NODE_SAFETY_STATUS_CH2_B[22]"
COMMENT,,CELL_ASI_NODE_SAFETY_STATUS_CH2_B,"ASI SAFETY NODE 22B$NSTATUS OK$NCHANNEL 2$NCELL",,"CELL_ASI_NODE_SAFETY_STATUS_CH2_B[22].0"
COMMENT,,CELL_ASI_NODE_SAFETY_STATUS_CH2_B,"ASI SAFETY NODE 22B$NSTATUS WAIT$NCHANNEL 2$NCELL",,"CELL_ASI_NODE_SAFETY_STATUS_CH2_B[22].1"
COMMENT,,CELL_ASI_NODE_SAFETY_STATUS_CH2_B,"ASI SAFETY NODE 22B$NSTATUS$NTEST CYCLE$NCHANNEL 2$NCELL",,"CELL_ASI_NODE_SAFETY_STATUS_CH2_B[22].2"
COMMENT,,CELL_ASI_NODE_SAFETY_STATUS_CH2_B,"ASI SAFETY NODE 22B$NSTATUS$NERROR LOCK$NCHANNEL 2$NCELL",,"CELL_ASI_NODE_SAFETY_STATUS_CH2_B[22].3"
COMMENT,,CELL_ASI_NODE_SAFETY_STATUS_CH2_B,"ASI SAFETY NODE 22B$NSTATUS$NMISSING SLAVE$NCHANNEL 2$NCELL",,"CELL_ASI_NODE_SAFETY_STATUS_CH2_B[22].4"
COMMENT,,CELL_ASI_NODE_SAFETY_STATUS_CH2_B,"ASI SAFETY NODE 22B$NSTATUS$NPERIPHERAL FAULT$NCHANNEL 2$NCELL",,"CELL_ASI_NODE_SAFETY_STATUS_CH2_B[22].5"
COMMENT,,CELL_ASI_NODE_SAFETY_STATUS_CH2_B,"ASI SAFETY NODE 23B$NSTATUS$NCHANNEL 2$NCELL",,"CELL_ASI_NODE_SAFETY_STATUS_CH2_B[23]"
COMMENT,,CELL_ASI_NODE_SAFETY_STATUS_CH2_B,"ASI SAFETY NODE 23B$NSTATUS OK$NCHANNEL 2$NCELL",,"CELL_ASI_NODE_SAFETY_STATUS_CH2_B[23].0"
COMMENT,,CELL_ASI_NODE_SAFETY_STATUS_CH2_B,"ASI SAFETY NODE 23B$NSTATUS WAIT$NCHANNEL 2$NCELL",,"CELL_ASI_NODE_SAFETY_STATUS_CH2_B[23].1"
COMMENT,,CELL_ASI_NODE_SAFETY_STATUS_CH2_B,"ASI SAFETY NODE 23B$NSTATUS$NTEST CYCLE$NCHANNEL 2$NCELL",,"CELL_ASI_NODE_SAFETY_STATUS_CH2_B[23].2"
COMMENT,,CELL_ASI_NODE_SAFETY_STATUS_CH2_B,"ASI SAFETY NODE 23B$NSTATUS$NERROR LOCK$NCHANNEL 2$NCELL",,"CELL_ASI_NODE_SAFETY_STATUS_CH2_B[23].3"
COMMENT,,CELL_ASI_NODE_SAFETY_STATUS_CH2_B,"ASI SAFETY NODE 23B$NSTATUS$NMISSING SLAVE$NCHANNEL 2$NCELL",,"CELL_ASI_NODE_SAFETY_STATUS_CH2_B[23].4"
COMMENT,,CELL_ASI_NODE_SAFETY_STATUS_CH2_B,"ASI SAFETY NODE 23B$NSTATUS$NPERIPHERAL FAULT$NCHANNEL 2$NCELL",,"CELL_ASI_NODE_SAFETY_STATUS_CH2_B[23].5"
COMMENT,,CELL_ASI_NODE_SAFETY_STATUS_CH2_B,"ASI SAFETY NODE 24B$NSTATUS$NCHANNEL 2$NCELL",,"CELL_ASI_NODE_SAFETY_STATUS_CH2_B[24]"
COMMENT,,CELL_ASI_NODE_SAFETY_STATUS_CH2_B,"ASI SAFETY NODE 24B$NSTATUS OK$NCHANNEL 2$NCELL",,"CELL_ASI_NODE_SAFETY_STATUS_CH2_B[24].0"
COMMENT,,CELL_ASI_NODE_SAFETY_STATUS_CH2_B,"ASI SAFETY NODE 24B$NSTATUS WAIT$NCHANNEL 2$NCELL",,"CELL_ASI_NODE_SAFETY_STATUS_CH2_B[24].1"
COMMENT,,CELL_ASI_NODE_SAFETY_STATUS_CH2_B,"ASI SAFETY NODE 24B$NSTATUS$NTEST CYCLE$NCHANNEL 2$NCELL",,"CELL_ASI_NODE_SAFETY_STATUS_CH2_B[24].2"
COMMENT,,CELL_ASI_NODE_SAFETY_STATUS_CH2_B,"ASI SAFETY NODE 24B$NSTATUS$NERROR LOCK$NCHANNEL 2$NCELL",,"CELL_ASI_NODE_SAFETY_STATUS_CH2_B[24].3"
COMMENT,,CELL_ASI_NODE_SAFETY_STATUS_CH2_B,"ASI SAFETY NODE 24B$NSTATUS$NMISSING SLAVE$NCHANNEL 2$NCELL",,"CELL_ASI_NODE_SAFETY_STATUS_CH2_B[24].4"
COMMENT,,CELL_ASI_NODE_SAFETY_STATUS_CH2_B,"ASI SAFETY NODE 24B$NSTATUS$NPERIPHERAL FAULT$NCHANNEL 2$NCELL",,"CELL_ASI_NODE_SAFETY_STATUS_CH2_B[24].5"
COMMENT,,CELL_ASI_NODE_SAFETY_STATUS_CH2_B,"ASI SAFETY NODE 25B$NSTATUS$NCHANNEL 2$NCELL",,"CELL_ASI_NODE_SAFETY_STATUS_CH2_B[25]"
COMMENT,,CELL_ASI_NODE_SAFETY_STATUS_CH2_B,"ASI SAFETY NODE 25B$NSTATUS OK$NCHANNEL 2$NCELL",,"CELL_ASI_NODE_SAFETY_STATUS_CH2_B[25].0"
COMMENT,,CELL_ASI_NODE_SAFETY_STATUS_CH2_B,"ASI SAFETY NODE 25B$NSTATUS WAIT$NCHANNEL 2$NCELL",,"CELL_ASI_NODE_SAFETY_STATUS_CH2_B[25].1"
COMMENT,,CELL_ASI_NODE_SAFETY_STATUS_CH2_B,"ASI SAFETY NODE 25B$NSTATUS$NTEST CYCLE$NCHANNEL 2$NCELL",,"CELL_ASI_NODE_SAFETY_STATUS_CH2_B[25].2"
COMMENT,,CELL_ASI_NODE_SAFETY_STATUS_CH2_B,"ASI SAFETY NODE 25B$NSTATUS$NERROR LOCK$NCHANNEL 2$NCELL",,"CELL_ASI_NODE_SAFETY_STATUS_CH2_B[25].3"
COMMENT,,CELL_ASI_NODE_SAFETY_STATUS_CH2_B,"ASI SAFETY NODE 25B$NSTATUS$NMISSING SLAVE$NCHANNEL 2$NCELL",,"CELL_ASI_NODE_SAFETY_STATUS_CH2_B[25].4"
COMMENT,,CELL_ASI_NODE_SAFETY_STATUS_CH2_B,"ASI SAFETY NODE 25B$NSTATUS$NPERIPHERAL FAULT$NCHANNEL 2$NCELL",,"CELL_ASI_NODE_SAFETY_STATUS_CH2_B[25].5"
COMMENT,,CELL_ASI_NODE_SAFETY_STATUS_CH2_B,"ASI SAFETY NODE 26B$NSTATUS$NCHANNEL 2$NCELL",,"CELL_ASI_NODE_SAFETY_STATUS_CH2_B[26]"
COMMENT,,CELL_ASI_NODE_SAFETY_STATUS_CH2_B,"ASI SAFETY NODE 26B$NSTATUS OK$NCHANNEL 2$NCELL",,"CELL_ASI_NODE_SAFETY_STATUS_CH2_B[26].0"
COMMENT,,CELL_ASI_NODE_SAFETY_STATUS_CH2_B,"ASI SAFETY NODE 26B$NSTATUS WAIT$NCHANNEL 2$NCELL",,"CELL_ASI_NODE_SAFETY_STATUS_CH2_B[26].1"
COMMENT,,CELL_ASI_NODE_SAFETY_STATUS_CH2_B,"ASI SAFETY NODE 26B$NSTATUS$NTEST CYCLE$NCHANNEL 2$NCELL",,"CELL_ASI_NODE_SAFETY_STATUS_CH2_B[26].2"
COMMENT,,CELL_ASI_NODE_SAFETY_STATUS_CH2_B,"ASI SAFETY NODE 26B$NSTATUS$NERROR LOCK$NCHANNEL 2$NCELL",,"CELL_ASI_NODE_SAFETY_STATUS_CH2_B[26].3"
COMMENT,,CELL_ASI_NODE_SAFETY_STATUS_CH2_B,"ASI SAFETY NODE 26B$NSTATUS$NMISSING SLAVE$NCHANNEL 2$NCELL",,"CELL_ASI_NODE_SAFETY_STATUS_CH2_B[26].4"
COMMENT,,CELL_ASI_NODE_SAFETY_STATUS_CH2_B,"ASI SAFETY NODE 26B$NSTATUS$NPERIPHERAL FAULT$NCHANNEL 2$NCELL",,"CELL_ASI_NODE_SAFETY_STATUS_CH2_B[26].5"
COMMENT,,CELL_ASI_NODE_SAFETY_STATUS_CH2_B,"ASI SAFETY NODE 27B$NSTATUS$NCHANNEL 2$NCELL",,"CELL_ASI_NODE_SAFETY_STATUS_CH2_B[27]"
COMMENT,,CELL_ASI_NODE_SAFETY_STATUS_CH2_B,"ASI SAFETY NODE 27B$NSTATUS OK$NCHANNEL 2$NCELL",,"CELL_ASI_NODE_SAFETY_STATUS_CH2_B[27].0"
COMMENT,,CELL_ASI_NODE_SAFETY_STATUS_CH2_B,"ASI SAFETY NODE 27B$NSTATUS WAIT$NCHANNEL 2$NCELL",,"CELL_ASI_NODE_SAFETY_STATUS_CH2_B[27].1"
COMMENT,,CELL_ASI_NODE_SAFETY_STATUS_CH2_B,"ASI SAFETY NODE 27B$NSTATUS$NTEST CYCLE$NCHANNEL 2$NCELL",,"CELL_ASI_NODE_SAFETY_STATUS_CH2_B[27].2"
COMMENT,,CELL_ASI_NODE_SAFETY_STATUS_CH2_B,"ASI SAFETY NODE 27B$NSTATUS$NERROR LOCK$NCHANNEL 2$NCELL",,"CELL_ASI_NODE_SAFETY_STATUS_CH2_B[27].3"
COMMENT,,CELL_ASI_NODE_SAFETY_STATUS_CH2_B,"ASI SAFETY NODE 27B$NSTATUS$NMISSING SLAVE$NCHANNEL 2$NCELL",,"CELL_ASI_NODE_SAFETY_STATUS_CH2_B[27].4"
COMMENT,,CELL_ASI_NODE_SAFETY_STATUS_CH2_B,"ASI SAFETY NODE 27B$NSTATUS$NPERIPHERAL FAULT$NCHANNEL 2$NCELL",,"CELL_ASI_NODE_SAFETY_STATUS_CH2_B[27].5"
COMMENT,,CELL_ASI_NODE_SAFETY_STATUS_CH2_B,"ASI SAFETY NODE 28B$NSTATUS$NCHANNEL 2$NCELL",,"CELL_ASI_NODE_SAFETY_STATUS_CH2_B[28]"
COMMENT,,CELL_ASI_NODE_SAFETY_STATUS_CH2_B,"ASI SAFETY NODE 28B$NSTATUS OK$NCHANNEL 2$NCELL",,"CELL_ASI_NODE_SAFETY_STATUS_CH2_B[28].0"
COMMENT,,CELL_ASI_NODE_SAFETY_STATUS_CH2_B,"ASI SAFETY NODE 28B$NSTATUS WAIT$NCHANNEL 2$NCELL",,"CELL_ASI_NODE_SAFETY_STATUS_CH2_B[28].1"
COMMENT,,CELL_ASI_NODE_SAFETY_STATUS_CH2_B,"ASI SAFETY NODE 28B$NSTATUS$NTEST CYCLE$NCHANNEL 2$NCELL",,"CELL_ASI_NODE_SAFETY_STATUS_CH2_B[28].2"
COMMENT,,CELL_ASI_NODE_SAFETY_STATUS_CH2_B,"ASI SAFETY NODE 28B$NSTATUS$NERROR LOCK$NCHANNEL 2$NCELL",,"CELL_ASI_NODE_SAFETY_STATUS_CH2_B[28].3"
COMMENT,,CELL_ASI_NODE_SAFETY_STATUS_CH2_B,"ASI SAFETY NODE 28B$NSTATUS$NMISSING SLAVE$NCHANNEL 2$NCELL",,"CELL_ASI_NODE_SAFETY_STATUS_CH2_B[28].4"
COMMENT,,CELL_ASI_NODE_SAFETY_STATUS_CH2_B,"ASI SAFETY NODE 28B$NSTATUS$NPERIPHERAL FAULT$NCHANNEL 2$NCELL",,"CELL_ASI_NODE_SAFETY_STATUS_CH2_B[28].5"
COMMENT,,CELL_ASI_NODE_SAFETY_STATUS_CH2_B,"ASI SAFETY NODE 29B$NSTATUS$NCHANNEL 2$NCELL",,"CELL_ASI_NODE_SAFETY_STATUS_CH2_B[29]"
COMMENT,,CELL_ASI_NODE_SAFETY_STATUS_CH2_B,"ASI SAFETY NODE 29B$NSTATUS OK$NCHANNEL 2$NCELL",,"CELL_ASI_NODE_SAFETY_STATUS_CH2_B[29].0"
COMMENT,,CELL_ASI_NODE_SAFETY_STATUS_CH2_B,"ASI SAFETY NODE 29B$NSTATUS WAIT$NCHANNEL 2$NCELL",,"CELL_ASI_NODE_SAFETY_STATUS_CH2_B[29].1"
COMMENT,,CELL_ASI_NODE_SAFETY_STATUS_CH2_B,"ASI SAFETY NODE 29B$NSTATUS$NTEST CYCLE$NCHANNEL 2$NCELL",,"CELL_ASI_NODE_SAFETY_STATUS_CH2_B[29].2"
COMMENT,,CELL_ASI_NODE_SAFETY_STATUS_CH2_B,"ASI SAFETY NODE 29B$NSTATUS$NERROR LOCK$NCHANNEL 2$NCELL",,"CELL_ASI_NODE_SAFETY_STATUS_CH2_B[29].3"
COMMENT,,CELL_ASI_NODE_SAFETY_STATUS_CH2_B,"ASI SAFETY NODE 29B$NSTATUS$NMISSING SLAVE$NCHANNEL 2$NCELL",,"CELL_ASI_NODE_SAFETY_STATUS_CH2_B[29].4"
COMMENT,,CELL_ASI_NODE_SAFETY_STATUS_CH2_B,"ASI SAFETY NODE 29B$NSTATUS$NPERIPHERAL FAULT$NCHANNEL 2$NCELL",,"CELL_ASI_NODE_SAFETY_STATUS_CH2_B[29].5"
COMMENT,,CELL_ASI_NODE_SAFETY_STATUS_CH2_B,"ASI SAFETY NODE 30B$NSTATUS$NCHANNEL 2$NCELL",,"CELL_ASI_NODE_SAFETY_STATUS_CH2_B[30]"
COMMENT,,CELL_ASI_NODE_SAFETY_STATUS_CH2_B,"ASI SAFETY NODE 30B$NSTATUS OK$NCHANNEL 2$NCELL",,"CELL_ASI_NODE_SAFETY_STATUS_CH2_B[30].0"
COMMENT,,CELL_ASI_NODE_SAFETY_STATUS_CH2_B,"ASI SAFETY NODE 30B$NSTATUS WAIT$NCHANNEL 2$NCELL",,"CELL_ASI_NODE_SAFETY_STATUS_CH2_B[30].1"
COMMENT,,CELL_ASI_NODE_SAFETY_STATUS_CH2_B,"ASI SAFETY NODE 30B$NSTATUS$NTEST CYCLE$NCHANNEL 2$NCELL",,"CELL_ASI_NODE_SAFETY_STATUS_CH2_B[30].2"
COMMENT,,CELL_ASI_NODE_SAFETY_STATUS_CH2_B,"ASI SAFETY NODE 30B$NSTATUS$NERROR LOCK$NCHANNEL 2$NCELL",,"CELL_ASI_NODE_SAFETY_STATUS_CH2_B[30].3"
COMMENT,,CELL_ASI_NODE_SAFETY_STATUS_CH2_B,"ASI SAFETY NODE 30B$NSTATUS$NMISSING SLAVE$NCHANNEL 2$NCELL",,"CELL_ASI_NODE_SAFETY_STATUS_CH2_B[30].4"
COMMENT,,CELL_ASI_NODE_SAFETY_STATUS_CH2_B,"ASI SAFETY NODE 30B$NSTATUS$NPERIPHERAL FAULT$NCHANNEL 2$NCELL",,"CELL_ASI_NODE_SAFETY_STATUS_CH2_B[30].5"
COMMENT,,CELL_ASI_NODE_SAFETY_STATUS_CH2_B,"ASI SAFETY NODE 31B$NSTATUS$NCHANNEL 2$NCELL",,"CELL_ASI_NODE_SAFETY_STATUS_CH2_B[31]"
COMMENT,,CELL_ASI_NODE_SAFETY_STATUS_CH2_B,"ASI SAFETY NODE 31B$NSTATUS OK$NCHANNEL 2$NCELL",,"CELL_ASI_NODE_SAFETY_STATUS_CH2_B[31].0"
COMMENT,,CELL_ASI_NODE_SAFETY_STATUS_CH2_B,"ASI SAFETY NODE 31B$NSTATUS WAIT$NCHANNEL 2$NCELL",,"CELL_ASI_NODE_SAFETY_STATUS_CH2_B[31].1"
COMMENT,,CELL_ASI_NODE_SAFETY_STATUS_CH2_B,"ASI SAFETY NODE 31B$NSTATUS$NTEST CYCLE$NCHANNEL 2$NCELL",,"CELL_ASI_NODE_SAFETY_STATUS_CH2_B[31].2"
COMMENT,,CELL_ASI_NODE_SAFETY_STATUS_CH2_B,"ASI SAFETY NODE 31B$NSTATUS$NERROR LOCK$NCHANNEL 2$NCELL",,"CELL_ASI_NODE_SAFETY_STATUS_CH2_B[31].3"
COMMENT,,CELL_ASI_NODE_SAFETY_STATUS_CH2_B,"ASI SAFETY NODE 31B$NSTATUS$NMISSING SLAVE$NCHANNEL 2$NCELL",,"CELL_ASI_NODE_SAFETY_STATUS_CH2_B[31].4"
COMMENT,,CELL_ASI_NODE_SAFETY_STATUS_CH2_B,"ASI SAFETY NODE 31B$NSTATUS$NPERIPHERAL FAULT$NCHANNEL 2$NCELL",,"CELL_ASI_NODE_SAFETY_STATUS_CH2_B[31].5"
TAG,,CELL_ASI_NODE_SAFETY_STATUS_CH2_OK,"ASI SAFETY$NSTATUS WAIT$NCHANNEL 2 OK$NCELL","BOOL","","(RADIX := Decimal, Constant := false, ExternalAccess := Read/Write)"
TAG,,CELL_ASI_SAFETY_MON_DELTA_CH1,"ASI SAFETY MONITOR DELTA LIST$NCHANNEL 1$NCELL","STRING","","(Constant := false, ExternalAccess := Read/Write)"
TAG,,CELL_ASI_SAFETY_MON_DELTA_CH2,"ASI SAFETY MONITOR DELTA LIST$NCHANNEL 2$NCELL","STRING","","(Constant := false, ExternalAccess := Read/Write)"
TAG,,CELL_ASI_SAFETY_MON_LPF_CH1,"ASI SAFETY MONITOR PERIPHERAL FAULT LIST$NCHANNEL 1$NCELL","STRING","","(Constant := false, ExternalAccess := Read/Write)"
TAG,,CELL_ASI_SAFETY_MON_LPF_CH2,"ASI SAFETY MONITOR PERIPHERAL FAULT LIST$NCHANNEL 2$NCELL","STRING","","(Constant := false, ExternalAccess := Read/Write)"
TAG,,CELL_ASSY_TYPE_RECIPE,"ASSEMBLY TYPE$NUSED IN RECIPE$NCELL","INT","","(RADIX := Decimal, Constant := false, ExternalAccess := Read/Write)"
TAG,,CELL_ASSY_TYPE_RECIPE_LOADED,"ASSEMBLY TYPE$NLOADED IN PLC AFTER RECIPE DOWNLOAD$NCELL","INT","","(RADIX := Decimal, Constant := false, ExternalAccess := Read/Write)"
TAG,,CELL_AUDIBLE_ALARM_TEST_PB,"AUDIBLE TEST$NCONTROL BIT$NFROM PANELVIEW$NCELL","BOOL","","(RADIX := Decimal, Constant := false, ExternalAccess := Read/Write)"
TAG,,CELL_AUDIBLE_ALERT_ON,"AUDIBLE$NALERT ON$NCELL","BOOL","","(RADIX := Decimal, Constant := false, ExternalAccess := Read/Write)"
TAG,,CELL_AUDIBLE_SILENCE_PB,"HMI PUSHBUTTON$NSILENCE AUDIBLE ALERT$NCELL","BOOL","","(RADIX := Decimal, Constant := false, ExternalAccess := Read/Write)"
TAG,,CELL_AUTO_ENABLED,"CELL ENABLED FOR $NAUTO CYCLE$NREADY FOR START$NCELL","BOOL","","(RADIX := Decimal, Constant := false, ExternalAccess := Read/Write)"
TAG,,CELL_AUTO_NOT_READY_ANIMATION,"ANIMIATION FOR HMI$NAUTO NOT READY BUTTON$NCELL","BOOL","","(RADIX := Decimal, Constant := false, ExternalAccess := Read/Write)"
TAG,,CELL_AUTO_READY,"AUTO READY ARRAY","BOOL[32]","","(RADIX := Decimal, Constant := false, ExternalAccess := Read/Write)"
COMMENT,,CELL_AUTO_READY,"AUTO READY $NCOMPONENTS ARE IN PLACE FOR STARTING$NCELL",,"CELL_AUTO_READY[0]"
COMMENT,,CELL_AUTO_READY,"AUTO READY$N MAIN DIAL",,"CELL_AUTO_READY[1]"
COMMENT,,CELL_AUTO_READY,"AUTO READY$N BARRIER INFEED MAGAZINE",,"CELL_AUTO_READY[2]"
COMMENT,,CELL_AUTO_READY,"AUTO READY$N BARRIER INFEED ELEVATOR",,"CELL_AUTO_READY[3]"
COMMENT,,CELL_AUTO_READY,"AUTO READY$N BARRIER PRESS-N-CURE STATION",,"CELL_AUTO_READY[4]"
COMMENT,,CELL_AUTO_READY,"AUTO READY$N BARRIER PICK-N-PLACE/ $NCORONA TREAT",,"CELL_AUTO_READY[5]"
COMMENT,,CELL_AUTO_READY,"AUTO READY$N INFEED CONVEYOR",,"CELL_AUTO_READY[7]"
COMMENT,,CELL_AUTO_READY,"AUTO READY$NOFFLOAD CONVEYOR",,"CELL_AUTO_READY[9]"
COMMENT,,CELL_AUTO_READY,"AUTO READY$N GLUE STATION",,"CELL_AUTO_READY[10]"
COMMENT,,CELL_AUTO_READY,"AUTO READY$N BAG LOAD STATION",,"CELL_AUTO_READY[12]"
COMMENT,,CELL_AUTO_READY,"AUTO READY$N BARRIER PREHEAT STATION 1",,"CELL_AUTO_READY[13]"
COMMENT,,CELL_AUTO_READY,"AUTO READY$N BARRIER PREHEAT STATION 2",,"CELL_AUTO_READY[14]"
COMMENT,,CELL_AUTO_READY,"AUTO READY$N BARRIER FORMING STATION",,"CELL_AUTO_READY[15]"
COMMENT,,CELL_AUTO_READY,"AUTO READY$N BARRIER PUNCH STATION",,"CELL_AUTO_READY[16]"
COMMENT,,CELL_AUTO_READY,"AUTO READY$N BARRIER PRINTING STATION",,"CELL_AUTO_READY[17]"
COMMENT,,CELL_AUTO_READY,"AUTO READY$N VISION INSPECTION STATION",,"CELL_AUTO_READY[18]"
COMMENT,,CELL_AUTO_READY,"AUTO READY$N BAG OFFLOAD STATION",,"CELL_AUTO_READY[19]"
COMMENT,,CELL_AUTO_READY,"AUTO READY$N BARRIER LOAD STATION",,"CELL_AUTO_READY[20]"
COMMENT,,CELL_AUTO_READY,"AUTO READY$N BAG LOAD ROBOT (R1)",,"CELL_AUTO_READY[21]"
COMMENT,,CELL_AUTO_READY,"AUTO READY$NBARRIER LOAD ROBOT (R2)",,"CELL_AUTO_READY[22]"
COMMENT,,CELL_AUTO_READY,"AUTO READY$NBAG OFFLOAD ROBOT (R3)",,"CELL_AUTO_READY[30]"
COMMENT,,CELL_AUTO_READY,"AUTO READY$N INKJET PRINTING STATION",,"CELL_AUTO_READY[31]"
TAG,,CELL_AUTO_READY_SCREEN_PB,"HMI PUSH BUTTON$NGOTO AUTO READY SCREEN","BOOL","","(RADIX := Decimal, Constant := false, ExternalAccess := Read/Write)"
TAG,,CELL_AUTO_READY_SCREEN_PB_VIS,"HMI PUSH BUTTON$NVISIBILITY$NGOTO AUTO READY SCREEN","BOOL","","(RADIX := Decimal, Constant := false, ExternalAccess := Read/Write)"
TAG,,CELL_BAG_LOAD_ONLY_MODE_PB,"HMI PUSH BUTTON$NLOAD ONLY$NBAGS MODE$NCELL","BOOL","","(RADIX := Decimal, Constant := false, ExternalAccess := Read/Write)"
TAG,,CELL_BAG_LOAD_ONLY_MODE_PB_VIS,"HMI PUSH BUTTON$NVISIBILITY$NLOAD ONLY BAGS$NCELL","BOOL","","(RADIX := Decimal, Constant := false, ExternalAccess := Read/Write)"
TAG,,CELL_BAG_TEST_PICK_MODE_PB,"HMI PUSH BUTTON$NTEST BAG$NPICK MODE$NCELL","BOOL","","(RADIX := Decimal, Constant := false, ExternalAccess := Read/Write)"
TAG,,CELL_BAG_TEST_PICK_MODE_PB_VIS,"HMI PUSH BUTTON$NVISIBILITY$NTEST BAG$NPICK MODE$NCELL","BOOL","","(RADIX := Decimal, Constant := false, ExternalAccess := Read/Write)"
TAG,,CELL_BAG_TYPE_RECIPE,"BAG TYPE FROM PLC TO ROBOTS$NSET IN RECIPE$NCELL$N$N1 = CLOSED POUCH$N2 = DRAINABLE$N3 = LOCK-N-ROLL$N4 = UROSTOMY","INT","","(RADIX := Decimal, Constant := false, ExternalAccess := Read/Write)"
TAG,,CELL_BAG_TYPE_RECIPE_LOADED,"BAG TYPE FROM PLC TO ROBOT$NLOADED FROM RECIPE$NCELL$N$N1 = DRAINABLE","INT","","(RADIX := Decimal, Constant := false, ExternalAccess := Read/Write)"
TAG,,CELL_BARRIER_LOAD_ONLY_MODE_PB,"HMI PUSH BUTTON$NLOAD ONLY$NBARRIERS MODE$NCELL","BOOL","","(RADIX := Decimal, Constant := false, ExternalAccess := Read/Write)"
TAG,,CELL_BARRIER_LOAD_ONLY_MODE_PB_VIS,"HMI PUSH BUTTON$NVISIBILITY$NLOAD ONLY$NBARRIERS$NCELL","BOOL","","(RADIX := Decimal, Constant := false, ExternalAccess := Read/Write)"
TAG,,CELL_BARRIER_PNP_ONLY_MODE_PB,"PICK-N-PLACE BARRIERS$NONLY$NBARRIERS MODE$NCELL","BOOL","","(RADIX := Decimal, Constant := false, ExternalAccess := Read/Write)"
TAG,,CELL_BARRIER_PROD_ONLY_MODE_PB,"HMI PUSH BUTTON$NPRODUCE ONLY BARRIERS MODE$NCELL","BOOL","","(RADIX := Decimal, Constant := false, ExternalAccess := Read/Write)"
TAG,,CELL_BARRIER_PROD_ONLY_MODE_PB_VIS,"HMI PUSH BUTTON$NVISIBILITY$NPRODUCE ONLY BARRIERS$NCELL","BOOL","","(RADIX := Decimal, Constant := false, ExternalAccess := Read/Write)"
TAG,,CELL_BARRIER_TYPE_RECIPE,"BARRIER TYPE$NUSED IN RECIPE CELL$N$N1= SM,4.25X4.25$N2= MED/LG,4.75X5.00$N8=DIAMOND","INT","","(RADIX := Decimal, Constant := false, ExternalAccess := Read/Write)"
TAG,,CELL_BARRIER_TYPE_RECIPE_LOADED,"BARRIER TYPE$NLOADED FROM RECIPE$NCELL$N$N1= SM,4.25X4.25$N2= MED/LG,4.75X5.00$N8=DIAMOND","DINT","","(RADIX := Decimal, Constant := false, ExternalAccess := Read/Write)"
TAG,,CELL_CLEAR_MESSAGE_PB,"HMI PUSH BUTTON$NCLEAR MESSAGE$NCELL","BOOL","","(RADIX := Decimal, Constant := false, ExternalAccess := Read/Write)"
TAG,,CELL_COMM_READY,"CELL COMMUNICATIONS$NARE READY$NCELL","BOOL","","(RADIX := Decimal, Constant := false, ExternalAccess := Read/Write)"
TAG,,CELL_COUNTER_SCREEN_PB,"HMI PUSH BUTTON$NGOTO PART COUNTERS SCREEN","BOOL","","(RADIX := Decimal, Constant := false, ExternalAccess := Read/Write)"
TAG,,CELL_CYCLES,"DISPLAY TOTAL MACHINE CYCLES FROM START UP TO PRESENT$NCELL","DINT","","(RADIX := Decimal, Constant := false, ExternalAccess := Read/Write)"
TAG,,CELL_CYCLE_CNT,"COUNT MACHINE CYCLES FROM MACHINE STARTUP$NTO PRESENT","COUNTER","","(Constant := false, ExternalAccess := Read/Write)"
TAG,,CELL_CYCLE_TIME,"CELL CYCLE TIMES$NCELL","CYCLE_TIME[15]","","(Constant := false, ExternalAccess := Read/Write)"
COMMENT,,CELL_CYCLE_TIME,"CURRENT CYCLE TIMES$NCELL",,"CELL_CYCLE_TIME[0]"
COMMENT,,CELL_CYCLE_TIME,"STATION WITH$NLARGEST CYCLE TIME",,"CELL_CYCLE_TIME[0].ST_TIME_CRITICAL[0]"
COMMENT,,CELL_CYCLE_TIME,"STATION NUMBER WITH$NLARGEST CYCLE TIME",,"CELL_CYCLE_TIME[0].ST_TIME_CRITICAL[0].STATION"
COMMENT,,CELL_CYCLE_TIME,"LARGEST CYCLE TIME",,"CELL_CYCLE_TIME[0].ST_TIME_CRITICAL[0].CYCLE_TIME"
COMMENT,,CELL_CYCLE_TIME,"STATION WITH$N2ND LARGEST CYCLE TIME",,"CELL_CYCLE_TIME[0].ST_TIME_CRITICAL[1]"
COMMENT,,CELL_CYCLE_TIME,"STATION NUMBER WITH$N2ND LARGEST CYCLE TIME",,"CELL_CYCLE_TIME[0].ST_TIME_CRITICAL[1].STATION"
COMMENT,,CELL_CYCLE_TIME,"2ND LARGEST$NCYCLE TIME",,"CELL_CYCLE_TIME[0].ST_TIME_CRITICAL[1].CYCLE_TIME"
TAG,,CELL_CYCLE_TIMEOUT_INDEX_REQ,"INDEX REQUEST DUE TO CYCLE TIMEOUT$NCELL","BOOL","","(RADIX := Decimal, Constant := false, ExternalAccess := Read/Write)"
TAG,,CELL_CYCLE_TIMES_TREND_PB,"HMI PUSH BUTTON$NGOTO CELL CYCLE TIMES TREND SCREEN$NCELL","BOOL","","(RADIX := Decimal, Constant := false, ExternalAccess := Read/Write)"
TAG,,CELL_CYCLE_TIME_AVG_10,"AVERAGE CELL CYCLE TIMES OVER LAST 10 CYCLE SAMPLE$NCELL","REAL","","(RADIX := Float, Constant := false, ExternalAccess := Read/Write)"
TAG,,CELL_CYCLE_TIME_AVG_100,"AVERAGE CELL CYCLE TIMES OVER LAST 100 CYCLE SAMPLE$NCELL","REAL","","(RADIX := Float, Constant := false, ExternalAccess := Read/Write)"
TAG,,CELL_CYCLE_TIME_AVG_100_ARRAY,"AVERAGE CELL CYCLE TIMES ARRAY OVER LAST 100 CYCLE SAMPLE$NCELL","REAL[101]","","(RADIX := Float, Constant := false, ExternalAccess := Read/Write)"
TAG,,CELL_CYCLE_TIME_AVG_100_ARRAY_CTRL,"AVERAGE CELL CYCLE TIMES ARRAY OVER LAST 100 CYCLE SAMPLE$NCONTROL WORD$NCELL","CONTROL","","(Constant := false, ExternalAccess := Read/Write)"
TAG,,CELL_CYCLE_TIME_AVG_100_CTRL,"AVERAGE CELL CYCLE TIMES OVER LAST 100 CYCLE SAMPLE$NCONTROL WORD$NCELL","CONTROL","","(Constant := false, ExternalAccess := Read/Write)"
TAG,,CELL_CYCLE_TIME_AVG_100_FFU_VAL,"AVERAGE CELL CYCLE TIMES OVER LAST 100 CYCLE SAMPLE$NFFU VALUE$NCELL","REAL","","(RADIX := Float, Constant := false, ExternalAccess := Read/Write)"
TAG,,CELL_CYCLE_TIME_AVG_10_ARRAY,"AVERAGE CELL CYCLE TIMES ARRAY OVER LAST 10 CYCLE SAMPLE$NCELL","REAL[11]","","(RADIX := Float, Constant := false, ExternalAccess := Read/Write)"
TAG,,CELL_CYCLE_TIME_AVG_10_ARRAY_CTRL,"AVERAGE CELL CYCLE TIMES ARRAY OVER LAST 10 CYCLE SAMPLE$NCONTROL WORD$NCELL","CONTROL","","(Constant := false, ExternalAccess := Read/Write)"
TAG,,CELL_CYCLE_TIME_AVG_10_CTRL,"AVERAGE CELL CYCLE TIMES OVER LAST 10 CYCLE SAMPLE$NCONTROL WORD$NCELL","CONTROL","","(Constant := false, ExternalAccess := Read/Write)"
TAG,,CELL_CYCLE_TIME_AVG_10_FFU_VAL,"AVERAGE CELL CYCLE TIMES OVER LAST 10 CYCLE SAMPLE$NFFU VALUE$NCELL","REAL","","(RADIX := Float, Constant := false, ExternalAccess := Read/Write)"
TAG,,CELL_CYCLE_TIME_NULL,"NULL$NCELL CYCLE TIMES$NCELL","CYCLE_TIME","","(Constant := false, ExternalAccess := Read/Write)"
TAG,,CELL_CYCLE_TIME_TEMP,"CELL CYCLE TIMES$NTEMP ARRAY$NCELL","CYCLE_TIME[15]","","(Constant := false, ExternalAccess := Read/Write)"
COMMENT,,CELL_CYCLE_TIME_TEMP,"CURRENT CYCLE TIMES$NCELL",,"CELL_CYCLE_TIME_TEMP[0]"
TAG,,CELL_CYCLE_TIMING_BIT,"CELL CYCLE TIMING BIT TO HMI","BOOL","","(RADIX := Decimal, Constant := false, ExternalAccess := Read/Write)"
TAG,,CELL_CYCLE_TIMING_BIT_STOP,"CELL CYCLE TIMING BIT TO HMI$NSTOPPED","BOOL","","(RADIX := Decimal, Constant := false, ExternalAccess := Read/Write)"
TAG,,CELL_DATA_CLEAR_NO_PB,"HMI PUSH BUTTON$NDO NOT CLEAR DATA$NCELL","BOOL","","(RADIX := Decimal, Constant := false, ExternalAccess := Read/Write)"
TAG,,CELL_DATA_CLEAR_VERIFY,"HMI VISIBILITY$NCLEAR DATA VERIFICATION$NCELL","BOOL","","(RADIX := Decimal, Constant := false, ExternalAccess := Read/Write)"
TAG,,CELL_DATA_CLEAR_YES_PB,"HMI PUSH BUTTON$NCLEAR DATA$NCELL","BOOL","","(RADIX := Decimal, Constant := false, ExternalAccess := Read/Write)"
TAG,,CELL_DATA_COLLECTION,"BARRIERS REJECTED DUE TO BAG TAIL NOT PRESENT FAILURE  BAG BARRIER PRESS-N-CURE STATION (PNC_BAG_TAIL_REJECT_CNT)","DINT[30]","","(RADIX := Decimal, Constant := false, ExternalAccess := Read/Write)"
COMMENT,,CELL_DATA_COLLECTION,"REMOTE CONTROL BITS",,"CELL_DATA_COLLECTION[0]"
COMMENT,,CELL_DATA_COLLECTION,"REMOTE COUNTERS RESET BIT",,"CELL_DATA_COLLECTION[0].0"
COMMENT,,CELL_DATA_COLLECTION,"CELL STATUS",,"CELL_DATA_COLLECTION[1]"
COMMENT,,CELL_DATA_COLLECTION,"CELL ALARM NUMBER$N(STEP_ALARM[0])",,"CELL_DATA_COLLECTION[2]"
COMMENT,,CELL_DATA_COLLECTION,"NUMBER OF MACHINE CYCLES",,"CELL_DATA_COLLECTION[3]"
COMMENT,,CELL_DATA_COLLECTION,"GOOD PARTS PLACED ON OFFLOAD CONVEYOR(OFFLOAD_CONV_GOOD_PARTS)",,"CELL_DATA_COLLECTION[4]"
COMMENT,,CELL_DATA_COLLECTION,"FAILURE COUNT FOR BAG REJECTED$NBAG OFFLOAD STATION$N(BAG_OFFLOAD_BAG_REJECT_CNT)",,"CELL_DATA_COLLECTION[5]"
COMMENT,,CELL_DATA_COLLECTION,"FAILURE COUNT FOR BARRIER REJECTED$NBAG OFFLOAD STATION$N(BAG_OFFLOAD_BARRIER_REJECT_CNT)",,"CELL_DATA_COLLECTION[6]"
COMMENT,,CELL_DATA_COLLECTION,"BARRIERS REJECTED DUE TO VISION (BAG_OFFLOAD_BARRIER_VIS_REJECT_CNT)",,"CELL_DATA_COLLECTION[7]"
COMMENT,,CELL_DATA_COLLECTION,"BARRIERS REJECTED DUE TO UPPER TEMPERATURE FAILURE BARRIER PREHEAT1 STATION (PREHEAT1_UP_TEMP_REJECT_CNT)",,"CELL_DATA_COLLECTION[8]"
COMMENT,,CELL_DATA_COLLECTION,"BARRIERS REJECTED DUE TO LOWER TEMPERATURE FAILURE BARRIER PREHEAT1 STATION (PREHEAT1_LOW_TEMP_REJECT_CNT)",,"CELL_DATA_COLLECTION[9]"
COMMENT,,CELL_DATA_COLLECTION,"BARRIERS REJECTED DUE TO UPPER TEMPERATURE FAILURE BARRIER PREHEAT2 STATION (PREHEAT2_UP_TEMP_REJECT_CNT)",,"CELL_DATA_COLLECTION[10]"
COMMENT,,CELL_DATA_COLLECTION,"BARRIERS REJECTED DUE TO LOWER TEMPERATURE FAILURE BARRIER PREHEAT2 STATION (PREHEAT2_LOW_TEMP_REJECT_CNT)",,"CELL_DATA_COLLECTION[11]"
COMMENT,,CELL_DATA_COLLECTION,"BARRIERS REJECTED DUE TO PRESSURE FAILURE  BARRIER FORMING STATION (FORMING_PRESSURE$N_REJECT_CNT)",,"CELL_DATA_COLLECTION[12]"
COMMENT,,CELL_DATA_COLLECTION,"BARRIERS REJECTED DUE TO INCOMPLETE CYCLE FAILURE  BARRIER PUNCH STATION (PUNCH_INC_CYCLE_REJECT_CNT)",,"CELL_DATA_COLLECTION[13]"
COMMENT,,CELL_DATA_COLLECTION,"BARRIERS REJECTED DUE TO INCOMPLETE CYCLE FAILURE  BARRIER PRINT STATION (PRINT_INC_CYCLE_REJECT_CNT)",,"CELL_DATA_COLLECTION[14]"
COMMENT,,CELL_DATA_COLLECTION,"BARRIERS REJECTED DUE TO GLUE OPEN TIME FAILURE  BAG GLUE STATION (GLUE_OPEN_TIME_REJECT_CNT)",,"CELL_DATA_COLLECTION[15]"
COMMENT,,CELL_DATA_COLLECTION,"BARRIERS REJECTED DUE TO INCOMPLETE CYCLE FAILURE  BAG GLUE STATION (GLUE_INC_CYCLE_REJECT_CNT)",,"CELL_DATA_COLLECTION[16]"
COMMENT,,CELL_DATA_COLLECTION,"BARRIERS REJECTED DUE TO PRESSURE FAILURE  BARRIER PRESS-N-CURE STATION (PNC_PRESSURE_REJECT_CNT)",,"CELL_DATA_COLLECTION[17]"
COMMENT,,CELL_DATA_COLLECTION,"BARRIERS REJECTED DUE TO VISION FAILURE VISION INSPECTION STATION (VISION_REJECT_CNT)",,"CELL_DATA_COLLECTION[18]"
COMMENT,,CELL_DATA_COLLECTION,"BARRIERS REJECTED DUE TO GLUE PRESSURE FAILURE  BAG GLUE STATION (GLUE_PRESSURE_REJECT_CNT)",,"CELL_DATA_COLLECTION[19]"
COMMENT,,CELL_DATA_COLLECTION,"BARRIERS REJECTED DUE TO GLUE OPEN TIME FAILURE  BAG BARRIER PRESS-N-CURE STATION (PNC_OPEN_TIME_REJECT_CNT)",,"CELL_DATA_COLLECTION[20]"
COMMENT,,CELL_DATA_COLLECTION,"BARRIERS REJECTED DUE TO INCOMPLETE CYCLE FAILURE  INKJET PRINTING STATION",,"CELL_DATA_COLLECTION[21]"
TAG,,CELL_DISPLAY_MSG_RESET_PB,"HMI PUSH BUTTON$NMAKE MESSAGE RESET BUTTON VISIBLE$NCELL","BOOL","","(RADIX := Decimal, Constant := false, ExternalAccess := Read/Write)"
TAG,,CELL_DISPLAY_PASSWORD_ENTRY,"DISPLAY NUMERIC ENTRY FOR PASSWORD INPUT$NCELL","BOOL","","(RADIX := Decimal, Constant := false, ExternalAccess := Read/Write)"
TAG,,CELL_DOOR_1_LOCKED,"DOOR 1 IS CLOSED AND LOCKED$NPREHEAT STATIONS$NCELL","BOOL","","(RADIX := Decimal, Constant := false, ExternalAccess := Read/Write)"
TAG,,CELL_DOOR_2_LOCKED,"DOOR 2 IS CLOSED AND LOCKED$NFORMING STATION$NCELL","BOOL","","(RADIX := Decimal, Constant := false, ExternalAccess := Read/Write)"
TAG,,CELL_DOOR_3_LOCKED,"DOOR 3 IS CLOSED AND LOCKED$NPRINTING STATION$NCELL","BOOL","","(RADIX := Decimal, Constant := false, ExternalAccess := Read/Write)"
TAG,,CELL_DOOR_4_LOCKED,"DOOR 4 IS CLOSED AND LOCKED$NGLUE STATION$NCELL","BOOL","","(RADIX := Decimal, Constant := false, ExternalAccess := Read/Write)"
TAG,,CELL_DOOR_5_LOCKED,"DOOR 5 IS CLOSED AND LOCKED$NBAG OFFLOAD$NROBOT (R3)$NCELL","BOOL","","(RADIX := Decimal, Constant := false, ExternalAccess := Read/Write)"
TAG,,CELL_DOOR_6_LOCKED,"DOOR 6 IS CLOSED AND LOCKED$NBARRIER INFEED MAGAZINE$NCELL","BOOL","","(RADIX := Decimal, Constant := false, ExternalAccess := Read/Write)"
TAG,,CELL_DOOR_7_LOCKED,"DOOR 7 IS CLOSED AND LOCKED$NINFEED CONVEYOR$NCELL","BOOL","","(RADIX := Decimal, Constant := false, ExternalAccess := Read/Write)"
TAG,,CELL_DOOR_8_LOCKED,"DOOR 8 IS CLOSED AND LOCKED$NINFEED CONVEYOR$NCELL","BOOL","","(RADIX := Decimal, Constant := false, ExternalAccess := Read/Write)"
TAG,,CELL_DRY_CYCLE_MODE_PB,"HMI PUSH BUTTON$NCELL DRY CYCLE MODE$NCELL","BOOL","","(RADIX := Decimal, Constant := false, ExternalAccess := Read/Write)"
TAG,,CELL_EMPTY_ACTIVE,"CELL EMPTY ACTIVE$NCELL","BOOL","","(RADIX := Decimal, Constant := false, ExternalAccess := Read/Write)"
TAG,,CELL_EMPTY_COMPLETE,"CELL EMPTY COMPLETE$NBIT ARRAY$NCELL","INT","","(RADIX := Decimal, Constant := false, ExternalAccess := Read/Write)"
COMMENT,,CELL_EMPTY_COMPLETE,"EMPTY$NCOMPLETE$NPICK-N-PLACE/CORONA TREAT",,"CELL_EMPTY_COMPLETE.1"
COMMENT,,CELL_EMPTY_COMPLETE,"EMPTY$NCOMPLETE$NLIGHT TABLE",,"CELL_EMPTY_COMPLETE.2"
COMMENT,,CELL_EMPTY_COMPLETE,"EMPTY COMPLETE$NBARRIER LOAD STATION",,"CELL_EMPTY_COMPLETE.4"
COMMENT,,CELL_EMPTY_COMPLETE,"EMPTY COMPLETE$NBAG LOAD STATION",,"CELL_EMPTY_COMPLETE.5"
COMMENT,,CELL_EMPTY_COMPLETE,"EMPTY COMPLETE$NBARRIER PREHEAT STATION 1",,"CELL_EMPTY_COMPLETE.6"
COMMENT,,CELL_EMPTY_COMPLETE,"EMPTY COMPLETE$NBARRIER PREHEAT STATION 2",,"CELL_EMPTY_COMPLETE.7"
COMMENT,,CELL_EMPTY_COMPLETE,"EMPTY COMPLETE$NBARRIER FORMING STATION",,"CELL_EMPTY_COMPLETE.8"
COMMENT,,CELL_EMPTY_COMPLETE,"EMPTY COMPLETE$NBARRIER PUNCH STATION",,"CELL_EMPTY_COMPLETE.9"
COMMENT,,CELL_EMPTY_COMPLETE,"EMPTY COMPLETE$NBARRIER PRINT STATION",,"CELL_EMPTY_COMPLETE.10"
COMMENT,,CELL_EMPTY_COMPLETE,"EMPTY COMPLETE$NBAG GLUE STATION",,"CELL_EMPTY_COMPLETE.11"
COMMENT,,CELL_EMPTY_COMPLETE,"EMPTY COMPLETE$NBARRIER PRESS-N-CURE STATION",,"CELL_EMPTY_COMPLETE.12"
COMMENT,,CELL_EMPTY_COMPLETE,"EMPTY COMPLETE$NVISION INSPECTION STATION",,"CELL_EMPTY_COMPLETE.13"
COMMENT,,CELL_EMPTY_COMPLETE,"EMPTY COMPLETE$NCELL",,"CELL_EMPTY_COMPLETE.15"
TAG,,CELL_EMPTY_LAST_BAG_REQUESTED,"LAST BAG HAS BEEN REQUESTED FOR CELL EMPTY$NCELL","BOOL","","(RADIX := Decimal, Constant := false, ExternalAccess := Read/Write)"
TAG,,CELL_EMPTY_NO_PB,"HMI PUSH BUTTON$NNO BUTTON FOR$NCELL EMPTY$NCELL","BOOL","","(RADIX := Decimal, Constant := false, ExternalAccess := Read/Write)"
TAG,,CELL_EMPTY_PB,"HMI PUSH BUTTON$NACTIVATE CELL EMPTY$NCELL","BOOL","","(RADIX := Decimal, Constant := false, ExternalAccess := Read/Write)"
TAG,,CELL_EMPTY_PB_VIS,"HMI PUSH BUTTON$NVISIBILITY$NACTIVATE CELL EMPTY$NCELL","BOOL","","(RADIX := Decimal, Constant := false, ExternalAccess := Read/Write)"
TAG,,CELL_EMPTY_STATUS,"CELL EMPTY STATUS$NCELL","INT","","(RADIX := Decimal, Constant := false, ExternalAccess := Read/Write)"
TAG,,CELL_EMPTY_YES_PB,"HMI PUSH BUTTON$NYES BUTTON FOR$NCELL EMPTY$NCELL","BOOL","","(RADIX := Decimal, Constant := false, ExternalAccess := Read/Write)"
TAG,,CELL_ESTOP_1,"HMI INDICATOR$NE-STOP 1 ACTIVATED$NPREHEAT STATIONS$NCELL","BOOL","","(RADIX := Decimal, Constant := false, ExternalAccess := Read/Write)"
TAG,,CELL_ESTOP_2,"HMI INDICATOR$NE-STOP 2 ACTIVATED$NGLUE MELTER$NCELL","BOOL","","(RADIX := Decimal, Constant := false, ExternalAccess := Read/Write)"
TAG,,CELL_ESTOP_3,"HMI INDICATOR$NE-STOP 3 ACTIVATED$NBAG OFFLOAD$NROBOT (R3)$NCELL","BOOL","","(RADIX := Decimal, Constant := false, ExternalAccess := Read/Write)"
TAG,,CELL_ESTOP_4,"HMI INDICATOR$NE-STOP 4 ACTIVATED$NBARRIER INFEED MAGAZINE$NCELL","BOOL","","(RADIX := Decimal, Constant := false, ExternalAccess := Read/Write)"
TAG,,CELL_ESTOP_5,"HMI INDICATOR$NE-STOP 5 ACTIVATED$NBAG LOAD ROBOT (R1)$NCELL","BOOL","","(RADIX := Decimal, Constant := false, ExternalAccess := Read/Write)"
TAG,,CELL_ESTOP_6,"HMI INDICATOR$NE-STOP 6 ACTIVATED$NINFEED CONVEYOR$NCELL","BOOL","","(RADIX := Decimal, Constant := false, ExternalAccess := Read/Write)"
TAG,,CELL_ESTOP_7,"HMI INDICATOR$NE-STOP 7 ACTIVATED$NHMI01$NCELL","BOOL","","(RADIX := Decimal, Constant := false, ExternalAccess := Read/Write)"
TAG,,CELL_ESTOP_8,"HMI INDICATOR$NE-STOP 8 ACTIVATED$NHMI02$NCELL","BOOL","","(RADIX := Decimal, Constant := false, ExternalAccess := Read/Write)"
TAG,,CELL_ESTOP_9,"HMI INDICATOR$NE-STOP 9 ACTIVATED$NHMI03$NCELL","BOOL","","(RADIX := Decimal, Constant := false, ExternalAccess := Read/Write)"
TAG,,CELL_ESTOP_PRESSED,"AN ESTOP IS$NPRESSED ON$NCELL","BOOL","","(RADIX := Decimal, Constant := false, ExternalAccess := Read/Write)"
TAG,,CELL_FAILURE_ALLOWED_COUNT,"NUMBER OF CONTINUOUS FAILURES ALLOWED COUNT$NCELL","INT","","(RADIX := Decimal, Constant := false, ExternalAccess := Read/Write)"
TAG,,CELL_FAMILY_TYPE_LG,"FAMILY TYPE$NLARGE STRING$NCELL","STRING","","(Constant := false, ExternalAccess := Read/Write)"
TAG,,CELL_FAMILY_TYPE_MED,"FAMILY TYPE$NMEDIUM STRING$NCELL","STRING","","(Constant := false, ExternalAccess := Read/Write)"
TAG,,CELL_FAMILY_TYPE_RECIPE,"FAMILY TYPE$NUSED IN RECIPE$NCELL","STRING","","(Constant := false, ExternalAccess := Read/Write)"
TAG,,CELL_FAMILY_TYPE_SMALL,"FAMILY TYPE$NSMALL STRING$NCELL","STRING","","(Constant := false, ExternalAccess := Read/Write)"
TAG,,CELL_GEN_PRESSURE_SCALE,"GENERIC PRESSURE SCALE FACTOR$NCELL","REAL","","(RADIX := Float, Constant := false, ExternalAccess := Read/Write)"
TAG,,CELL_HMI_1_PB,"HMI INDICATOR$NHMI 1 SELECTION FOR MANUAL MODE PB$NCELL","BOOL","","(RADIX := Decimal, Constant := false, ExternalAccess := Read/Write)"
TAG,,CELL_HMI_2_PB,"HMI INDICATOR$NHMI 2 SELECTION FOR MANUAL MODE PB$NCELL","BOOL","","(RADIX := Decimal, Constant := false, ExternalAccess := Read/Write)"
TAG,,CELL_HMI_3_PB,"HMI INDICATOR$NHMI 3 SELECTION FOR MANUAL MODE PB$NCELL","BOOL","","(RADIX := Decimal, Constant := false, ExternalAccess := Read/Write)"
TAG,,CELL_HMI_BYPASS,"MANUAL BYPASS TO AVOID HMI POWER TURNING OFF$NCELL","BOOL","","(RADIX := Decimal, Constant := false, ExternalAccess := Read/Write)"
TAG,,CELL_HMI_CURRENT_SCREEN,"THE SCREEN BEING DISPLAYED BY HMI$NCELL","INT","","(RADIX := Decimal, Constant := false, ExternalAccess := Read/Write)"
TAG,,CELL_HMI_CURRENT_SCREEN_PREV_TEMP,"THE SCREEN BEING PREVIOUSLY DISPLAYED BY HMI$NTEMPERARY$NCELL","INT","","(RADIX := Decimal, Constant := false, ExternalAccess := Read/Write)"
TAG,,CELL_HMI_CURRENT_SCREEN_TEMP,"THE SCREEN BEING DISPLAYED BY HMI$NTEMPERARY$NCELL","INT","","(RADIX := Decimal, Constant := false, ExternalAccess := Read/Write)"
TAG,,CELL_HMI_MANUAL_CANCEL_PB,"HMI PUSH BUTTON$NCANCEL MANUAL MODE$NCELL","BOOL","","(RADIX := Decimal, Constant := false, ExternalAccess := Read/Write)"
TAG,,CELL_HMI_MANUAL_POPUP,"HMI MANUAL MODE$NPOPUP$NCELL","BOOL","","(RADIX := Decimal, Constant := false, ExternalAccess := Read/Write)"
TAG,,CELL_ID_NUM,"CELL ID NUMBER FOR SETTING CELL SPECIFIC PARAMETERS 1= SD 1 PC AC#1 $N2= SD 1 PC AC#2 $N3= BAL 1 PC AC#3 $N4= BAL 1 PC AC#4 $N5= BAL 1 PC AC#5 9=SD 1 PC AC#9  10=KAS 1 PC AC#10$N11=KAS 1 PC AC#11","INT","","(RADIX := Decimal, Constant := false, ExternalAccess := Read/Write)"
TAG,,CELL_INFO_PB,"HMI PUSH BUTTON$NGOTO CELL INFORMATION SCREEN$NCELL","BOOL","","(RADIX := Decimal, Constant := false, ExternalAccess := Read/Write)"
TAG,,CELL_INSERT_LOAD_ONLY_MODE_PB,"HMI PUSH BUTTON$NLOAD ONLY$NINSERTS MODE$NCELL","BOOL","","(RADIX := Decimal, Constant := false, ExternalAccess := Read/Write)"
TAG,,CELL_INSERT_LOAD_ONLY_MODE_PB_VIS,"HMI PUSH BUTTON$NVISIBILITY$NLOAD ONLY$NINSERTS MODE$NCELL","BOOL","","(RADIX := Decimal, Constant := false, ExternalAccess := Read/Write)"
TAG,,CELL_IS_RESETTING,"CELL IS$NATTEMPTING$NTO RESET$NCELL","BOOL","","(RADIX := Decimal, Constant := false, ExternalAccess := Read/Write)"
ALIAS,,CELL_KEY_AUTO,"KEYSWITCH IN AUTO$NOPERATOR CONSOLE 1$NCELL","","A:I.Data[2].24","(RADIX := Decimal, ExternalAccess := Read/Write)"
TAG,,CELL_KEY_AUTO_MODE,"CELL KEYSWITCH CONFIGURATION IS IN AUTO MODE$NCELL","BOOL","","(RADIX := Decimal, Constant := false, ExternalAccess := Read/Write)"
TAG,,CELL_KEY_MAN_MODE,"CELL KEYSWITCH CONFIGURATION IS IN MANUAL MODE$NCELL","BOOL","","(RADIX := Decimal, Constant := false, ExternalAccess := Read/Write)"
TAG,,CELL_LARGE_PART_FAMILY_LOADED,"LARGE PART DATA LOADED$NCELL","BOOL","","(RADIX := Decimal, Constant := false, ExternalAccess := Read/Write)"
TAG,,CELL_LARGE_SNF_PART_FAMILY_LOADED,"LARGE SNF PART DATA LOADED$NCELL","BOOL","","(RADIX := Decimal, Constant := false, ExternalAccess := Read/Write)"
TAG,,CELL_LIGHT_TEST_PB,"LIGHTS TEST$NCONTROL BIT$NFROM PANELVIEW$NCELL","BOOL","","(RADIX := Decimal, Constant := false, ExternalAccess := Read/Write)"
TAG,,CELL_MAIN_DIAL_AUTO_NOT_READY_ANIMATION,"ANIMIATION FOR HMI$NMAIN DIAL STATIONS$NAUTO NOT READY BUTTON$NCELL","BOOL","","(RADIX := Decimal, Constant := false, ExternalAccess := Read/Write)"
TAG,,CELL_MAIN_DIAL_AUTO_READY_SCREEN_PB,"HMI PUSH BUTTON$NGOTO MAIN DIAL AUTO READY SCREEN","BOOL","","(RADIX := Decimal, Constant := false, ExternalAccess := Read/Write)"
TAG,,CELL_MAIN_SCREEN_PB,"HMI PUSH BUTTON$NGOTO MAIN SCREEN$NCELL","BOOL","","(RADIX := Decimal, Constant := false, ExternalAccess := Read/Write)"
TAG,,CELL_MANUAL_MODE,"SOFTWARE $NMANUAL MODE$NCELL$N$N(REQUIRES PASSWORD)","BOOL","","(RADIX := Decimal, Constant := false, ExternalAccess := Read/Write)"
TAG,,CELL_MANUAL_MODE_PASSWORD,"PASSWORD USED TO ENTER MANUAL MODE$NCELL","DINT","","(RADIX := Decimal, Constant := false, ExternalAccess := Read/Write)"
TAG,,CELL_MANUAL_MODE_PASSWORD_STORED,"PASSWORD STORED IN PLC FOR USER MANUAL MODE$NCELL","DINT","","(RADIX := Decimal, Constant := false, ExternalAccess := Read/Write)"
TAG,,CELL_MAX_WAIT_FOR_INDEX_TIME,"MAXIMUM TIME TO WAIT BEFORE INDEXING AFTER PARTS HAVE BEEN COMPLETED WITH TIME CRITICAL PROCESSES$NCELL","DINT","","(RADIX := Decimal, Constant := false, ExternalAccess := Read/Write)"
TAG,,CELL_MEDIUM_PART_FAMILY_LOADED,"MEDIUM PART DATA LOADED$NCELL","BOOL","","(RADIX := Decimal, Constant := false, ExternalAccess := Read/Write)"
TAG,,CELL_MESSAGE,"HMI $NMESSAGE DISPLAY$NCELL","INT","","(RADIX := Decimal, Constant := false, ExternalAccess := Read/Write)"
TAG,,CELL_MESSAGE_HIST_ARRAY,"CELL MESSAGE HISTORY ARRAY$NCELL","INT[75]","","(RADIX := Decimal, Constant := false, ExternalAccess := Read/Write)"
TAG,,CELL_MESSAGE_HIST_SCREEN_PB,"HMI PUSH BUTTON$NGOTO CELL MESSAGE HISTORY SCREEN$NCELL","BOOL","","(RADIX := Decimal, Constant := false, ExternalAccess := Read/Write)"
TAG,,CELL_MULTIPLE_FAILURES,"MULTIPLE CELL FAILURES DETECTED$NCELL","BOOL","","(RADIX := Decimal, Constant := false, ExternalAccess := Read/Write)"
TAG,,CELL_OVERHEAD_LIGHTS_OFF,"OVERHEAD LIGHTS OFF DEBOUNCE FOR VISION$NCELL","BOOL","","(RADIX := Decimal, Constant := false, ExternalAccess := Read/Write)"
TAG,,CELL_OVERHEAD_LIGHTS_PB,"HMI PUSH BUTTON$NOVERHEAD LIGHTS ON$NCELL","BOOL","","(RADIX := Decimal, Constant := false, ExternalAccess := Read/Write)"
TAG,,CELL_OZONE_DESTRUCT_ON_PB,"HMI PUSHBUTTON$NOZONE DESTRUCT$NUNIT ON$NCELL","BOOL","","(RADIX := Decimal, Constant := false, ExternalAccess := Read/Write)"
TAG,,CELL_PAR,"CELL SPECIFIC PARAMETERS","CELL_PARAM[14]","","(Constant := false, ExternalAccess := Read/Write)"
COMMENT,,CELL_PAR,"CELL SPECIFIC PARMATERS$NAUTOCOINER #1$NSTUARTS DRAFT",,"CELL_PAR[1]"
COMMENT,,CELL_PAR,"CELL SPECIFIC PARMATERS$NAUTOCOINER #2$NSTUARTS DRAFT",,"CELL_PAR[2]"
COMMENT,,CELL_PAR,"CELL SPECIFIC PARMATERS$NAUTOCOINER #3$NBALLINA",,"CELL_PAR[3]"
COMMENT,,CELL_PAR,"CELL SPECIFIC PARMATERS$NAUTOCOINER #4$NBALLINA",,"CELL_PAR[4]"
COMMENT,,CELL_PAR,"CELL SPECIFIC PARMATERS$NAUTOCOINER #5$NBALLINA",,"CELL_PAR[5]"
COMMENT,,CELL_PAR,"CELL SPECIFIC PARMATERS$NAUTOCOINER #6$NBALLINA",,"CELL_PAR[6]"
COMMENT,,CELL_PAR,"CELL SPECIFIC PARMATERS$NAUTOCOINER #7$NBALLINA",,"CELL_PAR[7]"
COMMENT,,CELL_PAR,"CELL SPECIFIC PARMATERS$NAUTOCOINER #8$NBALLINA",,"CELL_PAR[8]"
COMMENT,,CELL_PAR,"CELL SPECIFIC PARMATERS$NAUTOCOINER #9$NSTUARTS DRAFT",,"CELL_PAR[9]"
COMMENT,,CELL_PAR,"CELL SPECIFIC PARMATERS$NAUTOCOINER #10$NLITHUANIA",,"CELL_PAR[10]"
COMMENT,,CELL_PAR,"CELL SPECIFIC PARMATERS$NAUTOCOINER #11$NLITHUANIA",,"CELL_PAR[11]"
COMMENT,,CELL_PAR,"CELL SPECIFIC PARMATERS$NAUTOCOINER #12$NLITHUANIA",,"CELL_PAR[12]"
TAG,,CELL_PARAM_SCREEN_PB,"HMI PUSH BUTTON$NGOTO CELL PARAMETERS SCREEN$NCELL","BOOL","","(RADIX := Decimal, Constant := false, ExternalAccess := Read/Write)"
TAG,,CELL_PARAM_SCREEN_SKU_METHOD,"HMI MACHINE PARAM$NSKU PRINT METHOD$NCELL","INT","","(RADIX := Decimal, Constant := false, ExternalAccess := Read/Write)"
TAG,,CELL_PLC_DATE_STAMP,"PLC DATE & TIME$NSTAMP$NCELL","STRING","","(Constant := false, ExternalAccess := Read/Write)"
TAG,,CELL_PLC_DATE_STAMP_ARRAY,"PLC DATE & TIME$NSTAMP ARRAY$NCELL","STRING[75]","","(Constant := false, ExternalAccess := Read/Write)"
TAG,,CELL_PLC_DATE_TIME,"PLC DATE & TIME$NINFORMATION$NCELL","DATE_TIME","","(Constant := false, ExternalAccess := Read/Write)"
TAG,,CELL_PLC_SET_DATE_TIME,"SET PLC DATE AND TIME$NCELL","DATE_TIME","","(Constant := false, ExternalAccess := Read/Write)"
TAG,,CELL_PREHEAT_RUNAWAY_CHK_ENABLED,"RTD RUNAWAY CHECK$NENABLED$NBARRIER PREHEAT STATIONS","BOOL","","(RADIX := Decimal, Constant := false, ExternalAccess := Read/Write)"
TAG,,CELL_PRESSURE_OK,"CELL PRESSURE OK$NCELL","BOOL","","(RADIX := Decimal, Constant := false, ExternalAccess := Read/Write)"
TAG,,CELL_PREVIOUS_SCREEN_PB,"HMI PUSH BUTTON$NGOTO PREVIOUS SCREEN$NCELL","BOOL","","(RADIX := Decimal, Constant := false, ExternalAccess := Read/Write)"
TAG,,CELL_PRODUCT_SKU,"PRODUCT SKU$NDISPLAYED ON HMI$NCELL","STRING","","(Constant := false, ExternalAccess := Read/Write)"
TAG,,CELL_PRODUCT_SKU_END_RECORD,"PRODUCT SKU END RECORD$NCELL","STRING","","(Constant := false, ExternalAccess := Read/Write)"
TAG,,CELL_PRODUCT_SKU_LOADED,"PRODUCT SKU$NLOADED AND DISPLAYED ON HMI$NCELL","STRING","","(Constant := false, ExternalAccess := Read/Write)"
TAG,,CELL_PRODUCT_SKU_LOADED_NULL,"PRODUCT SKU$NLOADED AND DISPLAYED ON HMI NULL$NCELL","STRING","","(Constant := false, ExternalAccess := Read/Write)"
TAG,,CELL_PRODUCT_SKU_NULL,"PRODUCT SKU NULL$NCELL","STRING","","(Constant := false, ExternalAccess := Read/Write)"
TAG,,CELL_PRODUCT_SKU_PREV,"PREVIOUS PRODUCT SKU$NFROM RECIPE$NCELL","STRING","","(Constant := false, ExternalAccess := Read/Write)"
TAG,,CELL_PRODUCT_SKU_REQ,"PRODUCT SKU$NREQUEST  $NCELL","STRING","","(Constant := false, ExternalAccess := Read/Write)"
TAG,,CELL_PRODUCT_SKU_REQ_NULL,"PRODUCT SKU$NNULL REQUEST  $NCELL","STRING","","(Constant := false, ExternalAccess := Read/Write)"
TAG,,CELL_PRODUCT_SKU_REQ_VIS,"PRODUCT SKU$NLOAD REQUEST VISIBILITY$NON HMI$NCELL","BOOL","","(RADIX := Decimal, Constant := false, ExternalAccess := Read/Write)"
TAG,,CELL_RECIPE_DATA,"SYNCHRONIZED RECIPE DATA  FROM HMI ARRAY$NCELL","RECIPE_DATA[500]","","(Constant := false, ExternalAccess := Read/Write)"
TAG,,CELL_RECIPE_DATA_ARRAY_SIZE,"RECIPE DATA ARRAY$NSIZE$N2 PIECE RIGID FILM MACHINE","DINT","","(RADIX := Decimal, Constant := false, ExternalAccess := Read/Write)"
TAG,,CELL_RECIPE_DATA_CONTROL_SEARCH,"RECIPE DATA ARRAY$NSEARCH CONTROL WORD$NCELL","CONTROL","","(Constant := false, ExternalAccess := Read/Write)"
TAG,,CELL_RECIPE_DOWNLOAD,"RECIPE DOWNLOAD$NFINISHED FROM HMI$NCELL","BOOL","","(RADIX := Decimal, Constant := false, ExternalAccess := Read/Write)"
TAG,,CELL_RECIPE_DOWNLOAD_DETECTED,"RECIPED DOWNLOAD$NDETECTED$NCELL","BOOL","","(RADIX := Decimal, Constant := false, ExternalAccess := Read/Write)"
TAG,,CELL_RECIPE_LOAD_COMPLETE,"PROCESS PARAMETERS$NRECIPE LOAD COMPLETE$NCELL","BOOL","","(RADIX := Decimal, Constant := false, ExternalAccess := Read/Write)"
TAG,,CELL_RECIPE_PB_VIS,"HMI VISIBILITY$NRECIPE PUSH BUTTONS$NCELL","BOOL","","(RADIX := Decimal, Constant := false, ExternalAccess := Read/Write)"
TAG,,CELL_RECIPE_PROCESS_LOAD,"PROCESS PARAMETERS$NRECIPE LOAD TRIGGER$NCELL","BOOL","","(RADIX := Decimal, Constant := false, ExternalAccess := Read/Write)"
TAG,,CELL_RECIPE_SKU_LOAD,"SKU$NRECIPE LOAD TRIGGER$NCELL","BOOL","","(RADIX := Decimal, Constant := false, ExternalAccess := Read/Write)"
TAG,,CELL_RECIPE_SKU_RECORD,"SKU RECIPE RECORD NUMBER TO LOAD$NCELL","INT","","(RADIX := Decimal, Constant := false, ExternalAccess := Read/Write)"
TAG,,CELL_RECIPE_SYNC_CNT,"RECIPE SYNCHRONIZATION COUNTER$NCELL","COUNTER","","(Constant := false, ExternalAccess := Read/Write)"
TAG,,CELL_RECIPE_SYNC_DATA_NULL,"SYNCHRONIZED RECIPE NULL DATA  FROM HMI ARRAY$NCELL","RECIPE_DATA[500]","","(Constant := false, ExternalAccess := Read/Write)"
TAG,,CELL_RECIPE_SYNC_FAILED,"RECIPE SYNCRONIZATION FAILED$NCELL","BOOL","","(RADIX := Decimal, Constant := false, ExternalAccess := Read/Write)"
TAG,,CELL_RECIPE_SYNC_RECORD,"RECIPE SYNCRONIZATION RECORD NUMBER$N1 PC$NMACHINE","INT","","(RADIX := Decimal, Constant := false, ExternalAccess := Read/Write)"
TAG,,CELL_RECIPE_SYNC_RECORD_LOAD,"LOAD RECORD$NFOR RECIPE SYNCRONIZATION$N1 PC$NMACHINE","BOOL","","(RADIX := Decimal, Constant := false, ExternalAccess := Read/Write)"
TAG,,CELL_RECIPE_SYNC_REQ_ACTIVE,"CELL RECIPE SYNCHRONIZATION REQUEST$NACTIVE$NCELL","BOOL","","(RADIX := Decimal, Constant := false, ExternalAccess := Read/Write)"
TAG,,CELL_RECIPE_SYNC_REQ_NO_PB,"HMI PUSH BUTTON$NNO BUTTON FOR$NCELL RECIPE SYNCHRONIZATION REQUEST$NCELL","BOOL","","(RADIX := Decimal, Constant := false, ExternalAccess := Read/Write)"
TAG,,CELL_RECIPE_SYNC_REQ_PB,"HMI PUSH BUTTON$NRECIPE SYNCHRONIZATION REQUEST$NCELL","BOOL","","(RADIX := Decimal, Constant := false, ExternalAccess := Read/Write)"
TAG,,CELL_RECIPE_SYNC_REQ_POPUP,"CELL RECIPE SYNCHRONIZATION REQUEST$N POPUP SCREEN ON$NCELL","BOOL","","(RADIX := Decimal, Constant := false, ExternalAccess := Read/Write)"
TAG,,CELL_RECIPE_SYNC_REQ_YES_PB,"HMI PUSH BUTTON$NYES BUTTON FOR$NCELL RECIPE SYNCHRONIZATION REQUEST$NCELL","BOOL","","(RADIX := Decimal, Constant := false, ExternalAccess := Read/Write)"
TAG,,CELL_RESET_NOT_READY_ANIMATION,"ANIMIATION FOR HMI$NAUTO RESET NOT READY BUTTON$NCELL","BOOL","","(RADIX := Decimal, Constant := false, ExternalAccess := Read/Write)"
TAG,,CELL_RESET_PB,"HMI PUSH BUTTON$NRESET CELL$NCELL","BOOL","","(RADIX := Decimal, Constant := false, ExternalAccess := Read/Write)"
TAG,,CELL_RESET_PB_VIS,"HMI PUSH BUTTON$NVISIBILITY$NCELL RESET$NCELL","BOOL","","(RADIX := Decimal, Constant := false, ExternalAccess := Read/Write)"
TAG,,CELL_RESET_PRESSED,"RESET BUTTON PRESSED$NCELL","BOOL","","(RADIX := Decimal, Constant := false, ExternalAccess := Read/Write)"
TAG,,CELL_RESET_READY,"CELL IS  $NREADY FOR RESET$NCELL","BOOL","","(RADIX := Decimal, Constant := false, ExternalAccess := Read/Write)"
TAG,,CELL_RESET_READY_SCREEN_PB,"HMI PUSH BUTTON$NGOTO RESET READY SCREEN","BOOL","","(RADIX := Decimal, Constant := false, ExternalAccess := Read/Write)"
TAG,,CELL_RUNTIME_HMI,"HMI DISPLAY VALUE OF CELL AUTO RUNTIME HOURS","REAL","","(RADIX := Float, Constant := false, ExternalAccess := Read/Write)"
TAG,,CELL_RUNTIME_REAL,"CELL AUTO RUNTIME SCALED TO HOURS","REAL","","(RADIX := Float, Constant := false, ExternalAccess := Read/Write)"
TAG,,CELL_SAFETY_DOOR_OPEN,"A SAFETY DOOR IS$NOPEN$NCELL","BOOL","","(RADIX := Decimal, Constant := false, ExternalAccess := Read/Write)"
TAG,,CELL_SCAN_DELAY_ARRAY,"PLC SCAN DELAY BIT ARRAY$N1 PC$NMACHINE","BOOL[32]","","(RADIX := Decimal, Constant := false, ExternalAccess := Read/Write)"
COMMENT,,CELL_SCAN_DELAY_ARRAY,"PLC SCAN DELAY BIT$NCELL",,"CELL_SCAN_DELAY_ARRAY[0]"
TAG,,CELL_SCREEN,"SCREEN CONTROL$NFOR BOTH HMI$'S$NCELL","INT","","(RADIX := Decimal, Constant := false, ExternalAccess := Read/Write)"
TAG,,CELL_SET_DATE_TIME_PB,"HMI PUSH BUTTON$NSET DATE AND TIME$NCELL","BOOL","","(RADIX := Decimal, Constant := false, ExternalAccess := Read/Write)"
TAG,,CELL_SET_DATE_TIME_SCREEN_PB,"HMI PUSH BUTTON$NGOTO TIME SET SCREEN$NCELL","BOOL","","(RADIX := Decimal, Constant := false, ExternalAccess := Read/Write)"
TAG,,CELL_SHUTDOWN_REQ,"CELL SHUTDOWN$NREQUEST$NCELL","BOOL","","(RADIX := Decimal, Constant := false, ExternalAccess := Read/Write)"
TAG,,CELL_SINGLE_PART_GLUE_ONLY_PB,"HMI PUSH BUTTON$NGLUE ONLY MODE DURING SINGLE PART PROCESS$NCELL","BOOL","","(RADIX := Decimal, Constant := false, ExternalAccess := Read/Write)"
TAG,,CELL_SINGLE_PART_GLUE_ONLY_PB_VIS,"HMI PUSH BUTTON VISIBILITY$NGLUE ONLY MODE DURING SINGLE PART PROCESS$NCELL","BOOL","","(RADIX := Decimal, Constant := false, ExternalAccess := Read/Write)"
TAG,,CELL_SINGLE_PART_MODE_ACTIVE,"SINGLE PART MODE$NACTIVE$NCELL","BOOL","","(RADIX := Decimal, Constant := false, ExternalAccess := Read/Write)"
TAG,,CELL_SINGLE_PART_MODE_BAG_COUNTER,"SINGLE PART MODE$NBAG COUNTER$NCELL","COUNTER","","(Constant := false, ExternalAccess := Read/Write)"
TAG,,CELL_SINGLE_PART_MODE_BARRIER_COUNTER,"SINGLE PART MODE BARRIER COUNTER$NCELL","COUNTER","","(Constant := false, ExternalAccess := Read/Write)"
TAG,,CELL_SINGLE_PART_MODE_NO_PB,"HMI PUSH BUTTON$NNO BUTTON FOR$NCELL SINGLE PART MODE$NCELL","BOOL","","(RADIX := Decimal, Constant := false, ExternalAccess := Read/Write)"
TAG,,CELL_SINGLE_PART_MODE_PB,"HMI PUSH BUTTON$NCELL SINGLE PART MODE$N1 PC$NMACHINE","BOOL","","(RADIX := Decimal, Constant := false, ExternalAccess := Read/Write)"
TAG,,CELL_SINGLE_PART_MODE_PB_VIS,"HMI PUSH BUTTON$NVISIBILITY$NCELL SINGLE PART MODE$NCELL","BOOL","","(RADIX := Decimal, Constant := false, ExternalAccess := Read/Write)"
TAG,,CELL_SINGLE_PART_MODE_POPUP,"CELL SINGLE PART MODE POPUP SCREEN ON$NCELL","BOOL","","(RADIX := Decimal, Constant := false, ExternalAccess := Read/Write)"
TAG,,CELL_SINGLE_PART_MODE_YES_PB,"HMI PUSH BUTTON$NYES BUTTON FOR$NCELL SINGLE PART MODE$NCELL","BOOL","","(RADIX := Decimal, Constant := false, ExternalAccess := Read/Write)"
TAG,,CELL_SINGLE_PART_PROCESS_PB,"HMI PUSH BUTTON$NPROCESS SINGLE PART$NCELL","BOOL","","(RADIX := Decimal, Constant := false, ExternalAccess := Read/Write)"
TAG,,CELL_SINGLE_PART_PROCESS_PB_VIS,"HMI PUSH BUTTON VISIBILITY$NPROCESS SINGLE PART$NCELL","BOOL","","(RADIX := Decimal, Constant := false, ExternalAccess := Read/Write)"
TAG,,CELL_SMALL_PART_FAMILY_LOADED,"SMALL PART DATA LOADED$NCELL","BOOL","","(RADIX := Decimal, Constant := false, ExternalAccess := Read/Write)"
TAG,,CELL_SMALL_SNF_PART_FAMILY_LOADED,"SMALL SNF PART DATA LOADED$NCELL","BOOL","","(RADIX := Decimal, Constant := false, ExternalAccess := Read/Write)"
TAG,,CELL_STARTED,"CELL HAS BEEN$NSTARTED IN AUTO$NCELL","BOOL","","(RADIX := Decimal, Constant := false, ExternalAccess := Read/Write)"
TAG,,CELL_START_PB,"HMI PUSH BUTTON$NCELL START$NCELL","BOOL","","(RADIX := Decimal, Constant := false, ExternalAccess := Read/Write)"
TAG,,CELL_START_PB_VIS,"HMI PUSH BUTTON$NVISIBILITY$NCELL START$NCELL","BOOL","","(RADIX := Decimal, Constant := false, ExternalAccess := Read/Write)"
TAG,,CELL_START_PRESSED,"START BUTTON PRESSED$NCELL","BOOL","","(RADIX := Decimal, Constant := false, ExternalAccess := Read/Write)"
TAG,,CELL_STATUS,"CELL STATUS$NFOR HMI$NCELL","INT","","(RADIX := Decimal, Constant := false, ExternalAccess := Read/Write)"
TAG,,CELL_STOP_PB,"HMI PUSH BUTTON$NCELL STOP$NCELL","BOOL","","(RADIX := Decimal, Constant := false, ExternalAccess := Read/Write)"
TAG,,CELL_STOP_PB_VIS,"HMI PUSH BUTTON$NVISIBILITY$NCELL STOP$NCELL","BOOL","","(RADIX := Decimal, Constant := false, ExternalAccess := Read/Write)"
TAG,,CELL_STOP_PRESSED,"STOP BUTTON PRESSED$NCELL","BOOL","","(RADIX := Decimal, Constant := false, ExternalAccess := Read/Write)"
TAG,,CELL_TEST_DOOR_LOCKS_PB,"DOOR LOCKS TEST$NCONTROL BIT$NFROM PANELVIEW$NCELL","BOOL","","(RADIX := Decimal, Constant := false, ExternalAccess := Read/Write)"
TAG,,CELL_TIMER_OPER,"OPERATIONAL TIMERS","TIMER[20]","","(Constant := false, ExternalAccess := Read/Write)"
COMMENT,,CELL_TIMER_OPER,"SHUT DOWN REQUEST TIMER",,"CELL_TIMER_OPER[0]"
COMMENT,,CELL_TIMER_OPER,"TIMER BIT 100$NTIMER",,"CELL_TIMER_OPER[1]"
COMMENT,,CELL_TIMER_OPER,"TIMER BIT 150$NTIMER",,"CELL_TIMER_OPER[2]"
COMMENT,,CELL_TIMER_OPER,"TIMER BIT 250$NTIMER",,"CELL_TIMER_OPER[3]"
COMMENT,,CELL_TIMER_OPER,"TIMER BIT 500$NTIMER",,"CELL_TIMER_OPER[4]"
COMMENT,,CELL_TIMER_OPER,"TIMER BIT 1000$NTIMER",,"CELL_TIMER_OPER[5]"
COMMENT,,CELL_TIMER_OPER,"TIMER BIT 10$NTIMER",,"CELL_TIMER_OPER[6]"
COMMENT,,CELL_TIMER_OPER,"OPEN AIR GLUE TIMER BAG GLUE STATION",,"CELL_TIMER_OPER[7]"
COMMENT,,CELL_TIMER_OPER,"OPEN AIR GLUE TIMER PRESS-N-CURE STATION",,"CELL_TIMER_OPER[8]"
COMMENT,,CELL_TIMER_OPER,"OPEN AIR HEAT TIMER PREHEAT STATION 1",,"CELL_TIMER_OPER[9]"
COMMENT,,CELL_TIMER_OPER,"OPEN AIR HEAT TIMER PREHEAT STATION 2",,"CELL_TIMER_OPER[10]"
COMMENT,,CELL_TIMER_OPER,"SINGLE PART MODE$NINDEX TIMER",,"CELL_TIMER_OPER[11]"
COMMENT,,CELL_TIMER_OPER,"CELL CYCLE PULSE$NTO HMI TIMER",,"CELL_TIMER_OPER[12]"
COMMENT,,CELL_TIMER_OPER,"STOP CELL CYCLE PULSE$NTO HMI AFTER FIRST SCAN TIMER",,"CELL_TIMER_OPER[13]"
COMMENT,,CELL_TIMER_OPER,"SINGLE PART MODE$NCLEAR DEBOUNCE TIMER$NCELL",,"CELL_TIMER_OPER[14]"
COMMENT,,CELL_TIMER_OPER,"PICK HEAD HOME SENSOR OFF$NDEBOUNCE TIMER$NBARRIER$NPICK-N-PLACE/$NCORONA TREAT",,"CELL_TIMER_OPER[15]"
TAG,,CELL_TIMING_BIT_10,".010 SECOND$NTIMING BIT","BOOL","","(RADIX := Decimal, Constant := false, ExternalAccess := Read/Write)"
TAG,,CELL_TIMING_BIT_100,".100 SECOND$NTIMING BIT","BOOL","","(RADIX := Decimal, Constant := false, ExternalAccess := Read/Write)"
TAG,,CELL_TIMING_BIT_1000,"1 SECOND$NTIMING BIT$NCELL","BOOL","","(RADIX := Decimal, Constant := false, ExternalAccess := Read/Write)"
TAG,,CELL_TIMING_BIT_1000_FLIP,"PULSES OPPOSIT OF TIMING_BIT_1000$NCELL","BOOL","","(RADIX := Decimal, Constant := false, ExternalAccess := Read/Write)"
TAG,,CELL_TIMING_BIT_100_FLIP,"PULSES OPPOSIT OF TIMING_BIT_100","BOOL","","(RADIX := Decimal, Constant := false, ExternalAccess := Read/Write)"
TAG,,CELL_TIMING_BIT_10_FLIP,"PULSES OPPOSIT OF TIMING_BIT_10","BOOL","","(RADIX := Decimal, Constant := false, ExternalAccess := Read/Write)"
TAG,,CELL_TIMING_BIT_150,".150 SECOND$NTIMING BIT$NCELL","BOOL","","(RADIX := Decimal, Constant := false, ExternalAccess := Read/Write)"
TAG,,CELL_TIMING_BIT_150_FLIP,"PULSES OPPOSIT OF TIMING_BIT_150$NCELL","BOOL","","(RADIX := Decimal, Constant := false, ExternalAccess := Read/Write)"
TAG,,CELL_TIMING_BIT_250,".250 SECOND$NTIMING BIT$NCELL","BOOL","","(RADIX := Decimal, Constant := false, ExternalAccess := Read/Write)"
TAG,,CELL_TIMING_BIT_250_FLIP,"PULSES OPPOSIT OF TIMING_BIT_250$NCELL","BOOL","","(RADIX := Decimal, Constant := false, ExternalAccess := Read/Write)"
TAG,,CELL_TIMING_BIT_500,".500 SECOND$NTIMING BIT$NCELL","BOOL","","(RADIX := Decimal, Constant := false, ExternalAccess := Read/Write)"
TAG,,CELL_TIMING_BIT_500_FLIP,"PULSES OPPOSIT OF TIMING_BIT_500$NCELL","BOOL","","(RADIX := Decimal, Constant := false, ExternalAccess := Read/Write)"
TAG,,CELL_TOOL_CHANGE_MODE,"TOOL CHANGE MODE IS ACTIVE$NCELL","BOOL","","(RADIX := Decimal, Constant := false, ExternalAccess := Read/Write)"
TAG,,CELL_TOOL_CHANGE_REQ_PB,"HMI PUSH BUTTON$NTOOL CHANGE REQUEST$NCELL","BOOL","","(RADIX := Decimal, Constant := false, ExternalAccess := Read/Write)"
TAG,,CELL_TOOL_CHANGE_REQ_PB_VIS,"HMI PUSH BUTTON VISIBILITY$NTOOL CHANGE REQUEST$NCELL","BOOL","","(RADIX := Decimal, Constant := false, ExternalAccess := Read/Write)"
TAG,,CELL_ZERO_COUNTERS_PB,"HMI PUSH BUTTON$NRESELT ALL PART COUNTERS$NCELL","BOOL","","(RADIX := Decimal, Constant := false, ExternalAccess := Read/Write)"
TAG,,CLICHE_TIME_PB,"PRINT CYLINDER EXTEND TIME AT CLICHE$NBARRIER PRINTING STATION","DINT","","(RADIX := Decimal, Constant := false, ExternalAccess := Read/Write)"
TAG,,CLICHE_Y_OFFSET_PB,"HMI ENTRY CLICHE  Y DIRECTION (MM)$NBARRIER PRINTING STATION","REAL","","(RADIX := Float, Constant := false, ExternalAccess := Read/Write)"
TAG,,DASH,"","STRING","","(Constant := false, ExternalAccess := Read/Write)"
TAG,,DRV01_ETHERNET_COMMS_OK,"DRIVE ETHERNET $NCOMMS OK$NMAIN DIAL","BOOL","","(RADIX := Decimal, Constant := false, ExternalAccess := Read/Write)"
TAG,,DRV02_ETHERNET_COMMS_OK,"DRIVE ETHERNET$NCOMMS OK$NBARRIER INFEED MAGAZINE","BOOL","","(RADIX := Decimal, Constant := false, ExternalAccess := Read/Write)"
TAG,,DRV03_ETHERNET_COMMS_OK,"DRIVE ETHERNET$NCOMMS OK$NBARRIER INFEED ELEVATOR","BOOL","","(RADIX := Decimal, Constant := false, ExternalAccess := Read/Write)"
TAG,,DRV04_ETHERNET_COMMS_OK,"DRIVE ETHERNET$N COMMS OK$NBARRIER PRESS-N-CURE$NSTATION","BOOL","","(RADIX := Decimal, Constant := false, ExternalAccess := Read/Write)"
TAG,,DRV05_ETHERNET_COMMS_OK,"BASE DRIVE ETHERNET$N COMMS OK$NBARRIER PICK-N-PLACE/CORONA TREAT","BOOL","","(RADIX := Decimal, Constant := false, ExternalAccess := Read/Write)"
TAG,,DRV06_ETHERNET_COMMS_OK,"PICK HEAD DRIVE ETHERNET$N COMMS OK$NBARRIER PICK-N-PLACE/$NCORONA TREAT","BOOL","","(RADIX := Decimal, Constant := false, ExternalAccess := Read/Write)"
TAG,,DRV07_ETHERNET_COMMS_OK,"COMMS OK$N AC FREQUENCY INFEED CONVEYOR DRIVE","BOOL","","(RADIX := Decimal, Constant := false, ExternalAccess := Read/Write)"
TAG,,DRV08_ETHERNET_COMMS_OK,"GRIPPER ETHERNET$NCOMMS OK$NBAG LOAD ROBOT (R1)","BOOL","","(RADIX := Decimal, Constant := false, ExternalAccess := Read/Write)"
TAG,,DRV09_ETHERNET_COMMS_OK,"COMMS OK$N AC FREQUENCY OFFLOAD CONVEYOR DRIVE","BOOL","","(RADIX := Decimal, Constant := false, ExternalAccess := Read/Write)"
TAG,,DRV10_ETHERNET_COMMS_OK,"GLUE X-AXIS DRIVE$NCOMMS OK$NBAG GLUE STATION","BOOL","","(RADIX := Decimal, Constant := false, ExternalAccess := Read/Write)"
TAG,,DRV11_ETHERNET_COMMS_OK,"GLUE Y-AXIS DRIVE$NCOMMS OK$NBAG GLUE STATION","BOOL","","(RADIX := Decimal, Constant := false, ExternalAccess := Read/Write)"
TAG,,DRV17_COMMS_STATUS,"DRIVE$NETHERNET CONNECTION STATUS$NBARRIER PRINTING STATION","DINT","","(RADIX := Decimal, Constant := false, ExternalAccess := Read/Write)"
TAG,,DRV17_ETHERNET_COMMS_OK,"DRIVE ETHERNET$NCOMMS OK$NBARRIER PRINTING STATION","BOOL","","(RADIX := Decimal, Constant := false, ExternalAccess := Read/Write)"
TAG,,DRV31_ETHERNET_COMMS_OK,"DRIVE$NETHERNET CONNECTION $NINKJET PRINTING STATION","BOOL","","(RADIX := Decimal, Constant := false, ExternalAccess := Read/Write)"
ALIAS,,EMPTY_DATA_BAG_LOADED,"BAG LOADED$NMAIN DIAL PART DATA STREAM$NEMPTY STATION","","MAIN_DIAL_DATA[2].BAG_LOADED","(RADIX := Decimal, ExternalAccess := Read/Write)"
ALIAS,,EMPTY_DATA_BAG_REJECT,"BAG REJECTED$NMAIN DIAL PART DATA STREAM$NEMPTY STATION","","MAIN_DIAL_DATA[2].BAG_REJECT","(RADIX := Decimal, ExternalAccess := Read/Write)"
ALIAS,,EMPTY_DATA_BAR_LOADED,"BARRIER LOADED$NMAIN DIAL PART DATA STREAM$NEMPTY STATION","","MAIN_DIAL_DATA[2].BARRIER_LOADED","(RADIX := Decimal, ExternalAccess := Read/Write)"
ALIAS,,EMPTY_DATA_BAR_REJECT,"BARRIER REJECTED$NMAIN DIAL PART DATA STREAM$NEMPTY STATION","","MAIN_DIAL_DATA[2].BARRIER_REJECT","(RADIX := Decimal, ExternalAccess := Read/Write)"
ALIAS,,EMPTY_DATA_CLEAR_PB,"HMI PUSH BUTTON$NCLEAR DATA REQUEST$NEMPTY STATION","","MAIN_DIAL_DATA_CLEAR_REQ_ARRAY.2","(RADIX := Decimal, ExternalAccess := Read/Write)"
ALIAS,,EMPTY_DATA_EMPTY_LAST_BAG,"LAST BAG REQUEST FOR CELL EMPTY$NMAIN DIAL PART DATA STREAM$NEMPTY STATION","","MAIN_DIAL_DATA[2].CELL_EMPTY_LAST_BAG","(RADIX := Decimal, ExternalAccess := Read/Write)"
ALIAS,,EMPTY_DATA_FORMING_COMPLETE,"FORMING STATION COMPLETE$NMAIN DIAL PART DATA STREAM$NEMPTY STATION","","MAIN_DIAL_DATA[2].FORMING_COMPLETE","(RADIX := Decimal, ExternalAccess := Read/Write)"
ALIAS,,EMPTY_DATA_FORMING_PRESS_OK,"FORMING STATION PRESSURE OK$NMAIN DIAL PART DATA STREAM$NEMPTY STATION","","MAIN_DIAL_DATA[2].FORMING_PRESSURE_OK","(RADIX := Decimal, ExternalAccess := Read/Write)"
ALIAS,,EMPTY_DATA_FORMING_STARTED,"FORMING STATION STARTED$NMAIN DIAL PART DATA STREAM$NEMPTY STATION","","MAIN_DIAL_DATA[2].FORMING_STARTED","(RADIX := Decimal, ExternalAccess := Read/Write)"
ALIAS,,EMPTY_DATA_GLUE_COMPLETE,"BAG GLUE STATION COMPLETED$NMAIN DIAL PART DATA STREAM$NEMPTY STATION","","MAIN_DIAL_DATA[2].BAG_GLUE_COMPLETE","(RADIX := Decimal, ExternalAccess := Read/Write)"
ALIAS,,EMPTY_DATA_GLUE_OPEN_REJECT,"BAG GLUE STATION OPEN TIME REJECT$NMAIN DIAL PART DATA STREAM$NEMPTY STATION","","MAIN_DIAL_DATA[2].BAG_GLUE_OPEN_TIME_REJECT","(RADIX := Decimal, ExternalAccess := Read/Write)"
ALIAS,,EMPTY_DATA_GLUE_PRESS_OK,"BAG GLUE STATION PRESSURE OK$NMAIN DIAL PART DATA STREAM$NEMPTY STATION","","MAIN_DIAL_DATA[2].BAG_GLUE_PRESSURE_OK","(RADIX := Decimal, ExternalAccess := Read/Write)"
ALIAS,,EMPTY_DATA_GLUE_STARTED,"BAG GLUE STATION STARTED$NMAIN DIAL PART DATA STREAM$NEMPTY STATION","","MAIN_DIAL_DATA[2].BAG_GLUE_STARTED","(RADIX := Decimal, ExternalAccess := Read/Write)"
ALIAS,,EMPTY_DATA_INKJET_COMPLETE,"INKJET STATION COMPLETED$NMAIN DIAL PART DATA STREAM$NEMPTY STATION","","MAIN_DIAL_DATA[2].INKJET_COMPLETE","(RADIX := Decimal, ExternalAccess := Read/Write)"
ALIAS,,EMPTY_DATA_INKJET_STARTED,"INKJET STATION STARTED$NMAIN DIAL PART DATA STREAM$NEMPTY STATION","","MAIN_DIAL_DATA[2].INKJET_STARTED","(RADIX := Decimal, ExternalAccess := Read/Write)"
ALIAS,,EMPTY_DATA_PNC_COMPLETE,"PRESS-N-CURE STATION COMPLETED$NMAIN DIAL PART DATA STREAM$NEMPTY STATION","","MAIN_DIAL_DATA[2].BAG_CURE_COMPLETE","(RADIX := Decimal, ExternalAccess := Read/Write)"
ALIAS,,EMPTY_DATA_PNC_PRESS_OK,"PRESS-N-CURE STATION PRESSURE OK$NMAIN DIAL PART DATA STREAM$NEMPTY STATION","","MAIN_DIAL_DATA[2].BAG_CURE_PRESSURE_OK","(RADIX := Decimal, ExternalAccess := Read/Write)"
ALIAS,,EMPTY_DATA_PNC_STARTED,"PRESS-N-CURE STATION STARTED$NMAIN DIAL PART DATA STREAM$NEMPTY STATION","","MAIN_DIAL_DATA[2].BAG_CURE_STARTED","(RADIX := Decimal, ExternalAccess := Read/Write)"
ALIAS,,EMPTY_DATA_POS_BAG_REJECT,"POSITION BAG WAS REJECTED$NMAIN DIAL PART DATA STREAM$NEMPTY STATION","","MAIN_DIAL_DATA[2].STATION_POS_REJECT_BAG","(RADIX := Decimal, ExternalAccess := Read/Write)"
ALIAS,,EMPTY_DATA_POS_BAR_REJECT,"POSITION BARRIER WAS REJECTED$NMAIN DIAL PART DATA STREAM$NEMPTY STATION","","MAIN_DIAL_DATA[2].STATION_POS_REJECT_BARRIER","(RADIX := Decimal, ExternalAccess := Read/Write)"
ALIAS,,EMPTY_DATA_PREHEAT1_COMPLETE,"PREHEAT STATION 1 COMPLETE$NMAIN DIAL PART DATA STREAM$NEMPTY STATION","","MAIN_DIAL_DATA[2].PREHEAT1_COMPLETE","(RADIX := Decimal, ExternalAccess := Read/Write)"
ALIAS,,EMPTY_DATA_PREHEAT1_LOW_TEMP_OK,"PREHEAT STATION 1 LOWER TEMP OK$NMAIN DIAL PART DATA STREAM$NEMPTY STATION","","MAIN_DIAL_DATA[2].PREHEAT1_LOW_TEMP_OK","(RADIX := Decimal, ExternalAccess := Read/Write)"
ALIAS,,EMPTY_DATA_PREHEAT1_STARTED,"PREHEAT STATION 1 STARTED$NMAIN DIAL PART DATA STREAM$NEMPTY STATION","","MAIN_DIAL_DATA[2].PREHEAT1_STARTED","(RADIX := Decimal, ExternalAccess := Read/Write)"
ALIAS,,EMPTY_DATA_PREHEAT1_UP_TEMP_OK,"PREHEAT STATION 1 UPPER TEMP OK$NMAIN DIAL PART DATA STREAM$NEMPTY STATION","","MAIN_DIAL_DATA[2].PREHEAT1_UP_TEMP_OK","(RADIX := Decimal, ExternalAccess := Read/Write)"
ALIAS,,EMPTY_DATA_PREHEAT2_COMPLETE,"PREHEAT STATION 2 COMPLETE$NMAIN DIAL PART DATA STREAM$NEMPTY STATION","","MAIN_DIAL_DATA[2].PREHEAT2_COMPLETE","(RADIX := Decimal, ExternalAccess := Read/Write)"
ALIAS,,EMPTY_DATA_PREHEAT2_LOW_TEMP_OK,"PREHEAT STATION 2 LOWER TEMP OK$NMAIN DIAL PART DATA STREAM$NEMPTY STATION","","MAIN_DIAL_DATA[2].PREHEAT2_LOW_TEMP_OK","(RADIX := Decimal, ExternalAccess := Read/Write)"
ALIAS,,EMPTY_DATA_PREHEAT2_STARTED,"PREHEAT STATION 2 STARTED$NMAIN DIAL PART DATA STREAM$NEMPTY STATION","","MAIN_DIAL_DATA[2].PREHEAT2_STARTED","(RADIX := Decimal, ExternalAccess := Read/Write)"
ALIAS,,EMPTY_DATA_PREHEAT2_UP_TEMP_OK,"PREHEAT STATION 2 UPPER TEMP OK$NMAIN DIAL PART DATA STREAM$NEMPTY STATION","","MAIN_DIAL_DATA[2].PREHEAT2_UP_TEMP_OK","(RADIX := Decimal, ExternalAccess := Read/Write)"
ALIAS,,EMPTY_DATA_PRINT_COMPLETE,"PRINTING STATION COMPLETED$NMAIN DIAL PART DATA STREAM$NEMPTY STATION","","MAIN_DIAL_DATA[2].PRINT_COMPLETE","(RADIX := Decimal, ExternalAccess := Read/Write)"
ALIAS,,EMPTY_DATA_PRINT_STARTED,"PRINTING STATION STARTED$NMAIN DIAL PART DATA STREAM$NEMPTY STATION","","MAIN_DIAL_DATA[2].PRINT_STARTED","(RADIX := Decimal, ExternalAccess := Read/Write)"
ALIAS,,EMPTY_DATA_PUNCH_COMPLETE,"PUNCH STATION COMPLETED$NMAIN DIAL PART DATA STREAM$NEMPTY STATION","","MAIN_DIAL_DATA[2].PUNCH_COMPLETE","(RADIX := Decimal, ExternalAccess := Read/Write)"
ALIAS,,EMPTY_DATA_PUNCH_STARTED,"PUNCH STATION STARTED$NMAIN DIAL PART DATA STREAM$NEMPTY STATION","","MAIN_DIAL_DATA[2].PUNCH_STARTED","(RADIX := Decimal, ExternalAccess := Read/Write)"
ALIAS,,EMPTY_DATA_VISION_COMPLETE,"VISION INSPECTION STATION COMPLETED$NMAIN DIAL PART DATA STREAM$NEMPTY STATION","","MAIN_DIAL_DATA[2].VISION_COMPLETE","(RADIX := Decimal, ExternalAccess := Read/Write)"
ALIAS,,EMPTY_DATA_VISION_PASS,"VISION INSPECTION STATION PASSED$NMAIN DIAL PART DATA STREAM$NEMPTY STATION","","MAIN_DIAL_DATA[2].VISION_PASS","(RADIX := Decimal, ExternalAccess := Read/Write)"
TAG,,ENC31_ETHERNET_COMMS_OK,"COMMS OK$NENCODER SIMULATE$NINKJET PRINTER STATION","BOOL","","(RADIX := Decimal, Constant := false, ExternalAccess := Read/Write)"
TAG,,ENC31_OUTPUT,"ENCODER ENC31 OUTPUT MODULE AOI$NINKJET PRINTING STATION","Dvc_2198ABQE_1CH","","(Constant := false, ExternalAccess := Read/Write)"
TAG,,ENET31_ETHERNET_COMMS_OK,"GATEWAY$NETHERNET CONNECTION $NINKJET PRINTING STATION","BOOL","","(RADIX := Decimal, Constant := false, ExternalAccess := Read/Write)"
TAG,,FORMING_ACTIVE_RECIPE,"ACTIVE FROM RECIPE BARRIER FORMING$NSTATION","BOOL","","(RADIX := Decimal, Constant := false, ExternalAccess := Read/Write)"
TAG,,FORMING_ACTIVE_RECIPE_LOADED,"ACTIVE FROM RECIPE$NAFTER DOWNLOAD$NBARRIER FORMING$NSTATION","BOOL","","(RADIX := Decimal, Constant := false, ExternalAccess := Read/Write)"
TAG,,FORMING_ADJ_PRESSURE,"HMI OFFSET$NPRESSURE (PSI) ADJUSTMENT$NBARRIER FORMING STATION","REAL","","(RADIX := Float, Constant := false, ExternalAccess := Read/Write)"
TAG,,FORMING_BARRIER_RELEASE_BLOW_PB,"BARRIER RELEASE FROM FORM TOOLING BLOW PUSH BUTTON$NFORMING STATION","BOOL","","(RADIX := Decimal, Constant := false, ExternalAccess := Read/Write)"
TAG,,FORMING_BARRIER_RELEASE_BLOW_START_TIME,"BARRIER RELEASE FROM FORM TOOLING BLOW START TIME $NFORMING STATION","INT","","(RADIX := Decimal, Constant := false, ExternalAccess := Read/Write)"
TAG,,FORMING_BARRIER_RELEASE_BLOW_TIME,"BARRIER RELEASE FROM FORM TOOLING BLOW TIME FROM HMI $NFORMING STATION","INT","","(RADIX := Decimal, Constant := false, ExternalAccess := Read/Write)"
TAG,,FORMING_BLOW_PB,"HMI PUSH BUTTON$NBLOW ON$NBARRIER FORMING STATION","BOOL","","(RADIX := Decimal, Constant := false, ExternalAccess := Read/Write)"
TAG,,FORMING_BLOW_TIME_RECIPE,"BLOW TIME$NFROM RECIPE$NBARRIER FORMING STATION","INT","","(RADIX := Decimal, Constant := false, ExternalAccess := Read/Write)"
TAG,,FORMING_BYPASS_ANIMATION,"ANIMIATION FOR HMI$NBYPASS STATUS$NBARRIER FORMING STATION","BOOL","","(RADIX := Decimal, Constant := false, ExternalAccess := Read/Write)"
TAG,,FORMING_CTR_INC_CYCLE,"HMI ANIMATION$NFAILED INCOMPLETE CYCLE$NBARRIER PUNCH STATION$N0=GREEN$N1=YELLOW$N2=RED","INT","","(RADIX := Decimal, Constant := false, ExternalAccess := Read/Write)"
TAG,,FORMING_CTR_PRESSURE,"HMI ANIMATION$NFAILED PRESSURE FAILURE$NBARRIER FORMING STATION$N0=GREEN$N1=YELLOW$N2=RED","INT","","(RADIX := Decimal, Constant := false, ExternalAccess := Read/Write)"
TAG,,FORMING_CYCLE_PB,"HMI PUSH BUTTON$NRUN CYCLE$NBARRIER FORMING STATION","BOOL","","(RADIX := Decimal, Constant := false, ExternalAccess := Read/Write)"
TAG,,FORMING_CYL_EXT_PB,"HMI PUSH BUTTON$NEXTEND FORMING CYLINDER$NBARRIER FORMING STATION","BOOL","","(RADIX := Decimal, Constant := false, ExternalAccess := Read/Write)"
TAG,,FORMING_CYL_EXT_PB_VIS,"HMI PUSH BUTTON$NVISIBILITY$NEXTEND FORMING CYLINDER$NBARRIER FORMING STATION","BOOL","","(RADIX := Decimal, Constant := false, ExternalAccess := Read/Write)"
TAG,,FORMING_CYL_STOP_POS,"CYLINDER STOP POSITION$NDATA$NBARRIER FORMING STATION","REAL","","(RADIX := Float, Constant := false, ExternalAccess := Read/Write)"
TAG,,FORMING_CYL_STOP_POS_LOWER,"CYLINDER$NSTOP POSITION$NDATA (MM)$NLOWER LIMIT$NBARRIER FORMING STATION","REAL","","(RADIX := Float, Constant := false, ExternalAccess := Read/Write)"
TAG,,FORMING_CYL_STOP_POS_MM,"CYLINDER STOP POSITION$NDATA (MM)$NBARRIER FORMING STATION","REAL","","(RADIX := Float, Constant := false, ExternalAccess := Read/Write)"
TAG,,FORMING_CYL_STOP_POS_OK,"CYLINDER$NSTOP POSITION OK$NBARRIER FORMING STATION","BOOL","","(RADIX := Decimal, Constant := false, ExternalAccess := Read/Write)"
TAG,,FORMING_CYL_STOP_POS_RECIPE,"CYLINDER STOP POSITION$NFROM RECIPE$NBARRIER FORMING STATION","REAL","","(RADIX := Float, Constant := false, ExternalAccess := Read/Write)"
TAG,,FORMING_CYL_STOP_POS_UPPER,"CYLINDER$NSTOP POSITION$NDATA (MM)$NUPPER LIMIT$NBARRIER FORMING STATION","REAL","","(RADIX := Float, Constant := false, ExternalAccess := Read/Write)"
ALIAS,,FORMING_DATA_BAG_LOADED,"BAG LOADED$NMAIN DIAL PART DATA STREAM$NFORMING STATION","","MAIN_DIAL_DATA[6].BAG_LOADED","(RADIX := Decimal, ExternalAccess := Read/Write)"
ALIAS,,FORMING_DATA_BAG_REJECT,"BAG REJECTED$NMAIN DIAL PART DATA STREAM$NFORMING STATION","","MAIN_DIAL_DATA[6].BAG_REJECT","(RADIX := Decimal, ExternalAccess := Read/Write)"
ALIAS,,FORMING_DATA_BAR_LOADED,"BARRIER LOADED$NMAIN DIAL PART DATA STREAM$NFORMING STATION","","MAIN_DIAL_DATA[6].BARRIER_LOADED","(RADIX := Decimal, ExternalAccess := Read/Write)"
ALIAS,,FORMING_DATA_BAR_REJECT,"BARRIER REJECTED$NMAIN DIAL PART DATA STREAM$NFORMING STATION","","MAIN_DIAL_DATA[6].BARRIER_REJECT","(RADIX := Decimal, ExternalAccess := Read/Write)"
ALIAS,,FORMING_DATA_CLEAR_PB,"HMI PUSH BUTTON$NCLEAR DATA REQUEST$NBARRIER FORMING STATION","","MAIN_DIAL_DATA_CLEAR_REQ_ARRAY.6","(RADIX := Decimal, ExternalAccess := Read/Write)"
ALIAS,,FORMING_DATA_EMPTY_LAST_BAG,"LAST BAG REQUEST FOR CELL EMPTY$NMAIN DIAL PART DATA STREAM$NFORMING STATION","","MAIN_DIAL_DATA[6].CELL_EMPTY_LAST_BAG","(RADIX := Decimal, ExternalAccess := Read/Write)"
ALIAS,,FORMING_DATA_FORMING_COMPLETE,"FORMING STATION COMPLETE$NMAIN DIAL PART DATA STREAM$NFORMING STATION","","MAIN_DIAL_DATA[6].FORMING_COMPLETE","(RADIX := Decimal, ExternalAccess := Read/Write)"
ALIAS,,FORMING_DATA_FORMING_PRESS_OK,"FORMING STATION PRESSURE OK$NMAIN DIAL PART DATA STREAM$NFORMING STATION","","MAIN_DIAL_DATA[6].FORMING_PRESSURE_OK","(RADIX := Decimal, ExternalAccess := Read/Write)"
ALIAS,,FORMING_DATA_FORMING_STARTED,"FORMING STATION STARTED$NMAIN DIAL PART DATA STREAM$NFORMING STATION","","MAIN_DIAL_DATA[6].FORMING_STARTED","(RADIX := Decimal, ExternalAccess := Read/Write)"
ALIAS,,FORMING_DATA_GLUE_COMPLETE,"BAG GLUE STATION COMPLETED$NMAIN DIAL PART DATA STREAM$NFORMING STATION","","MAIN_DIAL_DATA[6].BAG_GLUE_COMPLETE","(RADIX := Decimal, ExternalAccess := Read/Write)"
ALIAS,,FORMING_DATA_GLUE_OPEN_REJECT,"BAG GLUE STATION OPEN TIME REJECT$NMAIN DIAL PART DATA STREAM$NFORMING STATION","","MAIN_DIAL_DATA[6].BAG_GLUE_OPEN_TIME_REJECT","(RADIX := Decimal, ExternalAccess := Read/Write)"
ALIAS,,FORMING_DATA_GLUE_PRESS_OK,"BAG GLUE STATION PRESSURE OK$NMAIN DIAL PART DATA STREAM$NFORMING STATION","","MAIN_DIAL_DATA[6].BAG_GLUE_PRESSURE_OK","(RADIX := Decimal, ExternalAccess := Read/Write)"
ALIAS,,FORMING_DATA_GLUE_STARTED,"BAG GLUE STATION STARTED$NMAIN DIAL PART DATA STREAM$NFORMING STATION","","MAIN_DIAL_DATA[6].BAG_GLUE_STARTED","(RADIX := Decimal, ExternalAccess := Read/Write)"
ALIAS,,FORMING_DATA_INKJET_COMPLETE,"INKJET STATION COMPLETED$NMAIN DIAL PART DATA STREAM$NFORMING STATION","","MAIN_DIAL_DATA[6].INKJET_COMPLETE","(RADIX := Decimal, ExternalAccess := Read/Write)"
ALIAS,,FORMING_DATA_INKJET_STARTED,"INKJET STATION STARTED$NMAIN DIAL PART DATA STREAM$NFORMING STATION","","MAIN_DIAL_DATA[6].INKJET_STARTED","(RADIX := Decimal, ExternalAccess := Read/Write)"
ALIAS,,FORMING_DATA_PNC_COMPLETE,"PRESS-N-CURE STATION COMPLETED$NMAIN DIAL PART DATA STREAM$NFORMING STATION","","MAIN_DIAL_DATA[6].BAG_CURE_COMPLETE","(RADIX := Decimal, ExternalAccess := Read/Write)"
ALIAS,,FORMING_DATA_PNC_PRESS_OK,"PRESS-N-CURE STATION PRESSURE OK$NMAIN DIAL PART DATA STREAM$NFORMING STATION","","MAIN_DIAL_DATA[6].BAG_CURE_PRESSURE_OK","(RADIX := Decimal, ExternalAccess := Read/Write)"
ALIAS,,FORMING_DATA_PNC_STARTED,"PRESS-N-CURE STATION STARTED$NMAIN DIAL PART DATA STREAM$NFORMING STATION","","MAIN_DIAL_DATA[6].BAG_CURE_STARTED","(RADIX := Decimal, ExternalAccess := Read/Write)"
ALIAS,,FORMING_DATA_POS_BAG_REJECT,"POSITION BAG WAS REJECTED$NMAIN DIAL PART DATA STREAM$NFORMING STATION","","MAIN_DIAL_DATA[6].STATION_POS_REJECT_BAG","(RADIX := Decimal, ExternalAccess := Read/Write)"
ALIAS,,FORMING_DATA_POS_BAR_REJECT,"POSITION BARRIER WAS REJECTED$NMAIN DIAL PART DATA STREAM$NFORMING STATION","","MAIN_DIAL_DATA[6].STATION_POS_REJECT_BARRIER","(RADIX := Decimal, ExternalAccess := Read/Write)"
ALIAS,,FORMING_DATA_PREHEAT1_COMPLETE,"PREHEAT STATION 1 COMPLETE$NMAIN DIAL PART DATA STREAM$NFORMING STATION","","MAIN_DIAL_DATA[6].PREHEAT1_COMPLETE","(RADIX := Decimal, ExternalAccess := Read/Write)"
ALIAS,,FORMING_DATA_PREHEAT1_LOW_TEMP_OK,"PREHEAT STATION 1 LOWER TEMP OK$NMAIN DIAL PART DATA STREAM$NFORMING STATION","","MAIN_DIAL_DATA[6].PREHEAT1_LOW_TEMP_OK","(RADIX := Decimal, ExternalAccess := Read/Write)"
ALIAS,,FORMING_DATA_PREHEAT1_STARTED,"PREHEAT STATION 1 STARTED$NMAIN DIAL PART DATA STREAM$NBARRIER FORMING STATION","","MAIN_DIAL_DATA[6].PREHEAT1_STARTED","(RADIX := Decimal, ExternalAccess := Read/Write)"
ALIAS,,FORMING_DATA_PREHEAT1_UP_TEMP_OK,"PREHEAT STATION 1 UPPER TEMP OK$NMAIN DIAL PART DATA STREAM$NFORMING STATION","","MAIN_DIAL_DATA[6].PREHEAT1_UP_TEMP_OK","(RADIX := Decimal, ExternalAccess := Read/Write)"
ALIAS,,FORMING_DATA_PREHEAT2_COMPLETE,"PREHEAT STATION 2 COMPLETE$NMAIN DIAL PART DATA STREAM$NFORMING STATION","","MAIN_DIAL_DATA[6].PREHEAT2_COMPLETE","(RADIX := Decimal, ExternalAccess := Read/Write)"
ALIAS,,FORMING_DATA_PREHEAT2_LOW_TEMP_OK,"PREHEAT STATION 2 LOWER TEMP OK$NMAIN DIAL PART DATA STREAM$NFORMING STATION","","MAIN_DIAL_DATA[6].PREHEAT2_LOW_TEMP_OK","(RADIX := Decimal, ExternalAccess := Read/Write)"
ALIAS,,FORMING_DATA_PREHEAT2_STARTED,"PREHEAT STATION 2 STARTED$NMAIN DIAL PART DATA STREAM$NBARRIER FORMING STATION","","MAIN_DIAL_DATA[6].PREHEAT2_STARTED","(RADIX := Decimal, ExternalAccess := Read/Write)"
ALIAS,,FORMING_DATA_PREHEAT2_UP_TEMP_OK,"PREHEAT STATION 2 UPPER TEMP OK$NMAIN DIAL PART DATA STREAM$NFORMING STATION","","MAIN_DIAL_DATA[6].PREHEAT2_UP_TEMP_OK","(RADIX := Decimal, ExternalAccess := Read/Write)"
ALIAS,,FORMING_DATA_PRINT_COMPLETE,"PRINTING STATION COMPLETED$NMAIN DIAL PART DATA STREAM$NFORMING STATION","","MAIN_DIAL_DATA[6].PRINT_COMPLETE","(RADIX := Decimal, ExternalAccess := Read/Write)"
ALIAS,,FORMING_DATA_PRINT_STARTED,"PRINTING STATION STARTED$NMAIN DIAL PART DATA STREAM$NFORMING STATION","","MAIN_DIAL_DATA[6].PRINT_STARTED","(RADIX := Decimal, ExternalAccess := Read/Write)"
ALIAS,,FORMING_DATA_PUNCH_COMPLETE,"PUNCH STATION COMPLETED$NMAIN DIAL PART DATA STREAM$NFORMING STATION","","MAIN_DIAL_DATA[6].PUNCH_COMPLETE","(RADIX := Decimal, ExternalAccess := Read/Write)"
ALIAS,,FORMING_DATA_PUNCH_STARTED,"PUNCH STATION STARTED$NMAIN DIAL PART DATA STREAM$NFORMING STATION","","MAIN_DIAL_DATA[6].PUNCH_STARTED","(RADIX := Decimal, ExternalAccess := Read/Write)"
ALIAS,,FORMING_DATA_VISION_COMPLETE,"VISION INSPECTION STATION COMPLETED$NMAIN DIAL PART DATA STREAM$NFORMING STATION","","MAIN_DIAL_DATA[6].VISION_COMPLETE","(RADIX := Decimal, ExternalAccess := Read/Write)"
ALIAS,,FORMING_DATA_VISION_PASS,"VISION INSPECTION STATION PASSED$NMAIN DIAL PART DATA STREAM$NFORMING STATION","","MAIN_DIAL_DATA[6].VISION_PASS","(RADIX := Decimal, ExternalAccess := Read/Write)"
TAG,,FORMING_INC_CYCLE_REJECT_CNT,"FAILURE COUNT FOR INCOMPLETE CYCLE$NBARRIER FORMING STATION","COUNTER","","(Constant := false, ExternalAccess := Read/Write)"
TAG,,FORMING_INC_CYCLE_REJECT_MULT_CNT,"FAILURE COUNT $NMULTIPLE TIMES FOR INCOMPLETE CYCLE$NBARRIER PUNCH STATION","COUNTER","","(Constant := false, ExternalAccess := Read/Write)"
TAG,,FORMING_INDEX_DIAL_REQ,"INDEX REQUEST$NFROM BARRIER $NFORMING STATION$N TO MAIN DIAL","BOOL","","(RADIX := Decimal, Constant := false, ExternalAccess := Read/Write)"
ALIAS,,FORMING_LOW_CYL_RET,"LOWER FORMING CYLINDER RETRACTED SENSOR$NBARRIER FORMING STATION","","MAN01:I.Data[2].5","(RADIX := Decimal, ExternalAccess := Read/Write)"
TAG,,FORMING_PREHEAT2_PROCESS_FAILED,"PROCESS FAILED DUE TO MACHINE STOP WITH HEATED BARRIER$NBARRIER FORMING STATION","BOOL","","(RADIX := Decimal, Constant := false, ExternalAccess := Read/Write)"
TAG,,FORMING_PRESSURE_MAX,"MAX ALLOWABLE PRESSURE (PSI)$NBARRIER FORMING STATION$NHMI DISPLAY","REAL","","(RADIX := Float, Constant := false, ExternalAccess := Read/Write)"
TAG,,FORMING_PRESSURE_MIN,"MIN ALLOWABLE PRESSURE (PSI)$NBARRIER FORMING STATION$NHMI DISPLAY","REAL","","(RADIX := Float, Constant := false, ExternalAccess := Read/Write)"
TAG,,FORMING_PRESSURE_OK,"PRESSURE WITHIN TOLERANCE$NBARRIER FORMING STATION","BOOL","","(RADIX := Decimal, Constant := false, ExternalAccess := Read/Write)"
TAG,,FORMING_PRESSURE_RECIPE_SP,"RECIPE$NPRESSURE (PSI) BARRIER FORMING STATION","REAL","","(RADIX := Float, Constant := false, ExternalAccess := Read/Write)"
TAG,,FORMING_PRESSURE_REJECT_CNT,"FAILURE COUNT FOR PRESSURE FAILURE$NBARRIER FORMING STATION","COUNTER","","(Constant := false, ExternalAccess := Read/Write)"
TAG,,FORMING_PRESSURE_SP_AUTO_DISPLAY,"PRESSURE (PSI)$NSET POINT$NDURING AUTO$NBARRIER FORMING STATION$NHMI DISPLAY","REAL","","(RADIX := Float, Constant := false, ExternalAccess := Read/Write)"
TAG,,FORMING_PRESSURE_SP_MAN_DISPLAY,"PRESSURE (PSI)$NSET POINT$NDURING MANUAL$NBARRIER FORMING STATION$NHMI DISPLAY","REAL","","(RADIX := Float, Constant := false, ExternalAccess := Read/Write)"
TAG,,FORMING_PREV_INC_CYCLE_REJECT_CNT,"PREVIOUS FAILURE COUNT FOR INCOMPLETE CYCLE$NBARRIER FORMING STATION","INT","","(RADIX := Decimal, Constant := false, ExternalAccess := Read/Write)"
TAG,,FORMING_PROCESS_DONE,"CYCLE DONE$NFROM BARRIER FORMING STATION TO MAIN DIAL","BOOL","","(RADIX := Decimal, Constant := false, ExternalAccess := Read/Write)"
TAG,,FORMING_PROCESS_FAILED,"PROCESS FAILED DUE TO MACHINE STOP$NBARRIER FORMING STATION","BOOL","","(RADIX := Decimal, Constant := false, ExternalAccess := Read/Write)"
TAG,,FORMING_SCREEN_PB,"HMI PUSH BUTTON$NGOTO BARRIER FORMING STATION SCREEN","BOOL","","(RADIX := Decimal, Constant := false, ExternalAccess := Read/Write)"
ALIAS,,FORMING_TOOL_LATCH_PIN_DET_LH,"TOOL LATCH PIN DETECTED, LH$NBARRIER FORMING STATION","","MAN01:I.Data[2].12","(RADIX := Decimal, ExternalAccess := Read/Write)"
ALIAS,,FORMING_TOOL_LATCH_PIN_DET_RH,"TOOL LATCH PIN DETECTED, RH$NBARRIER FORMING STATION","","MAN01:I.Data[2].13","(RADIX := Decimal, ExternalAccess := Read/Write)"
ALIAS,,FORMING_UP_CYL_EXT,"UPPER FORMING CYLINDER EXTENDED SENSOR$NBARRIER FORMING STATION","","MAN01:I.Data[3].10","(RADIX := Decimal, ExternalAccess := Read/Write)"
ALIAS,,FORMING_UP_CYL_RET,"UPPER FORMING CYLINDER RETRACTED SENSOR$NBARRIER FORMING STATION","","MAN01:I.Data[3].11","(RADIX := Decimal, ExternalAccess := Read/Write)"
TAG,,FORM_PRES_SCALE_PAR,"PNEUMATIC SCALING PARAMTERS$NBARRIER FORMING STATION","PRES_SCALE_PARAM","","(Constant := false, ExternalAccess := Read/Write)"
TAG,,GLUE_ACTIVE_RECIPE,"ACTIVE FROM RECIPE$NBAG GLUE STATION","BOOL","","(RADIX := Decimal, Constant := false, ExternalAccess := Read/Write)"
TAG,,GLUE_ACTIVE_RECIPE_LOADED,"ACTIVE FROM RECIPE$NAFTER DOWNLOAD$NBAG GLUE STATION","BOOL","","(RADIX := Decimal, Constant := false, ExternalAccess := Read/Write)"
TAG,,GLUE_AT_PART_CHK_POS,"AXIS ARE AT$NBAG PRESENCE CHECK POSITION$NBAG GLUE STATION","BOOL","","(RADIX := Decimal, Constant := false, ExternalAccess := Read/Write)"
TAG,,GLUE_AT_PART_POS,"AXIS ARE AT$NBAG GLUE POSITION$NBAG GLUE STATION","BOOL","","(RADIX := Decimal, Constant := false, ExternalAccess := Read/Write)"
TAG,,GLUE_AT_PART_POS2,"AXIS ARE AT$NSECONDARY BAG GLUE POSITION$NBAG GLUE STATION","BOOL","","(RADIX := Decimal, Constant := false, ExternalAccess := Read/Write)"
TAG,,GLUE_AT_SAMPLE_POS,"AXIS ARE AT$NBAG PRESENCE CHECK POSITION$NBAG GLUE STATION","BOOL","","(RADIX := Decimal, Constant := false, ExternalAccess := Read/Write)"
TAG,,GLUE_AUTO_EXT_PURGE_REQ,"EXTENDED GLUE PURGE REQUEST$NAT BEGINNING OF AUTO CYCLE$NBAG GLUE STATION","BOOL","","(RADIX := Decimal, Constant := false, ExternalAccess := Read/Write)"
TAG,,GLUE_AUTO_PURGE_REQ,"SHORT GLUE PURGE REQUEST$NAT BEGINNING OF AUTO CYCLE$NBAG GLUE STATION","BOOL","","(RADIX := Decimal, Constant := false, ExternalAccess := Read/Write)"
ALIAS,,GLUE_BAG_PRESENT,"BAG PRESENT SENSOR$NBAG GLUE STATION","","MAN01:I.Data[2].8","(RADIX := Decimal, ExternalAccess := Read/Write)"
TAG,,GLUE_BYPASS_ANIMATION,"ANIMIATION FOR HMI$NBYPASS STATUS$NBAG GLUE STATION","BOOL","","(RADIX := Decimal, Constant := false, ExternalAccess := Read/Write)"
TAG,,GLUE_CLEAR_TO_INDEX,"CLEAR TO INDEX$NBAG GLUE$NSTATION","BOOL","","(RADIX := Decimal, Constant := false, ExternalAccess := Read/Write)"
TAG,,GLUE_CTR_INC_CYCLE,"HMI ANIMATION$NFAILED INCOMPLETE CYCLE$NBAG GLUE STATION$N0=GREEN$N1=YELLOW$N2=RED","INT","","(RADIX := Decimal, Constant := false, ExternalAccess := Read/Write)"
TAG,,GLUE_CTR_OPEN_TIME,"HMI ANIMATION$NFAILED EXCEEDING OPEN TIME$NBAG GLUE STATION$N0=GREEN$N1=YELLOW$N2=RED","INT","","(RADIX := Decimal, Constant := false, ExternalAccess := Read/Write)"
ALIAS,,GLUE_DATA_BAG_LOADED,"BAG LOADED$NMAIN DIAL PART DATA STREAM$NBAG GLUE STATION","","MAIN_DIAL_DATA[9].BAG_LOADED","(RADIX := Decimal, ExternalAccess := Read/Write)"
ALIAS,,GLUE_DATA_BAG_REJECT,"BAG REJECTED$NMAIN DIAL PART DATA STREAM$NBAG GLUE STATION","","MAIN_DIAL_DATA[9].BAG_REJECT","(RADIX := Decimal, ExternalAccess := Read/Write)"
ALIAS,,GLUE_DATA_BAR_LOADED,"BARRIER LOADED$NMAIN DIAL PART DATA STREAM$NBAG GLUE STATION","","MAIN_DIAL_DATA[9].BARRIER_LOADED","(RADIX := Decimal, ExternalAccess := Read/Write)"
ALIAS,,GLUE_DATA_BAR_REJECT,"BARRIER REJECTED$NMAIN DIAL PART DATA STREAM$NBAG GLUE STATION","","MAIN_DIAL_DATA[9].BARRIER_REJECT","(RADIX := Decimal, ExternalAccess := Read/Write)"
ALIAS,,GLUE_DATA_CLEAR_PB,"HMI PUSH BUTTON$NCLEAR DATA REQUEST$NBAG GLUE STATION","","MAIN_DIAL_DATA_CLEAR_REQ_ARRAY.9","(RADIX := Decimal, ExternalAccess := Read/Write)"
ALIAS,,GLUE_DATA_EMPTY_LAST_BAG,"LAST BAG REQUEST FOR CELL EMPTY$NMAIN DIAL PART DATA STREAM$NBAG GLUE STATION","","MAIN_DIAL_DATA[9].CELL_EMPTY_LAST_BAG","(RADIX := Decimal, ExternalAccess := Read/Write)"
ALIAS,,GLUE_DATA_FORMING_COMPLETE,"FORMING STATION COMPLETE$NMAIN DIAL PART DATA STREAM$NBAG GLUE STATION","","MAIN_DIAL_DATA[9].FORMING_COMPLETE","(RADIX := Decimal, ExternalAccess := Read/Write)"
ALIAS,,GLUE_DATA_FORMING_PRESS_OK,"FORMING STATION PRESSURE OK$NMAIN DIAL PART DATA STREAM$NBAG GLUE STATION","","MAIN_DIAL_DATA[9].FORMING_PRESSURE_OK","(RADIX := Decimal, ExternalAccess := Read/Write)"
ALIAS,,GLUE_DATA_FORMING_STARTED,"FORMING STATION STARTED$NMAIN DIAL PART DATA STREAM$NBAG GLUE STATION","","MAIN_DIAL_DATA[9].FORMING_STARTED","(RADIX := Decimal, ExternalAccess := Read/Write)"
ALIAS,,GLUE_DATA_GLUE_COMPLETE,"BAG GLUE STATION COMPLETED$NMAIN DIAL PART DATA STREAM$NBAG GLUE STATION","","MAIN_DIAL_DATA[9].BAG_GLUE_COMPLETE","(RADIX := Decimal, ExternalAccess := Read/Write)"
ALIAS,,GLUE_DATA_GLUE_OPEN_REJECT,"BAG GLUE STATION OPEN TIME REJECT$NMAIN DIAL PART DATA STREAM$NBAG GLUE STATION","","MAIN_DIAL_DATA[9].BAG_GLUE_OPEN_TIME_REJECT","(RADIX := Decimal, ExternalAccess := Read/Write)"
ALIAS,,GLUE_DATA_GLUE_PRESS_OK,"BAG GLUE STATION PRESSURE OK$NMAIN DIAL PART DATA STREAM$NBAG GLUE STATION","","MAIN_DIAL_DATA[9].BAG_GLUE_PRESSURE_OK","(RADIX := Decimal, ExternalAccess := Read/Write)"
ALIAS,,GLUE_DATA_GLUE_STARTED,"BAG GLUE STATION STARTED$NMAIN DIAL PART DATA STREAM$NBAG GLUE STATION","","MAIN_DIAL_DATA[9].BAG_GLUE_STARTED","(RADIX := Decimal, ExternalAccess := Read/Write)"
ALIAS,,GLUE_DATA_INKJET_COMPLETE,"INKJET STATION COMPLETED MAIN DIAL PART DATA STREAM BAG GLUE STATION","","MAIN_DIAL_DATA[9].INKJET_COMPLETE","(RADIX := Decimal, ExternalAccess := Read/Write)"
ALIAS,,GLUE_DATA_INKJET_STARTED,"INKJET STATION STARTED$NMAIN DIAL PART DATA STREAM$NBAG GLUE STATION","","MAIN_DIAL_DATA[9].INKJET_STARTED","(RADIX := Decimal, ExternalAccess := Read/Write)"
ALIAS,,GLUE_DATA_PNC_COMPLETE,"PRESS-N-CURE STATION COMPLETED$NMAIN DIAL PART DATA STREAM$NBAG GLUE STATION","","MAIN_DIAL_DATA[9].BAG_CURE_COMPLETE","(RADIX := Decimal, ExternalAccess := Read/Write)"
ALIAS,,GLUE_DATA_PNC_PRESS_OK,"PRESS-N-CURE STATION PRESSURE OK$NMAIN DIAL PART DATA STREAM$NBAG GLUE STATION","","MAIN_DIAL_DATA[9].BAG_CURE_PRESSURE_OK","(RADIX := Decimal, ExternalAccess := Read/Write)"
ALIAS,,GLUE_DATA_PNC_STARTED,"PRESS-N-CURE STATION STARTED$NMAIN DIAL PART DATA STREAM$NBAG GLUE STATION","","MAIN_DIAL_DATA[9].BAG_CURE_STARTED","(RADIX := Decimal, ExternalAccess := Read/Write)"
ALIAS,,GLUE_DATA_POS_BAG_REJECT,"POSITION BAG WAS REJECTED$NMAIN DIAL PART DATA STREAM$NBAG GLUE STATION","","MAIN_DIAL_DATA[9].STATION_POS_REJECT_BAG","(RADIX := Decimal, ExternalAccess := Read/Write)"
ALIAS,,GLUE_DATA_POS_BAR_REJECT,"POSITION BARRIER WAS REJECTED$NMAIN DIAL PART DATA STREAM$NBAG GLUE STATION","","MAIN_DIAL_DATA[9].STATION_POS_REJECT_BARRIER","(RADIX := Decimal, ExternalAccess := Read/Write)"
ALIAS,,GLUE_DATA_PREHEAT1_COMPLETE,"PREHEAT STATION 1 COMPLETE$NMAIN DIAL PART DATA STREAM$NBAG GLUE STATION","","MAIN_DIAL_DATA[9].PREHEAT1_COMPLETE","(RADIX := Decimal, ExternalAccess := Read/Write)"
ALIAS,,GLUE_DATA_PREHEAT1_LOW_TEMP_OK,"PREHEAT STATION 1 LOWER TEMP OK$NMAIN DIAL PART DATA STREAM$NBAG GLUE STATION","","MAIN_DIAL_DATA[9].PREHEAT1_LOW_TEMP_OK","(RADIX := Decimal, ExternalAccess := Read/Write)"
ALIAS,,GLUE_DATA_PREHEAT1_STARTED,"PREHEAT STATION 1 STARTED$NMAIN DIAL PART DATA STREAM$NBAG GLUE$NSTATION","","MAIN_DIAL_DATA[9].PREHEAT1_STARTED","(RADIX := Decimal, ExternalAccess := Read/Write)"
ALIAS,,GLUE_DATA_PREHEAT1_UP_TEMP_OK,"PREHEAT STATION 1 UPPER TEMP OK$NMAIN DIAL PART DATA STREAM$NBAG GLUE STATION","","MAIN_DIAL_DATA[9].PREHEAT1_UP_TEMP_OK","(RADIX := Decimal, ExternalAccess := Read/Write)"
ALIAS,,GLUE_DATA_PREHEAT2_COMPLETE,"PREHEAT STATION 2 COMPLETE$NMAIN DIAL PART DATA STREAM$NBAG GLUE STATION","","MAIN_DIAL_DATA[9].PREHEAT2_COMPLETE","(RADIX := Decimal, ExternalAccess := Read/Write)"
ALIAS,,GLUE_DATA_PREHEAT2_LOW_TEMP_OK,"PREHEAT STATION 2 LOWER TEMP OK$NMAIN DIAL PART DATA STREAM$NBAG GLUE STATION","","MAIN_DIAL_DATA[9].PREHEAT2_LOW_TEMP_OK","(RADIX := Decimal, ExternalAccess := Read/Write)"
ALIAS,,GLUE_DATA_PREHEAT2_STARTED,"PREHEAT STATION 2 STARTED$NMAIN DIAL PART DATA STREAM$NBAG GLUE$NSTATION","","MAIN_DIAL_DATA[9].PREHEAT2_STARTED","(RADIX := Decimal, ExternalAccess := Read/Write)"
ALIAS,,GLUE_DATA_PREHEAT2_UP_TEMP_OK,"PREHEAT STATION 2 UPPER TEMP OK$NMAIN DIAL PART DATA STREAM$NBAG GLUE STATION","","MAIN_DIAL_DATA[9].PREHEAT2_UP_TEMP_OK","(RADIX := Decimal, ExternalAccess := Read/Write)"
ALIAS,,GLUE_DATA_PRINT_COMPLETE,"PRINTING STATION COMPLETED$NMAIN DIAL PART DATA STREAM$NBAG GLUE STATION","","MAIN_DIAL_DATA[9].PRINT_COMPLETE","(RADIX := Decimal, ExternalAccess := Read/Write)"
ALIAS,,GLUE_DATA_PRINT_STARTED,"PRINTING STATION STARTED$NMAIN DIAL PART DATA STREAM$NBAG GLUE STATION","","MAIN_DIAL_DATA[9].PRINT_STARTED","(RADIX := Decimal, ExternalAccess := Read/Write)"
ALIAS,,GLUE_DATA_PUNCH_COMPLETE,"PUNCH STATION COMPLETED$NMAIN DIAL PART DATA STREAM$NBAG GLUE STATION","","MAIN_DIAL_DATA[9].PUNCH_COMPLETE","(RADIX := Decimal, ExternalAccess := Read/Write)"
ALIAS,,GLUE_DATA_PUNCH_STARTED,"PUNCH STATION STARTED$NMAIN DIAL PART DATA STREAM$NBAG GLUE STATION","","MAIN_DIAL_DATA[9].PUNCH_STARTED","(RADIX := Decimal, ExternalAccess := Read/Write)"
ALIAS,,GLUE_DATA_VISION_COMPLETE,"VISION INSPECTION STATION COMPLETED$NMAIN DIAL PART DATA STREAM$NBAG GLUE STATION","","MAIN_DIAL_DATA[9].VISION_COMPLETE","(RADIX := Decimal, ExternalAccess := Read/Write)"
ALIAS,,GLUE_DATA_VISION_PASS,"VISION INSPECTION STATION PASSED$NMAIN DIAL PART DATA STREAM$NBAG GLUE STATION","","MAIN_DIAL_DATA[9].VISION_PASS","(RADIX := Decimal, ExternalAccess := Read/Write)"
TAG,,GLUE_GUN_INACTIVITY_TIME,"GLUE GUN INACTIVITY TIME (MIN)$NBAG GLUE STATION","INT","","(RADIX := Decimal, Constant := false, ExternalAccess := Read/Write)"
TAG,,GLUE_GUN_PURGE_TIME,"GLUE GUN PURGE TIME (SEC)$NBAG GLUE STATION","INT","","(RADIX := Decimal, Constant := false, ExternalAccess := Read/Write)"
TAG,,GLUE_INC_CYCLE_REJECT_CNT,"FAILURE COUNT FOR INCOMPLETE CYCLE$NBAG GLUE STATION","COUNTER","","(Constant := false, ExternalAccess := Read/Write)"
TAG,,GLUE_INDEX_DIAL_REQ,"INDEX REQUEST$NFROM BAG GLUE STATION$N TO MAIN DIAL","BOOL","","(RADIX := Decimal, Constant := false, ExternalAccess := Read/Write)"
TAG,,GLUE_IN_PRESSURE_DISPLAY,"GLUE INPUT SIDE PRESSURE (PSI)$NBAG GLUE STATION$NHMI DISPLAY","REAL","","(RADIX := Float, Constant := false, ExternalAccess := Read/Write)"
TAG,,GLUE_IN_PRESSURE_OK,"GLUE MELTER INPUT SIDE PRESSURE (PSI)$NACCEPTABLE$NBAG GLUE STATION","BOOL","","(RADIX := Decimal, Constant := false, ExternalAccess := Read/Write)"
TAG,,GLUE_IN_PRES_SCALE_PAR,"PNEUMATIC SCALING PARAMTERS$NBAG GLUE STATION","PRES_SCALE_PARAM","","(Constant := false, ExternalAccess := Read/Write)"
TAG,,GLUE_JERK_RATE,"ACCEL/DECEL JERK RATE GLUE X-Y$NBAG GLUE STATION","DINT","","(RADIX := Decimal, Constant := false, ExternalAccess := Read/Write)"
ALIAS,,GLUE_MELT_HEATER_ON,"GLUE MELTER $NHEATERS ON$NBAG GLUE STATION","","A:O.Data[6].17","(RADIX := Decimal, ExternalAccess := Read/Write)"
ALIAS,,GLUE_MELT_HOSE_DISABLE,"GLUE MELTER $NHOSE DISABLED$NBAG GLUE STATION","","A:O.Data[6].19","(RADIX := Decimal, ExternalAccess := Read/Write)"
TAG,,GLUE_MELT_INACTIVE_TIME_PB,"HMI DATA ENTRY$NGLUE MELTER INACTIVITY TIMER$N(MIN)$NBAG GLUE STATION","INT","","(RADIX := Decimal, Constant := false, ExternalAccess := Read/Write)"
ALIAS,,GLUE_MELT_LEVEL_OK,"GLUE MELTER LEVEL OK$NBAG GLUE STATION","","A:I.Data[6].18","(RADIX := Decimal, ExternalAccess := Read/Write)"
TAG,,GLUE_MELT_LEVEL_OK_VIS,"HMI VISIBLILITY$NGLUE MELTER LEVEL OK$NBAG GLUE STATION","BOOL","","(RADIX := Decimal, Constant := false, ExternalAccess := Read/Write)"
ALIAS,,GLUE_MELT_NOT_FAULTED,"GLUE MELTER NOT FAULTED$NBAG GLUE STATION","","A:I.Data[6].17","(RADIX := Decimal, ExternalAccess := Read/Write)"
ALIAS,,GLUE_MELT_PUMP_ENABLE,"GLUE MELTER $NPUMP ENABLED$NBAG GLUE STATION","","A:O.Data[6].18","(RADIX := Decimal, ExternalAccess := Read/Write)"
ALIAS,,GLUE_MELT_READY,"GLUE MELTER READY$NBAG GLUE STATION","","A:I.Data[6].16","(RADIX := Decimal, ExternalAccess := Read/Write)"
TAG,,GLUE_MOTION_X_Y_CIRCLE_CONT,"COORDINATED GLUE PATH MOVE$NCONTROL WORD$NBAG GLUE STATION","MOTION_INSTRUCTION","","(Constant := false, ExternalAccess := Read/Write)"
TAG,,GLUE_ON_PB,"HMI PUSH BUTTON$NGLUE ON $NBAG GLUE STATION","BOOL","","(RADIX := Decimal, Constant := false, ExternalAccess := Read/Write)"
TAG,,GLUE_ON_PB_VIS,"HMI VISIBILITY$NGLUE DISPENSE$NPUSH BUTTON$NBAG GLUE STATION","BOOL","","(RADIX := Decimal, Constant := false, ExternalAccess := Read/Write)"
TAG,,GLUE_OPEN_TIME_REJECT_CNT,"FAILURE COUNT FOR EXCEEDING OPEN TIME$NBAG GLUE STATION","COUNTER","","(Constant := false, ExternalAccess := Read/Write)"
TAG,,GLUE_OUT_CTR_PRESSURE,"HMI ANIMATION$NFAILED PRESSURE FAILURE$NBAG GLUE STATION$N0=GREEN$N1=YELLOW$N2=RED","INT","","(RADIX := Decimal, Constant := false, ExternalAccess := Read/Write)"
TAG,,GLUE_OUT_PRESSURE,"RAW OUTPUT SIDE GLUE PRESSURE$NBAG GLUE STATION","INT","","(RADIX := Decimal, Constant := false, ExternalAccess := Read/Write)"
TAG,,GLUE_OUT_PRESSURE_DISPLAY,"OUTPUT SIDE GLUE PRESSURE (PSI)$NHMI DISPLAY$NBAG GLUE STATION","REAL","","(RADIX := Float, Constant := false, ExternalAccess := Read/Write)"
TAG,,GLUE_OUT_PRESSURE_MAX_ALLOWED,"GLUE OUTPUT SIDE PRESSURE (PSI) $NMAX ALLOWED$NBAG GLUE STATION","REAL","","(RADIX := Float, Constant := false, ExternalAccess := Read/Write)"
TAG,,GLUE_OUT_PRESSURE_MIN_ALLOWED,"GLUE OUTPUT SIDE PRESSURE (PSI) $NMIN ALLOWED$NBAG GLUE STATION","REAL","","(RADIX := Float, Constant := false, ExternalAccess := Read/Write)"
TAG,,GLUE_OUT_PRESSURE_PID,"OUTPUT SIDE GLUE PRESSURE (PSI)$NCONTROL PID$NBAG GLUE STATION","PID","","(Constant := false, ExternalAccess := Read/Write)"
TAG,,GLUE_OUT_PRESSURE_PID_CV,"OUTPUT SIDE GLUE PRESSURE CONTROL VARIABLE$NBAG GLUE STATION","REAL","","(RADIX := Float, Constant := false, ExternalAccess := Read/Write)"
ALIAS,,GLUE_OUT_PRESSURE_PID_PV,"OUTPUT SIDE GLUE PRESSURE PROCESS VARIABLE$NBAG GLUE STATION","","GLUE_OUT_PRESSURE_PID.PV","(RADIX := Float, ExternalAccess := Read/Write)"
ALIAS,,GLUE_OUT_PRESSURE_PID_SP,"OUTPUT SIDE GLUE PRESSURE PID SET POINT$NBAG GLUE STATION","","GLUE_OUT_PRESSURE_PID.SP","(RADIX := Float, ExternalAccess := Read/Write)"
TAG,,GLUE_OUT_PRESSURE_POST_OK,"OUTPUT SIDE GLUE PRESSURE (PSI) AT POST PROCESS IS$NWITHIN TOLERANCE$NBAG GLUE STATION","BOOL","","(RADIX := Decimal, Constant := false, ExternalAccess := Read/Write)"
TAG,,GLUE_OUT_PRESSURE_PRE_OK,"OUTPUT SIDE GLUE PRESSURE (PSI) AT PRE PROCESS IS$NWITHIN TOLERANCE$NBAG GLUE STATION","BOOL","","(RADIX := Decimal, Constant := false, ExternalAccess := Read/Write)"
TAG,,GLUE_OUT_PRESSURE_REAL,"OUTPUT SIDE GLUE PRESSURE (PSI)$NREAL NUMBER TO PID LOOP$NBAG GLUE STATION","REAL","","(RADIX := Float, Constant := false, ExternalAccess := Read/Write)"
TAG,,GLUE_OUT_PRESSURE_RECIPE_SP,"RECIPE OUTPUT SIDE GLUE PRESSURE (PSI)$NBAG GLUE STATION","REAL","","(RADIX := Float, Constant := false, ExternalAccess := Read/Write)"
TAG,,GLUE_OUT_PRESSURE_REJECT_CNT,"FAILURE COUNT FOR PRESSURE FAILURE$NBAG GLUE STATION","COUNTER","","(Constant := false, ExternalAccess := Read/Write)"
TAG,,GLUE_OUT_PRESSURE_SCREEN_PB,"HMI PUSH BUTTON$NGOTO GLUE OUTPUT PRESSURE TRENDING SCREEN","BOOL","","(RADIX := Decimal, Constant := false, ExternalAccess := Read/Write)"
TAG,,GLUE_OUT_PRESSURE_SP_AUTO,"OUTPUT SIDE GLUE PRESSURE (PSI)$NSET POINT GOING TO PID LOOP $NDURING AUTO$NBAG GLUE STATION","REAL","","(RADIX := Float, Constant := false, ExternalAccess := Read/Write)"
TAG,,GLUE_OUT_PRESSURE_SP_AUTO_DISPLAY,"OUTPUT SIDE GLUE PRESSURE (PSI)$NSET POINT$NDURING AUTO$NHMI DISPLAY$NBAG GLUE STATION","REAL","","(RADIX := Float, Constant := false, ExternalAccess := Read/Write)"
TAG,,GLUE_OUT_PRESSURE_SP_MAN,"LOWER TOOL GLUE OUTPUT SIDE PRESSURE (PSI) SET POINT GOING TO PID LOOP $NDURING MANUAL$NBAG GLUE STATION","REAL","","(RADIX := Float, Constant := false, ExternalAccess := Read/Write)"
TAG,,GLUE_OUT_PRESSURE_SP_MAN_DISPLAY,"OUTPUT SIDE GLUE PRESSURE (PSI) SET POINT$NDURING MANUAL$NHMI DISPLAY$NBAG GLUE STATION","REAL","","(RADIX := Float, Constant := false, ExternalAccess := Read/Write)"
TAG,,GLUE_OUT_PRESSURE_SP_TRACE_DISPLAY,"DISPLAYS THE SET POINT FOR MANUAL OR AUTO GLUE OUTPUT SIDE PRESSURE (PSI) TRACING DISPLAY$NBAG GLUE STATION","REAL","","(RADIX := Float, Constant := false, ExternalAccess := Read/Write)"
TAG,,GLUE_PART_CYCLE_PB,"HMI PUSH BUTTON$NRUN GLUE $NPART CYCLE$NBAG GLUE STATION","BOOL","","(RADIX := Decimal, Constant := false, ExternalAccess := Read/Write)"
TAG,,GLUE_PART_CYCLE_PB_VIS,"HMI ANIMATION$NVISIBILITY$NFOR PART GLUE CYCLE BUTTON$NBAG GLUE STATION","BOOL","","(RADIX := Decimal, Constant := false, ExternalAccess := Read/Write)"
TAG,,GLUE_PRESSURE_CAL_MODE,"MANUAL CALIBRATION$NMODE TO ALLOW SCALING OF GLUE VALUES TO REGULATOR$NBAG GLUE STATION$N$N0=RUN MODE$N1=CAL MODE","BOOL","","(RADIX := Decimal, Constant := false, ExternalAccess := Read/Write)"
TAG,,GLUE_PROCESS_DONE,"CYCLE DONE$NFROM BAG GLUE STATION TO MAIN DIAL","BOOL","","(RADIX := Decimal, Constant := false, ExternalAccess := Read/Write)"
TAG,,GLUE_PURGE_TIME,"GLUE PURGE$NTIME$NBAG GLUE STATION","DINT","","(RADIX := Decimal, Constant := false, ExternalAccess := Read/Write)"
TAG,,GLUE_PURGE_TIME_REMAINING,"GLUE PURGE$NTIME REMAINING$NBAG GLUE STATION","DINT","","(RADIX := Decimal, Constant := false, ExternalAccess := Read/Write)"
TAG,,GLUE_SAMPLE_CYCLE_PB,"HMI PUSH BUTTON$NRUN GLUE WEIGHT $NSAMPLE CYCLE$NBAG GLUE STATION","BOOL","","(RADIX := Decimal, Constant := false, ExternalAccess := Read/Write)"
TAG,,GLUE_SAMPLE_CYCLE_PB_VIS,"HMI ANIMATION$NVISIBILITY$NFOR SAMPLE GLUE CYCLE BUTTON$NBAG GLUE STATION","BOOL","","(RADIX := Decimal, Constant := false, ExternalAccess := Read/Write)"
TAG,,GLUE_SCREEN_PB,"HMI PUSH BUTTON$NGOTO BAG GLUE STATION SCREEN","BOOL","","(RADIX := Decimal, Constant := false, ExternalAccess := Read/Write)"
TAG,,GLUE_TEMP_DETECTED,"GLUE TEMPERATURE DETECTED AFTER PROCESSING PART$NBAG GLUE STATION","BOOL","","(RADIX := Decimal, Constant := false, ExternalAccess := Read/Write)"
ALIAS,,GLUE_TEMP_PRESENT,"GLUE PRESENT SENSOR$NBAG GLUE STATION","","MAN01:I.Data[2].9","(RADIX := Decimal, ExternalAccess := Read/Write)"
TAG,,GLUE_X_DRV_ENABLE_PB,"HMI PUSH BUTTON$NENABLE X-AXIS DRIVE$NBAG GLUE STATION","BOOL","","(RADIX := Decimal, Constant := false, ExternalAccess := Read/Write)"
ALIAS,,GLUE_X_DRV_FAULT,"X-AXIS DRIVE FAULTED$NBAG GLUE STATION","","DRV10.PhysicalAxisFault","(RADIX := Decimal, ExternalAccess := Read/Write)"
TAG,,GLUE_X_DRV_FAULT_PB_VIS,"HMI VISIBILITY$NGLUE X DRIVE RESET FAULT PUSH BUTTON$NBAG GLUE STATION","BOOL","","(RADIX := Decimal, Constant := false, ExternalAccess := Read/Write)"
TAG,,GLUE_X_DRV_HOMED,"X AXIS DRIVE IS HOMED$NBAG GLUE STATION","BOOL","","(RADIX := Decimal, Constant := false, ExternalAccess := Read/Write)"
ALIAS,,GLUE_X_DRV_HOMED_STATUS,"X-AXIS DRIVE$NHOMED STATUS$NBAG GLUE STATION","","DRV10.AxisHomedStatus","(RADIX := Decimal, ExternalAccess := Read/Write)"
ALIAS,,GLUE_X_DRV_READY,"X-AXIS DRIVE READY$NBAG GLUE STATION","","DRV10.DriveEnableStatus","(RADIX := Decimal, ExternalAccess := Read/Write)"
TAG,,GLUE_X_DRV_RESET_PB,"HMI PUSH BUTTON$NRESET X-AXIS DRIVE$NBAG GLUE STATION","BOOL","","(RADIX := Decimal, Constant := false, ExternalAccess := Read/Write)"
ALIAS,,GLUE_X_DRV_SAFE_TRQ_OFF,"X AXIS DRIVE SAFE$NTORQUE OFF$NINHIBIT BIT$NBAG GLUE STATION$N$N0=RUN MODE$N1=INACTIVE","","DRV10.SafeTorqueOffInhibit","(RADIX := Decimal, ExternalAccess := Read/Write)"
ALIAS,,GLUE_X_DRV_SHUTDOWN,"X-AXIS IS SHUTDOWN$NBAG GLUE STATION","","DRV10.ShutdownStatus","(RADIX := Decimal, ExternalAccess := Read/Write)"
ALIAS,,GLUE_X_HOME_SENSOR,"X-AXIS DRIVE HOME SENSOR$NBAG GLUE STATION","","DRV10.HomeInputStatus","(RADIX := Decimal, ExternalAccess := Read/Write)"
TAG,,GLUE_X_OFFSET_PB,"HMI PUSHBUTTON$NX-AXIS OFFSET (MM)$NBAG GLUE STATION$N","REAL","","(RADIX := Float, Constant := false, ExternalAccess := Read/Write)"
TAG,,GLUE_X_PART_CENTER_POS_MM_RECIPE,"X-AXIS$NCENTER OF PART POSITION$N(MM)$NBAG GLUE STATION","REAL","","(RADIX := Float, Constant := false, ExternalAccess := Read/Write)"
TAG,,GLUE_X_PART_CENTER_POS_RECIPE,"X-AXIS$NCENTER OF PART POSITION IN RECIPE$NBAG GLUE STATION","REAL","","(RADIX := Float, Constant := false, ExternalAccess := Read/Write)"
TAG,,GLUE_X_PART_CTR_SAMPLE_POS,"X AXIS$NGLUE SAMPLE CENTER POSITION (MM)$NBAG GLUE STATION","REAL","","(RADIX := Float, Constant := false, ExternalAccess := Read/Write)"
TAG,,GLUE_X_Y_ABORT_INDEX_PB,"HMI PUSH BUTTON$NSTOP COORDINATED AXIS DRIVES$NBAG GLUE STATION","BOOL","","(RADIX := Decimal, Constant := false, ExternalAccess := Read/Write)"
TAG,,GLUE_X_Y_CIRCLE_INDEX,"INDEX COORDINATED$NCIRCLE GLUE PATH $NBAG GLUE STATION","BOOL","","(RADIX := Decimal, Constant := false, ExternalAccess := Read/Write)"
TAG,,GLUE_X_Y_DRV_ENABLE_PB_VIS,"HMI VISIBILITY$NGLUE XY ENABLE DRIVE PUSH BUTTONS$NBAG GLUE STATION","BOOL","","(RADIX := Decimal, Constant := false, ExternalAccess := Read/Write)"
TAG,,GLUE_X_Y_DRV_HOME_PB,"HMI PUSH BUTTON$NHOME COORDINATED AXIS DRIVE$NBAG GLUE STATION","BOOL","","(RADIX := Decimal, Constant := false, ExternalAccess := Read/Write)"
TAG,,GLUE_X_Y_DRV_HOME_PB_VIS,"HMI VISIBILITY$NGLUE XY HOME DRIVE PUSH BUTTONS$NBAG GLUE STATION","BOOL","","(RADIX := Decimal, Constant := false, ExternalAccess := Read/Write)"
TAG,,GLUE_X_Y_DRV_HOMING_IND,"HMI INDICATOR$NCOORDINATED AXIS DRIVES ARE HOMING$NBAG GLUE STATION","BOOL","","(RADIX := Decimal, Constant := false, ExternalAccess := Read/Write)"
TAG,,GLUE_X_Y_DRV_PB_VIS,"HMI VISIBILITY$NGLUE XY DRIVE PUSH BUTTONS$NBAG GLUE STATION","BOOL","","(RADIX := Decimal, Constant := false, ExternalAccess := Read/Write)"
TAG,,GLUE_X_Y_INDEXING_IND,"HMI INDICATOR$NDRIVE IS INDEXING$NBAG GLUE STATION","BOOL","","(RADIX := Decimal, Constant := false, ExternalAccess := Read/Write)"
TAG,,GLUE_X_Y_INDEX_PB,"HMI PUSH BUTTON$NINDEX COORDINATED AXIS DRIVES$NBAG GLUE STATION","BOOL","","(RADIX := Decimal, Constant := false, ExternalAccess := Read/Write)"
TAG,,GLUE_X_Y_PATH2_ACTIVE_RECIPE,"SECONDARY GLUE PATH $NACTIVE FROM RECIPE$NBAG GLUE STATION","BOOL","","(RADIX := Decimal, Constant := false, ExternalAccess := Read/Write)"
TAG,,GLUE_X_Y_PATH2_ACTIVE_RECIPE_LOADED,"SECONDARY GLUE PATH ACTIVE LOADED TO PLC AFTER RECIPE DOWNLOAD$NBARRIER PRINTING STATION","BOOL","","(RADIX := Decimal, Constant := false, ExternalAccess := Read/Write)"
TAG,,GLUE_X_Y_PATH2_DIA_RECIPE,"SECONDARY GLUE PATH $NDIAMETER (MM)$NFROM RECIPE$NBAG GLUE STATION","REAL","","(RADIX := Float, Constant := false, ExternalAccess := Read/Write)"
TAG,,GLUE_X_Y_PATH2_DIA_RECIPE_IN,"SECONDARY GLUE PATH $NDIAMETER (IN)$NFROM RECIPE$NBAG GLUE STATION","REAL","","(RADIX := Float, Constant := false, ExternalAccess := Read/Write)"
TAG,,GLUE_X_Y_PATH2_DIA_RECIPE_MM,"GLUE PATH 2$NDIAMETER (MM)$NBAG GLUE STATION","REAL","","(RADIX := Float, Constant := false, ExternalAccess := Read/Write)"
TAG,,GLUE_X_Y_PATH2_PARAM_VIS,"HMI VISIBILITY$NSENCONDARY GLUE PATH PARAMETERS$NBAG GLUE STATION","BOOL","","(RADIX := Decimal, Constant := false, ExternalAccess := Read/Write)"
TAG,,GLUE_X_Y_PATH2_RUN,"SECONDARY GLUE PATH $NRUNNING$NBAG GLUE STATION","BOOL","","(RADIX := Decimal, Constant := false, ExternalAccess := Read/Write)"
TAG,,GLUE_X_Y_PATH2_SPEED_MM,"GLUE PATH 2$NSPEED (MM/SEC)$NBAG GLUE STATION","REAL","","(RADIX := Float, Constant := false, ExternalAccess := Read/Write)"
TAG,,GLUE_X_Y_PATH2_SPEED_RECIPE,"SECONDARY GLUE PATH $NSPEED (MM/SEC)$NFROM RECIPE$NBAG GLUE STATION","REAL","","(RADIX := Float, Constant := false, ExternalAccess := Read/Write)"
TAG,,GLUE_X_Y_PATH2_VIS,"HMI VISIBILITY$NSENCONDARY GLUE PATH SETTINGS$NBAG GLUE STATION","BOOL","","(RADIX := Decimal, Constant := false, ExternalAccess := Read/Write)"
TAG,,GLUE_X_Y_PATH_DIA_RECIPE,"GLUE PATH$NDIAMETER$NFROM RECIPE$NBAG GLUE STATION","REAL","","(RADIX := Float, Constant := false, ExternalAccess := Read/Write)"
TAG,,GLUE_X_Y_PATH_DIA_RECIPE_IN,"GLUE PATH $NDIAMETER (IN)$NFROM RECIPE$NBAG GLUE STATION","REAL","","(RADIX := Float, Constant := false, ExternalAccess := Read/Write)"
TAG,,GLUE_X_Y_PATH_DIA_RECIPE_MM,"GLUE PATH $NDIAMETER (MM)$NBAG GLUE STATION","REAL","","(RADIX := Float, Constant := false, ExternalAccess := Read/Write)"
TAG,,GLUE_X_Y_PATH_GLUE_START_DEG,"GLUE START POINT (DEGREES)$NAFTER COORDINATED AXIS MOVE BEGINS$NBAG GLUE STATION","REAL","","(RADIX := Float, Constant := false, ExternalAccess := Read/Write)"
TAG,,GLUE_X_Y_PATH_LENGTH_DEG,"COORDINATED AXIS$NGLUE PATH LENGTH$NIN DEGREES$NBAG GLUE STATION","DINT","","(RADIX := Decimal, Constant := false, ExternalAccess := Read/Write)"
TAG,,GLUE_X_Y_PATH_OVERLAP2_RECIPE,"SECONDARY GLUE PATH $NOVERLAP (MM)$NFROM RECIPE$NBAG GLUE STATION","REAL","","(RADIX := Float, Constant := false, ExternalAccess := Read/Write)"
TAG,,GLUE_X_Y_PATH_OVERLAP2_RECIPE_IN,"SECONDARY GLUE PATH $NOVERLAP (IN)$NFROM RECIPE$NBAG GLUE STATION","REAL","","(RADIX := Float, Constant := false, ExternalAccess := Read/Write)"
TAG,,GLUE_X_Y_PATH_OVERLAP2_RECIPE_MM,"PRIMARY GLUE PATH $NOVERLAP (MM)$NBAG GLUE STATION","REAL","","(RADIX := Float, Constant := false, ExternalAccess := Read/Write)"
TAG,,GLUE_X_Y_PATH_OVERLAP_RECIPE,"PRIMARY GLUE PATH $NOVERLAP$NFROM RECIPE$NBAG GLUE STATION","REAL","","(RADIX := Float, Constant := false, ExternalAccess := Read/Write)"
TAG,,GLUE_X_Y_PATH_OVERLAP_RECIPE_IN,"PRIMARY GLUE PATH $NOVERLAP (IN)$NFROM RECIPE$NBAG GLUE STATION","REAL","","(RADIX := Float, Constant := false, ExternalAccess := Read/Write)"
TAG,,GLUE_X_Y_PATH_OVERLAP_RECIPE_MM,"PRIMARY GLUE PATH $NOVERLAP (MM)$NBAG GLUE STATION","REAL","","(RADIX := Float, Constant := false, ExternalAccess := Read/Write)"
TAG,,GLUE_X_Y_PATH_SPEED_MM,"GLUE PATH $NSPEED (MM/SEC)$NBAG GLUE STATION","REAL","","(RADIX := Float, Constant := false, ExternalAccess := Read/Write)"
TAG,,GLUE_X_Y_PATH_SPEED_RECIPE,"GLUE PATH $NSPEED$NFROM RECIPE$NBAG GLUE STATION","REAL","","(RADIX := Float, Constant := false, ExternalAccess := Read/Write)"
TAG,,GLUE_X_Y_PATH_STOP_DELTA_DEG,"COORDINATED AXIS MOVE STOP POINT DELTA (DEGREES)$NAFTER GLUE TURNS OFF$NBAG GLUE STATION","REAL","","(RADIX := Float, Constant := false, ExternalAccess := Read/Write)"
TAG,,GLUE_X_Y_POS,"HMI PUSH BUTTON SERIES FOR $NX-Y POSITION CONTROL$NBAG GLUE STATION$N$N1=SAMPLE GLUE$N2=BAG PRES CHK$N4=BAG GLUE","INT","","(RADIX := Decimal, Constant := false, ExternalAccess := Read/Write)"
TAG,,GLUE_Y_DRV_ENABLE_PB,"HMI PUSH BUTTON$NENABLE Y-AXIS DRIVE$NBAG GLUE STATION","BOOL","","(RADIX := Decimal, Constant := false, ExternalAccess := Read/Write)"
ALIAS,,GLUE_Y_DRV_FAULT,"Y-AXIS DRIVE FAULTED$NBAG GLUE STATION","","DRV11.PhysicalAxisFault","(RADIX := Decimal, ExternalAccess := Read/Write)"
TAG,,GLUE_Y_DRV_FAULT_PB_VIS,"HMI VISIBILITY$NGLUE Y DRIVE RESET FAULT PUSH BUTTON$NBAG GLUE STATION","BOOL","","(RADIX := Decimal, Constant := false, ExternalAccess := Read/Write)"
TAG,,GLUE_Y_DRV_HOMED,"Y AXIS DRIVE IS HOMED$NBAG GLUE STATION","BOOL","","(RADIX := Decimal, Constant := false, ExternalAccess := Read/Write)"
ALIAS,,GLUE_Y_DRV_HOMED_STATUS,"Y-AXIS DRIVE$NHOMED STATUS$NBAG GLUE STATION","","DRV11.AxisHomedStatus","(RADIX := Decimal, ExternalAccess := Read/Write)"
ALIAS,,GLUE_Y_DRV_READY,"Y-AXIS DRIVE READY$NBAG GLUE STATION","","DRV11.DriveEnableStatus","(RADIX := Decimal, ExternalAccess := Read/Write)"
TAG,,GLUE_Y_DRV_RESET_PB,"HMI PUSH BUTTON$NRESET Y-AXIS DRIVE$NBAG GLUE STATION","BOOL","","(RADIX := Decimal, Constant := false, ExternalAccess := Read/Write)"
ALIAS,,GLUE_Y_DRV_SAFE_TRQ_OFF,"Y AXIS DRIVE SAFE$NTORQUE OFF$NINHIBIT BIT$NBAG GLUE STATION$N$N0=RUN MODE$N1=INACTIVE","","DRV11.SafeTorqueOffInhibit","(RADIX := Decimal, ExternalAccess := Read/Write)"
ALIAS,,GLUE_Y_DRV_SHUTDOWN,"Y-AXIS IS SHUTDOWN BAG GLUE STATION","","DRV11.ShutdownStatus","(RADIX := Decimal, ExternalAccess := Read/Write)"
ALIAS,,GLUE_Y_HOME_SENSOR,"Y-AXIS DRIVE HOME SENSOR$NBAG GLUE STATION","","DRV11.HomeInputStatus","(RADIX := Decimal, ExternalAccess := Read/Write)"
TAG,,GLUE_Y_OFFSET_PB,"HMI PUSHBUTTON$NY-AXIS OFFSET (MM)$NBAG GLUE STATION","REAL","","(RADIX := Float, Constant := false, ExternalAccess := Read/Write)"
TAG,,GLUE_Y_PART_CENTER_POS_MM_RECIPE,"Y-AXIS$NCENTER OF PART POSITION$N(MM)$NBAG GLUE STATION","REAL","","(RADIX := Float, Constant := false, ExternalAccess := Read/Write)"
TAG,,GLUE_Y_PART_CENTER_POS_RECIPE,"Y-AXIS$NCENTER OF PART POSITION$NIN RECIPE$NBAG GLUE STATION","REAL","","(RADIX := Float, Constant := false, ExternalAccess := Read/Write)"
TAG,,GLUE_Y_PART_CENTER_POS_RECIPE1,"Y-AXIS$NCENTER OF PART POSITION$NIN RECIPE$NBAG GLUE STATION","DINT","","(RADIX := Decimal, Constant := false, ExternalAccess := Read/Write)"
TAG,,GLUE_Y_PART_CTR_SAMPLE_POS,"Y AXIS$NGLUE SAMPLE CENTER POSITION (MM)$NBAG GLUE STATION","REAL","","(RADIX := Float, Constant := false, ExternalAccess := Read/Write)"
ALIAS,,GLUE_Z_CYL_EXT,"Z-AXIS CYLINDER EXTENDED$NBAG GLUE STATION","","MAN01:I.Data[2].6","(RADIX := Decimal, ExternalAccess := Read/Write)"
TAG,,GLUE_Z_CYL_EXT_PB,"HMI PUSH BUTTON$NEXTEND GLUE Z-AXIS CYLINDER$NBAG GLUE STATION","BOOL","","(RADIX := Decimal, Constant := false, ExternalAccess := Read/Write)"
TAG,,GLUE_Z_CYL_EXT_PB_VIS,"HMI VISIBILITY$NGLUE Z CYLINDER EXTEND$NPUSH BUTTON$NBAG GLUE STATION","BOOL","","(RADIX := Decimal, Constant := false, ExternalAccess := Read/Write)"
ALIAS,,GLUE_Z_CYL_RET,"Z-AXIS CYLINDER RETRACTED$NBAG GLUE STATION","","MAN01:I.Data[2].7","(RADIX := Decimal, ExternalAccess := Read/Write)"
ALIAS,,INFEED_CONV_BAG_DROP_BIN_CLEAR,"BAG DROP BIN CLEAR SENSOR$NINFEED CONVEYORS","","MAN03:I.Data[0].6","(RADIX := Decimal, ExternalAccess := Read/Write)"
TAG,,INFEED_CONV_BAG_LANE_EMPTY_VIS,"HMI INDICATOR LANE EMPTY VISIBILITY$NINDEX$NINFEED CONVEYOR","BOOL","","(RADIX := Decimal, Constant := false, ExternalAccess := Read/Write)"
ALIAS,,INFEED_CONV_BAG_LANE_FULL,"HMI ANIMATION$NBAG LANE FULL INFEED CONVEYOR","","MAN03:I.Data[0].7","(RADIX := Decimal, ExternalAccess := Read/Write)"
TAG,,INFEED_CONV_BAG_PICK_REQ,"INFEED CONVEYOR BAG PICK REQUEST TO BAG LOAD ROBOT (R1)","BOOL","","(RADIX := Decimal, Constant := false, ExternalAccess := Read/Write)"
TAG,,INFEED_CONV_BAG_VIS_REQ,"INFEED CONVEYOR BAG VISION REQUEST TO BAG LOAD ROBOT (R1)","BOOL","","(RADIX := Decimal, Constant := false, ExternalAccess := Read/Write)"
ALIAS,,INFEED_CONV_DRV_FAULT,"DRIVE FAULTED$NINFEED CONVEYOR","","DRV07:I.Faulted","(RADIX := Decimal, ExternalAccess := Read/Write)"
TAG,,INFEED_CONV_DRV_FAULT_PB_VIS,"HMI VISIBILITY$NDRIVE FAULT RESET PUSH BUTTON$NINFEED CONVEYOR","BOOL","","(RADIX := Decimal, Constant := false, ExternalAccess := Read/Write)"
ALIAS,,INFEED_CONV_DRV_READY,"DRIVE READY$NINFEED CONVEYOR","","DRV07:I.Ready","(RADIX := Decimal, ExternalAccess := Read/Write)"
TAG,,INFEED_CONV_DRV_RESET_PB,"HMI PUSH BUTTON$NRESET DRIVE$NINFEED CONVEYOR","BOOL","","(RADIX := Decimal, Constant := false, ExternalAccess := Read/Write)"
TAG,,INFEED_CONV_FAST_SPEED_HZ,"FAST SPEED (HZ)$NFROM RECIPE$NINFEED CONVEYOR 1","INT","","(RADIX := Decimal, Constant := false, ExternalAccess := Read/Write)"
TAG,,INFEED_CONV_INDEX_PB,"HMI PUSH BUTTON$NINDEX$NINFEED CONVEYOR","BOOL","","(RADIX := Decimal, Constant := false, ExternalAccess := Read/Write)"
TAG,,INFEED_CONV_INDEX_PB_VIS,"HMI PUSH BUTTON VISIBILITY$NINDEX$NINFEED CONVEYOR","BOOL","","(RADIX := Decimal, Constant := false, ExternalAccess := Read/Write)"
TAG,,INFEED_CONV_JOG_FORWARD_PB,"`HMI PUSH BUTTON$NJOG DRIVE$NINFEED CONVEYOR","BOOL","","(RADIX := Decimal, Constant := false, ExternalAccess := Read/Write)"
TAG,,INFEED_CONV_MOVING_FORWARD,"HMI ANIMATION$NFORWARD DIRECTION$NINFEED CONVEYOR","BOOL","","(RADIX := Decimal, Constant := false, ExternalAccess := Read/Write)"
TAG,,INFEED_CONV_RUN_FORWARD_PB,"`HMI PUSH BUTTON$NRUN DRIVE$NINFEED CONVEYOR","BOOL","","(RADIX := Decimal, Constant := false, ExternalAccess := Read/Write)"
TAG,,INFEED_CONV_RUN_FORWARD_PB_VIS,"HMI PUSH BUTTON$NVISIBILITY$NRUN DRIVE$NINFEED CONVEYOR","BOOL","","(RADIX := Decimal, Constant := false, ExternalAccess := Read/Write)"
ALIAS,,INFEED_CONV_SAFETY_FLAP_CLOSED,"SAFETY FLAP CLOSED$NINFEED CONVEYOR","","MAN03:I.Data[0].12","(RADIX := Decimal, ExternalAccess := Read/Write)"
TAG,,INFEED_CONV_SCREEN_PB,"HMI PUSH BUTTON$NGOTO INFEED CONVEYORS SCREEN","BOOL","","(RADIX := Decimal, Constant := false, ExternalAccess := Read/Write)"
ALIAS,,INFEED_CONV_SLOW_POS,"SLOW DOWN POSITION$NINFEED CONVEYOR","","MAN03:I.Data[0].9","(RADIX := Decimal, ExternalAccess := Read/Write)"
TAG,,INFEED_CONV_SLOW_SPEED_HZ,"SLOW SPEED (HZ)$NFROM RECIPE$NINFEED CONVEYOR 1","INT","","(RADIX := Decimal, Constant := false, ExternalAccess := Read/Write)"
ALIAS,,INFEED_CONV_STOP_POS,"STOP POSITION$NINFEED CONVEYOR","","MAN03:I.Data[0].8","(RADIX := Decimal, ExternalAccess := Read/Write)"
ALIAS,,INKJET_PRINTER_ALARM,"INKJET PRINTER ALARM$NINKJET PRINTING STATION","","Local:1:I.Pt04.Data","(RADIX := Decimal, ExternalAccess := Read/Write)"
ALIAS,,INKJET_PRINTER_COMM_ACTIVE,"PRINTER COMMS ACTIVE$NINKJET PRINTING STATION","","INKJET_PRINTER_CONTROL.STS.status.printers_active","(RADIX := Decimal, ExternalAccess := Read/Write)"
TAG,,INKJET_PRINTER_CONTROL,"PRINTER COMMAND & STATUS CONTROL WORD$NINKJET PRINTING$NSTATION","GemGravure_Printer","","(Constant := false, ExternalAccess := Read/Write)"
ALIAS,,INKJET_PRINTER_DISABLE_PB,"INKJET PRINTER DISABLE (STOP)$NINKJET PRINTING STATION","","INKJET_PRINTER_CONTROL.CMD.print_command.command[6]","(RADIX := Decimal, ExternalAccess := Read/Write)"
TAG,,INKJET_PRINTER_DISABLE_PB_VIS,"HMI VISIBILITY$NINKJET PRINTER DISABLE PUSH BUTTON$NINKJET PRINTING$NSTATION","BOOL","","(RADIX := Decimal, Constant := false, ExternalAccess := Read/Write)"
ALIAS,,INKJET_PRINTER_ENABLE_PB,"INKJET PRINTER ENABLE (START)$NINKJET PRINTING STATION","","INKJET_PRINTER_CONTROL.CMD.print_command.command[5]","(RADIX := Decimal, ExternalAccess := Read/Write)"
TAG,,INKJET_PRINTER_ENABLE_PB_VIS,"HMI VISIBILITY$NINKJET PRINTER ENABLE PUSH BUTTON$NINKJET PRINTING$NSTATION","BOOL","","(RADIX := Decimal, Constant := false, ExternalAccess := Read/Write)"
TAG,,INKJET_PRINTER_ETHERNET_COMMS_OK,"PRINTER$NETHERNET CONNECTION $NINKJET PRINTING STATION","BOOL","","(RADIX := Decimal, Constant := false, ExternalAccess := Read/Write)"
ALIAS,,INKJET_PRINTER_LEVEL_LOW,"INKJET PRINTER $NTANK LEVEL LOW$NINKJET PRINTING STATION","","Local:1:I.Pt02.Data","(RADIX := Decimal, ExternalAccess := Read/Write)"
TAG,,INKJET_PRINTER_LEVEL_OK_VIS,"HMI VISIBLILITY$NINKJET PRINTER LEVEL OK$NINKJET PRINTING STATION","BOOL","","(RADIX := Decimal, Constant := false, ExternalAccess := Read/Write)"
ALIAS,,INKJET_PRINTER_PRINT_IP,"INKJET PRINTER PRINTING IN PROGRESS$NINKJET PRINTING STATION","","Local:1:I.Pt01.Data","(RADIX := Decimal, ExternalAccess := Read/Write)"
TAG,,INKJET_PRINTER_PRINT_REQ_PB,"HMI PUSH BUTTON$NPRINT REQUEST$NINKJET PRINTING STATION","BOOL","","(RADIX := Decimal, Constant := false, ExternalAccess := Read/Write)"
TAG,,INKJET_PRINTER_PRINT_STARTED,"PRINT STARTED$NINKJET PRINTING STATION","BOOL","","(RADIX := Decimal, Constant := false, ExternalAccess := Read/Write)"
ALIAS,,INKJET_PRINTER_READY,"INKJET PRINTER READY INKJET PRINTING STATION","","Local:1:I.Pt03.Data","(RADIX := Decimal, ExternalAccess := Read/Write)"
TAG,,INKJET_PRINTER_TRIGGER_PB_VIS,"HMI VISIBILITY$NINKJET PRINTER TRIGGER PUSH BUTTON$NINKJET PRINTING$NSTATION","BOOL","","(RADIX := Decimal, Constant := false, ExternalAccess := Read/Write)"
TAG,,INKJET_PRINT_ACTIVE_RECIPE,"ACTIVE FROM RECIPE$NINKJET PRINTING$NSTATION","BOOL","","(RADIX := Decimal, Constant := false, ExternalAccess := Read/Write)"
TAG,,INKJET_PRINT_ACTIVE_RECIPE_LOADED,"ACTIVE FROM RECIPE$NAFTER DOWNLOAD$NINKJET PRINTING STATION","BOOL","","(RADIX := Decimal, Constant := false, ExternalAccess := Read/Write)"
TAG,,INKJET_PRINT_BYPASS_ANIMATION,"ANIMIATION FOR HMI$NBYPASS STATUS$NINKJET STATION","BOOL","","(RADIX := Decimal, Constant := false, ExternalAccess := Read/Write)"
TAG,,INKJET_PRINT_CTR_INC_CYCLE,"HMI ANIMATION$NFAILED INCOMPLETE CYCLE$NINKJET PRINTING STATION$N0=GREEN$N1=YELLOW$N2=RED","INT","","(RADIX := Decimal, Constant := false, ExternalAccess := Read/Write)"
TAG,,INKJET_PRINT_CYCLE_PB,"HMI PUSH BUTTON$NRUN CYCLE$NINKJET PRINTING STATION","BOOL","","(RADIX := Decimal, Constant := false, ExternalAccess := Read/Write)"
TAG,,INKJET_PRINT_DRV_CLEAR_MAIN_DIAL,"DRIVE CLEAR OF THE MAIN DIAL$NINKJET PRINTING STATION","BOOL","","(RADIX := Decimal, Constant := false, ExternalAccess := Read/Write)"
TAG,,INKJET_PRINT_DRV_CUR_POS_HMI,"HMI$NCURRENT POSITION$NINKJET PRINTING STATION$N(X/100 = METRIC$NX/2540 = STANDARD)","REAL","","(RADIX := Float, Constant := false, ExternalAccess := Read/Write)"
TAG,,INKJET_PRINT_DRV_ENABLE_PB,"HMI PUSH BUTTON$NDRIVE ENABLE$NINKJET PRINTING STATION","BOOL","","(RADIX := Decimal, Constant := false, ExternalAccess := Read/Write)"
TAG,,INKJET_PRINT_DRV_ENABLE_PB_VIS,"HMI VISIBILITY$NINKJET DRV ENABLE PUSH BUTTON$NINKJET PRINTING STATION","BOOL","","(RADIX := Decimal, Constant := false, ExternalAccess := Read/Write)"
ALIAS,,INKJET_PRINT_DRV_ESTOP_ACTIVE,"DRIVE INPUTS$NESTOP ACTIVE$NINKJET PRINTING STATION","","INKJET_PRINT_DRV_INPUTS.E_Stop_Active","(RADIX := Decimal, ExternalAccess := Read/Write)"
ALIAS,,INKJET_PRINT_DRV_FAULT,"DRIVE FAULTED$NINKJET PRINTING STATION","","INKJET_PRINT_DRV_INPUTS.Alarm_Active","(RADIX := Decimal, ExternalAccess := Read/Write)"
TAG,,INKJET_PRINT_DRV_FAULT_PB_VIS,"HMI VISIBILITY$NINKJET DRV FAULT RESET PUSH BUTTON$NINKJET PRINTING STATION","BOOL","","(RADIX := Decimal, Constant := false, ExternalAccess := Read/Write)"
TAG,,INKJET_PRINT_DRV_HOMED,"DRIVE HOMED$NINKJET PRINTING STATION","BOOL","","(RADIX := Decimal, Constant := false, ExternalAccess := Read/Write)"
TAG,,INKJET_PRINT_DRV_HOME_PB,"HMI PUSH BUTTON$NHOME DRIVE$NINKJET PRINTING STATION","BOOL","","(RADIX := Decimal, Constant := false, ExternalAccess := Read/Write)"
TAG,,INKJET_PRINT_DRV_HOME_PB_VIS,"HMI VISIBILITY$NINKJET DRV HOME PUSH BUTTON$NINKJET PRINTING$NSTATION","BOOL","","(RADIX := Decimal, Constant := false, ExternalAccess := Read/Write)"
TAG,,INKJET_PRINT_DRV_HOME_REQ,"HOMING REQUEST OF INKJET DRV DURING FIRST SCAN$NINKJET PRINTING  STATION","BOOL","","(RADIX := Decimal, Constant := false, ExternalAccess := Read/Write)"
TAG,,INKJET_PRINT_DRV_HOMING_IND,"DRIVE IS HOMING$NINKJET PRINTING  STATION","BOOL","","(RADIX := Decimal, Constant := false, ExternalAccess := Read/Write)"
TAG,,INKJET_PRINT_DRV_INDEXING_IND,"HMI INDICATOR$NDRIVE  IS INDEXING$NINKJET PRINTING  STATION","BOOL","","(RADIX := Decimal, Constant := false, ExternalAccess := Read/Write)"
TAG,,INKJET_PRINT_DRV_INDEX_PB,"HMI PUSH BUTTON$NDRIVE INDEX$NINKJET PRINTING STATION","BOOL","","(RADIX := Decimal, Constant := false, ExternalAccess := Read/Write)"
TAG,,INKJET_PRINT_DRV_INPUTS,"DRIVE INPUTS$NINKJET PRINTING STATION","PCON_Inputs","","(Constant := false, ExternalAccess := Read/Write)"
COMMENT,,INKJET_PRINT_DRV_INPUTS,"DRIVE INPUTS$NACTUAL POSITION$N(0.01MM)$NINKJET PRINTING STATION",,"INKJET_PRINT_DRV_INPUTS.ACTUAL_POSITION"
COMMENT,,INKJET_PRINT_DRV_INPUTS,"DRIVE INPUTS$NCURRENT IN mA OF SPECIFIED COMMAND$NINKJET PRINTING STATION",,"INKJET_PRINT_DRV_INPUTS.COMMAND_CURRENT"
COMMENT,,INKJET_PRINT_DRV_INPUTS,"DRIVE INPUTS$NACTUAL SPEED (0.01MM/SEC)$NINKJET PRINTING STATION",,"INKJET_PRINT_DRV_INPUTS.ACTUAL_SPEED"
COMMENT,,INKJET_PRINT_DRV_INPUTS,"DRIVE INPUTS$NALARM CODE$N0 = NO ALARM$NINKJET PRINTING STATION",,"INKJET_PRINT_DRV_INPUTS.ALARM_CODE"
COMMENT,,INKJET_PRINT_DRV_INPUTS,"DRIVE INPUTS POSITION MOVE COMPLETE$NINKJET PRINTING STATION",,"INKJET_PRINT_DRV_INPUTS.POSITION_COMPLETE"
COMMENT,,INKJET_PRINT_DRV_INPUTS,"DRIVE INPUTS$NHOMING COMPLETE$NINKJET PRINTING STATION",,"INKJET_PRINT_DRV_INPUTS.HOME_COMPLETE"
COMMENT,,INKJET_PRINT_DRV_INPUTS,"DRIVE INPUTS$NDRV MOVING$NINKJET PRINTING STATION",,"INKJET_PRINT_DRV_INPUTS.MOVING"
COMMENT,,INKJET_PRINT_DRV_INPUTS,"DRIVE INPUTS$NALARM ACTIVE$NINKJET PRINTING STATION",,"INKJET_PRINT_DRV_INPUTS.ALARM_ACTIVE"
COMMENT,,INKJET_PRINT_DRV_INPUTS,"DRIVE INPUTS$NSERVO ON$NINKJET PRINTING STATION",,"INKJET_PRINT_DRV_INPUTS.SERVO_IS_ON"
COMMENT,,INKJET_PRINT_DRV_INPUTS,"DRIVE INPUTS$NHOMING ACTIVE$NINKJET PRINTING STATION",,"INKJET_PRINT_DRV_INPUTS.HOMING"
COMMENT,,INKJET_PRINT_DRV_INPUTS,"DRIVE INPUTS$NDRV READY$NINKJET PRINTING STATION",,"INKJET_PRINT_DRV_INPUTS.READY"
COMMENT,,INKJET_PRINT_DRV_INPUTS,"DRIVE INPUTS$NESTOP ACTIVE$NINKJET PRINTING STATION",,"INKJET_PRINT_DRV_INPUTS.E_STOP_ACTIVE"
TAG,,INKJET_PRINT_DRV_IN_POSITION,"DRIVE IS IN POSITION AND READY FOR PROCESSING$NINKJET PRINTING  STATION","BOOL","","(RADIX := Decimal, Constant := false, ExternalAccess := Read/Write)"
ALIAS,,INKJET_PRINT_DRV_MOVING,"DRIVE MOVING$NINKJET PRINTING STATION","","INKJET_PRINT_DRV_INPUTS.Moving","(RADIX := Decimal, ExternalAccess := Read/Write)"
TAG,,INKJET_PRINT_DRV_OUTPUTS,"DRIVE OUTPUTS$NINKJET PRINTING STATION","PCON_Outputs","","(Constant := false, ExternalAccess := Read/Write)"
COMMENT,,INKJET_PRINT_DRV_OUTPUTS,"DRIVE OUTPUTS TARGET POSITION$NINKJET PRINTING STATION",,"INKJET_PRINT_DRV_OUTPUTS.TARGET_POSITION"
COMMENT,,INKJET_PRINT_DRV_OUTPUTS,"DRIVE OUTPUTS TARGET SPEED$NINKJET PRINTING STATION",,"INKJET_PRINT_DRV_OUTPUTS.TARGET_SPEED"
COMMENT,,INKJET_PRINT_DRV_OUTPUTS,"DRIVE OUTPUTS ACCELERATION$NINKJET PRINTING STATION",,"INKJET_PRINT_DRV_OUTPUTS.ACCELERATION"
COMMENT,,INKJET_PRINT_DRV_OUTPUTS,"DRIVE OUTPUTS DECELERATION$NINKJET PRINTING STATION",,"INKJET_PRINT_DRV_OUTPUTS.DECELERATION"
COMMENT,,INKJET_PRINT_DRV_OUTPUTS,"DRIVE OUTPUTS$NHOME$NINKJET PRINTING STATION",,"INKJET_PRINT_DRV_OUTPUTS.HOME"
COMMENT,,INKJET_PRINT_DRV_OUTPUTS,"DRIVE OUTPUTS$NRESET$NINKJET PRINTING STATION",,"INKJET_PRINT_DRV_OUTPUTS.RESET"
COMMENT,,INKJET_PRINT_DRV_OUTPUTS,"DRIVE OUTPUTS$NSERVO ON$NINKJET PRINTING STATION",,"INKJET_PRINT_DRV_OUTPUTS.SERVO_ON"
COMMENT,,INKJET_PRINT_DRV_OUTPUTS,"DRIVE OUTPUTS$NJOG -$NINKJET PRINTING STATION",,"INKJET_PRINT_DRV_OUTPUTS.JOG_REVERSE"
COMMENT,,INKJET_PRINT_DRV_OUTPUTS,"DRIVE OUTPUTS$NJOG +$NINKJET PRINTING STATION",,"INKJET_PRINT_DRV_OUTPUTS.JOG_FORWARD"
COMMENT,,INKJET_PRINT_DRV_OUTPUTS,"DRIVE OUTPUTS$NRELEASE BRAKE$NINKJET PRINTING STATION",,"INKJET_PRINT_DRV_OUTPUTS.RELEASE_BRAKE"
TAG,,INKJET_PRINT_DRV_PARK_POS,"DRIVE IS AT THE PARK POSITION$NINKJET PRINTING STATION","BOOL","","(RADIX := Decimal, Constant := false, ExternalAccess := Read/Write)"
TAG,,INKJET_PRINT_DRV_PARK_POS_LOW,"DRIVE PARK POSITION$NLOWER LIMIT$NINKJET PRINTING STATION","DINT","","(RADIX := Decimal, Constant := false, ExternalAccess := Read/Write)"
TAG,,INKJET_PRINT_DRV_PARK_POS_UP,"DRIVE PARK POSITION$NUPPER LIMIT$NINKJET PRINTING STATION","DINT","","(RADIX := Decimal, Constant := false, ExternalAccess := Read/Write)"
TAG,,INKJET_PRINT_DRV_PARK_POS_VAL,"DRIVE PARK POSITION VALUE$NINKJET PRINTING STATION","DINT","","(RADIX := Decimal, Constant := false, ExternalAccess := Read/Write)"
TAG,,INKJET_PRINT_DRV_PB_VIS,"HMI VISIBILITY$NDRIVE PUSH BUTTONS$NINKJET PRINTING STATION","BOOL","","(RADIX := Decimal, Constant := false, ExternalAccess := Read/Write)"
TAG,,INKJET_PRINT_DRV_POS_PB,"HMI PUSH BUTTON SERIES FOR $NPOSITION CONTROL$NINKJET PRINTING STATION$N$N1=RETRACT$N2=PRINT","INT","","(RADIX := Decimal, Constant := false, ExternalAccess := Read/Write)"
TAG,,INKJET_PRINT_DRV_POS_TOL,"POSITIONAL TOLERANCE$NTO BE IN POSITION$NINKJET PRINTING  STATION","DINT","","(RADIX := Decimal, Constant := false, ExternalAccess := Read/Write)"
TAG,,INKJET_PRINT_DRV_PRINT_POS,"INKJET DRV IS AT THE PRINT POSITION$NINKJET PRINTING STATION","BOOL","","(RADIX := Decimal, Constant := false, ExternalAccess := Read/Write)"
TAG,,INKJET_PRINT_DRV_PRINT_Y_POS_LOW,"DRIVE PRINT Y-POSITION$NLOWER LIMIT$NINKJET PRINTING  STATION","DINT","","(RADIX := Decimal, Constant := false, ExternalAccess := Read/Write)"
TAG,,INKJET_PRINT_DRV_PRINT_Y_POS_UP,"DRIVE PRINT Y-POSITION$NUPPER LIMIT$NINKJET PRINTING  STATION","DINT","","(RADIX := Decimal, Constant := false, ExternalAccess := Read/Write)"
ALIAS,,INKJET_PRINT_DRV_READY,"DRIVE READY$NINKJET PRINTING STATION","","INKJET_PRINT_DRV_INPUTS.Servo_is_On","(RADIX := Decimal, ExternalAccess := Read/Write)"
TAG,,INKJET_PRINT_DRV_RESET_PB,"HMI PUSH BUTTON$NDRIVE RESET$NINKJET PRINTING  STATION","BOOL","","(RADIX := Decimal, Constant := false, ExternalAccess := Read/Write)"
ALIAS,,INKJET_PRINT_GATEWAY_HEARTBEAT,"GATEWAY HEARTBEAT$NINKJET PRINTING STATION","","INKJET_PRINTER_CONTROL.STS.status.heartbeat","(RADIX := Decimal, ExternalAccess := Read/Write)"
TAG,,INKJET_PRINT_INC_CYCLE_REJECT_CNT,"FAILURE COUNT FOR INCOMPLETE CYCLE$NINKJET PRINTING STATION","COUNTER","","(Constant := false, ExternalAccess := Read/Write)"
TAG,,INKJET_PRINT_INC_CYCLE_REJECT_MULT_CNT,"FAILURE COUNT $NMULTIPLE TIMES FOR INCOMPLETE CYCLE$NINKJET PRINTING STATION","COUNTER","","(Constant := false, ExternalAccess := Read/Write)"
TAG,,INKJET_PRINT_INDEX_DIAL_REQ,"INDEX REQUEST$NFROM INKJET PRINTING STATION$N TO MAIN DIAL","BOOL","","(RADIX := Decimal, Constant := false, ExternalAccess := Read/Write)"
TAG,,INKJET_PRINT_OFFSET_VIS,"HMI BUTTON$NOFFSET VISIBILITY$NINKJET PRINTING STATION","BOOL","","(RADIX := Decimal, Constant := false, ExternalAccess := Read/Write)"
TAG,,INKJET_PRINT_PROCESS_DONE,"CYCLE DONE$NFROM INKJET PRINTING STATION TO MAIN DIAL","BOOL","","(RADIX := Decimal, Constant := false, ExternalAccess := Read/Write)"
TAG,,INKJET_PRINT_PROCESS_FAILED,"PROCESS FAILED DUE TO MACHINE STOP$NINKJET PRINTING STATION","BOOL","","(RADIX := Decimal, Constant := false, ExternalAccess := Read/Write)"
TAG,,INKJET_PRINT_SCREEN_PB,"HMI PUSH BUTTON$NGOTO INKJET SCREEN$NCELL","BOOL","","(RADIX := Decimal, Constant := false, ExternalAccess := Read/Write)"
TAG,,INKJET_PRINT_SKU_RECIPE_LOADED,"SKU$NFROM RECIPE$NAFTER DOWNLOAD$NINKJET PRINTING$NSTATION","STRING","","(Constant := false, ExternalAccess := Read/Write)"
TAG,,INKJET_PRINT_X_OFFSET_PB,"HMI ENTRY$NPRINT PLACEMENT$NX DIRECTION ON$NMAIN DIAL$NINKJET PRINTING STATION","REAL","","(RADIX := Float, Constant := false, ExternalAccess := Read/Write)"
TAG,,INKJET_PRINT_X_POS_OFF_VAL,"PRINT OFFSET X-POSITION VALUE$NINKJET PRINTING STATION","DINT","","(RADIX := Decimal, Constant := false, ExternalAccess := Read/Write)"
TAG,,INKJET_PRINT_X_POS_RECIPE,"PRINT X POSITION$NFROM RECIPE$NINKJET PRINTING$NSTATION","REAL","","(RADIX := Float, Constant := false, ExternalAccess := Read/Write)"
TAG,,INKJET_PRINT_X_POS_RECIPE_LOADED,"PRINT X POSITION$NFROM RECIPE$NAFTER DOWNLOAD$NINKJET PRINTING$NSTATION","REAL","","(RADIX := Float, Constant := false, ExternalAccess := Read/Write)"
TAG,,INKJET_PRINT_Y_OFFSET_PB,"HMI ENTRY$NPRINT PLACEMENT$NY DIRECTION (MM) ON$NMAIN DIAL$NINKJET PRINTING STATION","REAL","","(RADIX := Float, Constant := false, ExternalAccess := Read/Write)"
TAG,,INKJET_PRINT_Y_POS_OFF_VAL,"PRINT OFFSET Y-POSITION VALUE$NINKJET PRINTING STATION","DINT","","(RADIX := Decimal, Constant := false, ExternalAccess := Read/Write)"
TAG,,INKJET_PRINT_Y_POS_RECIPE,"PRINT Y POSITION$NFROM RECIPE$NINKJET PRINTING$NSTATION","REAL","","(RADIX := Float, Constant := false, ExternalAccess := Read/Write)"
TAG,,INKJET_PRINT_Y_POS_RECIPE_LOADED,"PRINT Y POSITION$NFROM RECIPE$NAFTER DOWNLOAD$NINKJET PRINTING$NSTATION","REAL","","(RADIX := Float, Constant := false, ExternalAccess := Read/Write)"
TAG,,INKJET_SKU_DASH_LOCATION,"STRING DATA LOCATION FOR DASH IN SKU","DINT","","(RADIX := Decimal, Constant := false, ExternalAccess := Read/Write)"
TAG,,LT_TBL_BARRIER_LOC_VIS_FAIL,"BARRIER LOCATION VISION FAILED$NBARRIER LOAD ROBOT (R2)","BOOL","","(RADIX := Decimal, Constant := false, ExternalAccess := Read/Write)"
TAG,,LT_TBL_BARRIER_LOC_VIS_REQ,"BARRIER LOCATION VISION REQUEST$NLIGHT TABLE TO$NBARRIER LOAD ROBOT (R2)","BOOL","","(RADIX := Decimal, Constant := false, ExternalAccess := Read/Write)"
TAG,,LT_TBL_BARRIER_PRES_VIS_FAIL,"BARRIER PRESENCE VISION FAILED$NBARRIER LOAD ROBOT (R2)","BOOL","","(RADIX := Decimal, Constant := false, ExternalAccess := Read/Write)"
TAG,,LT_TBL_BARRIER_PRES_VIS_REQ,"BARRIER PRESENCE VISION REQUEST$NLIGHT TABLE TO$NBARRIER LOAD/BAG OFFLOAD ROBOT (R2)","BOOL","","(RADIX := Decimal, Constant := false, ExternalAccess := Read/Write)"
TAG,,LT_TBL_BARRIER_REM_VIS_REQ,"BARRIER REMOVAL VISION REQUEST$NLIGHT TABLE TO$NBARRIER LOAD ROBOT (R2)","BOOL","","(RADIX := Decimal, Constant := false, ExternalAccess := Read/Write)"
TAG,,LT_TBL_BLOW_OFF_PB,"HMI PUSH BUTTON$NTOGGLE BLOW OFF$NLIGHT TABLE","BOOL","","(RADIX := Decimal, Constant := false, ExternalAccess := Read/Write)"
TAG,,LT_TBL_BLOW_OFF_PB_VIS,"BLOW OFF PUSH BUTTON VISIBILITY$NLIGHT TABLE","BOOL","","(RADIX := Decimal, Constant := false, ExternalAccess := Read/Write)"
TAG,,LT_TBL_EMPTY_VIS_FAIL,"EMPTY LIGHT TABLE VISION FAILED$NBARRIER LOAD ROBOT (R2)","BOOL","","(RADIX := Decimal, Constant := false, ExternalAccess := Read/Write)"
TAG,,LT_TBL_EMPTY_VIS_REQ,"EMPTY VISION REQUEST LIGHT TABLE TO BARRIER $NLOAD ROBOT (R2)","BOOL","","(RADIX := Decimal, Constant := false, ExternalAccess := Read/Write)"
TAG,,LT_TBL_SCREEN_PB,"HMI PUSH BUTTON GOTO LIGHT TABLE VACUUM CONTROL SCREEN","BOOL","","(RADIX := Decimal, Constant := false, ExternalAccess := Read/Write)"
TAG,,LT_TBL_VAC_ACTIVE_PB,"HMI PUSH BUTTON$NTOGGLE VACUUM ACTIVE$NSET DURING INITIAL RECIPE DOWNLOAD$NLIGHT TABLE","BOOL","","(RADIX := Decimal, Constant := false, ExternalAccess := Read/Write)"
TAG,,LT_TBL_VAC_ACTIVE_RECIPE,"LIGHT TABLE VACUUM ACTIVE FROM RECIPE$NCELL","BOOL","","(RADIX := Decimal, Constant := false, ExternalAccess := Read/Write)"
TAG,,LT_TBL_VAC_ADJ_PRESSURE,"VACUUM SUPPLY PRESSURE$NOPERATOR ADJUSTMENT$NLIGHT TABLE","REAL","","(RADIX := Float, Constant := false, ExternalAccess := Read/Write)"
TAG,,LT_TBL_VAC_ON_PB,"HMI PUSH BUTTON$NVACUUM ON$NLIGHT TABLE","BOOL","","(RADIX := Decimal, Constant := false, ExternalAccess := Read/Write)"
TAG,,LT_TBL_VAC_PRESSURE_MAX,"MAX ALLOWABLE PRESSURE (PSI) $RLIGHT TABLE$NHMI DISPLAY","REAL","","(RADIX := Float, Constant := false, ExternalAccess := Read/Write)"
TAG,,LT_TBL_VAC_PRESSURE_MIN,"MIN ALLOWABLE PRESSURE (PSI)$RLIGHT TABLE$NHMI DISPLAY","REAL","","(RADIX := Float, Constant := false, ExternalAccess := Read/Write)"
TAG,,LT_TBL_VAC_PRESSURE_OK,"PRESSURE WITHIN TOLERANCE $N$RLIGHT TABLE VACUUM","BOOL","","(RADIX := Decimal, Constant := false, ExternalAccess := Read/Write)"
TAG,,LT_TBL_VAC_PRESSURE_RECIPE_SP,"RECIPE VACUUM SUPPLY PRESSURE (PSI)$NLIGHT TABLE","REAL","","(RADIX := Float, Constant := false, ExternalAccess := Read/Write)"
TAG,,LT_TBL_VAC_PRESSURE_SP_AUTO_DISPLAY,"PRESSURE (PSI)$NSET POINT$NDURING AUTO$N LIGHT TABLE VACUUM HMI DISPLAY","REAL","","(RADIX := Float, Constant := false, ExternalAccess := Read/Write)"
TAG,,LT_TBL_VAC_PRESSURE_SP_MAN_DISPLAY,"PRESSURE (PSI)$NSET POINT$NDURING MANUAL$NLIGHT TABLE VACUUM$NHMI DISPLAY","REAL","","(RADIX := Float, Constant := false, ExternalAccess := Read/Write)"
TAG,,LT_TBL_VAC_PRES_SCALE_PAR,"PNEUMATIC SCALING PARAMTERS$NLIGHT TABLE VACUUM","LINEAR_IN_OUT_SCALE_PARAM","","(Constant := false, ExternalAccess := Read/Write)"
TAG,,MAIN_DIAL_ABORT_INDEX_PB,"HMI PUSH BUTTON$NABORT DRIVE$NMAIN DIAL","BOOL","","(RADIX := Decimal, Constant := false, ExternalAccess := Read/Write)"
TAG,,MAIN_DIAL_ACTUATION_VIS,"HMI ANIMATION$NACTUATION BUTTONS VISIBILITY$NFOR STATIONS ON MAIN DIAL","BOOL","","(RADIX := Decimal, Constant := false, ExternalAccess := Read/Write)"
TAG,,MAIN_DIAL_BRAKE_CONT,"BRAKE CONTROL$NINTEGER$NMAIN DIAL$N$N0=DRIVE CONTROL$N1=MANUAL RELEASE","INT","","(RADIX := Decimal, Constant := false, ExternalAccess := Read/Write)"
TAG,,MAIN_DIAL_BRAKE_PB,"HMI PUSH BUTTON$NFLIP FLOP$NMOTOR BRAKE$NMAIN DIAL","BOOL","","(RADIX := Decimal, Constant := false, ExternalAccess := Read/Write)"
TAG,,MAIN_DIAL_BRAKE_PB_VIS,"HMI VISIBILITY$NDRIVE BRAKE PUSH BUTTON$NMAIN DIAL","BOOL","","(RADIX := Decimal, Constant := false, ExternalAccess := Read/Write)"
TAG,,MAIN_DIAL_CLEAR_INDEX_SCREEN_PB,"HMI PUSH BUTTON$NGOTO MAIN DIAL CLEAR TO INDEX SCREEN$N1 PIECE DRUMHEAD MACHINE","BOOL","","(RADIX := Decimal, Constant := false, ExternalAccess := Read/Write)"
TAG,,MAIN_DIAL_CLEAR_TO_INDEX,"CLEAR TO INDEX$NMAIN DIAL","BOOL","","(RADIX := Decimal, Constant := false, ExternalAccess := Read/Write)"
TAG,,MAIN_DIAL_CUR_POS_HMI,"HMI$NCURRENT POSITION$NMAIN DIAL","DINT","","(RADIX := Decimal, Constant := false, ExternalAccess := Read/Write)"
TAG,,MAIN_DIAL_CYCLE_VIS,"HMI ANIMATION$NCYCLE BUTTONS VISIBILITY$NFOR STATIONS ON MAIN DIAL","BOOL","","(RADIX := Decimal, Constant := false, ExternalAccess := Read/Write)"
TAG,,MAIN_DIAL_DATA,"PART DATA TRACKING$NMAIN DIAL","DIAL_DATA[14]","","(Constant := false, ExternalAccess := Read/Write)"
COMMENT,,MAIN_DIAL_DATA,"NULL DATA$NMAIN DIAL$NDO NOT CHANGE DATA",,"MAIN_DIAL_DATA[0]"
COMMENT,,MAIN_DIAL_DATA,"PART DATA$NBARRIER LOAD STATION",,"MAIN_DIAL_DATA[1]"
COMMENT,,MAIN_DIAL_DATA,"PART DATA $NEMPTY STATION",,"MAIN_DIAL_DATA[2]"
COMMENT,,MAIN_DIAL_DATA,"PART DATA $NBAG LOAD STATION",,"MAIN_DIAL_DATA[3]"
COMMENT,,MAIN_DIAL_DATA,"PART DATA BARRIER PREHEAT STATION 1",,"MAIN_DIAL_DATA[4]"
COMMENT,,MAIN_DIAL_DATA,"PART DATA$NBARRIER PREHEAT STATION 2",,"MAIN_DIAL_DATA[5]"
COMMENT,,MAIN_DIAL_DATA,"PART DATA $NBARRIER FORMING STATION",,"MAIN_DIAL_DATA[6]"
COMMENT,,MAIN_DIAL_DATA,"PART DATA $NBARRIER PUNCH STATION",,"MAIN_DIAL_DATA[7]"
COMMENT,,MAIN_DIAL_DATA,"PART DATA $NBARRIER PRINTING STATION",,"MAIN_DIAL_DATA[8]"
COMMENT,,MAIN_DIAL_DATA,"PART DATA $NBAG GLUE STATION",,"MAIN_DIAL_DATA[9]"
COMMENT,,MAIN_DIAL_DATA,"PART DATA PRESS-N-CURE STATION",,"MAIN_DIAL_DATA[10]"
COMMENT,,MAIN_DIAL_DATA,"PART DATA $NVISION INSPECTION STATION",,"MAIN_DIAL_DATA[11]"
COMMENT,,MAIN_DIAL_DATA,"PART DATA$NBAG OFFLOAD STATION",,"MAIN_DIAL_DATA[12]"
COMMENT,,MAIN_DIAL_DATA,"PART DATA$NTEMP LOCATION DURING DATA TRANSFER",,"MAIN_DIAL_DATA[13]"
ALIAS,,MAIN_DIAL_DATA_CLEAR_PB,"HMI PUSH BUTTON$NCLEAR DATA REQUEST$NALL STATIONS ON $NMAIN DIAL","","MAIN_DIAL_DATA_CLEAR_REQ_ARRAY.0","(RADIX := Decimal, ExternalAccess := Read/Write)"
TAG,,MAIN_DIAL_DATA_CLEAR_REQ_ARRAY,"CLEAR DATA REQUEST$NARRAY$NMAIN DIAL$N(BITS ALIASED FROM HMI PUSH BUTTON TAGS)","INT","","(RADIX := Decimal, Constant := false, ExternalAccess := Read/Write)"
COMMENT,,MAIN_DIAL_DATA_CLEAR_REQ_ARRAY,"HMI PUSH BUTTON CLEAR DATA REQUEST ALL STATIONS ON  MAIN DIAL",,"MAIN_DIAL_DATA_CLEAR_REQ_ARRAY.0"
COMMENT,,MAIN_DIAL_DATA_CLEAR_REQ_ARRAY,"HMI PUSH BUTTON CLEAR DATA REQUEST  BARRIER LOAD STATION",,"MAIN_DIAL_DATA_CLEAR_REQ_ARRAY.1"
COMMENT,,MAIN_DIAL_DATA_CLEAR_REQ_ARRAY,"HMI PUSH BUTTON CLEAR DATA REQUEST EMPTY STATION",,"MAIN_DIAL_DATA_CLEAR_REQ_ARRAY.2"
COMMENT,,MAIN_DIAL_DATA_CLEAR_REQ_ARRAY,"HMI PUSH BUTTON CLEAR DATA REQUEST BAG LOAD STATION",,"MAIN_DIAL_DATA_CLEAR_REQ_ARRAY.3"
COMMENT,,MAIN_DIAL_DATA_CLEAR_REQ_ARRAY,"HMI PUSH BUTTON CLEAR DATA REQUEST PREHEAT STATION 1",,"MAIN_DIAL_DATA_CLEAR_REQ_ARRAY.4"
COMMENT,,MAIN_DIAL_DATA_CLEAR_REQ_ARRAY,"HMI PUSH BUTTON CLEAR DATA REQUEST PREHEAT STATION 2",,"MAIN_DIAL_DATA_CLEAR_REQ_ARRAY.5"
COMMENT,,MAIN_DIAL_DATA_CLEAR_REQ_ARRAY,"HMI PUSH BUTTON CLEAR DATA REQUEST BARRIER FORMING STATION",,"MAIN_DIAL_DATA_CLEAR_REQ_ARRAY.6"
COMMENT,,MAIN_DIAL_DATA_CLEAR_REQ_ARRAY,"HMI PUSH BUTTON CLEAR DATA REQUEST BARRIER PUNCH STATION",,"MAIN_DIAL_DATA_CLEAR_REQ_ARRAY.7"
COMMENT,,MAIN_DIAL_DATA_CLEAR_REQ_ARRAY,"HMI PUSH BUTTON CLEAR DATA REQUEST BARRIER PRINTING STATION",,"MAIN_DIAL_DATA_CLEAR_REQ_ARRAY.8"
COMMENT,,MAIN_DIAL_DATA_CLEAR_REQ_ARRAY,"HMI PUSH BUTTON CLEAR DATA REQUEST BAG GLUE STATION",,"MAIN_DIAL_DATA_CLEAR_REQ_ARRAY.9"
COMMENT,,MAIN_DIAL_DATA_CLEAR_REQ_ARRAY,"HMI PUSH BUTTON CLEAR DATA REQUEST PRESS-N-CURE STATION",,"MAIN_DIAL_DATA_CLEAR_REQ_ARRAY.10"
COMMENT,,MAIN_DIAL_DATA_CLEAR_REQ_ARRAY,"HMI PUSH BUTTON CLEAR DATA REQUEST VISION INSPECTION STATION",,"MAIN_DIAL_DATA_CLEAR_REQ_ARRAY.11"
COMMENT,,MAIN_DIAL_DATA_CLEAR_REQ_ARRAY,"HMI PUSH BUTTON CLEAR DATA REQUEST BAG OFFLOAD STATION",,"MAIN_DIAL_DATA_CLEAR_REQ_ARRAY.12"
TAG,,MAIN_DIAL_DATA_SCREEN_PB,"HMI PUSH BUTTON$NGOTO PART DATA SCREEN$NMAIN DIAL","BOOL","","(RADIX := Decimal, Constant := false, ExternalAccess := Read/Write)"
TAG,,MAIN_DIAL_DRV_ACC_PB,"HMI PUSH BUTTON$NDRIVE DRIVE ACCELERATION$NMAIN DIAL","REAL","","(RADIX := Float, Constant := false, ExternalAccess := Read/Write)"
TAG,,MAIN_DIAL_DRV_DEC_PB,"HMI PUSH BUTTON$NDRIVE DRIVE DECELERATION$NMAIN DIAL","REAL","","(RADIX := Float, Constant := false, ExternalAccess := Read/Write)"
TAG,,MAIN_DIAL_DRV_ENABLE_PB,"HMI PUSH BUTTON$NENABLE DRIVE$NMAIN DIAL","BOOL","","(RADIX := Decimal, Constant := false, ExternalAccess := Read/Write)"
TAG,,MAIN_DIAL_DRV_ENABLE_PB_VIS,"HMI VISIBILITY$NDRIVE ENABLE PUSH BUTTON$NMAIN DIAL","BOOL","","(RADIX := Decimal, Constant := false, ExternalAccess := Read/Write)"
ALIAS,,MAIN_DIAL_DRV_FAULT,"DRIVE  FAULTED$NMAIN DIAL","","DRV01.PhysicalAxisFault","(RADIX := Decimal, ExternalAccess := Read/Write)"
TAG,,MAIN_DIAL_DRV_FAULT_PB_VIS,"HMI VISIBILITY$NDRIVE RESET FAULT PUSH BUTTON$NMAIN DIAL","BOOL","","(RADIX := Decimal, Constant := false, ExternalAccess := Read/Write)"
TAG,,MAIN_DIAL_DRV_HOMED,"DRIVE IS HOMED$NMAIN DIAL","BOOL","","(RADIX := Decimal, Constant := false, ExternalAccess := Read/Write)"
ALIAS,,MAIN_DIAL_DRV_HOMED_STATUS,"DRIVE HOMED STATUS$NMAIN DIAL","","DRV01.AxisHomedStatus","(RADIX := Decimal, ExternalAccess := Read/Write)"
TAG,,MAIN_DIAL_DRV_HOME_OFF,"DRIVE HOME $NOFFSET$NMAIN DIAL$N(DO NOT CHANGE AFTER MACHINE SETUP)","REAL","","(RADIX := Float, Constant := false, ExternalAccess := Read/Write)"
TAG,,MAIN_DIAL_DRV_HOME_PB,"HMI PUSH BUTTON$NHOME DRIVE$NMAIN DIAL","BOOL","","(RADIX := Decimal, Constant := false, ExternalAccess := Read/Write)"
TAG,,MAIN_DIAL_DRV_HOME_PB_VIS,"HMI VISIBILITY$NDRIVE HOME PUSH BUTTON$NMAIN DIAL","BOOL","","(RADIX := Decimal, Constant := false, ExternalAccess := Read/Write)"
TAG,,MAIN_DIAL_DRV_HOMING_IND,"HMI INDICATOR$NHOMING IN PROGRESS$NMAIN DIAL","BOOL","","(RADIX := Decimal, Constant := false, ExternalAccess := Read/Write)"
TAG,,MAIN_DIAL_DRV_INDEX_ACC,"INDEX POSITION$NACCELERATION (DEG/S^2)$NMAIN DIAL","REAL","","(RADIX := Float, Constant := false, ExternalAccess := Read/Write)"
TAG,,MAIN_DIAL_DRV_INDEX_DEC,"INDEX POSITION$NDECELERATION (DEG/S^2)$NMAIN DIAL","REAL","","(RADIX := Float, Constant := false, ExternalAccess := Read/Write)"
TAG,,MAIN_DIAL_DRV_INDEX_SPEED,"INDEX POSITION$NSPEED (DEG/SEC)$NMAIN DIAL","REAL","","(RADIX := Float, Constant := false, ExternalAccess := Read/Write)"
ALIAS,,MAIN_DIAL_DRV_MOVING,"DRIVE IS PRESENTLY MOVING STATUS BIT$NMAIN DIAL","","DRV01.MoveStatus","(RADIX := Decimal, ExternalAccess := Read/Write)"
TAG,,MAIN_DIAL_DRV_PB_VIS,"HMI VISIBILITY$NDRIVE PUSH BUTTONS$NMAIN DIAL","BOOL","","(RADIX := Decimal, Constant := false, ExternalAccess := Read/Write)"
ALIAS,,MAIN_DIAL_DRV_READY,"DRIVE ENABLED$NMAIN DIAL","","DRV01.DriveEnableStatus","(RADIX := Decimal, ExternalAccess := Read/Write)"
TAG,,MAIN_DIAL_DRV_RESET_PB,"HMI PUSH BUTTON$NDRIVE RESET SHUTDOWN  & CLEAR FAULTS$NMAIN DIAL","BOOL","","(RADIX := Decimal, Constant := false, ExternalAccess := Read/Write)"
ALIAS,,MAIN_DIAL_DRV_SAFE_TRQ_OFF,"DRIVE SAFE$NTORQUE OFF$NINHIBIT BIT$NMAIN DIAL$N$N0=RUN MODE$N1=INACTIVE","","DRV01.SafeTorqueOffInhibit","(RADIX := Decimal, ExternalAccess := Read/Write)"
ALIAS,,MAIN_DIAL_DRV_SHUTDOWN,"DRIVE SHUTDOWN $NMAIN DIAL","","DRV01.ShutdownStatus","(RADIX := Decimal, ExternalAccess := Read/Write)"
TAG,,MAIN_DIAL_EMPTY,"THERE ARE NO PARTS ON MAIN DIAL","BOOL","","(RADIX := Decimal, Constant := false, ExternalAccess := Read/Write)"
ALIAS,,MAIN_DIAL_HOME_SENSOR,"DRIVE HOME INPUT$NMAIN DIAL$N0=NOTCH PRESENT$N1=BLOCKED","","DRV01.HomeInputStatus","(RADIX := Decimal, ExternalAccess := Read/Write)"
TAG,,MAIN_DIAL_HOMING_COMPLETED,"HOMING ROUTINE COMPLETED$NMAIN DIAL","BOOL","","(RADIX := Decimal, Constant := false, ExternalAccess := Read/Write)"
TAG,,MAIN_DIAL_INDEXING_IND,"HMI INDICATOR$NDRIVE IS INDEXING$NMAIN DIAL","BOOL","","(RADIX := Decimal, Constant := false, ExternalAccess := Read/Write)"
TAG,,MAIN_DIAL_INDEX_DONE,"INDEX DONE$NMAIN DIAL HANDSHAKE TO ALL STATIONS","BOOL","","(RADIX := Decimal, Constant := false, ExternalAccess := Read/Write)"
TAG,,MAIN_DIAL_INDEX_MULTI_COUNTER,"MULTI INDEX$NCOUNTER$NMAIN DIAL","COUNTER","","(Constant := false, ExternalAccess := Read/Write)"
TAG,,MAIN_DIAL_INDEX_MULTI_PB,"HMI PUSH BUTTON$NMULTI INDEX REQUEST$NMAIN DIAL","BOOL","","(RADIX := Decimal, Constant := false, ExternalAccess := Read/Write)"
TAG,,MAIN_DIAL_INDEX_PB,"HMI PUSH BUTTON$NINDEX DRIVE$NMAIN DIAL","BOOL","","(RADIX := Decimal, Constant := false, ExternalAccess := Read/Write)"
TAG,,MAIN_DIAL_IN_POSITION,"MAIN DIAL IS IN POSITION AND READY FOR PROCESSING$NMAIN DIAL","BOOL","","(RADIX := Decimal, Constant := false, ExternalAccess := Read/Write)"
TAG,,MAIN_DIAL_MULTI_INDEX_PB_VIS,"HMI VISIBILITY$NMULTI INDEX PUSH BUTTON$NMAIN DIAL","BOOL","","(RADIX := Decimal, Constant := false, ExternalAccess := Read/Write)"
TAG,,MAIN_DIAL_REG_HOME_OFF,"DRIVE HOME REGISTRATION$NOFFSET$NMAIN DIAL","REAL","","(RADIX := Float, Constant := false, ExternalAccess := Read/Write)"
TAG,,MAIN_DIAL_SCREEN_PB,"HMI PUSH BUTTON$NGOTO MAIN DIAL$NSCREEN","BOOL","","(RADIX := Decimal, Constant := false, ExternalAccess := Read/Write)"
TAG,,MAIN_DIAL_SHIFT_DATA,"SHIFT THE  PART DATA$NMAIN DIAL","BOOL","","(RADIX := Decimal, Constant := false, ExternalAccess := Read/Write)"
TAG,,MAIN_DIAL_VAC_ADJ_PRESSURE,"VACUUM SUPPLY PRESSURE$NOPERATOR ADJUSTMENT$NMAIN DIAL","REAL","","(RADIX := Float, Constant := false, ExternalAccess := Read/Write)"
TAG,,MAIN_DIAL_VAC_ALL_PB,"HMI PUSH BUTTON$NTURN ON ALL VACUUMS$NMAIN DIAL","BOOL","","(RADIX := Decimal, Constant := false, ExternalAccess := Read/Write)"
TAG,,MAIN_DIAL_VAC_PB,"VACUUM CONTROL ARRAY FOR HMI$NMAIN DIAL","DINT[1]","","(RADIX := Decimal, Constant := false, ExternalAccess := Read/Write)"
COMMENT,,MAIN_DIAL_VAC_PB,"VACUUM CONTROL ARRAY FOR HMI$NMAIN DIAL",,"MAIN_DIAL_VAC_PB[0]"
COMMENT,,MAIN_DIAL_VAC_PB,"USED FOR VACUUM CONTROL ARRAY BIT SHIFT $NTEMP LOCATION ONLY$NMAIN DIAL",,"MAIN_DIAL_VAC_PB[0].0"
COMMENT,,MAIN_DIAL_VAC_PB,"VACUUM CONTROL LOCATION ON MAIN DIAL FOR HMI$NBARRIER LOAD STATION",,"MAIN_DIAL_VAC_PB[0].1"
COMMENT,,MAIN_DIAL_VAC_PB,"VACUUM CONTROL LOCATION ON MAIN DIAL FOR HMI$NEMPTY STATION",,"MAIN_DIAL_VAC_PB[0].2"
COMMENT,,MAIN_DIAL_VAC_PB,"VACUUM CONTROL LOCATION ON MAIN DIAL FOR HMI$NBAG LOAD STATION",,"MAIN_DIAL_VAC_PB[0].3"
COMMENT,,MAIN_DIAL_VAC_PB,"VACUUM CONTROL LOCATION ON MAIN DIAL FOR HMI BARRIER PREHEAT STATION 1",,"MAIN_DIAL_VAC_PB[0].4"
COMMENT,,MAIN_DIAL_VAC_PB,"VACUUM CONTROL LOCATION ON MAIN DIAL FOR HMI BARRIER PREHEAT STATION 2",,"MAIN_DIAL_VAC_PB[0].5"
COMMENT,,MAIN_DIAL_VAC_PB,"VACUUM CONTROL LOCATION ON MAIN DIAL FOR HMI BARRIER FORMING STATION",,"MAIN_DIAL_VAC_PB[0].6"
COMMENT,,MAIN_DIAL_VAC_PB,"VACUUM CONTROL LOCATION ON MAIN DIAL FOR HMI BARRIER PUNCH STATION",,"MAIN_DIAL_VAC_PB[0].7"
COMMENT,,MAIN_DIAL_VAC_PB,"VACUUM CONTROL LOCATION ON MAIN DIAL FOR HMI BARRIER PRINTING STATION",,"MAIN_DIAL_VAC_PB[0].8"
COMMENT,,MAIN_DIAL_VAC_PB,"VACUUM CONTROL LOCATION ON MAIN DIAL FOR HMI BAG GLUE STATION",,"MAIN_DIAL_VAC_PB[0].9"
COMMENT,,MAIN_DIAL_VAC_PB,"VACUUM CONTROL LOCATION ON MAIN DIAL FOR HMI BARRIER PRESS-N-CURE STATION",,"MAIN_DIAL_VAC_PB[0].10"
COMMENT,,MAIN_DIAL_VAC_PB,"VACUUM CONTROL LOCATION ON MAIN DIAL FOR HMI VISION INSPECTION STATION",,"MAIN_DIAL_VAC_PB[0].11"
COMMENT,,MAIN_DIAL_VAC_PB,"VACUUM CONTROL LOCATION ON MAIN DIAL FOR HMI$NBAG OFFLOAD STATION",,"MAIN_DIAL_VAC_PB[0].12"
TAG,,MAIN_DIAL_VAC_PRESSURE_MAX,"MAX ALLOWABLE PRESSURE (PSI)$N$RMAIN DIAL$NHMI DISPLAY","REAL","","(RADIX := Float, Constant := false, ExternalAccess := Read/Write)"
TAG,,MAIN_DIAL_VAC_PRESSURE_MIN,"MIN ALLOWABLE PRESSURE (PSI)$NMAIN DIAL$NHMI DISPLAY","REAL","","(RADIX := Float, Constant := false, ExternalAccess := Read/Write)"
TAG,,MAIN_DIAL_VAC_PRESSURE_OK,"PRESSURE WITHIN TOLERANCE $NMAIN DIAL VACUUM","BOOL","","(RADIX := Decimal, Constant := false, ExternalAccess := Read/Write)"
TAG,,MAIN_DIAL_VAC_PRESSURE_RECIPE_SP,"RECIPE VACUUM SUPPLY PRESSURE (PSI)$NMAIN DIAL","REAL","","(RADIX := Float, Constant := false, ExternalAccess := Read/Write)"
TAG,,MAIN_DIAL_VAC_PRESSURE_SP_AUTO_DISPLAY,"PRESSURE (PSI)$NSET POINT$NDURING AUTO$NMAIN DIAL VACUUM$NHMI DISPLAY","REAL","","(RADIX := Float, Constant := false, ExternalAccess := Read/Write)"
TAG,,MAIN_DIAL_VAC_PRESSURE_SP_MAN_DISPLAY,"PRESSURE (PSI)$NSET POINT$NDURING MANUAL$NMAIN DIAL VACUUM$NHMI DISPLAY","REAL","","(RADIX := Float, Constant := false, ExternalAccess := Read/Write)"
TAG,,MAIN_DIAL_VAC_PRES_SCALE_PAR,"PNEUMATIC SCALING PARAMTERS$NMAIN DIAL VACUUM","LINEAR_IN_OUT_SCALE_PARAM","","(Constant := false, ExternalAccess := Read/Write)"
TAG,,MAJOR_FAULT,"MAJOR FAULT ARRAY","BOOL[32]","","(RADIX := Decimal, Constant := false, ExternalAccess := Read/Write)"
COMMENT,,MAJOR_FAULT,"MAJOR FAULT$NMAIN DIAL",,"MAJOR_FAULT[1]"
COMMENT,,MAJOR_FAULT,"MAJOR FAULT$NBARRIER INFEED MAGAZINE",,"MAJOR_FAULT[2]"
COMMENT,,MAJOR_FAULT,"MAJOR FAULT$NBARRIER INFEED ELEVATOR",,"MAJOR_FAULT[3]"
COMMENT,,MAJOR_FAULT,"MAJOR FAULT$NBARRIER PRESS-N-CURE STATION",,"MAJOR_FAULT[4]"
COMMENT,,MAJOR_FAULT,"MAJOR FAULT$NBARRIER PICK-N-PLACE/ $NCORONA TREAT",,"MAJOR_FAULT[5]"
COMMENT,,MAJOR_FAULT,"MAJOR FAULT$NINFEED CONVEYOR",,"MAJOR_FAULT[7]"
COMMENT,,MAJOR_FAULT,"MAJOR FAULT$NOFFLOAD CONVEYOR",,"MAJOR_FAULT[9]"
COMMENT,,MAJOR_FAULT,"MAJOR FAULT$NBAG GLUE STATION",,"MAJOR_FAULT[10]"
COMMENT,,MAJOR_FAULT,"MAJOR FAULT$NBAG LOAD STATION",,"MAJOR_FAULT[12]"
COMMENT,,MAJOR_FAULT,"MAJOR FAULT$NBARRIER PREHEAT STATION 1",,"MAJOR_FAULT[13]"
COMMENT,,MAJOR_FAULT,"MAJOR FAULT$N BARRIER PREHEAT STATION 2",,"MAJOR_FAULT[14]"
COMMENT,,MAJOR_FAULT,"MAJOR FAULT$NBARRIER FORMING STATION",,"MAJOR_FAULT[15]"
COMMENT,,MAJOR_FAULT,"MAJOR FAULT$NBARRIER PUNCH STATION",,"MAJOR_FAULT[16]"
COMMENT,,MAJOR_FAULT,"MAJOR FAULT$NBARRIER PRINTING STATION",,"MAJOR_FAULT[17]"
COMMENT,,MAJOR_FAULT,"MAJOR FAULT$NVISION INSPECTION STATION",,"MAJOR_FAULT[18]"
COMMENT,,MAJOR_FAULT,"MAJOR FAULT$NBAG OFFLOAD STATION",,"MAJOR_FAULT[19]"
COMMENT,,MAJOR_FAULT,"MAJOR FAULT$NBARRIER LOAD STATION",,"MAJOR_FAULT[20]"
COMMENT,,MAJOR_FAULT,"MAJOR FAULT$NBAG LOAD ROBOT (R1)",,"MAJOR_FAULT[21]"
COMMENT,,MAJOR_FAULT,"MAJOR FAULT$NBARRIER LOAD ROBOT (R2)",,"MAJOR_FAULT[22]"
COMMENT,,MAJOR_FAULT,"MAJOR FAULT$NBARRIER LIGHT TABLE",,"MAJOR_FAULT[23]"
COMMENT,,MAJOR_FAULT,"MAJOR FAULT$NBAG OFFLOAD ROBOT (R3)",,"MAJOR_FAULT[30]"
COMMENT,,MAJOR_FAULT,"MAJOR FAULT$NINKJET PRINTING STATION",,"MAJOR_FAULT[31]"
TAG,,MAN01_ANALOG_SETUP_COUNTER,"SETUP SEQUENCE CONTROL VARIABLE$NANALOG MODULE$NMANIFOLD 01$NCELL","COUNTER","","(Constant := false, ExternalAccess := Read/Write)"
TAG,,MAN01_ANALOG_SETUP_SOURCE_ELEMENT,"INPUT/OUTPUT$NANALOG MODULE$NMESSAGE SOURCE WORD$NMANIFOLD 01$NCELL","DINT","","(RADIX := Decimal, Constant := false, ExternalAccess := Read/Write)"
TAG,,MAN01_ETHERNET_COMMS_OK,"ETHERNET COMMS OK$NMANIFOLD #1","BOOL","","(RADIX := Decimal, Constant := false, ExternalAccess := Read/Write)"
TAG,,MAN01_LOAD_ANALOG_MAN_SET_PB,"HMI PUSH BUTTON$NLOAD ANALOG MANIFOLD SETTINGS$NMANIFOLD 01$NCELL","BOOL","","(RADIX := Decimal, Constant := false, ExternalAccess := Read/Write)"
TAG,,MAN01_LOAD_ANALOG_MAN_SET_PB_VIS,"HMI PUSH BUTTON$NVISIBILITY$NLOAD ANALOG MANIFOLD SETTINGS$NMANIFOLD 01$NCELL","BOOL","","(RADIX := Decimal, Constant := false, ExternalAccess := Read/Write)"
TAG,,MAN02_ANALOG_SETUP_COUNTER,"ANALOG SETUP COUNTER$NMANIFOLD 02$NCELL","COUNTER","","(Constant := false, ExternalAccess := Read/Write)"
TAG,,MAN02_ANALOG_SETUP_SOURCE_ELEMENT,"INPUT/OUTPUT$NANALOG MODULE$NMESSAGE SOURCE WORD$NMANIFOLD 02$NCELL","DINT","","(RADIX := Decimal, Constant := false, ExternalAccess := Read/Write)"
TAG,,MAN02_ETHERNET_COMMS_OK,"ETHERNET COMMS OK$NMANIFOLD #2","BOOL","","(RADIX := Decimal, Constant := false, ExternalAccess := Read/Write)"
TAG,,MAN02_LOAD_ANALOG_MAN_SET_PB,"HMI PUSH BUTTON$NLOAD ANALOG MANIFOLD SETTINGS$NMANIFOLD 02$NCELL","BOOL","","(RADIX := Decimal, Constant := false, ExternalAccess := Read/Write)"
TAG,,MAN02_LOAD_ANALOG_MAN_SET_PB_VIS,"HMI PUSH BUTTON$NVISIBILITY$NLOAD ANALOG MANIFOLD SETTINGS$NMANIFOLD 02$NCELL","BOOL","","(RADIX := Decimal, Constant := false, ExternalAccess := Read/Write)"
TAG,,MAN03_ETHERNET_COMMS_OK,"ETHERNET COMMS OK$NMANIFOLD #3","BOOL","","(RADIX := Decimal, Constant := false, ExternalAccess := Read/Write)"
TAG,,MAN04_ANALOG_SETUP_COUNTER,"ANALOG SETUP COUNTER$NMANIFOLD 04$NCELL","COUNTER","","(Constant := false, ExternalAccess := Read/Write)"
TAG,,MAN04_ANALOG_SETUP_SOURCE_ELEMENT,"INPUT/OUTPUT$NANALOG MODULE$NMESSAGE SOURCE WORD$NMANIFOLD 04$NCELL","DINT","","(RADIX := Decimal, Constant := false, ExternalAccess := Read/Write)"
TAG,,MAN04_ETHERNET_COMMS_OK,"ETHERNET COMMS OK$NMANIFOLD 04$NCELL","BOOL","","(RADIX := Decimal, Constant := false, ExternalAccess := Read/Write)"
TAG,,MAN04_LOAD_ANALOG_MAN_SET_PB,"HMI PUSH BUTTON$NLOAD ANALOG MANIFOLD SETTINGS$NMANIFOLD 04$NCELL","BOOL","","(RADIX := Decimal, Constant := false, ExternalAccess := Read/Write)"
TAG,,MAN04_LOAD_ANALOG_MAN_SET_PB_VIS,"HMI PUSH BUTTON$NVISIBILITY$NLOAD ANALOG MANIFOLD SETTINGS$NMANIFOLD 04$NCELL","BOOL","","(RADIX := Decimal, Constant := false, ExternalAccess := Read/Write)"
TAG,,METRIC_MACHINE,"CELL IS A METRIC MEASUREMENT MACHINE$NCELL","BOOL","","(RADIX := Decimal, Constant := false, ExternalAccess := Read/Write)"
TAG,,NL_TEST,"NATHAN LODL TEST BITS","DINT","","(RADIX := Decimal, Constant := false, ExternalAccess := Read/Write)"
COMMENT,,NL_TEST,"Recipe Bypass",,"NL_TEST.3"
COMMENT,,NL_TEST,"INKJET HOMING BYPASS",,"NL_TEST.30"
COMMENT,,NL_TEST,"BARRIER MAGAZINE AND ELEVATOR HOMING BYPASS",,"NL_TEST.31"
TAG,,OFFLOAD_CONV_BAG_REQ,"FINISHED BAG ASSY PLACE REQUEST$NFROM BAG OFFLOAD CONVEYOR TO$NBAG OFFLOAD ROBOT (R3)","BOOL","","(RADIX := Decimal, Constant := false, ExternalAccess := Read/Write)"
ALIAS,,OFFLOAD_CONV_DRV_FAULT,"DRIVE FAULTED$NOFFLOAD CONVEYOR","","DRV09:I.Faulted","(RADIX := Decimal, ExternalAccess := Read/Write)"
TAG,,OFFLOAD_CONV_DRV_FAULT_PB_VIS,"HMI VISIBILITY$NDRIVE FAULT RESET PUSH BUTTON$NOFFLOAD CONVEYOR","BOOL","","(RADIX := Decimal, Constant := false, ExternalAccess := Read/Write)"
ALIAS,,OFFLOAD_CONV_DRV_READY,"DRIVE READY$NOFFLOAD CONVEYOR","","DRV09:I.Ready","(RADIX := Decimal, ExternalAccess := Read/Write)"
TAG,,OFFLOAD_CONV_DRV_RESET_PB,"HMI PUSH BUTTON$NRESET DRIVE$NOFFLOAD CONVEYOR","BOOL","","(RADIX := Decimal, Constant := false, ExternalAccess := Read/Write)"
TAG,,OFFLOAD_CONV_GOOD_PARTS,"GOOD PARTS PLACED ON OFFLOAD CONVEYOR","DINT","","(RADIX := Decimal, Constant := false, ExternalAccess := Read/Write)"
TAG,,OFFLOAD_CONV_INDEX_LEN_RECIPE,"INDEX LENGTH (MM)$NFROM RECIPE$NOFFLOAD CONVEYOR","REAL","","(RADIX := Float, Constant := false, ExternalAccess := Read/Write)"
TAG,,OFFLOAD_CONV_INDEX_LEN_RECIPE_LOADED,"INDEX LENGTH (MM)$NLOADED FROM RECIPE$NOFFLOAD CONVEYOR","REAL","","(RADIX := Float, Constant := false, ExternalAccess := Read/Write)"
TAG,,OFFLOAD_CONV_INDEX_SCALE_FACTOR,"INDEX SCALE FACTOR$NOFFLOAD CONVEYOR","REAL","","(RADIX := Float, Constant := false, ExternalAccess := Read/Write)"
TAG,,OFFLOAD_CONV_JOG_SPEED_HZ,"JOG SPEED (HZ)$NOFFLOAD CONVEYOR","INT","","(RADIX := Decimal, Constant := false, ExternalAccess := Read/Write)"
TAG,,OFFLOAD_CONV_MAN_RUN_PB_VIS,"HMI INDEX BUTTON VISIBILITY$NFOR RUNNING MANUALLY$NOFFLOAD CONVEYOR","BOOL","","(RADIX := Decimal, Constant := false, ExternalAccess := Read/Write)"
TAG,,OFFLOAD_CONV_MOVING_FORWARD,"HMI ANIMATION$NFORWARD DIRECTION$NOFFLOAD CONVEYOR","BOOL","","(RADIX := Decimal, Constant := false, ExternalAccess := Read/Write)"
TAG,,OFFLOAD_CONV_RUN_FORWARD_FAST_PB,"HMI PUSH BUTTON$NRUN DRIVE FAST$NOFFLOAD CONVEYOR","BOOL","","(RADIX := Decimal, Constant := false, ExternalAccess := Read/Write)"
TAG,,OFFLOAD_CONV_RUN_FORWARD_PB,"HMI PUSH BUTTON$NRUN DRIVE$NOFFLOAD CONVEYOR","BOOL","","(RADIX := Decimal, Constant := false, ExternalAccess := Read/Write)"
TAG,,OFFLOAD_CONV_SCREEN_PB,"HMI PUSH BUTTON$NGOTO OFFLOAD CONVEYOR SCREEN","BOOL","","(RADIX := Decimal, Constant := false, ExternalAccess := Read/Write)"
TAG,,OFFLOAD_CONV_SPEED_HZ,"SPEED (HZ)$NFROM RECIPE$NOFFLOAD CONVEYOR","INT","","(RADIX := Decimal, Constant := false, ExternalAccess := Read/Write)"
TAG,,OFFLOAD_CONV_STACK_COUNT,"FINISHED PART PLACE COUNT ON CURRENT STACK$NOFFLOAD CONVEYOR","COUNTER","","(Constant := false, ExternalAccess := Read/Write)"
TAG,,OFFLOAD_CONV_STACK_SIZE_RECIPE,"FINISHED PART$NSTACK SIZE FROM RECIPE$NOFFLOAD CONVEYOR","INT","","(RADIX := Decimal, Constant := false, ExternalAccess := Read/Write)"
TAG,,OFFLOAD_CONV_STACK_SIZE_RECIPE_LOADED,"FINISHED PART$NSTACK SIZE LOADED FROM RECIPE$NOFFLOAD CONVEYOR","INT","","(RADIX := Decimal, Constant := false, ExternalAccess := Read/Write)"
TAG,,ONS_ARRAY,"ONE SHOT ARRAY","BOOL[32]","","(RADIX := Decimal, Constant := false, ExternalAccess := Read/Write)"
COMMENT,,ONS_ARRAY,"ONS",,"ONS_ARRAY[0]"
TAG,,PNC_ABORT_INDEX_PB,"HMI PUSH BUTTON$NSTOP DRIVE$NBARRIER PRESS-N-CURE STATION","BOOL","","(RADIX := Decimal, Constant := false, ExternalAccess := Read/Write)"
TAG,,PNC_ACTIVE_RECIPE,"ACTIVE IN RECIPE$NBARRIER PRESS-N-CURE STATION","BOOL","","(RADIX := Decimal, Constant := false, ExternalAccess := Read/Write)"
TAG,,PNC_ACTIVE_RECIPE_LOADED,"ACTIVE IN RECIPE$NAFTER RECIPE DOWNLOAD$NBARRIER PRESS-N-CURE STATION","BOOL","","(RADIX := Decimal, Constant := false, ExternalAccess := Read/Write)"
TAG,,PNC_ADJ_PRESSURE,"HMI OFFSET$NPRESSURE (PSI) ADJUSTMENT$NBARRIER PRESS-N-CURE$NSTATION","REAL","","(RADIX := Float, Constant := false, ExternalAccess := Read/Write)"
TAG,,PNC_BAG_TAIL_REJECT_CNT,"FAILURE COUNT FOR BAG TAIL NOT PRESENT$NBARRIER PRESS-N-CURE STATION","COUNTER","","(Constant := false, ExternalAccess := Read/Write)"
TAG,,PNC_BAG_TAIL_REJECT_MULT_CNT,"FAILURE COUNT $NMULTIPLE TIMES FOR BAG TAIL NOT PRESENT$NBARRIER PRESS-N-CURE STATION","COUNTER","","(Constant := false, ExternalAccess := Read/Write)"
TAG,,PNC_BARRIER_AT_CURE,"BARRIER ON PICK HEAD$NAT CURE LOCATION$NBARRIER PRESS-N-CURE STATION","BOOL","","(RADIX := Decimal, Constant := false, ExternalAccess := Read/Write)"
TAG,,PNC_BARRIER_AT_PICK,"BARRIER ON PICK HEAD$NAT CURE LOCATION$NBARRIER PRESS-N-CURE STATION","BOOL","","(RADIX := Decimal, Constant := false, ExternalAccess := Read/Write)"
TAG,,PNC_BARRIER_ON_SIDE_1_AT_CURE,"BARRIER ON SIDE 1 OF PICK HEAD$NAT CURE LOCATION$NBARRIER PRESS-N-CURE STATION","BOOL","","(RADIX := Decimal, Constant := false, ExternalAccess := Read/Write)"
TAG,,PNC_BARRIER_ON_SIDE_1_AT_PICK,"BARRIER ON SIDE 1 OF PICK HEAD$NAT PICK LOCATION$NBARRIER PRESS-N-CURE STATION","BOOL","","(RADIX := Decimal, Constant := false, ExternalAccess := Read/Write)"
TAG,,PNC_BARRIER_ON_SIDE_2_AT_CURE,"BARRIER ON SIDE 2 OF PICK HEAD$NAT CURE LOCATION$NBARRIER PRESS-N-CURE STATION","BOOL","","(RADIX := Decimal, Constant := false, ExternalAccess := Read/Write)"
TAG,,PNC_BARRIER_ON_SIDE_2_AT_PICK,"BARRIER ON SIDE 2 OF PICK HEAD$NAT PICK LOCATION$NBARRIER PRESS-N-CURE STATION","BOOL","","(RADIX := Decimal, Constant := false, ExternalAccess := Read/Write)"
TAG,,PNC_BARRIER_PICKED,"BARRIER ON $NONE OF PICK HEADS$NAT CORRECT LOCATION$NBARRIER PRESS-N-CURE STATION","BOOL","","(RADIX := Decimal, Constant := false, ExternalAccess := Read/Write)"
TAG,,PNC_BARRIER_READY_FOR_GLUE,"BARRIER AVAILABLE FOR BAG AT GLUE STATION$NBARRIER PRESS-N-CURE STATION","BOOL","","(RADIX := Decimal, Constant := false, ExternalAccess := Read/Write)"
TAG,,PNC_BYPASS_ANIMATION,"ANIMIATION FOR HMI$NBYPASS STATUS$NBARRIER PRESS-N-CURE STATION","BOOL","","(RADIX := Decimal, Constant := false, ExternalAccess := Read/Write)"
TAG,,PNC_CLEAR_TO_INDEX,"CLEAR TO INDEX BARRIER PRESS-N-CURE STATION","BOOL","","(RADIX := Decimal, Constant := false, ExternalAccess := Read/Write)"
TAG,,PNC_CTR_BAG_TAIL,"HMI ANIMATION$NFAILED BAG TAIL NOT PRESENT$NBARRIER PRESS-N-CURE STATION$N0=GREEN$N1=YELLOW$N2=RED","DINT","","(RADIX := Decimal, Constant := false, ExternalAccess := Read/Write)"
TAG,,PNC_CTR_OPEN_TIME,"HMI ANIMATION$NFAILED EXCEEDING OPEN TIME$NBARRIER PRESS-N-CURE STATION$N0=GREEN$N1=YELLOW$N2=RED","INT","","(RADIX := Decimal, Constant := false, ExternalAccess := Read/Write)"
TAG,,PNC_CTR_PRESSURE,"HMI ANIMATION$NFAILED PRESSURE FAILURE$NBARRIER PRESS-N-CURE STATION$N0=GREEN$N1=YELLOW$N2=RED","INT","","(RADIX := Decimal, Constant := false, ExternalAccess := Read/Write)"
TAG,,PNC_CURE_CYCLE_PB,"HMI PUSH BUTTON$NRUN CURE CYCLE$NBARRIER PRESS-N-CURE STATION","BOOL","","(RADIX := Decimal, Constant := false, ExternalAccess := Read/Write)"
TAG,,PNC_CURE_TIME_RECIPE,"CURE TIME$NFROM RECIPE$NBARRIER PRESS-N-CURE STATION","INT","","(RADIX := Decimal, Constant := false, ExternalAccess := Read/Write)"
TAG,,PNC_CUR_POS_HMI,"HMI$NCURRENT POSITION$NBARRIER PRESS-N-CURE","DINT","","(RADIX := Decimal, Constant := false, ExternalAccess := Read/Write)"
TAG,,PNC_CYCLE_PB_VIS,"HMI ANIMATION$NVISIBILITY$NFOR CYCLE BUTTONS$NBARRIER PRESS-N-CURE STATION","BOOL","","(RADIX := Decimal, Constant := false, ExternalAccess := Read/Write)"
ALIAS,,PNC_DATA_BAG_LOADED,"BAG LOADED$NMAIN DIAL PART DATA STREAM$NPRESS-N-CURE STATION","","MAIN_DIAL_DATA[10].BAG_LOADED","(RADIX := Decimal, ExternalAccess := Read/Write)"
ALIAS,,PNC_DATA_BAG_REJECT,"BAG REJECTED$NMAIN DIAL PART DATA STREAM$NPRESS-N-CURE STATION","","MAIN_DIAL_DATA[10].BAG_REJECT","(RADIX := Decimal, ExternalAccess := Read/Write)"
ALIAS,,PNC_DATA_BAR_LOADED,"BARRIER LOADED$NMAIN DIAL PART DATA STREAM$NPRESS-N-CURE STATION","","MAIN_DIAL_DATA[10].BARRIER_LOADED","(RADIX := Decimal, ExternalAccess := Read/Write)"
ALIAS,,PNC_DATA_BAR_REJECT,"BARRIER REJECTED$NMAIN DIAL PART DATA STREAM$NPRESS-N-CURE STATION","","MAIN_DIAL_DATA[10].BARRIER_REJECT","(RADIX := Decimal, ExternalAccess := Read/Write)"
ALIAS,,PNC_DATA_CLEAR_PB,"HMI PUSH BUTTON$NCLEAR DATA REQUEST$NPRESS-N-CURE STATION","","MAIN_DIAL_DATA_CLEAR_REQ_ARRAY.10","(RADIX := Decimal, ExternalAccess := Read/Write)"
ALIAS,,PNC_DATA_EMPTY_LAST_BAG,"LAST BAG REQUEST FOR CELL EMPTY$NMAIN DIAL PART DATA STREAM$NPRESS-N-CURE STATION","","MAIN_DIAL_DATA[10].CELL_EMPTY_LAST_BAG","(RADIX := Decimal, ExternalAccess := Read/Write)"
ALIAS,,PNC_DATA_FORMING_COMPLETE,"FORMING STATION COMPLETE$NMAIN DIAL PART DATA STREAM$NPRESS-N-CURE STATION","","MAIN_DIAL_DATA[10].FORMING_COMPLETE","(RADIX := Decimal, ExternalAccess := Read/Write)"
ALIAS,,PNC_DATA_FORMING_PRESS_OK,"FORMING STATION PRESSURE OK$NMAIN DIAL PART DATA STREAM$NPRESS-N-CURE STATION","","MAIN_DIAL_DATA[10].FORMING_PRESSURE_OK","(RADIX := Decimal, ExternalAccess := Read/Write)"
ALIAS,,PNC_DATA_FORMING_STARTED,"FORMING STATION STARTED$NMAIN DIAL PART DATA STREAM$NPRESS-N-CURE STATION","","MAIN_DIAL_DATA[10].FORMING_STARTED","(RADIX := Decimal, ExternalAccess := Read/Write)"
ALIAS,,PNC_DATA_GLUE_COMPLETE,"BAG GLUE STATION COMPLETED$NMAIN DIAL PART DATA STREAM$NPRESS-N-CURE STATION","","MAIN_DIAL_DATA[10].BAG_GLUE_COMPLETE","(RADIX := Decimal, ExternalAccess := Read/Write)"
ALIAS,,PNC_DATA_GLUE_OPEN_REJECT,"BAG GLUE STATION OPEN TIME REJECT$NMAIN DIAL PART DATA STREAM$NPRESS-N-CURE STATION","","MAIN_DIAL_DATA[10].BAG_GLUE_OPEN_TIME_REJECT","(RADIX := Decimal, ExternalAccess := Read/Write)"
ALIAS,,PNC_DATA_GLUE_PRESS_OK,"BAG GLUE STATION PRESSURE OK$NMAIN DIAL PART DATA STREAM$NPRESS-N-CURE STATION","","MAIN_DIAL_DATA[10].BAG_GLUE_PRESSURE_OK","(RADIX := Decimal, ExternalAccess := Read/Write)"
ALIAS,,PNC_DATA_GLUE_STARTED,"BAG GLUE STATION STARTED$NMAIN DIAL PART DATA STREAM$NPRESS-N-CURE STATION","","MAIN_DIAL_DATA[10].BAG_GLUE_STARTED","(RADIX := Decimal, ExternalAccess := Read/Write)"
ALIAS,,PNC_DATA_INKJET_COMPLETE,"INKJET STATION COMPLETED MAIN DIAL PART DATA STREAM PRESS-N-CURE STATION","","MAIN_DIAL_DATA[10].INKJET_COMPLETE","(RADIX := Decimal, ExternalAccess := Read/Write)"
ALIAS,,PNC_DATA_INKJET_STARTED,"INKJET STATION STARTED$NMAIN DIAL PART DATA STREAM$NPRESS-N-CURE STATION","","MAIN_DIAL_DATA[10].INKJET_STARTED","(RADIX := Decimal, ExternalAccess := Read/Write)"
ALIAS,,PNC_DATA_PNC_COMPLETE,"PRESS-N-CURE STATION COMPLETED$NMAIN DIAL PART DATA STREAM$NPRESS-N-CURE STATION","","MAIN_DIAL_DATA[10].BAG_CURE_COMPLETE","(RADIX := Decimal, ExternalAccess := Read/Write)"
ALIAS,,PNC_DATA_PNC_PRESS_OK,"PRESS-N-CURE STATION PRESSURE OK$NMAIN DIAL PART DATA STREAM$NPRESS-N-CURE STATION","","MAIN_DIAL_DATA[10].BAG_CURE_PRESSURE_OK","(RADIX := Decimal, ExternalAccess := Read/Write)"
ALIAS,,PNC_DATA_PNC_STARTED,"PRESS-N-CURE STATION STARTED$NMAIN DIAL PART DATA STREAM$NPRESS-N-CURE STATION","","MAIN_DIAL_DATA[10].BAG_CURE_STARTED","(RADIX := Decimal, ExternalAccess := Read/Write)"
ALIAS,,PNC_DATA_POS_BAG_REJECT,"POSITION BAG WAS REJECTED$NMAIN DIAL PART DATA STREAM$NPRESS-N-CURE STATION","","MAIN_DIAL_DATA[10].STATION_POS_REJECT_BAG","(RADIX := Decimal, ExternalAccess := Read/Write)"
ALIAS,,PNC_DATA_POS_BAR_REJECT,"POSITION BARRIER WAS REJECTED$NMAIN DIAL PART DATA STREAM$NPRESS-N-CURE STATION","","MAIN_DIAL_DATA[10].STATION_POS_REJECT_BARRIER","(RADIX := Decimal, ExternalAccess := Read/Write)"
ALIAS,,PNC_DATA_PREHEAT1_COMPLETE,"PREHEAT STATION 1 COMPLETE$NMAIN DIAL PART DATA STREAM$NPRESS-N-CURE STATION","","MAIN_DIAL_DATA[10].PREHEAT1_COMPLETE","(RADIX := Decimal, ExternalAccess := Read/Write)"
ALIAS,,PNC_DATA_PREHEAT1_LOW_TEMP_OK,"PREHEAT STATION 1 LOWER TEMP OK$NMAIN DIAL PART DATA STREAM$NPRESS-N-CURE STATION","","MAIN_DIAL_DATA[10].PREHEAT1_LOW_TEMP_OK","(RADIX := Decimal, ExternalAccess := Read/Write)"
ALIAS,,PNC_DATA_PREHEAT1_STARTED,"PREHEAT STATION 1 STARTED$NMAIN DIAL PART DATA STREAM$NBARRIER PRESS-N-CURE STATION","","MAIN_DIAL_DATA[10].PREHEAT1_STARTED","(RADIX := Decimal, ExternalAccess := Read/Write)"
ALIAS,,PNC_DATA_PREHEAT1_UP_TEMP_OK,"PREHEAT STATION 1 UPPER TEMP OK$NMAIN DIAL PART DATA STREAM$NPRESS-N-CURE STATION","","MAIN_DIAL_DATA[10].PREHEAT1_UP_TEMP_OK","(RADIX := Decimal, ExternalAccess := Read/Write)"
ALIAS,,PNC_DATA_PREHEAT2_COMPLETE,"PREHEAT STATION 2 COMPLETE$NMAIN DIAL PART DATA STREAM$NPRESS-N-CURE STATION","","MAIN_DIAL_DATA[10].PREHEAT2_COMPLETE","(RADIX := Decimal, ExternalAccess := Read/Write)"
ALIAS,,PNC_DATA_PREHEAT2_LOW_TEMP_OK,"PREHEAT STATION 2 LOWER TEMP OK$NMAIN DIAL PART DATA STREAM$NPRESS-N-CURE STATION","","MAIN_DIAL_DATA[10].PREHEAT2_LOW_TEMP_OK","(RADIX := Decimal, ExternalAccess := Read/Write)"
ALIAS,,PNC_DATA_PREHEAT2_STARTED,"PREHEAT STATION 2 STARTED$NMAIN DIAL PART DATA STREAM$NBARRIER PRESS-N-CURE STATION","","MAIN_DIAL_DATA[10].PREHEAT2_STARTED","(RADIX := Decimal, ExternalAccess := Read/Write)"
ALIAS,,PNC_DATA_PREHEAT2_UP_TEMP_OK,"PREHEAT STATION 2 UPPER TEMP OK$NMAIN DIAL PART DATA STREAM$NPRESS-N-CURE STATION","","MAIN_DIAL_DATA[10].PREHEAT2_UP_TEMP_OK","(RADIX := Decimal, ExternalAccess := Read/Write)"
ALIAS,,PNC_DATA_PRINT_COMPLETE,"PRINTING STATION COMPLETED$NMAIN DIAL PART DATA STREAM$NPRESS-N-CURE STATION","","MAIN_DIAL_DATA[10].PRINT_COMPLETE","(RADIX := Decimal, ExternalAccess := Read/Write)"
ALIAS,,PNC_DATA_PRINT_STARTED,"PRINTING STATION STARTED$NMAIN DIAL PART DATA STREAM$NPRESS-N-CURE STATION","","MAIN_DIAL_DATA[10].PRINT_STARTED","(RADIX := Decimal, ExternalAccess := Read/Write)"
ALIAS,,PNC_DATA_PUNCH_COMPLETE,"PUNCH STATION COMPLETED$NMAIN DIAL PART DATA STREAM$NPRESS-N-CURE STATION","","MAIN_DIAL_DATA[10].PUNCH_COMPLETE","(RADIX := Decimal, ExternalAccess := Read/Write)"
ALIAS,,PNC_DATA_PUNCH_STARTED,"PUNCH STATION STARTED$NMAIN DIAL PART DATA STREAM$NPRESS-N-CURE STATION","","MAIN_DIAL_DATA[10].PUNCH_STARTED","(RADIX := Decimal, ExternalAccess := Read/Write)"
ALIAS,,PNC_DATA_VISION_COMPLETE,"VISION INSPECTION STATION COMPLETED$NMAIN DIAL PART DATA STREAM$NPRESS-N-CURE STATION","","MAIN_DIAL_DATA[10].VISION_COMPLETE","(RADIX := Decimal, ExternalAccess := Read/Write)"
ALIAS,,PNC_DATA_VISION_PASS,"VISION INSPECTION STATION PASSED$NMAIN DIAL PART DATA STREAM$NPRESS-N-CURE STATION","","MAIN_DIAL_DATA[10].VISION_PASS","(RADIX := Decimal, ExternalAccess := Read/Write)"
TAG,,PNC_DRV_ENABLE_PB,"HMI PUSH BUTTON$NENABLE DRIVE$NBARRIER PRESS-N-CURE STATION","BOOL","","(RADIX := Decimal, Constant := false, ExternalAccess := Read/Write)"
TAG,,PNC_DRV_ENABLE_PB_VIS,"HMI VISIBILITY$NDRIVE ENABLE PUSH BUTTON$NBARRIER PRESS-N-CURE STATION","BOOL","","(RADIX := Decimal, Constant := false, ExternalAccess := Read/Write)"
ALIAS,,PNC_DRV_FAULT,"DRIVE FAULTED$NBARRIER PRESS-N-CURE STATION","","DRV04.PhysicalAxisFault","(RADIX := Decimal, ExternalAccess := Read/Write)"
TAG,,PNC_DRV_FAULT_PB_VIS,"HMI VISIBILITY$NDRIVE RESET FAULT PUSH BUTTON$NBARRIER PRESS-N-CURE STATION","BOOL","","(RADIX := Decimal, Constant := false, ExternalAccess := Read/Write)"
TAG,,PNC_DRV_HOMED,"DRIVE IS HOMED$NBARRIER PRESS-N-CURE STATION","BOOL","","(RADIX := Decimal, Constant := false, ExternalAccess := Read/Write)"
ALIAS,,PNC_DRV_HOMED_STATUS,"DRIVE HOMED STATUS$NBARRIER PRESS-N-CURE STATION","","DRV04.AxisHomedStatus","(RADIX := Decimal, ExternalAccess := Read/Write)"
TAG,,PNC_DRV_HOME_OFF,"DRIVE HOME $NOFFSET$NBARRIER PRESS-N-CURE STATION$N(DO NOT CHANGE AFTER MACHINE SETUP)","REAL","","(RADIX := Float, Constant := false, ExternalAccess := Read/Write)"
TAG,,PNC_DRV_HOME_PB,"HMI PUSH BUTTON$NHOME DRIVE$NBARRIER PRESS-N-CURE STATION","BOOL","","(RADIX := Decimal, Constant := false, ExternalAccess := Read/Write)"
TAG,,PNC_DRV_HOME_PB_VIS,"HMI VISIBILITY$NDRIVE HOME PUSH BUTTON$NBARRIER PRESS-N-CURE STATION","BOOL","","(RADIX := Decimal, Constant := false, ExternalAccess := Read/Write)"
TAG,,PNC_DRV_HOMING_IND,"HMI INDICATOR$NDRIVE IS HOMING$NBARRIER PRESS-N-CURE STATION","BOOL","","(RADIX := Decimal, Constant := false, ExternalAccess := Read/Write)"
ALIAS,,PNC_DRV_MOVING,"DRIVE IS PRESENTLY MOVING STATUS BIT$NBARRIER PRESS-N-CURE STATION","","DRV04.MoveStatus","(RADIX := Decimal, ExternalAccess := Read/Write)"
TAG,,PNC_DRV_PB_VIS,"HMI VISIBILITY$NDRIVE PUSH BUTTONS$NBARRIER PRESS-N-CURE STATION","BOOL","","(RADIX := Decimal, Constant := false, ExternalAccess := Read/Write)"
ALIAS,,PNC_DRV_READY,"DRIVE READY$NBARRIER PRESS-N-CURE STATION","","DRV04.DriveEnableStatus","(RADIX := Decimal, ExternalAccess := Read/Write)"
TAG,,PNC_DRV_RESET_PB,"HMI PUSH BUTTON$NDRIVE RESET SHUTDOWN  & CLEAR FAULTS$NBARRIER PRESS-N-CURE STATION","BOOL","","(RADIX := Decimal, Constant := false, ExternalAccess := Read/Write)"
ALIAS,,PNC_DRV_SAFE_TRQ_OFF,"DRIVE SAFE$NTORQUE OFF$NINHIBIT BIT$NBARRIER PRESS-N-CURE$NSTATION$N$N0=RUN MODE$N1=INACTIVE","","DRV04.SafeTorqueOffInhibit","(RADIX := Decimal, ExternalAccess := Read/Write)"
ALIAS,,PNC_DRV_SHUTDOWN,"DRIVE SHUTDOWN $NBARRIER PRESS-N-CURE STATION","","DRV04.ShutdownStatus","(RADIX := Decimal, ExternalAccess := Read/Write)"
TAG,,PNC_GOOD_BARRIER_ON_DIAL,"PROCESSED BARRIER PRESENT ON MAIN DIAL AT PRESS-N-CURE STATION","BOOL","","(RADIX := Decimal, Constant := false, ExternalAccess := Read/Write)"
ALIAS,,PNC_HOME_SENSOR,"HOME SENSOR$NBARRIER PRESS-N-CURE STATION","","DRV04.HomeInputStatus","(RADIX := Decimal, ExternalAccess := Read/Write)"
TAG,,PNC_INDEXING_IND,"HMI INDICATOR$NDRIVE IS INDEXING$NBARRIER PRESS-N-CURE STATION","BOOL","","(RADIX := Decimal, Constant := false, ExternalAccess := Read/Write)"
TAG,,PNC_INDEX_DIAL_REQ,"INDEX REQUEST$NFROM BARRIER $NPRESS-N-CURE STATION$N TO MAIN DIAL","BOOL","","(RADIX := Decimal, Constant := false, ExternalAccess := Read/Write)"
TAG,,PNC_INDEX_PB,"HMI PUSH BUTTON$NINDEX$NBARRIER PRESS-N-CURE STATION","BOOL","","(RADIX := Decimal, Constant := false, ExternalAccess := Read/Write)"
TAG,,PNC_IN_POSITION,"PRESS HEAD IS IN POSITION AND READY FOR PROCESSING$NBARRIER PRESS-N-CURE STATION","BOOL","","(RADIX := Decimal, Constant := false, ExternalAccess := Read/Write)"
TAG,,PNC_OPEN_TIME_REJECT_CNT,"FAILURE COUNT FOR EXCEEDING OPEN TIME$NBARRIER PRESS-N-CURE STATION","COUNTER","","(Constant := false, ExternalAccess := Read/Write)"
TAG,,PNC_PICK_CYCLE_PB,"HMI PUSH BUTTON$NRUN PICK CYCLE$NBARRIER PRESS-N-CURE STATION","BOOL","","(RADIX := Decimal, Constant := false, ExternalAccess := Read/Write)"
ALIAS,,PNC_PICK_CYL1_EXT,"PICK CYLINDER 1 EXTENDED SENSOR$NBARRIER PRESS-N-CURE STATION","","MAN02:I.Data[4].10","(RADIX := Decimal, ExternalAccess := Read/Write)"
TAG,,PNC_PICK_CYL1_EXT_DETECTED,"PICK CYLINDER 1 EXTENDED SENSOR$NDETECTED DURING CYLINDER MOVEMENT$NBARRIER PRESS-N-CURE STATION","BOOL","","(RADIX := Decimal, Constant := false, ExternalAccess := Read/Write)"
TAG,,PNC_PICK_CYL1_EXT_PB,"HMI PUSH BUTTON$NEXTEND $NPICK CYLINDER 1$NBARRIER PRESS-N-CURE STATION","BOOL","","(RADIX := Decimal, Constant := false, ExternalAccess := Read/Write)"
TAG,,PNC_PICK_CYL1_EXT_PB_VIS,"HMI VISIBILITY$NPICK CYLINDER 1 EXTEND PUSH BUTTON$NBARRIER PRESS-N-CURE STATION","BOOL","","(RADIX := Decimal, Constant := false, ExternalAccess := Read/Write)"
ALIAS,,PNC_PICK_CYL1_RET,"PICK CYLINDER 1 RETRACTED SENSOR$NBARRIER PRESS-N-CURE STATION","","MAN02:I.Data[4].11","(RADIX := Decimal, ExternalAccess := Read/Write)"
ALIAS,,PNC_PICK_CYL2_EXT,"PICK CYLINDER 2 EXTENDED SENSOR$NBARRIER PRESS-N-CURE STATION","","MAN02:I.Data[4].12","(RADIX := Decimal, ExternalAccess := Read/Write)"
TAG,,PNC_PICK_CYL2_EXT_DETECTED,"PICK CYLINDER 2 EXTENDED SENSOR$NDETECTED DURING CYLINDER MOVEMENT$NBARRIER PRESS-N-CURE STATION","BOOL","","(RADIX := Decimal, Constant := false, ExternalAccess := Read/Write)"
TAG,,PNC_PICK_CYL2_EXT_PB,"HMI PUSH BUTTON$NEXTEND $NPICK CYLINDER 2$NBARRIER PRESS-N-CURE STATION","BOOL","","(RADIX := Decimal, Constant := false, ExternalAccess := Read/Write)"
TAG,,PNC_PICK_CYL2_EXT_PB_VIS,"HMI VISIBILITY$NPICK CYLINDER 2 EXTEND PUSH BUTTON$NBARRIER PRESS-N-CURE STATION","BOOL","","(RADIX := Decimal, Constant := false, ExternalAccess := Read/Write)"
ALIAS,,PNC_PICK_CYL2_RET,"PICK CYLINDER 2 RETRACTED SENSOR$NBARRIER PRESS-N-CURE STATION","","MAN02:I.Data[4].13","(RADIX := Decimal, ExternalAccess := Read/Write)"
TAG,,PNC_PICK_LOC_NOT_AUTO_READY,"BARRIER LOCATION ON PICK HEAD IN NOT AUTO READY$NBARRIER PRESS-N-CURE STATION","BOOL","","(RADIX := Decimal, Constant := false, ExternalAccess := Read/Write)"
TAG,,PNC_PICK_ROT_POS,"HMI ANIMATION$NPICK HEAD ROTATION$NBARRIER PRESS-N-CURE STATION","BOOL","","(RADIX := Decimal, Constant := false, ExternalAccess := Read/Write)"
TAG,,PNC_PRESSURE_MAX,"MAX ALLOWABLE PRESSURE (PSI)$NBARRIER PRESS-N-CURE STATION$NHMI DISPLAY","REAL","","(RADIX := Float, Constant := false, ExternalAccess := Read/Write)"
TAG,,PNC_PRESSURE_MIN,"MIN ALLOWABLE PRESSURE (PSI)$NBARRIER PRESS-N-CURE STATION$NHMI DISPLAY","REAL","","(RADIX := Float, Constant := false, ExternalAccess := Read/Write)"
TAG,,PNC_PRESSURE_OK,"PRESSURE WITHIN TOLERANCE$NBARRIER PRESS-N-CURE STATION","BOOL","","(RADIX := Decimal, Constant := false, ExternalAccess := Read/Write)"
TAG,,PNC_PRESSURE_RECIPE_SP,"RECIPE PRESSURE (PSI) BARRIER PRESS-N-CURE STATION","REAL","","(RADIX := Float, Constant := false, ExternalAccess := Read/Write)"
TAG,,PNC_PRESSURE_REJECT_CNT,"FAILURE COUNT FOR PRESSURE FAILURE$NBARRIER PRESS-N-CURE STATION","COUNTER","","(Constant := false, ExternalAccess := Read/Write)"
TAG,,PNC_PRESSURE_SP_AUTO_DISPLAY,"PRESSURE (PSI)$NSET POINT$NDURING AUTO$NBARRIER PRESS-N-CURE STATION$NHMI DISPLAY","REAL","","(RADIX := Float, Constant := false, ExternalAccess := Read/Write)"
TAG,,PNC_PRESSURE_SP_MAN_DISPLAY,"PRESSURE (PSI)$NSET POINT$NDURING MANUAL$NBARRIER PRESS-N-CURE STATION$NHMI DISPLAY","REAL","","(RADIX := Float, Constant := false, ExternalAccess := Read/Write)"
TAG,,PNC_PRESS_CYL_ACTIVE_RECIPE,"PRESS CYLINDER ACTIVE IN RECIPE$NBARRIER PRESS-N-CURE STATION","BOOL","","(RADIX := Decimal, Constant := false, ExternalAccess := Read/Write)"
TAG,,PNC_PRESS_CYL_ACTIVE_RECIPE_LOADED,"PRESS CYLINDER ACTIVE LOADED TO PLC AFTER RECIPE DOWNLOAD$NBARRIER PRESS-N-CURE STATION","BOOL","","(RADIX := Decimal, Constant := false, ExternalAccess := Read/Write)"
ALIAS,,PNC_PRESS_CYL_EXT,"PRESS CYLINDER EXTENDED SENSOR$NBARRIER PRESS-N-CURE STATION","","MAN02:I.Data[4].2","(RADIX := Decimal, ExternalAccess := Read/Write)"
TAG,,PNC_PRESS_CYL_EXT_DETECTED,"PRESS CYLINDER EXTENDED SENSOR$NDETECTED DURING CYLINDER MOVEMENT$NBARRIER PRESS-N-CURE STATION","BOOL","","(RADIX := Decimal, Constant := false, ExternalAccess := Read/Write)"
TAG,,PNC_PRESS_CYL_EXT_PB,"HMI PUSH BUTTON$NEXTEND $NPRESS CYLINDER$NBARRIER PRESS-N-CURE STATION","BOOL","","(RADIX := Decimal, Constant := false, ExternalAccess := Read/Write)"
TAG,,PNC_PRESS_CYL_EXT_PB_VIS,"HMI VISIBILITY$NPRESS CYLINDER EXTEND PUSH BUTTON$NBARRIER PRESS-N-CURE STATION","BOOL","","(RADIX := Decimal, Constant := false, ExternalAccess := Read/Write)"
ALIAS,,PNC_PRESS_CYL_RET,"PRESS CYLINDER RETRACTED SENSOR$NBARRIER PRESS-N-CURE STATION","","MAN02:I.Data[4].3","(RADIX := Decimal, ExternalAccess := Read/Write)"
TAG,,PNC_PRES_SCALE_PAR,"PNEUMATIC SCALING PARAMTERS$NBARRIER PRESS-N-CURE STATION","PRES_SCALE_PARAM","","(Constant := false, ExternalAccess := Read/Write)"
TAG,,PNC_PREV_BAG_TAIL_REJECT_CNT,"PREVIOUS FAILURE COUNT FOR BAG TAIL NOT PRESENT$NBARRIER PRESS-N-CURE STATION","DINT","","(RADIX := Decimal, Constant := false, ExternalAccess := Read/Write)"
TAG,,PNC_PROCESS_DONE,"CYCLE DONE$NFROM BARRIER PRESS-N-CURE STATION TO MAIN DIAL","BOOL","","(RADIX := Decimal, Constant := false, ExternalAccess := Read/Write)"
TAG,,PNC_PROCESS_FAILED,"PROCESS FAILED DUE TO MACHINE STOP$NBARRIER PRESS-N-CURE STATION","BOOL","","(RADIX := Decimal, Constant := false, ExternalAccess := Read/Write)"
TAG,,PNC_SCREEN_PB,"HMI PUSH BUTTON$NGOTO BARRIER PRESS-N-CURE STATION SCREEN","BOOL","","(RADIX := Decimal, Constant := false, ExternalAccess := Read/Write)"
TAG,,PNC_SIDE_1_AT_CURE_POS,"PRESS HEAD IS ROTATIONALLY IN THE FIRST HALF OF ROTATION$NPICK 1 = CURE$NPICK 2 = PICK $NBARRIER PRESS-N-CURE STATION","BOOL","","(RADIX := Decimal, Constant := false, ExternalAccess := Read/Write)"
TAG,,PNC_SIDE_2_AT_CURE_POS,"PRESS HEAD IS ROTATIONALLY IN THE SECOND HALF OF ROTATION$NPICK 2 = CURE$NPICK 1 = PICK $NBARRIER PRESS-N-CURE STATION","BOOL","","(RADIX := Decimal, Constant := false, ExternalAccess := Read/Write)"
TAG,,PNC_SUP_CYL_ACTIVE_RECIPE,"SUPPORT CYLINDER ACTIVE IN RECIPE$NBARRIER PRESS-N-CURE STATION","BOOL","","(RADIX := Decimal, Constant := false, ExternalAccess := Read/Write)"
TAG,,PNC_SUP_CYL_ACTIVE_RECIPE_LOADED,"SUPPORT CYLINDER ACTIVE LOADED TO PLC AFTER RECIPE DOWNLOAD$NBARRIER PRESS-N-CURE STATION","BOOL","","(RADIX := Decimal, Constant := false, ExternalAccess := Read/Write)"
ALIAS,,PNC_SUP_CYL_EXT,"SUPPORT CYLINDER EXTENDED SENSOR$NBARRIER PRESS-N-CURE STATION","","MAN02:I.Data[4].14","(RADIX := Decimal, ExternalAccess := Read/Write)"
TAG,,PNC_SUP_CYL_EXT_PB,"HMI PUSH BUTTON$NEXTEND $NSUPPORT CYLINDER$NBARRIER PRESS-N-CURE STATION","BOOL","","(RADIX := Decimal, Constant := false, ExternalAccess := Read/Write)"
TAG,,PNC_SUP_CYL_EXT_PB_VIS,"HMI VISIBILITY$NSUPPORT CYLINDER EXTEND PUSH BUTTON$NBARRIER PRESS-N-CURE STATION","BOOL","","(RADIX := Decimal, Constant := false, ExternalAccess := Read/Write)"
ALIAS,,PNC_SUP_CYL_RET,"SUPPORT CYLINDER RETRACTED SENSOR$NBARRIER PRESS-N-CURE STATION","","MAN02:I.Data[4].15","(RADIX := Decimal, ExternalAccess := Read/Write)"
ALIAS,,PNC_VAC1_ON,"VACUUM SWITCH 1$NBARRIER PRESS-N-CURE STATION","","MAN04:I.Data[2].8","(RADIX := Decimal, ExternalAccess := Read/Write)"
TAG,,PNC_VAC1_ON_PB,"HMI PUSH BUTTON$NVACUUM 1 ON$NBARRIER PRESS-N-CURE STATION","BOOL","","(RADIX := Decimal, Constant := false, ExternalAccess := Read/Write)"
ALIAS,,PNC_VAC2_ON,"VACUUM SWITCH 2$NBARRIER PRESS-N-CURE STATION","","MAN04:I.Data[2].9","(RADIX := Decimal, ExternalAccess := Read/Write)"
TAG,,PNC_VAC2_ON_PB,"HMI PUSH BUTTON$NVACUUM 2 ON$NBARRIER PRESS-N-CURE STATION","BOOL","","(RADIX := Decimal, Constant := false, ExternalAccess := Read/Write)"
TAG,,PNP_BARRIER_DROP_CNT,"BARRIER DROP COUNTER$NBARRIER PICK-N-PLACE/ $NCORONA TREAT","COUNTER","","(Constant := false, ExternalAccess := Read/Write)"
TAG,,PNP_BARRIER_DROP_CUR,"CURRENT BARRIER BEING TRANSPORTED WAS DROPPED$NBARRIER PICK-N-PLACE/CORONA TREAT","BOOL","","(RADIX := Decimal, Constant := false, ExternalAccess := Read/Write)"
TAG,,PNP_BARRIER_ON_LT_TBL_COR_REJECT,"BARRIER ON $NLIGHT TABLE$NFAILED CORONA$N BARRIER PICK-N-PLACE/$NCORONA TREAT","BOOL","","(RADIX := Decimal, Constant := false, ExternalAccess := Read/Write)"
TAG,,PNP_BARRIER_PICK_REQ,"BARRIER PICK REQUEST FROM LIGHT TABLE TO BARRIER LOAD ROBOT (R2)","BOOL","","(RADIX := Decimal, Constant := false, ExternalAccess := Read/Write)"
TAG,,PNP_BARRIER_PLACE_REQ,"BARRIER PLACE REQUEST FROM LIGHT TABLE TO BARRIER PICK-N-PLACE/$NCORONA TREAT","BOOL","","(RADIX := Decimal, Constant := false, ExternalAccess := Read/Write)"
TAG,,PNP_BARRIER_PRESENT_ON_LT_TBL,"BARRIER ON $NLIGHT TABLE$N BARRIER PICK-N-PLACE/$NCORONA TREAT","BOOL","","(RADIX := Decimal, Constant := false, ExternalAccess := Read/Write)"
ALIAS,,PNP_BAR_NOT_PRESENT,"BARRIER PRESENT SENSOR$NAT CORONA HEAD$N$N0 = PRESENT$N1= NOT PRESENT","","MAN03:I.Data[0].13","(RADIX := Decimal, ExternalAccess := Read/Write)"
TAG,,PNP_BAR_PRES_LT_CHECK,"BARRIER ON$NLIGHT TABLE CHECK REQUEST$N BARRIER PICK-N-PLACE/$NCORONA TREAT","BOOL","","(RADIX := Decimal, Constant := false, ExternalAccess := Read/Write)"
TAG,,PNP_BASE_ABORT_INDEX_PB,"HMI PUSH BUTTON$NSTOP BASE DRIVE$NBARRIER PICK-N-PLACE/$NCORONA TREAT","BOOL","","(RADIX := Decimal, Constant := false, ExternalAccess := Read/Write)"
TAG,,PNP_BASE_BAR_MAG_POS,"PICK-N-PLACE BASE DRIVE IS AT THE MAGAZINE POSITION$NBARRIER PICK-N-PLACE/CORONA TREAT","BOOL","","(RADIX := Decimal, Constant := false, ExternalAccess := Read/Write)"
TAG,,PNP_BASE_BAR_MAG_POS_VAL,"BASE DRIVE$NBARRIER INFEED MAGAZINE POSITION FOR $NPICK-N-PLACE/CORONA TREAT","REAL","","(RADIX := Float, Constant := false, ExternalAccess := Read/Write)"
TAG,,PNP_BASE_CLEAR_LT_TBL,"BASE DRIVE CLEAR OF THE LIGHT TABLE BARRIER PICK-N-PLACE/CORONA TREAT","BOOL","","(RADIX := Decimal, Constant := false, ExternalAccess := Read/Write)"
TAG,,PNP_BASE_COR_POS,"PICK-N-PLACE BASE DRIVE IS AT THE CORONA TREAT POSITION$NBARRIER PICK-N-PLACE/CORONA TREAT","BOOL","","(RADIX := Decimal, Constant := false, ExternalAccess := Read/Write)"
TAG,,PNP_BASE_COR_POS_RECIPE,"BASE DRIVE CORONA TREAT POSITION$NFROM RECIPE$NBARRIER PICK-N-PLACE/CORONA TREAT","REAL","","(RADIX := Float, Constant := false, ExternalAccess := Read/Write)"
TAG,,PNP_BASE_CUR_POS_HMI,"HMI$NCURRENT POSITION$NBASE $NBARRIER PICK-N-PLACE","DINT","","(RADIX := Decimal, Constant := false, ExternalAccess := Read/Write)"
TAG,,PNP_BASE_DRV_ENABLE_PB,"HMI PUSH BUTTON$NENABLE BASE DRIVE$NBARRIER PICK-N-PLACE/$NCORONA TREAT","BOOL","","(RADIX := Decimal, Constant := false, ExternalAccess := Read/Write)"
TAG,,PNP_BASE_DRV_ENABLE_PB_VIS,"HMI VISIBILITY$NBASE DRIVE ENABLE PUSH BUTTON$NBARRIER PICK-N-PLACE/$NCORONA TREAT","BOOL","","(RADIX := Decimal, Constant := false, ExternalAccess := Read/Write)"
ALIAS,,PNP_BASE_DRV_FAULT,"BASE DRIVE FAULTED$NBARRIER PICK-N-PLACE/$NCORONA TREAT","","DRV05.PhysicalAxisFault","(RADIX := Decimal, ExternalAccess := Read/Write)"
TAG,,PNP_BASE_DRV_FAULT_PB_VIS,"HMI VISIBILITY$NDRIVE FAULT RESET PUSH BUTTON$NBARRIER PICK-N-PLACE/$NCORONA TREAT","BOOL","","(RADIX := Decimal, Constant := false, ExternalAccess := Read/Write)"
ALIAS,,PNP_BASE_DRV_HOMED,"BASE DRIVE IS HOME$NBARRIER PICK-N-PLACE/$NCORONA TREAT","","DRV05.AxisHomedStatus","(RADIX := Decimal, ExternalAccess := Read/Write)"
ALIAS,,PNP_BASE_DRV_HOMED_STATUS,"BASE DRIVE HOMED STATUS$NBARRIER PICK-N-PLACE/CORONA TREAT","","DRV05.AxisHomedStatus","(RADIX := Decimal, ExternalAccess := Read/Write)"
TAG,,PNP_BASE_DRV_HOME_OFF,"BASE DRIVE$NHOME OFFSET$NBARRIER PICK-N-PLACE/$NCORONA TREAT$N$N(DO NOT CHANGE AFTER MACHINE SETUP)","REAL","","(RADIX := Float, Constant := false, ExternalAccess := Read/Write)"
TAG,,PNP_BASE_DRV_HOME_PB,"HMI PUSH BUTTON$NHOME BASE DRIVE$NBARRIER PICK-N-PLACE/$NCORONA TREAT","BOOL","","(RADIX := Decimal, Constant := false, ExternalAccess := Read/Write)"
TAG,,PNP_BASE_DRV_HOME_PB_VIS,"HMI VISIBILITY$NBASE DRIVE HOME$NPUSH BUTTON$NBARRIER PICK-N-PLACE/$NCORONA TREAT","BOOL","","(RADIX := Decimal, Constant := false, ExternalAccess := Read/Write)"
TAG,,PNP_BASE_DRV_HOMING_IND,"BASE DRIVE IS HOMING$NBARRIER PICK-N-PLACE/$NCORONA TREAT","BOOL","","(RADIX := Decimal, Constant := false, ExternalAccess := Read/Write)"
ALIAS,,PNP_BASE_DRV_HOMING_STATUS,"BASE DRIVE HOMING STATUS$NBARRIER PICK-N-PLACE/CORONA TREATER","","DRV05.HomingStatus","(RADIX := Decimal, ExternalAccess := Read/Write)"
ALIAS,,PNP_BASE_DRV_MOVING,"DRIVE IS PRESENTLY MOVING STATUS BIT$NPNP BASE","","DRV05.MoveStatus","(RADIX := Decimal, ExternalAccess := Read/Write)"
TAG,,PNP_BASE_DRV_PARK_POS_CONT,"PNP BASE DRIVE$NPARK POSITION$NCONTROL WORD$N BARRIER PICK-N-PLACE/$NCORONA TREAT","MOTION_INSTRUCTION","","(Constant := false, ExternalAccess := Read/Write)"
TAG,,PNP_BASE_DRV_PB_VIS,"HMI VISIBILITY$NBASE DRIVE PUSH BUTTONS$NBARRIER PICK-N-PLACE/$NCORONA TREAT","BOOL","","(RADIX := Decimal, Constant := false, ExternalAccess := Read/Write)"
ALIAS,,PNP_BASE_DRV_READY,"BASE DRIVE READY$NBARRIER PICK-N-PLACE/$NCORONA TREAT","","DRV05.DriveEnableStatus","(RADIX := Decimal, ExternalAccess := Read/Write)"
TAG,,PNP_BASE_DRV_RESET_PB,"HMI PUSH BUTTON$NRESET BASE DRIVE$NBARRIER PICK-N-PLACE/$NCORONA TREAT","BOOL","","(RADIX := Decimal, Constant := false, ExternalAccess := Read/Write)"
ALIAS,,PNP_BASE_DRV_SAFE_TRQ_OFF,"BASE DRIVE SAFE$NTORQUE OFF$NINHIBIT BIT$NBARRIER PICK-N-PLACE/CORONA TREATER$N$N0=RUN MODE$N1=INACTIVE","","DRV05.SafeTorqueOffInhibit","(RADIX := Decimal, ExternalAccess := Read/Write)"
ALIAS,,PNP_BASE_DRV_SHUTDOWN,"BASE DRIVE SHUTDOWN$NBARRIER PICK-N-PLACE/$NCORONA TREAT","","DRV05.ShutdownStatus","(RADIX := Decimal, ExternalAccess := Read/Write)"
ALIAS,,PNP_BASE_HOME_SENSOR,"BASE DRIVE HOME SENSOR$NBARRIER PICK-N-PLACE/$NCORONA TREAT","","DRV05.HomeInputStatus","(RADIX := Decimal, ExternalAccess := Read/Write)"
TAG,,PNP_BASE_INDEXING_IND,"HMI INDICATOR$NBASE DRIVE IS INDEXING$NBARRIER PICK-N-PLACE/$NCORONA TREAT","BOOL","","(RADIX := Decimal, Constant := false, ExternalAccess := Read/Write)"
TAG,,PNP_BASE_INDEX_PB,"HMI PUSH BUTTON$NINDEX BASE DRIVE$NBARRIER PICK-N-PLACE/CORONA TREAT","BOOL","","(RADIX := Decimal, Constant := false, ExternalAccess := Read/Write)"
TAG,,PNP_BASE_IN_POSITION,"BASE DRIVE IS IN POSITION AND READY FOR PROCESSING$NBARRIER PICK-N-PLACE/CORONA TREAT STATION","BOOL","","(RADIX := Decimal, Constant := false, ExternalAccess := Read/Write)"
TAG,,PNP_BASE_LT_TBL_POS,"PICK-N-PLACE BASE DRIVE IS AT THE LIGHT TABLE POSITION$NBARRIER PICK-N-PLACE/CORONA TREAT","BOOL","","(RADIX := Decimal, Constant := false, ExternalAccess := Read/Write)"
TAG,,PNP_BASE_LT_TBL_POS_VAL,"BASE DRIVE$NLIGHT TABLE 1 POSITION FOR $NPICK-N-PLACE/CORONA TREAT","REAL","","(RADIX := Float, Constant := false, ExternalAccess := Read/Write)"
TAG,,PNP_BASE_PARK_POS,"BASE DRIVE IS AT THE PARKED POSITION$NBARRIER PICK-N-PLACE/CORONA TREAT","BOOL","","(RADIX := Decimal, Constant := false, ExternalAccess := Read/Write)"
TAG,,PNP_BASE_PARK_POS_VAL,"BASE DRIVE$NPARK POSITION FOR $NPICK-N-PLACE/CORONA TREAT","REAL","","(RADIX := Float, Constant := false, ExternalAccess := Read/Write)"
TAG,,PNP_BASE_POS_PB,"HMI PUSH BUTTON SERIES FOR $NBASE DRIVE $NPOSITION CONTROL$NBARRIER PICK-N-PLACE/CORONA TREAT$N$N1=BAR MAG$N2=PARK$N4=CORONA$N8=LIGHT TABLE","INT","","(RADIX := Decimal, Constant := false, ExternalAccess := Read/Write)"
TAG,,PNP_CLEAR_TO_INDEX,"CLEAR TO INDEX $NBARRIER PICK-N-PLACE/$NCORONA TREAT","BOOL","","(RADIX := Decimal, Constant := false, ExternalAccess := Read/Write)"
TAG,,PNP_CORONA_ACTIVE_RECIPE,"BARRIER CORONA$NACTIVE FROM RECIPE$NBARRIER PICK-N-PLACE/CORONA TREAT","BOOL","","(RADIX := Decimal, Constant := false, ExternalAccess := Read/Write)"
TAG,,PNP_CORONA_ACTIVE_RECIPE_LOADED,"BARRIER CORONA$NACTIVE FROM RECIPE$NAFTER DOWNLOAD$NBARRIER PICK-N-PLACE/CORONA TREAT","BOOL","","(RADIX := Decimal, Constant := false, ExternalAccess := Read/Write)"
TAG,,PNP_CORONA_BYPASS_ANIMATION,"ANIMIATION FOR HMI$NBARRIER CORONA BYPASS STATUS$NCELL","BOOL","","(RADIX := Decimal, Constant := false, ExternalAccess := Read/Write)"
TAG,,PNP_CORONA_CYCLE_PB,"HMI PUSH BUTTON$NRUN CORONA CYCLE$NBARRIER PICK-N-PLACE/$NCORONA TREAT","BOOL","","(RADIX := Decimal, Constant := false, ExternalAccess := Read/Write)"
TAG,,PNP_CORONA_CYCLE_PB_VIS,"HMI PUSH BUTTON$NVISIBILITY$NRUN CORONA CYCLE$NBARRIER PICK-N-PLACE/$NCORONA TREAT","BOOL","","(RADIX := Decimal, Constant := false, ExternalAccess := Read/Write)"
TAG,,PNP_CORONA_ENABLE_PB,"HMI PUSH BUTTON$NCORONA TREATER ENABLE$NBARRIER PICK-N-PLACE/$NCORONA TREAT","BOOL","","(RADIX := Decimal, Constant := false, ExternalAccess := Read/Write)"
TAG,,PNP_CORONA_ENABLE_PB_VIS,"HMI PUSH BUTTON$NVISIBILITY$NCORONA ENABLE$NBARRIER PICK-N-PLACE/ $NCORONA TREAT","BOOL","","(RADIX := Decimal, Constant := false, ExternalAccess := Read/Write)"
ALIAS,,PNP_CORONA_FAULTED,"HMI ANIMATION$NCORONA TREATER FAULTED$NBARRIER PICK-N-PLACE/$NCORONA TREAT","","A:I.Data[3].8","(RADIX := Decimal, ExternalAccess := Read/Write)"
TAG,,PNP_CORONA_ON_PB,"HMI PUSH BUTTON$NCORONA TREATER ON$NBARRIER PICK-N-PLACE/$NCORONA TREAT","BOOL","","(RADIX := Decimal, Constant := false, ExternalAccess := Read/Write)"
TAG,,PNP_CORONA_ON_PB_VIS,"HMI PUSH BUTTON$NVISIBILITY$NCORONA TREATER ON$NBARRIER PICK-N-PLACE/ $NCORONA TREAT","BOOL","","(RADIX := Decimal, Constant := false, ExternalAccess := Read/Write)"
TAG,,PNP_CORONA_PICK_HEAD_DRV_COR_TURNS,"PICK HEAD DRIVE COUNTS OF TURNS WHEN MOVING TO CORONA POSITION$NBARRIER PICK-N-PLACE/$NCORONA TREAT","COUNTER","","(Constant := false, ExternalAccess := Read/Write)"
TAG,,PNP_CORONA_PICK_HEAD_TURN_DIGITAL_SENSOR,"PICK HEAD DIGITAL TURN SENSOR$NBARRIER PICK-N-PLACE/$NCORONA TREAT","BOOL","","(RADIX := Decimal, Constant := false, ExternalAccess := Read/Write)"
TAG,,PNP_FAILED_BARRIER_PICK_REQ,"FAILED BARRIER PICK REQUEST FROM LIGHT TABLE TO BARRIER LOAD ROBOT (R2)","BOOL","","(RADIX := Decimal, Constant := false, ExternalAccess := Read/Write)"
TAG,,PNP_MOTION_PICK_HEAD_DRV_COR_POS_CONT,"PICK HEAD DRIVE CORONA POSITION CONTROL WORD$NBARRIER PICK-N-PLACE/$NCORONA TREAT","MOTION_INSTRUCTION","","(Constant := false, ExternalAccess := Read/Write)"
TAG,,PNP_ORIENT_RECIPE_VAL,"PICK HEAD ROTATION VALUE FROM RECIPE$NBARRIER PICK-N-PLACE/CORONA TREAT","REAL","","(RADIX := Float, Constant := false, ExternalAccess := Read/Write)"
TAG,,PNP_PICK_BAR_BLOW_PB,"HMI PUSH BUTTON$NPICK BLOW ON$NBARRIER PICK-N-PLACE/$NCORONA TREAT","BOOL","","(RADIX := Decimal, Constant := false, ExternalAccess := Read/Write)"
TAG,,PNP_PICK_HEAD_ABORT_INDEX_PB,"HMI PUSH BUTTON$NSTOP PICK HEAD DRIVE$NBARRIER PICK-N-PLACE/$NCORONA TREAT","BOOL","","(RADIX := Decimal, Constant := false, ExternalAccess := Read/Write)"
TAG,,PNP_PICK_HEAD_BARRIER_COR_REJECT,"BARRIER ON $NPICK HEAD$NFAILED CORONA$N BARRIER PICK-N-PLACE/$NCORONA TREAT","BOOL","","(RADIX := Decimal, Constant := false, ExternalAccess := Read/Write)"
TAG,,PNP_PICK_HEAD_COR_POS,"PICK HEAD DRIVE IS AT THE CORONA POSITION$NBARRIER PICK-N-PLACE/CORONA TREAT","BOOL","","(RADIX := Decimal, Constant := false, ExternalAccess := Read/Write)"
TAG,,PNP_PICK_HEAD_COR_SPD_RECIPE,"PICK HEAD DRIVE$NCORONA SPEED VALUE FROM RECIPE$NPICK-N-PLACE/CORONA TREAT","DINT","","(RADIX := Decimal, Constant := false, ExternalAccess := Read/Write)"
TAG,,PNP_PICK_HEAD_COR_TURN_RECIPE,"PICK HEAD DRIVE$NCORONA TURN VALUE FROM RECIPE$NPICK-N-PLACE/CORONA TREAT","INT","","(RADIX := Decimal, Constant := false, ExternalAccess := Read/Write)"
TAG,,PNP_PICK_HEAD_CUR_POS_HMI,"HMI$NCURRENT POSITION$NPICK HEAD $NBARRIER PICK-N-PLACE","DINT","","(RADIX := Decimal, Constant := false, ExternalAccess := Read/Write)"
ALIAS,,PNP_PICK_HEAD_CYL_EXT,"PICK HEAD CYLINDER EXTENDED SENSOR$NBARRIER PICK-N-PLACE/$NCORONA TREAT","","MAN03:I.Data[0].0","(RADIX := Decimal, ExternalAccess := Read/Write)"
TAG,,PNP_PICK_HEAD_CYL_EXT_CNT,"EXTEND PICK HEAD PULSE COUNTER$NBARRIER PICK-N-PLACE/CORONA TREAT","COUNTER","","(Constant := false, ExternalAccess := Read/Write)"
TAG,,PNP_PICK_HEAD_CYL_EXT_PB,"HMI PUSH BUTTON$NEXTEND PICK HEAD CYLINDER$NBARRIER PICK-N-PLACE/CORONA TREAT","BOOL","","(RADIX := Decimal, Constant := false, ExternalAccess := Read/Write)"
TAG,,PNP_PICK_HEAD_CYL_EXT_PB_VIS,"HMI VISIBILITY$NPICK HEAD EXTEND PUSH BUTTON$NBARRIER PICK-N-PLACE/$NCORONA TREAT","BOOL","","(RADIX := Decimal, Constant := false, ExternalAccess := Read/Write)"
ALIAS,,PNP_PICK_HEAD_CYL_RET,"PICK CYLINDER RETRACTED SENSOR$NBARRIER PICK-N-PLACE/$NCORONA TREAT","","MAN03:I.Data[0].1","(RADIX := Decimal, ExternalAccess := Read/Write)"
TAG,,PNP_PICK_HEAD_DRV_DEFINE_HOME,"ZERO PICK HEAD DRIVE ENCODER$NBARRIER PICK-N-PLACE/$NCORONA TREAT","BOOL","","(RADIX := Decimal, Constant := false, ExternalAccess := Read/Write)"
TAG,,PNP_PICK_HEAD_DRV_ENABLE_PB,"HMI PUSH BUTTON$NENABLE PICK$NHEAD DRIVE$NBARRIER PICK-N-PLACE/$NCORONA TREAT","BOOL","","(RADIX := Decimal, Constant := false, ExternalAccess := Read/Write)"
TAG,,PNP_PICK_HEAD_DRV_ENABLE_PB_VIS,"HMI VISIBILITY$NPICK HEAD DRIVE ENABLE PUSH BUTTON$NBARRIER PICK-N-PLACE/$NCORONA TREAT","BOOL","","(RADIX := Decimal, Constant := false, ExternalAccess := Read/Write)"
ALIAS,,PNP_PICK_HEAD_DRV_FAULT,"PICK HEAD$NDRIVE FAULTED$NBARRIER PICK-N-PLACE/$NPICK HEAD","","DRV06.PhysicalAxisFault","(RADIX := Decimal, ExternalAccess := Read/Write)"
TAG,,PNP_PICK_HEAD_DRV_FAULT_PB_VIS,"HMI VISIBILITY$NDRIVE FAULT RESET PUSH BUTTON$NBARRIER PICK HEAD ROTATION DRIVE","BOOL","","(RADIX := Decimal, Constant := false, ExternalAccess := Read/Write)"
TAG,,PNP_PICK_HEAD_DRV_HOMED,"PICK HEAD DRIVE HOMED$NBARRIER PICK-N-PLACE/$NCORONA TREAT","BOOL","","(RADIX := Decimal, Constant := false, ExternalAccess := Read/Write)"
ALIAS,,PNP_PICK_HEAD_DRV_HOMED_STATUS,"PICK HEAD DRIVE HOMED STATUS$NBARRIER PICK-N-PLACE/CORONA TREAT","","DRV06.AxisHomedStatus","(RADIX := Decimal, ExternalAccess := Read/Write)"
TAG,,PNP_PICK_HEAD_DRV_HOME_OFF,"PICK HEAD DRIVE$NHOME OFFSET$NBARRIER PICK-N-PLACE/$NCORONA TREAT$N$N(DO NOT CHANGE AFTER MACHINE SETUP)","REAL","","(RADIX := Float, Constant := false, ExternalAccess := Read/Write)"
TAG,,PNP_PICK_HEAD_DRV_HOME_OFF_REQ,"PICK HEAD DRIVE$NHOME OFFSET REQUEST$NBARRIER PICK-N-PLACE/$NCORONA TREAT","BOOL","","(RADIX := Decimal, Constant := false, ExternalAccess := Read/Write)"
TAG,,PNP_PICK_HEAD_DRV_HOME_PB,"HMI PUSH BUTTON$NPICK HEAD DRIVE$NBARRIER PICK-N-PLACE/$NPICK HEAD","BOOL","","(RADIX := Decimal, Constant := false, ExternalAccess := Read/Write)"
TAG,,PNP_PICK_HEAD_DRV_HOME_PB_VIS,"HMI VISIBILITY$NPICK HEAD DRIVE HOME$NPUSH BUTTON$NBARRIER PICK-N-PLACE/$NCORONA TREAT","BOOL","","(RADIX := Decimal, Constant := false, ExternalAccess := Read/Write)"
TAG,,PNP_PICK_HEAD_DRV_HOMING_IND,"PICK HEAD DRIVE IS HOMING$NBARRIER PICK-N-PLACE/$NPICK HEAD","BOOL","","(RADIX := Decimal, Constant := false, ExternalAccess := Read/Write)"
ALIAS,,PNP_PICK_HEAD_DRV_HOMING_STATUS,"PICK HEAD DRIVE HOMING STATUS$NBARRIER PICK-N-PLACE/CORONA TREATER","","DRV06.HomingStatus","(RADIX := Decimal, ExternalAccess := Read/Write)"
ALIAS,,PNP_PICK_HEAD_DRV_MOVING,"DRIVEIS PRESENTLY MOVING STATUS BIT$NPNP PICK_HEAD","","DRV06.MoveStatus","(RADIX := Decimal, ExternalAccess := Read/Write)"
TAG,,PNP_PICK_HEAD_DRV_PB_VIS,"HMI VISIBILITY$NPICK HEAD DRIVE PUSH BUTTONS$NBARRIER PICK-N-PLACE/$NCORONA TREAT","BOOL","","(RADIX := Decimal, Constant := false, ExternalAccess := Read/Write)"
ALIAS,,PNP_PICK_HEAD_DRV_READY,"PICK HEAD DRIVE READY$NBARRIER PICK-N-PLACE/$NPICK HEAD","","DRV06.DriveEnableStatus","(RADIX := Decimal, ExternalAccess := Read/Write)"
TAG,,PNP_PICK_HEAD_DRV_RESET_PB,"HMI PUSH BUTTON$NRESET PICK HEAD DRIVE$NBARRIER PICK-N-PLACE/$NPICK HEAD","BOOL","","(RADIX := Decimal, Constant := false, ExternalAccess := Read/Write)"
ALIAS,,PNP_PICK_HEAD_DRV_SAFE_TRQ_OFF,"PICK HEAD DRIVE SAFE$NTORQUE OFF$NINHIBIT BIT$NBARRIER PICK-N-PLACE/CORONA TREATER$N$N0=RUN MODE$N1=INACTIVE","","DRV06.SafeTorqueOffInhibit","(RADIX := Decimal, ExternalAccess := Read/Write)"
ALIAS,,PNP_PICK_HEAD_DRV_SHUTDOWN,"PICK HEAD DRIVE SHUTDOWN$NBARRIER PICK-N-PLACE/$NCORONA TREAT","","DRV06.ShutdownStatus","(RADIX := Decimal, ExternalAccess := Read/Write)"
ALIAS,,PNP_PICK_HEAD_HOME_SENSOR,"PICK HEAD DRIVE$N HOME SENSOR$NBARRIER PICK-N-PLACE/$NCORONA TREAT","","DRV06.HomeInputStatus","(RADIX := Decimal, ExternalAccess := Read/Write)"
TAG,,PNP_PICK_HEAD_INDEXING_IND,"HMI INDICATOR$NPICK HEAD DRIVE IS INDEXING$NBARRIER PICK-N-PLACE/$NCORONA TREAT","BOOL","","(RADIX := Decimal, Constant := false, ExternalAccess := Read/Write)"
TAG,,PNP_PICK_HEAD_INDEX_PB,"HMI PUSH BUTTON$NINDEX PICK HEAD DRIVE$NBARRIER PICK-N-PLACE/CORONA TREAT","BOOL","","(RADIX := Decimal, Constant := false, ExternalAccess := Read/Write)"
TAG,,PNP_PICK_HEAD_IN_POSITION,"PICK HEAD DRIVE IS IN POSITION AND READY FOR PROCESSING$NBARRIER PICK-N-PLACE/CORONA TREAT STATION","BOOL","","(RADIX := Decimal, Constant := false, ExternalAccess := Read/Write)"
TAG,,PNP_PICK_HEAD_PICK_POS,"PICK HEAD DRIVE IS AT THE PICK POSITION$NBARRIER PICK-N-PLACE/CORONA TREAT","BOOL","","(RADIX := Decimal, Constant := false, ExternalAccess := Read/Write)"
TAG,,PNP_PICK_HEAD_PICK_POS_VAL,"PICK HEAD DRIVE$NPICK POSITION VALUE$NPICK-N-PLACE/CORONA TREAT","REAL","","(RADIX := Float, Constant := false, ExternalAccess := Read/Write)"
TAG,,PNP_PICK_HEAD_PLACE_POS,"PICK HEAD DRIVE IS AT THE PLACE POSITION$NBARRIER PICK-N-PLACE/CORONA TREAT","BOOL","","(RADIX := Decimal, Constant := false, ExternalAccess := Read/Write)"
TAG,,PNP_PICK_HEAD_POS_PB,"HMI PUSH BUTTON SERIES FOR $NBASE DRIVE $NPOSITION CONTROL$NBARRIER PICK-N-PLACE/CORONA TREAT$N$N1=PICK POS$N2=CORONA POS$N4=PLACE POS","INT","","(RADIX := Decimal, Constant := false, ExternalAccess := Read/Write)"
TAG,,PNP_PICK_HEAD_TARGET,"PICK HEAD DRIVE  TARGET$NBARRIER PICK-N-PLACE/CORONA TREAT","DINT","","(RADIX := Decimal, Constant := false, ExternalAccess := Read/Write)"
ALIAS,,PNP_PICK_HEAD_VAC_ON,"PICK HEAD $NVACUUM SWITCH$NBARRIER PICK-N-PLACE/$NCORONA TREAT","","MAN03:I.Data[0].2","(RADIX := Decimal, ExternalAccess := Read/Write)"
TAG,,PNP_PICK_HEAD_VAC_ON_PB,"HMI PUSH BUTTON$NPICK HEAD VACUUM ON$NBARRIER PICK-N-PLACE/$NCORONA TREAT","BOOL","","(RADIX := Decimal, Constant := false, ExternalAccess := Read/Write)"
TAG,,PNP_SCREEN_PB,"HMI PUSH BUTTON$NGOTO BARRIER PICK-N-PLACE/CORONA TREAT SCREEN","BOOL","","(RADIX := Decimal, Constant := false, ExternalAccess := Read/Write)"
TAG,,PNP_TAP_ACTIVE_RECIPE,"TAP ACTIVE FROM RECIPE$NBARRIER PICK-N-PLACE/CORONA TREAT","BOOL","","(RADIX := Decimal, Constant := false, ExternalAccess := Read/Write)"
TAG,,PREHEAT1_ACTIVE_RECIPE,"ACTIVE FROM RECIPE BARRIER PREHEAT$NSTATION 1","BOOL","","(RADIX := Decimal, Constant := false, ExternalAccess := Read/Write)"
TAG,,PREHEAT1_ACTIVE_RECIPE_LOADED,"ACTIVE FROM RECIPE$NAFTER DOWNLOAD$NBARRIER PREHEAT$NSTATION 1","BOOL","","(RADIX := Decimal, Constant := false, ExternalAccess := Read/Write)"
TAG,,PREHEAT1_BYPASS_ANIMATION,"ANIMIATION FOR HMI$NBYPASS STATUS$NBARRIER PREHEAT STATION 1","BOOL","","(RADIX := Decimal, Constant := false, ExternalAccess := Read/Write)"
TAG,,PREHEAT1_CTR_INC_CYCLE,"HMI ANIMATION$NFAILED INCOMPLETE CYCLE$NBARRIER PUNCH STATION$N0=GREEN$N1=YELLOW$N2=RED","INT","","(RADIX := Decimal, Constant := false, ExternalAccess := Read/Write)"
TAG,,PREHEAT1_CTR_LOW_TEMP,"HMI ANIMATION$NFAILED BARRIER LOWER TEMPERATURE$NPREHEAT STATION 1$N0=GREEN$N1=YELLOW$N2=RED","INT","","(RADIX := Decimal, Constant := false, ExternalAccess := Read/Write)"
TAG,,PREHEAT1_CTR_UP_TEMP,"HMI ANIMATION$NFAILED BARRIER UPPER TEMPERATURE$NPREHEAT STATION 1$N0=GREEN$N1=YELLOW$N2=RED","INT","","(RADIX := Decimal, Constant := false, ExternalAccess := Read/Write)"
TAG,,PREHEAT1_CYCLE_PB,"HMI PUSH BUTTON$NRUN CYCLE$NBARRIER PREHEAT STATION 1","BOOL","","(RADIX := Decimal, Constant := false, ExternalAccess := Read/Write)"
ALIAS,,PREHEAT1_DATA_BAG_LOADED,"BAG LOADED$NMAIN DIAL PART DATA STREAM$NPREHEAT STATION 1","","MAIN_DIAL_DATA[4].BAG_LOADED","(RADIX := Decimal, ExternalAccess := Read/Write)"
ALIAS,,PREHEAT1_DATA_BAG_REJECT,"BAG REJECTED$NMAIN DIAL PART DATA STREAM$NPREHEAT STATION 1","","MAIN_DIAL_DATA[4].BAG_REJECT","(RADIX := Decimal, ExternalAccess := Read/Write)"
ALIAS,,PREHEAT1_DATA_BAR_LOADED,"BARRIER LOADED$NMAIN DIAL PART DATA STREAM$NPREHEAT STATION 1","","MAIN_DIAL_DATA[4].BARRIER_LOADED","(RADIX := Decimal, ExternalAccess := Read/Write)"
ALIAS,,PREHEAT1_DATA_BAR_REJECT,"BARRIER REJECTED$NMAIN DIAL PART DATA STREAM$NPREHEAT STATION 1","","MAIN_DIAL_DATA[4].BARRIER_REJECT","(RADIX := Decimal, ExternalAccess := Read/Write)"
ALIAS,,PREHEAT1_DATA_CLEAR_PB,"HMI PUSH BUTTON$NCLEAR DATA REQUEST$NPREHEAT STATION 1","","MAIN_DIAL_DATA_CLEAR_REQ_ARRAY.4","(RADIX := Decimal, ExternalAccess := Read/Write)"
ALIAS,,PREHEAT1_DATA_EMPTY_LAST_BAG,"LAST BAG REQUEST FOR CELL EMPTY$NMAIN DIAL PART DATA STREAM$NPREHEAT STATION 1","","MAIN_DIAL_DATA[4].CELL_EMPTY_LAST_BAG","(RADIX := Decimal, ExternalAccess := Read/Write)"
ALIAS,,PREHEAT1_DATA_FORMING_COMPLETE,"FORMING STATION COMPLETE$NMAIN DIAL PART DATA STREAM$NPREHEAT STATION 1","","MAIN_DIAL_DATA[4].FORMING_COMPLETE","(RADIX := Decimal, ExternalAccess := Read/Write)"
ALIAS,,PREHEAT1_DATA_FORMING_PRESS_OK,"FORMING STATION PRESSURE OK$NMAIN DIAL PART DATA STREAM$NPREHEAT STATION 1","","MAIN_DIAL_DATA[4].FORMING_PRESSURE_OK","(RADIX := Decimal, ExternalAccess := Read/Write)"
ALIAS,,PREHEAT1_DATA_FORMING_STARTED,"FORMING STATION STARTED$NMAIN DIAL PART DATA STREAM$NPREHEAT STATION 1","","MAIN_DIAL_DATA[4].FORMING_STARTED","(RADIX := Decimal, ExternalAccess := Read/Write)"
ALIAS,,PREHEAT1_DATA_GLUE_COMPLETE,"BAG GLUE STATION COMPLETED$NMAIN DIAL PART DATA STREAM$NPREHEAT STATION 1","","MAIN_DIAL_DATA[4].BAG_GLUE_COMPLETE","(RADIX := Decimal, ExternalAccess := Read/Write)"
ALIAS,,PREHEAT1_DATA_GLUE_OPEN_REJECT,"BAG GLUE STATION OPEN TIME REJECT$NMAIN DIAL PART DATA STREAM$NPREHEAT STATION 1","","MAIN_DIAL_DATA[4].BAG_GLUE_OPEN_TIME_REJECT","(RADIX := Decimal, ExternalAccess := Read/Write)"
ALIAS,,PREHEAT1_DATA_GLUE_PRESS_OK,"BAG GLUE STATION PRESSURE OK$NMAIN DIAL PART DATA STREAM$NPREHEAT STATION 1","","MAIN_DIAL_DATA[4].BAG_GLUE_PRESSURE_OK","(RADIX := Decimal, ExternalAccess := Read/Write)"
ALIAS,,PREHEAT1_DATA_GLUE_STARTED,"BAG GLUE STATION STARTED$NMAIN DIAL PART DATA STREAM$NPREHEAT STATION 1","","MAIN_DIAL_DATA[4].BAG_GLUE_STARTED","(RADIX := Decimal, ExternalAccess := Read/Write)"
ALIAS,,PREHEAT1_DATA_INKJET_COMPLETE,"INKJET STATION COMPLETED$NMAIN DIAL PART DATA STREAM$NPREHEAT STATION 1","","MAIN_DIAL_DATA[4].INKJET_COMPLETE","(RADIX := Decimal, ExternalAccess := Read/Write)"
ALIAS,,PREHEAT1_DATA_INKJET_STARTED,"INKJET STATION STARTED$NMAIN DIAL PART DATA STREAM$NPREHEAT STATION 1","","MAIN_DIAL_DATA[4].INKJET_STARTED","(RADIX := Decimal, ExternalAccess := Read/Write)"
ALIAS,,PREHEAT1_DATA_PNC_COMPLETE,"PRESS-N-CURE STATION COMPLETED$NMAIN DIAL PART DATA STREAM$NPREHEAT STATION 1","","MAIN_DIAL_DATA[4].BAG_CURE_COMPLETE","(RADIX := Decimal, ExternalAccess := Read/Write)"
ALIAS,,PREHEAT1_DATA_PNC_PRESS_OK,"PRESS-N-CURE STATION PRESSURE OK$NMAIN DIAL PART DATA STREAM$NPREHEAT STATION 1","","MAIN_DIAL_DATA[4].BAG_CURE_PRESSURE_OK","(RADIX := Decimal, ExternalAccess := Read/Write)"
ALIAS,,PREHEAT1_DATA_PNC_STARTED,"PRESS-N-CURE STATION STARTED$NMAIN DIAL PART DATA STREAM$NPREHEAT STATION 1","","MAIN_DIAL_DATA[4].BAG_CURE_STARTED","(RADIX := Decimal, ExternalAccess := Read/Write)"
ALIAS,,PREHEAT1_DATA_POS_BAG_REJECT,"POSITION BAG WAS REJECTED$NMAIN DIAL PART DATA STREAM$NPREHEAT STATION 1","","MAIN_DIAL_DATA[4].STATION_POS_REJECT_BAG","(RADIX := Decimal, ExternalAccess := Read/Write)"
ALIAS,,PREHEAT1_DATA_POS_BAR_REJECT,"POSITION BARRIER WAS REJECTED$NMAIN DIAL PART DATA STREAM$NPREHEAT STATION 1","","MAIN_DIAL_DATA[4].STATION_POS_REJECT_BARRIER","(RADIX := Decimal, ExternalAccess := Read/Write)"
ALIAS,,PREHEAT1_DATA_PREHEAT1_COMPLETE,"PREHEAT STATION 1 COMPLETE$NMAIN DIAL PART DATA STREAM$NPREHEAT STATION 1","","MAIN_DIAL_DATA[4].PREHEAT1_COMPLETE","(RADIX := Decimal, ExternalAccess := Read/Write)"
ALIAS,,PREHEAT1_DATA_PREHEAT1_LOW_TEMP_OK,"PREHEAT STATION 1 LOWER TEMP OK$NMAIN DIAL PART DATA STREAM$NPREHEAT STATION 1","","MAIN_DIAL_DATA[4].PREHEAT1_LOW_TEMP_OK","(RADIX := Decimal, ExternalAccess := Read/Write)"
ALIAS,,PREHEAT1_DATA_PREHEAT1_STARTED,"PREHEAT STATION 1 STARTED$NMAIN DIAL PART DATA STREAM$NPREHEAT STATION 1","","MAIN_DIAL_DATA[4].PREHEAT1_STARTED","(RADIX := Decimal, ExternalAccess := Read/Write)"
ALIAS,,PREHEAT1_DATA_PREHEAT1_UP_TEMP_OK,"PREHEAT STATION 1 UPPER TEMP OK$NMAIN DIAL PART DATA STREAM$NPREHEAT STATION 1","","MAIN_DIAL_DATA[4].PREHEAT1_UP_TEMP_OK","(RADIX := Decimal, ExternalAccess := Read/Write)"
ALIAS,,PREHEAT1_DATA_PREHEAT2_COMPLETE,"PREHEAT STATION 2 COMPLETE$NMAIN DIAL PART DATA STREAM$NPREHEAT STATION 1","","MAIN_DIAL_DATA[4].PREHEAT2_COMPLETE","(RADIX := Decimal, ExternalAccess := Read/Write)"
ALIAS,,PREHEAT1_DATA_PREHEAT2_LOW_TEMP_OK,"PREHEAT STATION 2 LOWER TEMP OK$NMAIN DIAL PART DATA STREAM$NPREHEAT STATION 1","","MAIN_DIAL_DATA[4].PREHEAT2_LOW_TEMP_OK","(RADIX := Decimal, ExternalAccess := Read/Write)"
ALIAS,,PREHEAT1_DATA_PREHEAT2_STARTED,"PREHEAT STATION 2 STARTED$NMAIN DIAL PART DATA STREAM$NPREHEAT STATION 1","","MAIN_DIAL_DATA[4].PREHEAT2_STARTED","(RADIX := Decimal, ExternalAccess := Read/Write)"
ALIAS,,PREHEAT1_DATA_PREHEAT2_UP_TEMP_OK,"PREHEAT STATION 2 UPPER TEMP OK$NMAIN DIAL PART DATA STREAM$NPREHEAT STATION 1","","MAIN_DIAL_DATA[4].PREHEAT2_UP_TEMP_OK","(RADIX := Decimal, ExternalAccess := Read/Write)"
ALIAS,,PREHEAT1_DATA_PRINT_COMPLETE,"PRINTING STATION COMPLETED$NMAIN DIAL PART DATA STREAM$NPREHEAT STATION 1","","MAIN_DIAL_DATA[4].PRINT_COMPLETE","(RADIX := Decimal, ExternalAccess := Read/Write)"
ALIAS,,PREHEAT1_DATA_PRINT_STARTED,"PRINTING STATION STARTED$NMAIN DIAL PART DATA STREAM$NPREHEAT STATION 1","","MAIN_DIAL_DATA[4].PRINT_STARTED","(RADIX := Decimal, ExternalAccess := Read/Write)"
ALIAS,,PREHEAT1_DATA_PUNCH_COMPLETE,"PUNCH STATION COMPLETED$NMAIN DIAL PART DATA STREAM$NPREHEAT STATION 1","","MAIN_DIAL_DATA[4].PUNCH_COMPLETE","(RADIX := Decimal, ExternalAccess := Read/Write)"
ALIAS,,PREHEAT1_DATA_PUNCH_STARTED,"PUNCH STATION STARTED$NMAIN DIAL PART DATA STREAM$NPREHEAT STATION 1","","MAIN_DIAL_DATA[4].PUNCH_STARTED","(RADIX := Decimal, ExternalAccess := Read/Write)"
ALIAS,,PREHEAT1_DATA_VISION_COMPLETE,"VISION INSPECTION STATION COMPLETED$NMAIN DIAL PART DATA STREAM$NPREHEAT STATION 1","","MAIN_DIAL_DATA[4].VISION_COMPLETE","(RADIX := Decimal, ExternalAccess := Read/Write)"
ALIAS,,PREHEAT1_DATA_VISION_PASS,"VISION INSPECTION STATION PASSED$NMAIN DIAL PART DATA STREAM$NPREHEAT STATION 1","","MAIN_DIAL_DATA[4].VISION_PASS","(RADIX := Decimal, ExternalAccess := Read/Write)"
TAG,,PREHEAT1_INC_CYCLE_REJECT_CNT,"FAILURE COUNT FOR INCOMPLETE CYCLE$NBARRIER PREHEAT STATION 1","COUNTER","","(Constant := false, ExternalAccess := Read/Write)"
COMMENT,,PREHEAT1_INC_CYCLE_REJECT_CNT,"PREVIOUS FAILURE COUNT FOR INCOMPLETE CYCLE$NPREHEAT STATION 1",,"PREHEAT1_INC_CYCLE_REJECT_CNT.ACC"
TAG,,PREHEAT1_INC_CYCLE_REJECT_MULT_CNT,"FAILURE COUNT $NMULTIPLE TIMES FOR INCOMPLETE CYCLE$NBARRIER PUNCH STATION","COUNTER","","(Constant := false, ExternalAccess := Read/Write)"
TAG,,PREHEAT1_INDEX_DIAL_REQ,"INDEX REQUEST$NFROM BARRIER PREHEAT STATION 1$N TO MAIN DIAL","BOOL","","(RADIX := Decimal, Constant := false, ExternalAccess := Read/Write)"
TAG,,PREHEAT1_LOW_ADJ_TEMP,"HMI LOWER TOOLING OFFSET TEMPERATURE ADJUSTMENT$NBARRIER PREHEAT STATION 1","INT","","(RADIX := Decimal, Constant := false, ExternalAccess := Read/Write)"
TAG,,PREHEAT1_LOW_BLOCK_TEMP,"LOWER BLOCK$NRAW TEMPERATURE$NBARRIER PREHEAT STATION 1","INT","","(RADIX := Decimal, Constant := false, ExternalAccess := Read/Write)"
TAG,,PREHEAT1_LOW_BLOCK_TEMP_B_SCALE,"LOWER BLOCK TEMPERATURE SCALING PARAMETER B$NBARRIER PREHEAT STATION 1","REAL","","(RADIX := Float, Constant := false, ExternalAccess := Read/Write)"
TAG,,PREHEAT1_LOW_BLOCK_TEMP_DISPLAY,"LOWER BLOCK TEMPERATURE (C)$NREAL NUMBER$NHMI DISPLAY$NBARRIER PREHEAT STATION 1","REAL","","(RADIX := Float, Constant := false, ExternalAccess := Read/Write)"
TAG,,PREHEAT1_LOW_BLOCK_TEMP_M_SCALE,"LOWER BLOCK TEMPERATURE SCALING PARAMETER M$NBARRIER PREHEAT STATION 1","REAL","","(RADIX := Float, Constant := false, ExternalAccess := Read/Write)"
TAG,,PREHEAT1_LOW_BLOCK_TEMP_REAL,"LOWER BLOCK TEMPERATURE (C)$NREAL NUMBER TO PID LOOP$NBARRIER PREHEAT STATION 1","REAL","","(RADIX := Float, Constant := false, ExternalAccess := Read/Write)"
ALIAS,,PREHEAT1_LOW_CYL_EXT,"LOWER CYLINDER EXTENDED$NBARRIER PRHEAT STATION 1","","MAN01:I.Data[3].4","(RADIX := Decimal, ExternalAccess := Read/Write)"
TAG,,PREHEAT1_LOW_CYL_EXT_PB,"HMI PUSH BUTTON$NEXTEND LOWER CYLINDER$NBARRIER PREHEAT STATION 1","BOOL","","(RADIX := Decimal, Constant := false, ExternalAccess := Read/Write)"
ALIAS,,PREHEAT1_LOW_CYL_RET,"LOWER CYLINDER RETRACTED$NBARRIER PRHEAT STATION 1","","MAN01:I.Data[3].5","(RADIX := Decimal, ExternalAccess := Read/Write)"
TAG,,PREHEAT1_LOW_TEMP_MAX,"LOWER TOOL MAX ALLOWABLE TEMPERATURE (C)$NBARRIER PREHEAT STATION 1$NHMI DISPLAY","INT","","(RADIX := Decimal, Constant := false, ExternalAccess := Read/Write)"
TAG,,PREHEAT1_LOW_TEMP_MIN,"LOWER TOOL MIN ALLOWABLE TEMPERATURE (C)$NBARRIER PREHEAT STATION 1$NHMI DISPLAY","INT","","(RADIX := Decimal, Constant := false, ExternalAccess := Read/Write)"
TAG,,PREHEAT1_LOW_TEMP_OK,"LOWER TOOL TEMPERATURE  WITHIN TOLERANCE$NBARRIER PREHEAT STATION 1","BOOL","","(RADIX := Decimal, Constant := false, ExternalAccess := Read/Write)"
TAG,,PREHEAT1_LOW_TEMP_RECIPE_SP,"RECIPE LOWER TOOL TEMPERATURE (C)$NBARRIER PREHEAT STATION 1","INT","","(RADIX := Decimal, Constant := false, ExternalAccess := Read/Write)"
TAG,,PREHEAT1_LOW_TEMP_REJECT_CNT,"FAILURE COUNT FOR BARRIER LOWER TOOLING TEMPERATURE$NPREHEAT STATION 1$N","COUNTER","","(Constant := false, ExternalAccess := Read/Write)"
TAG,,PREHEAT1_LOW_TEMP_SCREEN_PB,"HMI PUSH BUTTON$NGOTO BARRIER PREHEAT1 STATION$NLOW TEMPERATURE MONITOR $NSCREEN","BOOL","","(RADIX := Decimal, Constant := false, ExternalAccess := Read/Write)"
TAG,,PREHEAT1_LOW_TEMP_SP_AUTO,"LOWER TOOL TEMPERATURE (C) SET POINT GOING TO PID LOOP $NDURING AUTO$NBARRIER PREHEAT STATION 1","REAL","","(RADIX := Float, Constant := false, ExternalAccess := Read/Write)"
TAG,,PREHEAT1_LOW_TEMP_SP_AUTO_DISPLAY,"LOWER TOOL TEMPERATURE (C) SET POINT$NDURING AUTO$NBARRIER PREHEAT STATION 1$NHMI DISPLAY","DINT","","(RADIX := Decimal, Constant := false, ExternalAccess := Read/Write)"
TAG,,PREHEAT1_LOW_TEMP_SP_MAN,"LOWER TOOL TEMPERATURE (C) SET POINT GOING TO PID LOOP $NDURING MANUAL$NBARRIER PREHEAT STATION 1","REAL","","(RADIX := Float, Constant := false, ExternalAccess := Read/Write)"
TAG,,PREHEAT1_LOW_TEMP_SP_MAN_DISPLAY,"LOWER TOOL TEMPERATURE SET POINT$NDURING MANUAL$NBARRIER PREHEAT STATION 1$NHMI DISPLAY","INT","","(RADIX := Decimal, Constant := false, ExternalAccess := Read/Write)"
TAG,,PREHEAT1_LOW_TEMP_SP_TRACE_DISPLAY,"DISPLAYS THE SET POINT FOR MANUAL OR AUTO TEMPERATURE TRACING DISPLAY$NPREHEAT1 LOWER","DINT","","(RADIX := Decimal, Constant := false, ExternalAccess := Read/Write)"
TAG,,PREHEAT1_LOW_TOOL_HEATER_OUTPUT_RATE,"LOWER TOOL OUTPUT RATE TO HMI$NBARRIER PREHEAT STATION 1","DINT","","(RADIX := Decimal, Constant := false, ExternalAccess := Read/Write)"
TAG,,PREHEAT1_LOW_TOOL_PID,"LOWER TOOL TEMPERATURE (C)$NCONTROL PID$NBARRIER PREHEAT STATION 1","PID","","(Constant := false, ExternalAccess := Read/Write)"
TAG,,PREHEAT1_LOW_TOOL_PID_DYN_BIAS_FOAM,"LOWER TOOL PID DYNAMIC BIAS VARIABLE$NFOAM PART FAMILY$NBARRIER PREHEAT STATION 1","REAL","","(RADIX := Float, Constant := false, ExternalAccess := Read/Write)"
TAG,,PREHEAT1_LOW_TOOL_PID_DYN_BIAS_LARGE,"LOWER TOOL PID DYNAMIC BIAS VARIABLE$NLARGE PART FAMILY$NBARRIER PREHEAT STATION 1","REAL","","(RADIX := Float, Constant := false, ExternalAccess := Read/Write)"
TAG,,PREHEAT1_LOW_TOOL_PID_DYN_BIAS_LG_SNF,"LOWER TOOL PID DYNAMIC BIAS VARIABLE$NLARGE SNF PART FAMILY$NBARRIER PREHEAT STATION 1","DINT","","(RADIX := Decimal, Constant := false, ExternalAccess := Read/Write)"
TAG,,PREHEAT1_LOW_TOOL_PID_DYN_BIAS_MEDIUM,"LOWER TOOL PID DYNAMIC BIAS VARIABLE$NMEDIUM PART FAMILY$NBARRIER PREHEAT STATION 1","REAL","","(RADIX := Float, Constant := false, ExternalAccess := Read/Write)"
TAG,,PREHEAT1_LOW_TOOL_PID_DYN_BIAS_SMALL,"LOWER TOOL PID DYNAMIC BIAS VARIABLE$NSMALL PART FAMILY$NBARRIER PREHEAT STATION 1","REAL","","(RADIX := Float, Constant := false, ExternalAccess := Read/Write)"
TAG,,PREHEAT1_LOW_TOOL_PID_DYN_BIAS_SM_SNF,"LOWER TOOL PID DYNAMIC BIAS VARIABLE$NSMALL SNF PART FAMILY$NBARRIER PREHEAT STATION 1","DINT","","(RADIX := Decimal, Constant := false, ExternalAccess := Read/Write)"
ALIAS,,PREHEAT1_LOW_TOOL_PID_PV,"LOWER TOOL PID PROCESS VARIABLE$NBARRIER PREHEAT STATION 1","","PREHEAT1_LOW_TOOL_PID.PV","(RADIX := Float, ExternalAccess := Read/Write)"
ALIAS,,PREHEAT1_LOW_TOOL_PID_SP,"LOWER TOOL TEMPERATURE PID SET POINT$NBARRIER PREHEAT STATION 1","","PREHEAT1_LOW_TOOL_PID.SP","(RADIX := Float, ExternalAccess := Read/Write)"
TAG,,PREHEAT1_LOW_TOOL_PID_STATIC_BIAS_LARGE,"LOWER TOOL PID STATIC BIAS VARIABLE$NLARGE PART FAMILY$NBARRIER PREHEAT STATION 1","REAL","","(RADIX := Float, Constant := false, ExternalAccess := Read/Write)"
TAG,,PREHEAT1_LOW_TOOL_PID_STATIC_BIAS_LG_SNF,"LOWER TOOL PID STATIC BIAS VARIABLE$NLARGE SNF PART FAMILY$NBARRIER PREHEAT STATION 1","DINT","","(RADIX := Decimal, Constant := false, ExternalAccess := Read/Write)"
TAG,,PREHEAT1_LOW_TOOL_PID_STATIC_BIAS_MEDIUM,"LOWER TOOL PID STATIC BIAS VARIABLE$NMEDIUM PART FAMILY$NBARRIER PREHEAT STATION 1","REAL","","(RADIX := Float, Constant := false, ExternalAccess := Read/Write)"
TAG,,PREHEAT1_LOW_TOOL_PID_STATIC_BIAS_SMALL,"LOWER TOOL PID STATIC BIAS VARIABLE$NSMALL PART FAMILY$NBARRIER PREHEAT STATION 1","REAL","","(RADIX := Float, Constant := false, ExternalAccess := Read/Write)"
TAG,,PREHEAT1_LOW_TOOL_PID_STATIC_BIAS_SM_SNF,"LOWER TOOL PID STATIC BIAS VARIABLE$NSMALL SNF PART FAMILY$NBARRIER PREHEAT STATION 1","DINT","","(RADIX := Decimal, Constant := false, ExternalAccess := Read/Write)"
TAG,,PREHEAT1_LOW_TOOL_PID_ST_BIAS_FOAM,"LOWER TOOL PID STATIC BIAS VARIABLE$NFOAM PART FAMILY$NBARRIER PREHEAT STATION 1","REAL","","(RADIX := Float, Constant := false, ExternalAccess := Read/Write)"
TAG,,PREHEAT1_LOW_TOOL_TEMP,"LOWER TOOL$NRAW TEMPERATURE BARRIER PREHEAT STATION 1","INT","","(RADIX := Decimal, Constant := false, ExternalAccess := Read/Write)"
TAG,,PREHEAT1_LOW_TOOL_TEMP_B_SCALE,"LOWER TOOL TEMPERATURE SCALING PARAMETER B$NBARRIER PREHEAT STATION 1","REAL","","(RADIX := Float, Constant := false, ExternalAccess := Read/Write)"
TAG,,PREHEAT1_LOW_TOOL_TEMP_DISPLAY,"LOWER TOOL TEMPERATURE (C)$NREAL NUMBER$NHMI DISPLAY$NBARRIER PREHEAT STATION 1","REAL","","(RADIX := Float, Constant := false, ExternalAccess := Read/Write)"
TAG,,PREHEAT1_LOW_TOOL_TEMP_M_SCALE,"LOWER TOOL TEMPERATURE SCALING PARAMETER M$NBARRIER PREHEAT STATION 1","REAL","","(RADIX := Float, Constant := false, ExternalAccess := Read/Write)"
TAG,,PREHEAT1_LOW_TOOL_TEMP_PID_CV,"LOWER TOOL OUTPUT CONTROL VARIABLE$NBARRIER PREHEAT STATION 1","DINT","","(RADIX := Decimal, Constant := false, ExternalAccess := Read/Write)"
TAG,,PREHEAT1_LOW_TOOL_TEMP_REAL,"LOWER TOOL TEMPERATURE (C)$NREAL NUMBER TO PID LOOP$NBARRIER PREHEAT STATION 1","REAL","","(RADIX := Float, Constant := false, ExternalAccess := Read/Write)"
TAG,,PREHEAT1_PREV_INC_CYCLE_REJECT_CNT,"PREVIOUS FAILURE COUNT FOR INCOMPLETE CYCLE$NPREHEAT STATION 1","INT","","(RADIX := Decimal, Constant := false, ExternalAccess := Read/Write)"
TAG,,PREHEAT1_PROCESS_DONE,"CYCLE DONE$NFROM BARRIER PREHEAT STATION 1 $NTO MAIN DIAL","BOOL","","(RADIX := Decimal, Constant := false, ExternalAccess := Read/Write)"
TAG,,PREHEAT1_PROCESS_FAILED,"PROCESS FAILED DUE TO MACHINE STOP$NBARRIER PREHEAT STATION 1","BOOL","","(RADIX := Decimal, Constant := false, ExternalAccess := Read/Write)"
TAG,,PREHEAT1_RTD_ETHERNET_COMMS_OK,"RTD ANALOG COMMS OK$NBARRIER PREHEAT STATION 1","BOOL","","(RADIX := Decimal, Constant := false, ExternalAccess := Read/Write)"
TAG,,PREHEAT1_RTD_MOD_OK,"RTD ANALOG MODULE OK$NBARRIER PREHEAT STATION 1","BOOL","","(RADIX := Decimal, Constant := false, ExternalAccess := Read/Write)"
TAG,,PREHEAT1_SCREEN_PB,"HMI PUSH BUTTON$NGOTO BARRIER PREHEAT1 STATION $NSCREEN","BOOL","","(RADIX := Decimal, Constant := false, ExternalAccess := Read/Write)"
TAG,,PREHEAT1_TIME_ADJ,"PREHEAT TIME$NADJUSTED HMI$NBARRIER PREHEAT STATION 1","INT","","(RADIX := Decimal, Constant := false, ExternalAccess := Read/Write)"
TAG,,PREHEAT1_TIME_RECIPE,"PREHEAT TIME$NFROM RECIPE$NBARRIER PREHEAT STATION 1","INT","","(RADIX := Decimal, Constant := false, ExternalAccess := Read/Write)"
TAG,,PREHEAT1_UP_ADJ_TEMP,"HMI UPPER TOOLING OFFSET TEMPERATURE ADJUSTMENT$NBARRIER PREHEAT STATION 1","INT","","(RADIX := Decimal, Constant := false, ExternalAccess := Read/Write)"
TAG,,PREHEAT1_UP_BLOCK_TEMP,"UPPER BLOCK$NRAW TEMPERATURE$NBARRIER PREHEAT STATION 1","INT","","(RADIX := Decimal, Constant := false, ExternalAccess := Read/Write)"
TAG,,PREHEAT1_UP_BLOCK_TEMP_B_SCALE,"UPPER BLOCK TEMPERATURE SCALING PARAMETER B$NBARRIER PREHEAT STATION 1","REAL","","(RADIX := Float, Constant := false, ExternalAccess := Read/Write)"
TAG,,PREHEAT1_UP_BLOCK_TEMP_DISPLAY,"UPPER BLOCK TEMPERATURE (C)$NREAL NUMBER$NHMI DISPLAY$NBARRIER PREHEAT STATION 1","REAL","","(RADIX := Float, Constant := false, ExternalAccess := Read/Write)"
TAG,,PREHEAT1_UP_BLOCK_TEMP_M_SCALE,"UPPER BLOCK TEMPERATURE SCALING PARAMETER M$NBARRIER PREHEAT STATION 1","REAL","","(RADIX := Float, Constant := false, ExternalAccess := Read/Write)"
TAG,,PREHEAT1_UP_BLOCK_TEMP_REAL,"UPPER BLOCK TEMPERATURE (C)$NREAL NUMBER TO PID LOOP$NBARRIER PREHEAT STATION 1","REAL","","(RADIX := Float, Constant := false, ExternalAccess := Read/Write)"
ALIAS,,PREHEAT1_UP_CYL_EXT,"UPPER CYLINDER EXTENDED$NBARRIER PRHEAT STATION 1","","MAN01:I.Data[3].2","(RADIX := Decimal, ExternalAccess := Read/Write)"
TAG,,PREHEAT1_UP_CYL_EXT_PB,"HMI PUSH BUTTON$NEXTEND LOWER CYLINDER$NBARRIER PREHEAT STATION 1","BOOL","","(RADIX := Decimal, Constant := false, ExternalAccess := Read/Write)"
ALIAS,,PREHEAT1_UP_CYL_RET,"UPPER CYLINDER RETRACTED$NBARRIER PRHEAT STATION 1","","MAN01:I.Data[3].3","(RADIX := Decimal, ExternalAccess := Read/Write)"
TAG,,PREHEAT1_UP_TEMP_MAX,"UPPER TOOL MAX ALLOWABLE TEMPERATURE (F)$NBARRIER PREHEAT STATION 1$NHMI DISPLAY","INT","","(RADIX := Decimal, Constant := false, ExternalAccess := Read/Write)"
TAG,,PREHEAT1_UP_TEMP_MIN,"UPPER TOOL MIN ALLOWABLE TEMPERATURE (F)$NBARRIER PREHEAT STATION 1$NHMI DISPLAY","INT","","(RADIX := Decimal, Constant := false, ExternalAccess := Read/Write)"
TAG,,PREHEAT1_UP_TEMP_OK,"UPPER TOOL TEMPERATURE  WITHIN TOLERANCE$NBARRIER PREHEAT STATION 1","BOOL","","(RADIX := Decimal, Constant := false, ExternalAccess := Read/Write)"
TAG,,PREHEAT1_UP_TEMP_RECIPE_SP,"RECIPE UPPER TOOL TEMPERATURE (F)$NBARRIER PREHEAT STATION 1","INT","","(RADIX := Decimal, Constant := false, ExternalAccess := Read/Write)"
TAG,,PREHEAT1_UP_TEMP_REJECT_CNT,"FAILURE COUNT FOR BARRIER UPPER TOOLING TEMPERATURE$NPREHEAT STATION 1$N","COUNTER","","(Constant := false, ExternalAccess := Read/Write)"
TAG,,PREHEAT1_UP_TEMP_SCREEN_PB,"HMI PUSH BUTTON$NGOTO BARRIER PREHEAT1 STATION$NUPPER TEMPERATURE MONITOR $NSCREEN","BOOL","","(RADIX := Decimal, Constant := false, ExternalAccess := Read/Write)"
TAG,,PREHEAT1_UP_TEMP_SP_AUTO,"UPPER TOOL TEMPERATURE (C) SET POINT GOING TO PID LOOP $NDURING AUTO$NBARRIER PREHEAT STATION 1","REAL","","(RADIX := Float, Constant := false, ExternalAccess := Read/Write)"
TAG,,PREHEAT1_UP_TEMP_SP_AUTO_DISPLAY,"UPPER TOOL TEMPERATURE (F) SET POINT$NDURING AUTO$NBARRIER PREHEAT STATION 1$NHMI DISPLAY","DINT","","(RADIX := Decimal, Constant := false, ExternalAccess := Read/Write)"
TAG,,PREHEAT1_UP_TEMP_SP_MAN,"UPPER TOOL TEMPERATURE (C) SET POINT GOING TO PID LOOP $NDURING MANUAL$NBARRIER PREHEAT STATION 1","REAL","","(RADIX := Float, Constant := false, ExternalAccess := Read/Write)"
TAG,,PREHEAT1_UP_TEMP_SP_MAN_DISPLAY,"UPPER TOOL TEMPERATURE (F) SET POINT$NDURING MANUAL$NBARRIER PREHEAT STATION 1$NHMI DISPLAY","INT","","(RADIX := Decimal, Constant := false, ExternalAccess := Read/Write)"
TAG,,PREHEAT1_UP_TEMP_SP_TRACE_DISPLAY,"DISPLAYS THE SET POINT FOR MANUAL OR AUTO TEMPERATURE TRACING DISPLAY$NPREHEAT1 UPPER","DINT","","(RADIX := Decimal, Constant := false, ExternalAccess := Read/Write)"
TAG,,PREHEAT1_UP_TOOL_HEATER_OUTPUT_RATE,"UPPER TOOL OUTPUT RATE TO HMI$NBARRIER PREHEAT STATION 1","DINT","","(RADIX := Decimal, Constant := false, ExternalAccess := Read/Write)"
TAG,,PREHEAT1_UP_TOOL_PID,"UPPER TOOL TEMPERATURE (C)$NCONTROL PID$NBARRIER PREHEAT STATION 1","PID","","(Constant := false, ExternalAccess := Read/Write)"
TAG,,PREHEAT1_UP_TOOL_PID_DYN_BIAS_FOAM,"UPPER TOOL PID DYNAMIC BIAS VARIABLE$NFOAM PART FAMILY$NBARRIER PREHEAT STATION 1","REAL","","(RADIX := Float, Constant := false, ExternalAccess := Read/Write)"
TAG,,PREHEAT1_UP_TOOL_PID_DYN_BIAS_LARGE,"UPPER TOOL PID DYNAMIC BIAS VARIABLE$NLARGE PART FAMILY$NBARRIER PREHEAT STATION 1","REAL","","(RADIX := Float, Constant := false, ExternalAccess := Read/Write)"
TAG,,PREHEAT1_UP_TOOL_PID_DYN_BIAS_LG_SNF,"UPPER TOOL PID DYNAMIC BIAS VARIABLE$NLARGE SNF PART FAMILY$NBARRIER PREHEAT STATION 1","DINT","","(RADIX := Decimal, Constant := false, ExternalAccess := Read/Write)"
TAG,,PREHEAT1_UP_TOOL_PID_DYN_BIAS_MEDIUM,"UPPER TOOL PID DYNAMIC BIAS VARIABLE$NMEDIUM PART FAMILY$NBARRIER PREHEAT STATION 1","REAL","","(RADIX := Float, Constant := false, ExternalAccess := Read/Write)"
TAG,,PREHEAT1_UP_TOOL_PID_DYN_BIAS_SMALL,"UPPER TOOL PID DYNAMIC BIAS VARIABLE$NSMALL PART FAMILY$NBARRIER PREHEAT STATION 1","REAL","","(RADIX := Float, Constant := false, ExternalAccess := Read/Write)"
TAG,,PREHEAT1_UP_TOOL_PID_DYN_BIAS_SM_SNF,"UPPER TOOL PID DYNAMIC BIAS VARIABLE$NSMALL SNF PART FAMILY$NBARRIER PREHEAT STATION 1","DINT","","(RADIX := Decimal, Constant := false, ExternalAccess := Read/Write)"
ALIAS,,PREHEAT1_UP_TOOL_PID_PV,"UPPER TOOL PID PROCESS VARIABLE$NBARRIER PREHEAT STATION 1","","PREHEAT1_UP_TOOL_PID.PV","(RADIX := Float, ExternalAccess := Read/Write)"
ALIAS,,PREHEAT1_UP_TOOL_PID_SP,"UPPER TOOL TEMPERATURE PID SET POINT$NBARRIER PREHEAT STATION 1","","PREHEAT1_UP_TOOL_PID.SP","(RADIX := Float, ExternalAccess := Read/Write)"
TAG,,PREHEAT1_UP_TOOL_PID_STATIC_BIAS_LARGE,"UPPER TOOL PID STATIC BIAS VARIABLE$NLARGE PART FAMILY$NBARRIER PREHEAT STATION 1","REAL","","(RADIX := Float, Constant := false, ExternalAccess := Read/Write)"
TAG,,PREHEAT1_UP_TOOL_PID_STATIC_BIAS_LG_SNF,"UPPER TOOL PID STATIC BIAS VARIABLE$NLARGE SNF PART FAMILY$NBARRIER PREHEAT STATION 1","DINT","","(RADIX := Decimal, Constant := false, ExternalAccess := Read/Write)"
TAG,,PREHEAT1_UP_TOOL_PID_STATIC_BIAS_MEDIUM,"UPPER TOOL PID STATIC BIAS VARIABLE$NMEDIUM PART FAMILY$NBARRIER PREHEAT STATION 1","REAL","","(RADIX := Float, Constant := false, ExternalAccess := Read/Write)"
TAG,,PREHEAT1_UP_TOOL_PID_STATIC_BIAS_SMALL,"UPPER TOOL PID STATIC BIAS VARIABLE$NSMALL PART FAMILY$NBARRIER PREHEAT STATION 1","REAL","","(RADIX := Float, Constant := false, ExternalAccess := Read/Write)"
TAG,,PREHEAT1_UP_TOOL_PID_STATIC_BIAS_SM_SNF,"UPPER TOOL PID STATIC BIAS VARIABLE$NSMALL SNF PART FAMILY$NBARRIER PREHEAT STATION 1","DINT","","(RADIX := Decimal, Constant := false, ExternalAccess := Read/Write)"
TAG,,PREHEAT1_UP_TOOL_PID_ST_BIAS_FOAM,"UPPER TOOL PID STATIC BIAS VARIABLE$NFOAM PART FAMILY$NBARRIER PREHEAT STATION 1","REAL","","(RADIX := Float, Constant := false, ExternalAccess := Read/Write)"
TAG,,PREHEAT1_UP_TOOL_TEMP,"UPPER TOOL$NRAW TEMPERATURE BARRIER PREHEAT STATION 1","INT","","(RADIX := Decimal, Constant := false, ExternalAccess := Read/Write)"
TAG,,PREHEAT1_UP_TOOL_TEMP_B_SCALE,"UPPER TOOL TEMPERATURE SCALING PARAMETER B$NBARRIER PREHEAT STATION 1","REAL","","(RADIX := Float, Constant := false, ExternalAccess := Read/Write)"
TAG,,PREHEAT1_UP_TOOL_TEMP_DISPLAY,"UPPER TOOL TEMPERATURE (C) $NREAL NUMBER$NHMI DISPLAY$NBARRIER PREHEAT STATION 1","REAL","","(RADIX := Float, Constant := false, ExternalAccess := Read/Write)"
TAG,,PREHEAT1_UP_TOOL_TEMP_M_SCALE,"UPPER TOOL TEMPERATURE SCALING PARAMETER M$NBARRIER PREHEAT STATION 1","REAL","","(RADIX := Float, Constant := false, ExternalAccess := Read/Write)"
TAG,,PREHEAT1_UP_TOOL_TEMP_PID_CV,"UPPER TOOL OUTPUT CONTROL VARIABLE$NBARRIER PREHEAT STATION 1","DINT","","(RADIX := Decimal, Constant := false, ExternalAccess := Read/Write)"
TAG,,PREHEAT1_UP_TOOL_TEMP_REAL,"UPPER TOOL TEMPERATURE (C)$NREAL NUMBER TO PID LOOP$NBARRIER PREHEAT STATION 1","REAL","","(RADIX := Float, Constant := false, ExternalAccess := Read/Write)"
TAG,,PREHEAT2_ACTIVE_RECIPE,"ACTIVE FROM RECIPE BARRIER PREHEAT$NSTATION 2","BOOL","","(RADIX := Decimal, Constant := false, ExternalAccess := Read/Write)"
TAG,,PREHEAT2_ACTIVE_RECIPE_LOADED,"ACTIVE FROM RECIPE$NAFTER DOWNLOAD$NBARRIER PREHEAT$NSTATION 2","BOOL","","(RADIX := Decimal, Constant := false, ExternalAccess := Read/Write)"
TAG,,PREHEAT2_BYPASS_ANIMATION,"ANIMIATION FOR HMI$NBYPASS STATUS$NBARRIER PREHEAT STATION 2","BOOL","","(RADIX := Decimal, Constant := false, ExternalAccess := Read/Write)"
TAG,,PREHEAT2_CTR_INC_CYCLE,"HMI ANIMATION$NFAILED INCOMPLETE CYCLE$NBARRIER PUNCH STATION$N0=GREEN$N1=YELLOW$N2=RED","INT","","(RADIX := Decimal, Constant := false, ExternalAccess := Read/Write)"
TAG,,PREHEAT2_CTR_LOW_TEMP,"HMI ANIMATION$NFAILED BARRIER LOWER TEMPERATURE$NPREHEAT STATION 2$N0=GREEN$N1=YELLOW$N2=RED","INT","","(RADIX := Decimal, Constant := false, ExternalAccess := Read/Write)"
TAG,,PREHEAT2_CTR_UP_TEMP,"HMI ANIMATION$NFAILED BARRIER UPPER TEMPERATURE$NPREHEAT STATION 2$N0=GREEN$N1=YELLOW$N2=RED","INT","","(RADIX := Decimal, Constant := false, ExternalAccess := Read/Write)"
TAG,,PREHEAT2_CYCLE_PB,"HMI PUSH BUTTON$NRUN CYCLE$NBARRIER PREHEAT STATION 2","BOOL","","(RADIX := Decimal, Constant := false, ExternalAccess := Read/Write)"
ALIAS,,PREHEAT2_DATA_BAG_LOADED,"BAG LOADED$NMAIN DIAL PART DATA STREAM$NPREHEAT STATION 2","","MAIN_DIAL_DATA[5].BAG_LOADED","(RADIX := Decimal, ExternalAccess := Read/Write)"
ALIAS,,PREHEAT2_DATA_BAG_REJECT,"BAG REJECTED$NMAIN DIAL PART DATA STREAM$NPREHEAT STATION 2","","MAIN_DIAL_DATA[5].BAG_REJECT","(RADIX := Decimal, ExternalAccess := Read/Write)"
ALIAS,,PREHEAT2_DATA_BAR_LOADED,"BARRIER LOADED$NMAIN DIAL PART DATA STREAM$NPREHEAT STATION 2","","MAIN_DIAL_DATA[5].BARRIER_LOADED","(RADIX := Decimal, ExternalAccess := Read/Write)"
ALIAS,,PREHEAT2_DATA_BAR_REJECT,"BARRIER REJECTED$NMAIN DIAL PART DATA STREAM$NPREHEAT STATION 2","","MAIN_DIAL_DATA[5].BARRIER_REJECT","(RADIX := Decimal, ExternalAccess := Read/Write)"
ALIAS,,PREHEAT2_DATA_CLEAR_PB,"HMI PUSH BUTTON$NCLEAR DATA REQUEST$NPREHEAT STATION 2","","MAIN_DIAL_DATA_CLEAR_REQ_ARRAY.5","(RADIX := Decimal, ExternalAccess := Read/Write)"
ALIAS,,PREHEAT2_DATA_EMPTY_LAST_BAG,"LAST BAG REQUEST FOR CELL EMPTY$NMAIN DIAL PART DATA STREAM$NPREHEAT STATION 2","","MAIN_DIAL_DATA[5].CELL_EMPTY_LAST_BAG","(RADIX := Decimal, ExternalAccess := Read/Write)"
ALIAS,,PREHEAT2_DATA_FORMING_COMPLETE,"FORMING STATION COMPLETE$NMAIN DIAL PART DATA STREAM$NPREHEAT STATION 2","","MAIN_DIAL_DATA[5].FORMING_COMPLETE","(RADIX := Decimal, ExternalAccess := Read/Write)"
ALIAS,,PREHEAT2_DATA_FORMING_PRESS_OK,"FORMING STATION PRESSURE OK$NMAIN DIAL PART DATA STREAM$NPREHEAT STATION 2","","MAIN_DIAL_DATA[5].FORMING_PRESSURE_OK","(RADIX := Decimal, ExternalAccess := Read/Write)"
ALIAS,,PREHEAT2_DATA_FORMING_STARTED,"FORMING STATION STARTED$NMAIN DIAL PART DATA STREAM$NPREHEAT STATION 2","","MAIN_DIAL_DATA[5].FORMING_STARTED","(RADIX := Decimal, ExternalAccess := Read/Write)"
ALIAS,,PREHEAT2_DATA_GLUE_COMPLETE,"BAG GLUE STATION COMPLETED$NMAIN DIAL PART DATA STREAM$NPREHEAT STATION 2","","MAIN_DIAL_DATA[5].BAG_GLUE_COMPLETE","(RADIX := Decimal, ExternalAccess := Read/Write)"
ALIAS,,PREHEAT2_DATA_GLUE_OPEN_REJECT,"BAG GLUE STATION OPEN TIME REJECT$NMAIN DIAL PART DATA STREAM$NPREHEAT STATION 2","","MAIN_DIAL_DATA[5].BAG_GLUE_OPEN_TIME_REJECT","(RADIX := Decimal, ExternalAccess := Read/Write)"
ALIAS,,PREHEAT2_DATA_GLUE_PRESS_OK,"BAG GLUE STATION PRESSURE OK$NMAIN DIAL PART DATA STREAM$NPREHEAT STATION 2","","MAIN_DIAL_DATA[5].BAG_GLUE_PRESSURE_OK","(RADIX := Decimal, ExternalAccess := Read/Write)"
ALIAS,,PREHEAT2_DATA_GLUE_STARTED,"BAG GLUE STATION STARTED$NMAIN DIAL PART DATA STREAM$NPREHEAT STATION 2","","MAIN_DIAL_DATA[5].BAG_GLUE_STARTED","(RADIX := Decimal, ExternalAccess := Read/Write)"
ALIAS,,PREHEAT2_DATA_INKJET_COMPLETE,"INKJET STATION COMPLETED$NMAIN DIAL PART DATA STREAM$NPREHEAT STATION 2","","MAIN_DIAL_DATA[5].INKJET_COMPLETE","(RADIX := Decimal, ExternalAccess := Read/Write)"
ALIAS,,PREHEAT2_DATA_INKJET_STARTED,"INKJET STATION STARTED$NMAIN DIAL PART DATA STREAM$NPREHEAT STATION 2","","MAIN_DIAL_DATA[5].INKJET_STARTED","(RADIX := Decimal, ExternalAccess := Read/Write)"
ALIAS,,PREHEAT2_DATA_PNC_COMPLETE,"PRESS-N-CURE STATION COMPLETED$NMAIN DIAL PART DATA STREAM$NPREHEAT STATION 2","","MAIN_DIAL_DATA[5].BAG_CURE_COMPLETE","(RADIX := Decimal, ExternalAccess := Read/Write)"
ALIAS,,PREHEAT2_DATA_PNC_PRESS_OK,"PRESS-N-CURE STATION PRESSURE OK$NMAIN DIAL PART DATA STREAM$NPREHEAT STATION 2","","MAIN_DIAL_DATA[5].BAG_CURE_PRESSURE_OK","(RADIX := Decimal, ExternalAccess := Read/Write)"
ALIAS,,PREHEAT2_DATA_PNC_STARTED,"PRESS-N-CURE STATION STARTED$NMAIN DIAL PART DATA STREAM$NPREHEAT STATION 2","","MAIN_DIAL_DATA[5].BAG_CURE_STARTED","(RADIX := Decimal, ExternalAccess := Read/Write)"
ALIAS,,PREHEAT2_DATA_POS_BAG_REJECT,"POSITION BAG WAS REJECTED$NMAIN DIAL PART DATA STREAM$NPREHEAT STATION 2","","MAIN_DIAL_DATA[5].STATION_POS_REJECT_BAG","(RADIX := Decimal, ExternalAccess := Read/Write)"
ALIAS,,PREHEAT2_DATA_POS_BAR_REJECT,"POSITION BARRIER WAS REJECTED$NMAIN DIAL PART DATA STREAM$NPREHEAT STATION 2","","MAIN_DIAL_DATA[5].STATION_POS_REJECT_BARRIER","(RADIX := Decimal, ExternalAccess := Read/Write)"
ALIAS,,PREHEAT2_DATA_PREHEAT1_COMPLETE,"PREHEAT STATION 1 COMPLETE$NMAIN DIAL PART DATA STREAM$NPREHEAT STATION 2","","MAIN_DIAL_DATA[5].PREHEAT1_COMPLETE","(RADIX := Decimal, ExternalAccess := Read/Write)"
ALIAS,,PREHEAT2_DATA_PREHEAT1_LOW_TEMP_OK,"PREHEAT STATION 1 LOWER TEMP OK$NMAIN DIAL PART DATA STREAM$NPREHEAT STATION 2","","MAIN_DIAL_DATA[5].PREHEAT1_LOW_TEMP_OK","(RADIX := Decimal, ExternalAccess := Read/Write)"
ALIAS,,PREHEAT2_DATA_PREHEAT1_STARTED,"PREHEAT STATION 1 STARTED$NMAIN DIAL PART DATA STREAM$NPREHEAT STATION 2","","MAIN_DIAL_DATA[5].PREHEAT1_STARTED","(RADIX := Decimal, ExternalAccess := Read/Write)"
ALIAS,,PREHEAT2_DATA_PREHEAT1_UP_TEMP_OK,"PREHEAT STATION 1 UPPER TEMP OK$NMAIN DIAL PART DATA STREAM$NPREHEAT STATION 2","","MAIN_DIAL_DATA[5].PREHEAT1_UP_TEMP_OK","(RADIX := Decimal, ExternalAccess := Read/Write)"
ALIAS,,PREHEAT2_DATA_PREHEAT2_COMPLETE,"PREHEAT STATION 2 COMPLETE$NMAIN DIAL PART DATA STREAM$NPREHEAT STATION 2","","MAIN_DIAL_DATA[5].PREHEAT2_COMPLETE","(RADIX := Decimal, ExternalAccess := Read/Write)"
ALIAS,,PREHEAT2_DATA_PREHEAT2_LOW_TEMP_OK,"PREHEAT STATION 2 LOWER TEMP OK$NMAIN DIAL PART DATA STREAM$NPREHEAT STATION 2","","MAIN_DIAL_DATA[5].PREHEAT2_LOW_TEMP_OK","(RADIX := Decimal, ExternalAccess := Read/Write)"
ALIAS,,PREHEAT2_DATA_PREHEAT2_STARTED,"PREHEAT STATION 2 STARTED$NMAIN DIAL PART DATA STREAM$NPREHEAT STATION 2","","MAIN_DIAL_DATA[5].PREHEAT2_STARTED","(RADIX := Decimal, ExternalAccess := Read/Write)"
ALIAS,,PREHEAT2_DATA_PREHEAT2_UP_TEMP_OK,"PREHEAT STATION 2 UPPER TEMP OK$NMAIN DIAL PART DATA STREAM$NPREHEAT STATION 2","","MAIN_DIAL_DATA[5].PREHEAT2_UP_TEMP_OK","(RADIX := Decimal, ExternalAccess := Read/Write)"
ALIAS,,PREHEAT2_DATA_PRINT_COMPLETE,"PRINTING STATION COMPLETED$NMAIN DIAL PART DATA STREAM$NPREHEAT STATION 2","","MAIN_DIAL_DATA[5].PRINT_COMPLETE","(RADIX := Decimal, ExternalAccess := Read/Write)"
ALIAS,,PREHEAT2_DATA_PRINT_STARTED,"PRINTING STATION STARTED$NMAIN DIAL PART DATA STREAM$NPREHEAT STATION 2","","MAIN_DIAL_DATA[5].PRINT_STARTED","(RADIX := Decimal, ExternalAccess := Read/Write)"
ALIAS,,PREHEAT2_DATA_PUNCH_COMPLETE,"PUNCH STATION COMPLETED$NMAIN DIAL PART DATA STREAM$NPREHEAT STATION 2","","MAIN_DIAL_DATA[5].PUNCH_COMPLETE","(RADIX := Decimal, ExternalAccess := Read/Write)"
ALIAS,,PREHEAT2_DATA_PUNCH_STARTED,"PUNCH STATION STARTED$NMAIN DIAL PART DATA STREAM$NPREHEAT STATION 2","","MAIN_DIAL_DATA[5].PUNCH_STARTED","(RADIX := Decimal, ExternalAccess := Read/Write)"
ALIAS,,PREHEAT2_DATA_VISION_COMPLETE,"VISION INSPECTION STATION COMPLETED$NMAIN DIAL PART DATA STREAM$NPREHEAT STATION 2","","MAIN_DIAL_DATA[5].VISION_COMPLETE","(RADIX := Decimal, ExternalAccess := Read/Write)"
ALIAS,,PREHEAT2_DATA_VISION_PASS,"VISION INSPECTION STATION PASSED$NMAIN DIAL PART DATA STREAM$NPREHEAT STATION 2","","MAIN_DIAL_DATA[5].VISION_PASS","(RADIX := Decimal, ExternalAccess := Read/Write)"
TAG,,PREHEAT2_INC_CYCLE_REJECT_CNT,"FAILURE COUNT FOR INCOMPLETE CYCLE$NBARRIER PREHEAT STATION 2","COUNTER","","(Constant := false, ExternalAccess := Read/Write)"
TAG,,PREHEAT2_INC_CYCLE_REJECT_MULT_CNT,"FAILURE COUNT $NMULTIPLE TIMES FOR INCOMPLETE CYCLE$NBARRIER PUNCH STATION","COUNTER","","(Constant := false, ExternalAccess := Read/Write)"
TAG,,PREHEAT2_INDEX_DIAL_REQ,"INDEX REQUEST$NFROM BARRIER PREHEAT STATION 2$N TO MAIN DIAL","BOOL","","(RADIX := Decimal, Constant := false, ExternalAccess := Read/Write)"
TAG,,PREHEAT2_LOW_ADJ_TEMP,"HMI LOWER TOOLING OFFSET TEMPERATURE ADJUSTMENT$NBARRIER PREHEAT STATION 2","INT","","(RADIX := Decimal, Constant := false, ExternalAccess := Read/Write)"
TAG,,PREHEAT2_LOW_BLOCK_TEMP,"LOWER BLOCK$NRAW TEMPERATURE$NBARRIER PREHEAT STATION 2","INT","","(RADIX := Decimal, Constant := false, ExternalAccess := Read/Write)"
TAG,,PREHEAT2_LOW_BLOCK_TEMP_B_SCALE,"LOWER BLOCK TEMPERATURE SCALING PARAMETER B$NBARRIER PREHEAT STATION 2","REAL","","(RADIX := Float, Constant := false, ExternalAccess := Read/Write)"
TAG,,PREHEAT2_LOW_BLOCK_TEMP_DISPLAY,"LOWER BLOCK TEMPERATURE (C)$NREAL NUMBER$NHMI DISPLAY$NBARRIER PREHEAT STATION 2","REAL","","(RADIX := Float, Constant := false, ExternalAccess := Read/Write)"
TAG,,PREHEAT2_LOW_BLOCK_TEMP_M_SCALE,"LOWER BLOCK TEMPERATURE SCALING PARAMETER M$NBARRIER PREHEAT STATION 2","REAL","","(RADIX := Float, Constant := false, ExternalAccess := Read/Write)"
TAG,,PREHEAT2_LOW_BLOCK_TEMP_REAL,"LOWER BLOCK TEMPERATURE (C)$NREAL NUMBER TO PID LOOP$NBARRIER PREHEAT STATION 2","REAL","","(RADIX := Float, Constant := false, ExternalAccess := Read/Write)"
ALIAS,,PREHEAT2_LOW_CYL_EXT,"LOWER CYLINDER EXTENDED$NBARRIER PRHEAT STATION 2","","MAN01:I.Data[3].8","(RADIX := Decimal, ExternalAccess := Read/Write)"
TAG,,PREHEAT2_LOW_CYL_EXT_PB,"HMI PUSH BUTTON$NEXTEND LOWER CYLINDER$NBARRIER PREHEAT STATION 2","BOOL","","(RADIX := Decimal, Constant := false, ExternalAccess := Read/Write)"
ALIAS,,PREHEAT2_LOW_CYL_RET,"LOWER CYLINDER RETRACTED$NBARRIER PRHEAT STATION 2","","MAN01:I.Data[3].9","(RADIX := Decimal, ExternalAccess := Read/Write)"
TAG,,PREHEAT2_LOW_TEMP_MAX,"LOWER TOOL MAX ALLOWABLE TEMPERATURE (F)$NBARRIER PREHEAT STATION 2$NHMI DISPLAY","INT","","(RADIX := Decimal, Constant := false, ExternalAccess := Read/Write)"
TAG,,PREHEAT2_LOW_TEMP_MIN,"LOWER TOOL MIN ALLOWABLE TEMPERATURE (F)$NBARRIER PREHEAT STATION 2$NHMI DISPLAY","INT","","(RADIX := Decimal, Constant := false, ExternalAccess := Read/Write)"
TAG,,PREHEAT2_LOW_TEMP_OK,"LOWER TOOL TEMPERATURE  WITHIN TOLERANCE$NBARRIER PREHEAT STATION 2","BOOL","","(RADIX := Decimal, Constant := false, ExternalAccess := Read/Write)"
TAG,,PREHEAT2_LOW_TEMP_RECIPE_SP,"RECIPE LOWER TOOL TEMPERATURE (F)$NBARRIER PREHEAT STATION 2","INT","","(RADIX := Decimal, Constant := false, ExternalAccess := Read/Write)"
TAG,,PREHEAT2_LOW_TEMP_REJECT_CNT,"FAILURE COUNT FOR BARRIER LOWER TOOLING TEMPERATURE$NPREHEAT STATION 2$N","COUNTER","","(Constant := false, ExternalAccess := Read/Write)"
TAG,,PREHEAT2_LOW_TEMP_SCREEN_PB,"HMI PUSH BUTTON$NGOTO BARRIER PREHEAT2 STATION$NLOW TEMPERATURE MONITOR $NSCREEN","BOOL","","(RADIX := Decimal, Constant := false, ExternalAccess := Read/Write)"
TAG,,PREHEAT2_LOW_TEMP_SP_AUTO,"LOWER TOOL TEMPERATURE (C) SET POINT GOING TO PID LOOP $NDURING AUTO$NBARRIER PREHEAT STATION 2","REAL","","(RADIX := Float, Constant := false, ExternalAccess := Read/Write)"
TAG,,PREHEAT2_LOW_TEMP_SP_AUTO_DISPLAY,"LOWER TOOL TEMPERATURE (F) SET POINT$NDURING AUTO$NBARRIER PREHEAT STATION 2$NHMI DISPLAY","DINT","","(RADIX := Decimal, Constant := false, ExternalAccess := Read/Write)"
TAG,,PREHEAT2_LOW_TEMP_SP_MAN,"LOWER TOOL TEMPERATURE (C) SET POINT GOING TO PID LOOP $NDURING MANUAL$NBARRIER PREHEAT STATION 2","REAL","","(RADIX := Float, Constant := false, ExternalAccess := Read/Write)"
TAG,,PREHEAT2_LOW_TEMP_SP_MAN_DISPLAY,"LOWER TOOL TEMPERATURE (F) SET POINT$NDURING MANUAL$NBARRIER PREHEAT STATION 2$NHMI DISPLAY","INT","","(RADIX := Decimal, Constant := false, ExternalAccess := Read/Write)"
TAG,,PREHEAT2_LOW_TEMP_SP_TRACE_DISPLAY,"DISPLAYS THE SET POINT FOR MANUAL OR AUTO TEMPERATURE TRACING DISPLAY$NPREHEAT2 LOWER","DINT","","(RADIX := Decimal, Constant := false, ExternalAccess := Read/Write)"
TAG,,PREHEAT2_LOW_TOOL_HEATER_OUTPUT_RATE,"LOWER TOOL OUTPUT RATE TO HMI$NBARRIER PREHEAT STATION 2","DINT","","(RADIX := Decimal, Constant := false, ExternalAccess := Read/Write)"
TAG,,PREHEAT2_LOW_TOOL_PID,"LOWER TOOL TEMPERATURE (C)$NCONTROL PID$NBARRIER PREHEAT STATION 2","PID","","(Constant := false, ExternalAccess := Read/Write)"
TAG,,PREHEAT2_LOW_TOOL_PID_DYN_BIAS_FOAM,"LOWER TOOL PID DYNAMIC BIAS VARIABLE$NFOAM PART FAMILY$NBARRIER PREHEAT STATION 2","REAL","","(RADIX := Float, Constant := false, ExternalAccess := Read/Write)"
TAG,,PREHEAT2_LOW_TOOL_PID_DYN_BIAS_LARGE,"LOWER TOOL PID DYNAMIC BIAS VARIABLE$NLARGE PART FAMILY$NBARRIER PREHEAT STATION 2","REAL","","(RADIX := Float, Constant := false, ExternalAccess := Read/Write)"
TAG,,PREHEAT2_LOW_TOOL_PID_DYN_BIAS_LG_SNF,"LOWER TOOL PID DYNAMIC BIAS VARIABLE$NLARGE SNF PART FAMILY$NBARRIER PREHEAT STATION 2","DINT","","(RADIX := Decimal, Constant := false, ExternalAccess := Read/Write)"
TAG,,PREHEAT2_LOW_TOOL_PID_DYN_BIAS_MEDIUM,"LOWER TOOL PID DYNAMIC BIAS VARIABLE$NMEDIUM PART FAMILY$NBARRIER PREHEAT STATION 2","REAL","","(RADIX := Float, Constant := false, ExternalAccess := Read/Write)"
TAG,,PREHEAT2_LOW_TOOL_PID_DYN_BIAS_SMALL,"LOWER TOOL PID DYNAMIC BIAS VARIABLE$NSMALL PART FAMILY$NBARRIER PREHEAT STATION 2","REAL","","(RADIX := Float, Constant := false, ExternalAccess := Read/Write)"
TAG,,PREHEAT2_LOW_TOOL_PID_DYN_BIAS_SM_SNF,"LOWER TOOL PID DYNAMIC BIAS VARIABLE$NSMALL SNF PART FAMILY$NBARRIER PREHEAT STATION 2","DINT","","(RADIX := Decimal, Constant := false, ExternalAccess := Read/Write)"
ALIAS,,PREHEAT2_LOW_TOOL_PID_PV,"LOWER TOOL PID PROCESS VARIABLE$NBARRIER PREHEAT STATION 2","","PREHEAT2_LOW_TOOL_PID.PV","(RADIX := Float, ExternalAccess := Read/Write)"
ALIAS,,PREHEAT2_LOW_TOOL_PID_SP,"LOWER TOOL TEMPERATURE PID SET POINT$NBARRIER PREHEAT STATION 2","","PREHEAT2_LOW_TOOL_PID.SP","(RADIX := Float, ExternalAccess := Read/Write)"
TAG,,PREHEAT2_LOW_TOOL_PID_STATIC_BIAS_LARGE,"LOWER TOOL PID STATIC BIAS VARIABLE$NLARGE PART FAMILY$NBARRIER PREHEAT STATION 2","REAL","","(RADIX := Float, Constant := false, ExternalAccess := Read/Write)"
TAG,,PREHEAT2_LOW_TOOL_PID_STATIC_BIAS_LG_SNF,"LOWER TOOL PID STATIC BIAS VARIABLE$NLARGE SNF PART FAMILY$NBARRIER PREHEAT STATION 2","DINT","","(RADIX := Decimal, Constant := false, ExternalAccess := Read/Write)"
TAG,,PREHEAT2_LOW_TOOL_PID_STATIC_BIAS_MEDIUM,"LOWER TOOL PID STATIC BIAS VARIABLE$NMEDIUM PART FAMILY$NBARRIER PREHEAT STATION 2","REAL","","(RADIX := Float, Constant := false, ExternalAccess := Read/Write)"
TAG,,PREHEAT2_LOW_TOOL_PID_STATIC_BIAS_SMALL,"LOWER TOOL PID STATIC BIAS VARIABLE$NSMALL PART FAMILY$NBARRIER PREHEAT STATION 2","REAL","","(RADIX := Float, Constant := false, ExternalAccess := Read/Write)"
TAG,,PREHEAT2_LOW_TOOL_PID_STATIC_BIAS_SM_SNF,"LOWER TOOL PID STATIC BIAS VARIABLE$NSMALL SNF PART FAMILY$NBARRIER PREHEAT STATION 2","DINT","","(RADIX := Decimal, Constant := false, ExternalAccess := Read/Write)"
TAG,,PREHEAT2_LOW_TOOL_PID_ST_BIAS_FOAM,"LOWER TOOL PID STATIC BIAS VARIABLE$NFOAM PART FAMILY$NBARRIER PREHEAT STATION 2","REAL","","(RADIX := Float, Constant := false, ExternalAccess := Read/Write)"
TAG,,PREHEAT2_LOW_TOOL_TEMP,"LOWER TOOL$NRAW TEMPERATURE BARRIER PREHEAT STATION 2","INT","","(RADIX := Decimal, Constant := false, ExternalAccess := Read/Write)"
TAG,,PREHEAT2_LOW_TOOL_TEMP_B_SCALE,"LOWER TOOL TEMPERATURE SCALING PARAMETER B$NBARRIER PREHEAT STATION 2","REAL","","(RADIX := Float, Constant := false, ExternalAccess := Read/Write)"
TAG,,PREHEAT2_LOW_TOOL_TEMP_DISPLAY,"LOWER TOOL TEMPERATURE (C) $NREAL NUMBER$NHMI DISPLAY$NBARRIER PREHEAT STATION 2","REAL","","(RADIX := Float, Constant := false, ExternalAccess := Read/Write)"
TAG,,PREHEAT2_LOW_TOOL_TEMP_M_SCALE,"LOWER TOOL TEMPERATURE SCALING PARAMETER M$NBARRIER PREHEAT STATION 2","REAL","","(RADIX := Float, Constant := false, ExternalAccess := Read/Write)"
TAG,,PREHEAT2_LOW_TOOL_TEMP_PID_CV,"LOWER TOOL OUTPUT CONTROL VARIABLE$NBARRIER PREHEAT STATION 2","DINT","","(RADIX := Decimal, Constant := false, ExternalAccess := Read/Write)"
TAG,,PREHEAT2_LOW_TOOL_TEMP_REAL,"LOWER TOOL TEMPERATURE (C)$NREAL NUMBER TO PID LOOP$NBARRIER PREHEAT STATION 2","REAL","","(RADIX := Float, Constant := false, ExternalAccess := Read/Write)"
TAG,,PREHEAT2_PREHEAT1_PROCESS_FAILED,"PROCESS FAILED DUE TO MACHINE STOP WITH HEATED BARRIER$NBARRIER PREHEAT STATION 2","BOOL","","(RADIX := Decimal, Constant := false, ExternalAccess := Read/Write)"
TAG,,PREHEAT2_PREV_INC_CYCLE_REJECT_CNT,"PREVIOUS FAILURE COUNT FOR INCOMPLETE CYCLE$NPREHEAT STATION 1","INT","","(RADIX := Decimal, Constant := false, ExternalAccess := Read/Write)"
TAG,,PREHEAT2_PROCESS_DONE,"CYCLE DONE$NFROM BARRIER PREHEAT STATION 2 TO MAIN DIAL","BOOL","","(RADIX := Decimal, Constant := false, ExternalAccess := Read/Write)"
TAG,,PREHEAT2_PROCESS_FAILED,"PROCESS FAILED DUE TO MACHINE STOP$NBARRIER PREHEAT STATION 2","BOOL","","(RADIX := Decimal, Constant := false, ExternalAccess := Read/Write)"
TAG,,PREHEAT2_RTD_ETHERNET_COMMS_OK,"RTD ANALOG COMMS OK$NBARRIER PREHEAT STATION 2","BOOL","","(RADIX := Decimal, Constant := false, ExternalAccess := Read/Write)"
TAG,,PREHEAT2_RTD_MOD_OK,"RTD ANALOG MODULE OK$NBARRIER PREHEAT STATION 2","BOOL","","(RADIX := Decimal, Constant := false, ExternalAccess := Read/Write)"
TAG,,PREHEAT2_SCREEN_PB,"HMI PUSH BUTTON$NGOTO BARRIER PREHEAT2 STATION $NSCREEN","BOOL","","(RADIX := Decimal, Constant := false, ExternalAccess := Read/Write)"
TAG,,PREHEAT2_TIME_ADJ,"PREHEAT TIME$NADJUSTED HMI$NBARRIER PREHEAT STATION 2","INT","","(RADIX := Decimal, Constant := false, ExternalAccess := Read/Write)"
TAG,,PREHEAT2_TIME_RECIPE,"PREHEAT TIME$NFROM RECIPE$NBARRIER PREHEAT STATION 2","INT","","(RADIX := Decimal, Constant := false, ExternalAccess := Read/Write)"
TAG,,PREHEAT2_UP_ADJ_TEMP,"HMI UPPER TOOLING OFFSET TEMPERATURE ADJUSTMENT$NBARRIER PREHEAT STATION 2","INT","","(RADIX := Decimal, Constant := false, ExternalAccess := Read/Write)"
TAG,,PREHEAT2_UP_BLOCK_TEMP,"UPPER BLOCK$NRAW TEMPERATURE$NBARRIER PREHEAT STATION 2","INT","","(RADIX := Decimal, Constant := false, ExternalAccess := Read/Write)"
TAG,,PREHEAT2_UP_BLOCK_TEMP_B_SCALE,"UPPER BLOCK TEMPERATURE SCALING PARAMETER B$NBARRIER PREHEAT STATION 2","REAL","","(RADIX := Float, Constant := false, ExternalAccess := Read/Write)"
TAG,,PREHEAT2_UP_BLOCK_TEMP_DISPLAY,"UPPER BLOCK TEMPERATURE (F) REAL NUMBER HMI DISPLAY BARRIER PREHEAT STATION 2","REAL","","(RADIX := Float, Constant := false, ExternalAccess := Read/Write)"
TAG,,PREHEAT2_UP_BLOCK_TEMP_M_SCALE,"UPPER BLOCK TEMPERATURE SCALING PARAMETER M$NBARRIER PREHEAT STATION 2","REAL","","(RADIX := Float, Constant := false, ExternalAccess := Read/Write)"
TAG,,PREHEAT2_UP_BLOCK_TEMP_REAL,"UPPER BLOCK TEMPERATURE (F)$NREAL NUMBER TO PID LOOP$NBARRIER PREHEAT STATION 2","REAL","","(RADIX := Float, Constant := false, ExternalAccess := Read/Write)"
ALIAS,,PREHEAT2_UP_CYL_EXT,"UPPER CYLINDER EXTENDED$NBARRIER PRHEAT STATION 2","","MAN01:I.Data[3].6","(RADIX := Decimal, ExternalAccess := Read/Write)"
TAG,,PREHEAT2_UP_CYL_EXT_PB,"HMI PUSH BUTTON$NEXTEND LOWER CYLINDER$NBARRIER PREHEAT STATION 2","BOOL","","(RADIX := Decimal, Constant := false, ExternalAccess := Read/Write)"
ALIAS,,PREHEAT2_UP_CYL_RET,"UPPER CYLINDER RETRACTED$NBARRIER PRHEAT STATION 2","","MAN01:I.Data[3].7","(RADIX := Decimal, ExternalAccess := Read/Write)"
TAG,,PREHEAT2_UP_TEMP_MAX,"UPPER TOOL MAX ALLOWABLE TEMPERATURE (F)$NBARRIER PREHEAT STATION 2$NHMI DISPLAY","INT","","(RADIX := Decimal, Constant := false, ExternalAccess := Read/Write)"
TAG,,PREHEAT2_UP_TEMP_MIN,"UPPER TOOL MIN ALLOWABLE TEMPERATURE (F)$NBARRIER PREHEAT STATION 2$NHMI DISPLAY","INT","","(RADIX := Decimal, Constant := false, ExternalAccess := Read/Write)"
TAG,,PREHEAT2_UP_TEMP_OK,"UPPER TOOL TEMPERATURE  WITHIN TOLERANCE$NBARRIER PREHEAT STATION 2","BOOL","","(RADIX := Decimal, Constant := false, ExternalAccess := Read/Write)"
TAG,,PREHEAT2_UP_TEMP_RECIPE_SP,"RECIPE UPPER TOOL TEMPERATURE (F)$NBARRIER PREHEAT STATION 2","INT","","(RADIX := Decimal, Constant := false, ExternalAccess := Read/Write)"
TAG,,PREHEAT2_UP_TEMP_REJECT_CNT,"FAILURE COUNT FOR BARRIER UPPER TOOLING TEMPERATURE$NPREHEAT STATION 2$N","COUNTER","","(Constant := false, ExternalAccess := Read/Write)"
TAG,,PREHEAT2_UP_TEMP_SCREEN_PB,"HMI PUSH BUTTON$NGOTO BARRIER PREHEAT2 STATION$NUPPER TEMPERATURE MONITOR $NSCREEN","BOOL","","(RADIX := Decimal, Constant := false, ExternalAccess := Read/Write)"
TAG,,PREHEAT2_UP_TEMP_SP_AUTO,"UPPER TOOL TEMPERATURE (C) SET POINT GOING TO PID LOOP $NDURING AUTO$NBARRIER PREHEAT STATION 2","REAL","","(RADIX := Float, Constant := false, ExternalAccess := Read/Write)"
TAG,,PREHEAT2_UP_TEMP_SP_AUTO_DISPLAY,"UPPER TOOL TEMPERATURE (F) SET POINT$NDURING AUTO$NBARRIER PREHEAT STATION 2$NHMI DISPLAY","DINT","","(RADIX := Decimal, Constant := false, ExternalAccess := Read/Write)"
TAG,,PREHEAT2_UP_TEMP_SP_MAN,"UPPER TOOL TEMPERATURE (F) SET POINT GOING TO PID LOOP $NDURING MANUAL$NBARRIER PREHEAT STATION 2","REAL","","(RADIX := Float, Constant := false, ExternalAccess := Read/Write)"
TAG,,PREHEAT2_UP_TEMP_SP_MAN_DISPLAY,"UPPER TOOL TEMPERATURE (F) SET POINT$NDURING MANUAL$NBARRIER PREHEAT STATION 2$NHMI DISPLAY","INT","","(RADIX := Decimal, Constant := false, ExternalAccess := Read/Write)"
TAG,,PREHEAT2_UP_TEMP_SP_TRACE_DISPLAY,"DISPLAYS THE SET POINT FOR MANUAL OR AUTO TEMPERATURE TRACING DISPLAY$NPREHEAT2 UPPER","DINT","","(RADIX := Decimal, Constant := false, ExternalAccess := Read/Write)"
TAG,,PREHEAT2_UP_TOOL_HEATER_OUTPUT_RATE,"UPPER TOOL OUTPUT RATE TO HMI$NBARRIER PREHEAT STATION 2","DINT","","(RADIX := Decimal, Constant := false, ExternalAccess := Read/Write)"
TAG,,PREHEAT2_UP_TOOL_PID,"UPPER TOOL TEMPERATURE (F)$NCONTROL PID$NBARRIER PREHEAT STATION 2","PID","","(Constant := false, ExternalAccess := Read/Write)"
TAG,,PREHEAT2_UP_TOOL_PID_DYN_BIAS_FOAM,"UPPER TOOL PID DYNAMIC BIAS VARIABLE$NFOAM PART FAMILY$NBARRIER PREHEAT STATION 2","REAL","","(RADIX := Float, Constant := false, ExternalAccess := Read/Write)"
TAG,,PREHEAT2_UP_TOOL_PID_DYN_BIAS_LARGE,"UPPER TOOL PID DYNAMIC BIAS VARIABLE$NLARGE PART FAMILY$NBARRIER PREHEAT STATION 2","REAL","","(RADIX := Float, Constant := false, ExternalAccess := Read/Write)"
TAG,,PREHEAT2_UP_TOOL_PID_DYN_BIAS_LG_SNF,"UPPER TOOL PID DYNAMIC BIAS VARIABLE$NLARGE SNF PART FAMILY$NBARRIER PREHEAT STATION 2","DINT","","(RADIX := Decimal, Constant := false, ExternalAccess := Read/Write)"
TAG,,PREHEAT2_UP_TOOL_PID_DYN_BIAS_MEDIUM,"UPPER TOOL PID DYNAMIC BIAS VARIABLE$NMEDIUM PART FAMILY$NBARRIER PREHEAT STATION 2","REAL","","(RADIX := Float, Constant := false, ExternalAccess := Read/Write)"
TAG,,PREHEAT2_UP_TOOL_PID_DYN_BIAS_SMALL,"UPPER TOOL PID DYNAMIC BIAS VARIABLE$NSMALL PART FAMILY$NBARRIER PREHEAT STATION 2","REAL","","(RADIX := Float, Constant := false, ExternalAccess := Read/Write)"
TAG,,PREHEAT2_UP_TOOL_PID_DYN_BIAS_SM_SNF,"UPPER TOOL PID DYNAMIC BIAS VARIABLE$NSMALL SNF PART FAMILY$NBARRIER PREHEAT STATION 2","DINT","","(RADIX := Decimal, Constant := false, ExternalAccess := Read/Write)"
ALIAS,,PREHEAT2_UP_TOOL_PID_PV,"UPPER TOOL PID PROCESS VARIABLE$NBARRIER PREHEAT STATION 2","","PREHEAT2_UP_TOOL_PID.PV","(RADIX := Float, ExternalAccess := Read/Write)"
ALIAS,,PREHEAT2_UP_TOOL_PID_SP,"UPPER TOOL TEMPERATURE PID SET POINT$NBARRIER PREHEAT STATION 2","","PREHEAT2_UP_TOOL_PID.SP","(RADIX := Float, ExternalAccess := Read/Write)"
TAG,,PREHEAT2_UP_TOOL_PID_STATIC_BIAS_LARGE,"UPPER TOOL PID STATIC BIAS VARIABLE$NLARGE PART FAMILY$NBARRIER PREHEAT STATION 2","REAL","","(RADIX := Float, Constant := false, ExternalAccess := Read/Write)"
TAG,,PREHEAT2_UP_TOOL_PID_STATIC_BIAS_LG_SNF,"UPPER TOOL PID STATIC BIAS VARIABLE$NLARGE SNF PART FAMILY$NBARRIER PREHEAT STATION 2","DINT","","(RADIX := Decimal, Constant := false, ExternalAccess := Read/Write)"
TAG,,PREHEAT2_UP_TOOL_PID_STATIC_BIAS_MEDIUM,"UPPER TOOL PID STATIC BIAS VARIABLE$NMEDIUM PART FAMILY$NBARRIER PREHEAT STATION 2","REAL","","(RADIX := Float, Constant := false, ExternalAccess := Read/Write)"
TAG,,PREHEAT2_UP_TOOL_PID_STATIC_BIAS_SMALL,"UPPER TOOL PID STATIC BIAS VARIABLE$NSMALL PART FAMILY$NBARRIER PREHEAT STATION 2","REAL","","(RADIX := Float, Constant := false, ExternalAccess := Read/Write)"
TAG,,PREHEAT2_UP_TOOL_PID_STATIC_BIAS_SM_SNF,"UPPER TOOL PID STATIC BIAS VARIABLE$NSMALL SNF PART FAMILY$NBARRIER PREHEAT STATION 2","DINT","","(RADIX := Decimal, Constant := false, ExternalAccess := Read/Write)"
TAG,,PREHEAT2_UP_TOOL_PID_ST_BIAS_FOAM,"UPPER TOOL PID STATIC BIAS VARIABLE$NFOAM PART FAMILY$NBARRIER PREHEAT STATION 2","REAL","","(RADIX := Float, Constant := false, ExternalAccess := Read/Write)"
TAG,,PREHEAT2_UP_TOOL_TEMP,"UPPER TOOL$NRAW TEMPERATURE BARRIER PREHEAT STATION 2","INT","","(RADIX := Decimal, Constant := false, ExternalAccess := Read/Write)"
TAG,,PREHEAT2_UP_TOOL_TEMP_B_SCALE,"UPPER TOOL TEMPERATURE SCALING PARAMETER B$NBARRIER PREHEAT STATION 2","REAL","","(RADIX := Float, Constant := false, ExternalAccess := Read/Write)"
TAG,,PREHEAT2_UP_TOOL_TEMP_DISPLAY,"UPPER TOOL TEMPERATURE (F) $NREAL NUMBER$NHMI DISPLAY$NBARRIER PREHEAT STATION 2","REAL","","(RADIX := Float, Constant := false, ExternalAccess := Read/Write)"
TAG,,PREHEAT2_UP_TOOL_TEMP_M_SCALE,"UPPER TOOL TEMPERATURE SCALING PARAMETER M$NBARRIER PREHEAT STATION 2","REAL","","(RADIX := Float, Constant := false, ExternalAccess := Read/Write)"
TAG,,PREHEAT2_UP_TOOL_TEMP_PID_CV,"UPPER TOOL OUTPUT CONTROL VARIABLE$NBARRIER PREHEAT STATION 2","DINT","","(RADIX := Decimal, Constant := false, ExternalAccess := Read/Write)"
TAG,,PREHEAT2_UP_TOOL_TEMP_REAL,"UPPER TOOL TEMPERATURE (F)$NREAL NUMBER TO PID LOOP$NBARRIER PREHEAT STATION 2","REAL","","(RADIX := Float, Constant := false, ExternalAccess := Read/Write)"
TAG,,PREHEAT_ACTIVATE_HEATERS_PB,"HMI PUSH BUTTON$NACTIVATE HEATERS$NBARRIER PREHEAT STATIONS 1 & 2","BOOL","","(RADIX := Decimal, Constant := false, ExternalAccess := Read/Write)"
TAG,,PREHEAT_ADJUST_TIME_LOADED,"ADJUSTING PREHEAT TIME ALLOWED$NAFTER DOWNLOAD$NPREHEAT STATIONS$N1 & 2","BOOL","","(RADIX := Decimal, Constant := false, ExternalAccess := Read/Write)"
TAG,,PREHEAT_ADJUST_TIME_RECIPE,"ADJUSTING PREHEAT TIME ALLOWED$NFROM RECIPE$NPREHEAT STATIONS$N1 & 2","BOOL","","(RADIX := Decimal, Constant := false, ExternalAccess := Read/Write)"
TAG,,PREHEAT_BAR_RERUN_ALLOW_RECIPE,"RERUN OF PREHEATED BARRIERS ALLOWED$NFROM RECIPE$NPREHEAT STATIONS$N1 & 2","BOOL","","(RADIX := Decimal, Constant := false, ExternalAccess := Read/Write)"
TAG,,PREHEAT_BAR_RERUN_ALLOW_RECIPE_LOADED,"RERUN OF PREHEATED BARRIERS ALLOWED$NAFTER DOWNLOAD$NPREHEAT STATIONS$N1 & 2","BOOL","","(RADIX := Decimal, Constant := false, ExternalAccess := Read/Write)"
TAG,,PREHEAT_MAX_ALLOWED_TEMP,"MAXIMUM ALLOWED TEMPERATURE AT PREHEAT STATIONS","REAL","","(RADIX := Float, Constant := false, ExternalAccess := Read/Write)"
TAG,,PREHEAT_MIN_ALLOWED_TEMP,"MINIMUM ALLOWED TEMPERATURE AT PREHEAT STATIONS","REAL","","(RADIX := Float, Constant := false, ExternalAccess := Read/Write)"
TAG,,PRINT_ABORT_INDEX_PB,"HMI PUSH BUTTON$NSTOP DRIVE$NBARRIER PRINTING STATION","BOOL","","(RADIX := Decimal, Constant := false, ExternalAccess := Read/Write)"
TAG,,PRINT_ACTIVE_RECIPE,"ACTIVE FROM RECIPE$NBARRIER PRINTING STATION","BOOL","","(RADIX := Decimal, Constant := false, ExternalAccess := Read/Write)"
TAG,,PRINT_ACTIVE_RECIPE_LOADED,"ACTIVE FROM RECIPE$NAFTER DOWNLOAD$NBARRIER PRINTING STATION","BOOL","","(RADIX := Decimal, Constant := false, ExternalAccess := Read/Write)"
TAG,,PRINT_APPLY_POS,"DRIVE IS AT THE PRINT APPLY$NPOSITION$NBARRIER PRINTING STATION","BOOL","","(RADIX := Decimal, Constant := false, ExternalAccess := Read/Write)"
TAG,,PRINT_APPLY_POS_LOWER,"DRIVE$NPRINT POSITION VALUE$NLOWER LIMIT$NBARRIER PRINTING$NSTATION","REAL","","(RADIX := Float, Constant := false, ExternalAccess := Read/Write)"
TAG,,PRINT_APPLY_POS_RECIPE,"PRINT APPLY POSITION$NFROM RECIPE$NBARRIER PRINTING$NSTATION","REAL","","(RADIX := Float, Constant := false, ExternalAccess := Read/Write)"
TAG,,PRINT_APPLY_POS_RECIPE_LOADED,"PRINT APPLY POSITION$NFROM RECIPE$NAFTER DOWNLOAD$NBARRIER PRINTING$NSTATION","REAL","","(RADIX := Float, Constant := false, ExternalAccess := Read/Write)"
TAG,,PRINT_APPLY_POS_UPPER,"DRIVE$NPRINT POSITION VALUE$NUPPER LIMIT$NBARRIER PRINTING$NSTATION","REAL","","(RADIX := Float, Constant := false, ExternalAccess := Read/Write)"
TAG,,PRINT_APPLY_POS_VAL_MAX,"DRIVE$NPRINT MAX POSITION VALUE$NBARRIER PRINTING$NSTATION","REAL","","(RADIX := Float, Constant := false, ExternalAccess := Read/Write)"
ALIAS,,PRINT_BAR_HOLD_DOWN_CYL_EXT,"BARRIER HOLD DOWN CYLINDER EXTENDED SENSOR$NBARRIER PRINTING$NSTATION","","MAN04:I.Data[2].6","(RADIX := Decimal, ExternalAccess := Read/Write)"
TAG,,PRINT_BAR_HOLD_DOWN_CYL_EXT_PB,"HMI PUSH BUTTON$NEXTEND BARRIR HOLD DOWN CYLINDER$NBARRIER PRINTING STATION","BOOL","","(RADIX := Decimal, Constant := false, ExternalAccess := Read/Write)"
TAG,,PRINT_BAR_HOLD_DOWN_CYL_EXT_PB_VIS,"HMI PUSH BUTTON$NVISIBILITY$NEXTEND CLICHE TRAVERSE CYLINDER$NBARRIER PRINTING STATION","BOOL","","(RADIX := Decimal, Constant := false, ExternalAccess := Read/Write)"
ALIAS,,PRINT_BAR_HOLD_DOWN_CYL_RET,"BARRIER HOLD DOWN CYLINDER RETRACTED SENSOR$NBARRIER PRINTING$NSTATION","","MAN04:I.Data[2].7","(RADIX := Decimal, ExternalAccess := Read/Write)"
ALIAS,,PRINT_BAR_PRESENT,"BARRIER PRESENT SENSOR$NBARRIER PRINTING$NSTATION","","MAN04:I.Data[2].2","(RADIX := Decimal, ExternalAccess := Read/Write)"
TAG,,PRINT_BYPASS_ANIMATION,"ANIMIATION FOR HMI$NBYPASS STATUS$NBARRIER PRINT STATION","BOOL","","(RADIX := Decimal, Constant := false, ExternalAccess := Read/Write)"
TAG,,PRINT_CLEAR_TO_INDEX,"CLEAR TO INDEX BARRIER PRINTING STATION","BOOL","","(RADIX := Decimal, Constant := false, ExternalAccess := Read/Write)"
ALIAS,,PRINT_CLICHE_CYL_EXT," CLICHE TRAVERSE CYLINDER EXTENDED SENSOR$NBARRIER PRINTING STATION","","MAN04:I.Data[2].4","(RADIX := Decimal, ExternalAccess := Read/Write)"
TAG,,PRINT_CLICHE_CYL_EXT_PB,"HMI PUSH BUTTON$NEXTEND CLICHE TRAVERSE CYLINDER$NBARRIER PRINTING STATION","BOOL","","(RADIX := Decimal, Constant := false, ExternalAccess := Read/Write)"
TAG,,PRINT_CLICHE_CYL_EXT_PB_VIS,"HMI PUSH BUTTON$NVISIBILITY$NEXTEND CLICHE TRAVERSE CYLINDER$NBARRIER PRINTING STATION","BOOL","","(RADIX := Decimal, Constant := false, ExternalAccess := Read/Write)"
ALIAS,,PRINT_CLICHE_CYL_RET,"CLICHE TRAVERSE CYLINDER RETRACTED SENSOR$NBARRIER PRINTING STATION","","MAN04:I.Data[2].5","(RADIX := Decimal, ExternalAccess := Read/Write)"
ALIAS,,PRINT_CLICHE_CYL_SOL,"PRINTER CLICHE CYLINDER EXTEND SOLENOID$NBARRIER PRINTING$NSTATION","","MAN04:O.Data[2].4","(RADIX := Decimal, ExternalAccess := Read/Write)"
TAG,,PRINT_CTR_INC_CYCLE,"HMI ANIMATION$NFAILED INCOMPLETE CYCLE$NBARRIER PRINTING STATION$N0=GREEN$N1=YELLOW$N2=RED","INT","","(RADIX := Decimal, Constant := false, ExternalAccess := Read/Write)"
TAG,,PRINT_CUR_POS_HMI,"HMI$NCURRENT POSITION$NBARRIER PRINTING$NSTATION$N(X*100 = METRIC$NX*3.93700787402 = STANDARD)","DINT","","(RADIX := Decimal, Constant := false, ExternalAccess := Read/Write)"
ALIAS,,PRINT_CYCLE_COMPLETE,"PRINT CYCLE COMPLETE$NBARRIER PRINTING STATION","","A:I.Data[7].8","(RADIX := Decimal, ExternalAccess := Read/Write)"
ALIAS,,PRINT_CYCLE_IN_PROGRESS,"PRINTER CYCLE IN PROGRESS$NBARRIER PRINTING STATION","","A:I.Data[7].10","(RADIX := Decimal, ExternalAccess := Read/Write)"
TAG,,PRINT_CYCLE_PB,"HMI PUSH BUTTON$NRUN CYCLE$NBARRIER PRINTING STATION","BOOL","","(RADIX := Decimal, Constant := false, ExternalAccess := Read/Write)"
TAG,,PRINT_CYCLE_PB_VIS,"HMI VISIBILITY$NRUN PRINT CYCLE$NPUSH BUTTON$NBARRIER PRINTING STATION","BOOL","","(RADIX := Decimal, Constant := false, ExternalAccess := Read/Write)"
ALIAS,,PRINT_DATA_BAG_LOADED,"BAG LOADED$NMAIN DIAL PART DATA STREAM$NPRINTING STATION","","MAIN_DIAL_DATA[8].BAG_LOADED","(RADIX := Decimal, ExternalAccess := Read/Write)"
ALIAS,,PRINT_DATA_BAG_REJECT,"BAG REJECTED$NMAIN DIAL PART DATA STREAM$NPRINTING STATION","","MAIN_DIAL_DATA[8].BAG_REJECT","(RADIX := Decimal, ExternalAccess := Read/Write)"
ALIAS,,PRINT_DATA_BAR_LOADED,"BARRIER LOADED$NMAIN DIAL PART DATA STREAM$NPRINTING STATION","","MAIN_DIAL_DATA[8].BARRIER_LOADED","(RADIX := Decimal, ExternalAccess := Read/Write)"
ALIAS,,PRINT_DATA_BAR_REJECT,"BARRIER REJECTED$NMAIN DIAL PART DATA STREAM$NPRINTING STATION","","MAIN_DIAL_DATA[8].BARRIER_REJECT","(RADIX := Decimal, ExternalAccess := Read/Write)"
ALIAS,,PRINT_DATA_CLEAR_PB,"HMI PUSH BUTTON$NCLEAR DATA REQUEST$NBARRIER PRINTING STATION","","MAIN_DIAL_DATA_CLEAR_REQ_ARRAY.8","(RADIX := Decimal, ExternalAccess := Read/Write)"
ALIAS,,PRINT_DATA_EMPTY_LAST_BAG,"LAST BAG REQUEST FOR CELL EMPTY$NMAIN DIAL PART DATA STREAM$NPRINTING STATION","","MAIN_DIAL_DATA[8].CELL_EMPTY_LAST_BAG","(RADIX := Decimal, ExternalAccess := Read/Write)"
ALIAS,,PRINT_DATA_FORMING_COMPLETE,"FORMING STATION COMPLETE$NMAIN DIAL PART DATA STREAM$NPRINTING STATION","","MAIN_DIAL_DATA[8].FORMING_COMPLETE","(RADIX := Decimal, ExternalAccess := Read/Write)"
ALIAS,,PRINT_DATA_FORMING_PRESS_OK,"FORMING STATION PRESSURE OK$NMAIN DIAL PART DATA STREAM$NPRINTING STATION","","MAIN_DIAL_DATA[8].FORMING_PRESSURE_OK","(RADIX := Decimal, ExternalAccess := Read/Write)"
ALIAS,,PRINT_DATA_FORMING_STARTED,"FORMING STATION STARTED$NMAIN DIAL PART DATA STREAM$NPRINTING STATION","","MAIN_DIAL_DATA[8].FORMING_STARTED","(RADIX := Decimal, ExternalAccess := Read/Write)"
ALIAS,,PRINT_DATA_GLUE_COMPLETE,"BAG GLUE STATION COMPLETED$NMAIN DIAL PART DATA STREAM$NPRINTING STATION","","MAIN_DIAL_DATA[8].BAG_GLUE_COMPLETE","(RADIX := Decimal, ExternalAccess := Read/Write)"
ALIAS,,PRINT_DATA_GLUE_OPEN_REJECT,"BAG GLUE STATION OPEN TIME REJECT$NMAIN DIAL PART DATA STREAM$NPRINTING STATION","","MAIN_DIAL_DATA[8].BAG_GLUE_OPEN_TIME_REJECT","(RADIX := Decimal, ExternalAccess := Read/Write)"
ALIAS,,PRINT_DATA_GLUE_PRESS_OK,"BAG GLUE STATION PRESSURE OK$NMAIN DIAL PART DATA STREAM$NPRINTING STATION","","MAIN_DIAL_DATA[8].BAG_GLUE_PRESSURE_OK","(RADIX := Decimal, ExternalAccess := Read/Write)"
ALIAS,,PRINT_DATA_GLUE_STARTED,"BAG GLUE STATION STARTED$NMAIN DIAL PART DATA STREAM$NPRINTING STATION","","MAIN_DIAL_DATA[8].BAG_GLUE_STARTED","(RADIX := Decimal, ExternalAccess := Read/Write)"
ALIAS,,PRINT_DATA_INKJET_COMPLETE,"INKJET STATION COMPLETED MAIN DIAL PART DATA STREAM PRINTING STATION","","MAIN_DIAL_DATA[8].INKJET_COMPLETE","(RADIX := Decimal, ExternalAccess := Read/Write)"
ALIAS,,PRINT_DATA_INKJET_STARTED,"INKJET STATION STARTED$NMAIN DIAL PART DATA STREAM$NPRINTING STATION","","MAIN_DIAL_DATA[8].INKJET_STARTED","(RADIX := Decimal, ExternalAccess := Read/Write)"
ALIAS,,PRINT_DATA_PNC_COMPLETE,"PRESS-N-CURE STATION COMPLETED$NMAIN DIAL PART DATA STREAM$NPRINTING STATION","","MAIN_DIAL_DATA[8].BAG_CURE_COMPLETE","(RADIX := Decimal, ExternalAccess := Read/Write)"
ALIAS,,PRINT_DATA_PNC_PRESS_OK,"PRESS-N-CURE STATION PRESSURE OK$NMAIN DIAL PART DATA STREAM$NPRINTING STATION","","MAIN_DIAL_DATA[8].BAG_CURE_PRESSURE_OK","(RADIX := Decimal, ExternalAccess := Read/Write)"
ALIAS,,PRINT_DATA_PNC_STARTED,"PRESS-N-CURE STATION STARTED$NMAIN DIAL PART DATA STREAM$NPRINTING STATION","","MAIN_DIAL_DATA[8].BAG_CURE_STARTED","(RADIX := Decimal, ExternalAccess := Read/Write)"
ALIAS,,PRINT_DATA_POS_BAG_REJECT,"POSITION BAG WAS REJECTED$NMAIN DIAL PART DATA STREAM$NPRINTING STATION","","MAIN_DIAL_DATA[8].STATION_POS_REJECT_BAG","(RADIX := Decimal, ExternalAccess := Read/Write)"
ALIAS,,PRINT_DATA_POS_BAR_REJECT,"POSITION BARRIER WAS REJECTED$NMAIN DIAL PART DATA STREAM$NPRINTING STATION","","MAIN_DIAL_DATA[8].STATION_POS_REJECT_BARRIER","(RADIX := Decimal, ExternalAccess := Read/Write)"
ALIAS,,PRINT_DATA_PREHEAT1_COMPLETE,"PREHEAT STATION 1 COMPLETE$NMAIN DIAL PART DATA STREAM$NPRINTING STATION","","MAIN_DIAL_DATA[8].PREHEAT1_COMPLETE","(RADIX := Decimal, ExternalAccess := Read/Write)"
ALIAS,,PRINT_DATA_PREHEAT1_LOW_TEMP_OK,"PREHEAT STATION 1 LOWER TEMP OK$NMAIN DIAL PART DATA STREAM$NPRINTING STATION","","MAIN_DIAL_DATA[8].PREHEAT1_LOW_TEMP_OK","(RADIX := Decimal, ExternalAccess := Read/Write)"
ALIAS,,PRINT_DATA_PREHEAT1_STARTED,"PREHEAT STATION 1 STARTED$NMAIN DIAL PART DATA STREAM$NBARRIER PRINT STATION","","MAIN_DIAL_DATA[8].PREHEAT1_STARTED","(RADIX := Decimal, ExternalAccess := Read/Write)"
ALIAS,,PRINT_DATA_PREHEAT1_UP_TEMP_OK,"PREHEAT STATION 1 UPPER TEMP OK$NMAIN DIAL PART DATA STREAM$NPRINTING STATION","","MAIN_DIAL_DATA[8].PREHEAT1_UP_TEMP_OK","(RADIX := Decimal, ExternalAccess := Read/Write)"
ALIAS,,PRINT_DATA_PREHEAT2_COMPLETE,"PREHEAT STATION 2 COMPLETE$NMAIN DIAL PART DATA STREAM$NPRINTING STATION","","MAIN_DIAL_DATA[8].PREHEAT2_COMPLETE","(RADIX := Decimal, ExternalAccess := Read/Write)"
ALIAS,,PRINT_DATA_PREHEAT2_LOW_TEMP_OK,"PREHEAT STATION 2 LOWER TEMP OK$NMAIN DIAL PART DATA STREAM$NPRINTING STATION","","MAIN_DIAL_DATA[8].PREHEAT2_LOW_TEMP_OK","(RADIX := Decimal, ExternalAccess := Read/Write)"
ALIAS,,PRINT_DATA_PREHEAT2_STARTED,"PREHEAT STATION 2 STARTED$NMAIN DIAL PART DATA STREAM$NBARRIER PRINT STATION","","MAIN_DIAL_DATA[8].PREHEAT2_STARTED","(RADIX := Decimal, ExternalAccess := Read/Write)"
ALIAS,,PRINT_DATA_PREHEAT2_UP_TEMP_OK,"PREHEAT STATION 2 UPPER TEMP OK$NMAIN DIAL PART DATA STREAM$NPRINTING STATION","","MAIN_DIAL_DATA[8].PREHEAT2_UP_TEMP_OK","(RADIX := Decimal, ExternalAccess := Read/Write)"
ALIAS,,PRINT_DATA_PRINT_COMPLETE,"PRINTING STATION COMPLETED$NMAIN DIAL PART DATA STREAM$NPRINTING STATION","","MAIN_DIAL_DATA[8].PRINT_COMPLETE","(RADIX := Decimal, ExternalAccess := Read/Write)"
ALIAS,,PRINT_DATA_PRINT_STARTED,"PRINTING STATION STARTED$NMAIN DIAL PART DATA STREAM$NPRINTING STATION","","MAIN_DIAL_DATA[8].PRINT_STARTED","(RADIX := Decimal, ExternalAccess := Read/Write)"
ALIAS,,PRINT_DATA_PUNCH_COMPLETE,"PUNCH STATION COMPLETED$NMAIN DIAL PART DATA STREAM$NPRINTING STATION","","MAIN_DIAL_DATA[8].PUNCH_COMPLETE","(RADIX := Decimal, ExternalAccess := Read/Write)"
ALIAS,,PRINT_DATA_PUNCH_STARTED,"PUNCH STATION STARTED$NMAIN DIAL PART DATA STREAM$NPRINTING STATION","","MAIN_DIAL_DATA[8].PUNCH_STARTED","(RADIX := Decimal, ExternalAccess := Read/Write)"
ALIAS,,PRINT_DATA_VISION_COMPLETE,"VISION INSPECTION STATION COMPLETED$NMAIN DIAL PART DATA STREAM$NPRINTING STATION","","MAIN_DIAL_DATA[8].VISION_COMPLETE","(RADIX := Decimal, ExternalAccess := Read/Write)"
ALIAS,,PRINT_DATA_VISION_PASS,"VISION INSPECTION STATION PASSED$NMAIN DIAL PART DATA STREAM$NPRINTING STATION","","MAIN_DIAL_DATA[8].VISION_PASS","(RADIX := Decimal, ExternalAccess := Read/Write)"
TAG,,PRINT_DRV_ENABLE_PB,"HMI PUSH BUTTON$NENABLE DRIVE$NBARRIER PRINTING STATION","BOOL","","(RADIX := Decimal, Constant := false, ExternalAccess := Read/Write)"
TAG,,PRINT_DRV_ENABLE_PB_VIS,"HMI VISIBILITY$NDRIVE ENABLE PUSH BUTTON$NBARRIER PRINTING STATION","BOOL","","(RADIX := Decimal, Constant := false, ExternalAccess := Read/Write)"
ALIAS,,PRINT_DRV_FAULT,"DRIVE FAULTED$NBARRIER PRINTING STATION","","DRV17.PhysicalAxisFault","(RADIX := Decimal, ExternalAccess := Read/Write)"
TAG,,PRINT_DRV_FAULT_PB_VIS,"HMI VISIBILITY$NDRIVE BRAKE PUSH BUTTON$NBARRIER PRINTING$NSTATION","BOOL","","(RADIX := Decimal, Constant := false, ExternalAccess := Read/Write)"
TAG,,PRINT_DRV_HOMED,"DRIVE HOMED$NBARRIER PRINT STATION","BOOL","","(RADIX := Decimal, Constant := false, ExternalAccess := Read/Write)"
ALIAS,,PRINT_DRV_HOMED_STATUS,"DRIVE HOMED STATUS$NBARRIER PRINTING$NSTATION","","DRV17.AxisHomedStatus","(RADIX := Decimal, ExternalAccess := Read/Write)"
TAG,,PRINT_DRV_HOME_OFF,"DRIVE HOME$NOFFSET$NBARRIER PRINTING$NSTATION$N(DO NOT CHANGE AFTER MACHINE SETUP)","REAL","","(RADIX := Float, Constant := false, ExternalAccess := Read/Write)"
TAG,,PRINT_DRV_HOME_PB,"HMI PUSH BUTTON$NHOME DRIVE$NBARRIER PRINTING STATION","BOOL","","(RADIX := Decimal, Constant := false, ExternalAccess := Read/Write)"
TAG,,PRINT_DRV_HOME_PB_VIS,"HMI VISIBILITY$NDRIVE HOME PUSH BUTTON$NBARRIER PRINTING$NSTATION","BOOL","","(RADIX := Decimal, Constant := false, ExternalAccess := Read/Write)"
TAG,,PRINT_DRV_HOMING_IND,"HMI INDICATOR$NDRIVE IS HOMING$NBARRIER PRINTING STATION","BOOL","","(RADIX := Decimal, Constant := false, ExternalAccess := Read/Write)"
ALIAS,,PRINT_DRV_HOMING_STATUS,"DRIVE HOMING STATUS$NBARRIER PRINTING$NSTATION","","DRV17.HomingStatus","(RADIX := Decimal, ExternalAccess := Read/Write)"
ALIAS,,PRINT_DRV_MOVING,"DRIVE IS PRESENTLY MOVING STATUS BIT$NBARRIER PRINTING STATION","","DRV17.MoveStatus","(RADIX := Decimal, ExternalAccess := Read/Write)"
TAG,,PRINT_DRV_PB_VIS,"HMI VISIBILITY$NDRIVE PUSH BUTTONS$NBARRIER PRINTING$NSTATION","BOOL","","(RADIX := Decimal, Constant := false, ExternalAccess := Read/Write)"
ALIAS,,PRINT_DRV_READY,"DRIVE READY$NBARRIER PRINTING STATION","","DRV17.DriveEnableStatus","(RADIX := Decimal, ExternalAccess := Read/Write)"
TAG,,PRINT_DRV_RESET_PB,"HMI PUSH BUTTON$NDRIVE RESET SHUTDOWN  & CLEAR FAULTS$NBARRIER PRINTING STATION","BOOL","","(RADIX := Decimal, Constant := false, ExternalAccess := Read/Write)"
ALIAS,,PRINT_DRV_SAFE_TRQ_OFF,"DRIVE SAFE$NTORQUE OFF$NINHIBIT BIT$NBARRIER PRINTING$NSTATION$N$N0=RUN MODE$N1=INACTIVE","","DRV17.SafeTorqueOffInhibit","(RADIX := Decimal, ExternalAccess := Read/Write)"
ALIAS,,PRINT_DRV_SHUTDOWN,"DRIVE SHUTDOWN$NBARRIER PRINTING STATION","","DRV17.ShutdownStatus","(RADIX := Decimal, ExternalAccess := Read/Write)"
TAG,,PRINT_DRV_SPEED_VAL,"DRIVE$NPRINT SPEED VALUE$NBARRIER PRINTING$NSTATION","DINT","","(RADIX := Decimal, Constant := false, ExternalAccess := Read/Write)"
TAG,,PRINT_INC_CYCLE_REJECT_CNT,"FAILURE COUNT FOR INCOMPLETE CYCLE$NBARRIER PRINTING STATION","COUNTER","","(Constant := false, ExternalAccess := Read/Write)"
TAG,,PRINT_INDEXING_IND,"HMI ANIMATION$NDRIVE INDEXING$NBARRIER PRINTING STATION","BOOL","","(RADIX := Decimal, Constant := false, ExternalAccess := Read/Write)"
TAG,,PRINT_INDEX_DIAL_REQ,"INDEX REQUEST$NFROM BARRIER $NPRINTING STATION$N TO MAIN DIAL","BOOL","","(RADIX := Decimal, Constant := false, ExternalAccess := Read/Write)"
TAG,,PRINT_INDEX_PB,"HMI PUSH BUTTON$NINDEX$NBARRIER PRINTING STATION","BOOL","","(RADIX := Decimal, Constant := false, ExternalAccess := Read/Write)"
TAG,,PRINT_INK_POS,"DRIVE IS AT THE$NGET INK POSITION$NBARRIER PRINTING STATION","BOOL","","(RADIX := Decimal, Constant := false, ExternalAccess := Read/Write)"
TAG,,PRINT_INK_POS_LOWER,"DRIVE$NGET INK POSITION VALUE$NLOWER LIMIT$NBARRIER PRINTING$NSTATION","REAL","","(RADIX := Float, Constant := false, ExternalAccess := Read/Write)"
TAG,,PRINT_INK_POS_RECIPE,"PRINT INK POSITION$NFROM RECIPE$NBARRIER PRINTING$NSTATION","REAL","","(RADIX := Float, Constant := false, ExternalAccess := Read/Write)"
TAG,,PRINT_INK_POS_RECIPE_LOADED,"PRINT INK POSITION$NFROM RECIPE$NAFTER DOWNLOAD$NBARRIER PRINTING$NSTATION","REAL","","(RADIX := Float, Constant := false, ExternalAccess := Read/Write)"
TAG,,PRINT_INK_POS_UPPER,"DRIVE$NGET INK POSITION VALUE$NUPPER LIMIT$NBARRIER PRINTING$NSTATION","REAL","","(RADIX := Float, Constant := false, ExternalAccess := Read/Write)"
TAG,,PRINT_INK_POS_VAL_MIN,"DRIVE$NPRINT MAX POSITION VALUE$NBARRIER PRINTING$NSTATION","REAL","","(RADIX := Float, Constant := false, ExternalAccess := Read/Write)"
TAG,,PRINT_IN_POSITION,"BARRIER PRINT IS IN POSITION AND READY FOR PROCESSING$NBARRIER PRINT STATION","BOOL","","(RADIX := Decimal, Constant := false, ExternalAccess := Read/Write)"
ALIAS,,PRINT_MAIN_HEAD_CYL_SOL,"MAIN PRINT HEAD CYLINDER EXTEND SOLENOID$NBARRIER PRINTING$NSTATION","","MAN04:O.Data[2].0","(RADIX := Decimal, ExternalAccess := Read/Write)"
TAG,,PRINT_MAIN_PRINT_HEAD_CYL_EXT_PB,"HMI PUSH BUTTON$NEXTEND MAIN PRINT HEAD CYLINDER$NBARRIER PRINTING STATION","BOOL","","(RADIX := Decimal, Constant := false, ExternalAccess := Read/Write)"
TAG,,PRINT_MAIN_PRINT_HEAD_CYL_EXT_PB_VIS,"HMI PUSH BUTTON VISIBILITY$NEXTEND MAIN PRINT HEAD CYLINDER$NBARRIER PRINTING STATION","BOOL","","(RADIX := Decimal, Constant := false, ExternalAccess := Read/Write)"
ALIAS,,PRINT_MAIN_PRINT_HEAD_CYL_RET,"MAIN PRINT HEAD CYLINDER RETRACTED SENSOR$NBARRIER PRINTING$NSTATION","","MAN04:I.Data[2].0","(RADIX := Decimal, ExternalAccess := Read/Write)"
TAG,,PRINT_POS_PB,"HMI PUSH BUTTON SERIES FOR $NPOSITION CONTROL$NBARRIER PRINTING$N$N1= PRINT INK POS$N2= PRINT APPLY POS","DINT","","(RADIX := Decimal, Constant := false, ExternalAccess := Read/Write)"
TAG,,PRINT_POS_TOL,"POSITION CONTROL$NTOLERANCE$NBARRIER PRINTING","REAL","","(RADIX := Float, Constant := false, ExternalAccess := Read/Write)"
TAG,,PRINT_PROCESS_DONE,"CYCLE DONE$NFROM BARRIER PRINTING STATION TO MAIN DIAL","BOOL","","(RADIX := Decimal, Constant := false, ExternalAccess := Read/Write)"
TAG,,PRINT_PROCESS_FAILED,"PROCESS FAILED DUE TO MACHINE STOP$NBARRIER PRINTING STATION","BOOL","","(RADIX := Decimal, Constant := false, ExternalAccess := Read/Write)"
ALIAS,,PRINT_READY,"PRINTER READY$NBARRIER PRINTING STATION","","A:I.Data[7].9","(RADIX := Decimal, ExternalAccess := Read/Write)"
TAG,,PRINT_SCREEN_PB,"HMI PUSH BUTTON$NGOTO PRINTING SCREEN","BOOL","","(RADIX := Decimal, Constant := false, ExternalAccess := Read/Write)"
ALIAS,,PRINT_SECOND_HEAD_CYL_SOL,"SECONDARY PRINT HEAD CYLINDER EXTEND SOLENOID$NBARRIER PRINTING$NSTATION","","MAN04:O.Data[2].2","(RADIX := Decimal, ExternalAccess := Read/Write)"
TAG,,PRINT_SEC_PRINT_HEAD_CYL_EXT_PB,"HMI PUSH BUTTON$NEXTEND SECOND PRINT HEAD CYLINDER$NBARRIER PRINTING STATION","BOOL","","(RADIX := Decimal, Constant := false, ExternalAccess := Read/Write)"
TAG,,PRINT_SEC_PRINT_HEAD_CYL_EXT_PB_VIS,"HMI PUSH BUTTON VISIBILITY$NEXTEND SECONDARY PRINT HEAD CYLINDER$NBARRIER PRINTING STATION","BOOL","","(RADIX := Decimal, Constant := false, ExternalAccess := Read/Write)"
ALIAS,,PRINT_SEC_PRINT_HEAD_CYL_RET,"SECONDARY PRINT HEAD CYLINDER RETRACTED SENSOR$NBARRIER PRINTING$NSTATION","","MAN04:I.Data[2].1","(RADIX := Decimal, ExternalAccess := Read/Write)"
TAG,,PRINT_SEC_PRINT_HEAD_CYL_RET_VIS,"HMI VISIBILITY$NSECONDARY PRINT HEAD CYLINDER RETRACTED SENSOR$NBARRIER PRINTING$NSTATION","BOOL","","(RADIX := Decimal, Constant := false, ExternalAccess := Read/Write)"
TAG,,PRINT_SKU_PAD_ACTIVE_HW_RECIPE,"SKU PAD ACTIVE FROM RECIPE$NHARDWARE CONTROL$NBARRIER PRINTING STATION","BOOL","","(RADIX := Decimal, Constant := false, ExternalAccess := Read/Write)"
TAG,,PRINT_SKU_PAD_ACTIVE_HW_RECIPE_LOADED,"SKU PAD ACTIVE FROM RECIPE AFTER DOWNLOAD$NHARDWARE CONTROL$NBARRIER PRINTING STATION","BOOL","","(RADIX := Decimal, Constant := false, ExternalAccess := Read/Write)"
TAG,,PRINT_SKU_PAD_ACTIVE_SW_RECIPE,"SKU PAD ACTIVE FROM RECIPE$NSOFTWARE CONTROL$NBARRIER PRINTING STATION","BOOL","","(RADIX := Decimal, Constant := false, ExternalAccess := Read/Write)"
TAG,,PRINT_SKU_PAD_ACTIVE_SW_RECIPE_LOADED,"SKU PAD ACTIVE FROM RECIPE AFTER DOWNLOAD$NSOFTWARE CONTROL$NBARRIER PRINTING STATION","BOOL","","(RADIX := Decimal, Constant := false, ExternalAccess := Read/Write)"
ALIAS,,PRINT_SUP_CYL_EXT,"SUPPORT CYLINDER CYLINDER EXTENDED SENSOR$NBARRIER PRINTING STATION","","MAN02:I.Data[4].6","(RADIX := Decimal, ExternalAccess := Read/Write)"
TAG,,PRINT_SUP_CYL_EXT_PB,"HMI PUSH BUTTON$NEXTEND SUPPORT CYLINDER$NBARRIER PRINTING STATION","BOOL","","(RADIX := Decimal, Constant := false, ExternalAccess := Read/Write)"
TAG,,PRINT_SUP_CYL_EXT_PB_VIS,"HMI PUSH BUTTON$NVISIBILITY$NEXTEND SUPPORT CYLINDER$NBARRIER PRINTING STATION","BOOL","","(RADIX := Decimal, Constant := false, ExternalAccess := Read/Write)"
ALIAS,,PRINT_SUP_CYL_RET,"SUPPORT CYLINDER RETRACTED SENSOR$NBARRIER PRINTING STATION","","MAN02:I.Data[4].7","(RADIX := Decimal, ExternalAccess := Read/Write)"
TAG,,PRINT_TIME_RECIPE_PB,"HMI PUSH BUTTON$NPRINT TIME$NFROM RECIPE$NBARRIER PRINTING STATION","INT","","(RADIX := Decimal, Constant := false, ExternalAccess := Read/Write)"
TAG,,PRINT_X_POS,"X-AXIS $NPOSITION$NDATA (MM)$NBARRIER PRINT STATION","REAL","","(RADIX := Float, Constant := false, ExternalAccess := Read/Write)"
TAG,,PRINT_X_POS_LOWER,"X-AXIS$NPOSITION$NDATA (MM)$NLOWER LIMIT$NBARRIER PRINT STATION","REAL","","(RADIX := Float, Constant := false, ExternalAccess := Read/Write)"
TAG,,PRINT_X_POS_OK,"X-AXIS$NPOSITION OK$NBARRIER PRINT STATION","BOOL","","(RADIX := Decimal, Constant := false, ExternalAccess := Read/Write)"
TAG,,PRINT_X_POS_RECIPE,"X-AXIS POSITION$NFROM RECIPE$NBARRIER PRINT STATION","REAL","","(RADIX := Float, Constant := false, ExternalAccess := Read/Write)"
TAG,,PRINT_X_POS_SCALED,"X-AXIS $NPOSITION$NDATA SCALED TO MACHINE STANDARD$NBARRIER PRINT STATION","REAL","","(RADIX := Float, Constant := false, ExternalAccess := Read/Write)"
TAG,,PRINT_X_POS_UPPER,"X-AXIS$NPOSITION$NDATA (MM)$NUPPER LIMIT$NBARRIER PRINT STATION","REAL","","(RADIX := Float, Constant := false, ExternalAccess := Read/Write)"
TAG,,PRINT_Y_INK_POS_OFF_VAL,"PRINT INK OFFSET Y-POSITION VALUE$NBARRIER PRINTING STATION","REAL","","(RADIX := Float, Constant := false, ExternalAccess := Read/Write)"
TAG,,PRINT_Y_INK_POS_OFF_VAL_SCALED,"PRINT INK OFFSET Y-POSITION VALUE SCALED$NBARRIER PRINTING STATION","REAL","","(RADIX := Float, Constant := false, ExternalAccess := Read/Write)"
TAG,,PRINT_Y_OFFSET_PB,"HMI ENTRY PRINT PLACEMENT Y DIRECTION (MM) ON MAIN DIAL$NBARRIER PRINTING STATION","REAL","","(RADIX := Float, Constant := false, ExternalAccess := Read/Write)"
TAG,,PUNCH_ACTIVE_RECIPE,"ACTIVE FROM RECIPE BARRIER PUNCH$NSTATION","BOOL","","(RADIX := Decimal, Constant := false, ExternalAccess := Read/Write)"
TAG,,PUNCH_ACTIVE_RECIPE_LOADED,"ACTIVE FROM RECIPE$NAFTER DOWNLOAD$NBARRIER PUNCH$NSTATION","BOOL","","(RADIX := Decimal, Constant := false, ExternalAccess := Read/Write)"
TAG,,PUNCH_BYPASS_ANIMATION,"ANIMIATION FOR HMI$NBYPASS STATUS$NBARRIER PUNCH STATION","BOOL","","(RADIX := Decimal, Constant := false, ExternalAccess := Read/Write)"
TAG,,PUNCH_CTR_INC_CYCLE,"HMI ANIMATION$NFAILED INCOMPLETE CYCLE$NBARRIER PUNCH STATION$N0=GREEN$N1=YELLOW$N2=RED","INT","","(RADIX := Decimal, Constant := false, ExternalAccess := Read/Write)"
TAG,,PUNCH_CYCLE_PB,"HMI PUSH BUTTON$NRUN CYCLE$NPUNCH STATION","BOOL","","(RADIX := Decimal, Constant := false, ExternalAccess := Read/Write)"
TAG,,PUNCH_CYL_CYCLE_CNT,"CYCLE COUNT FOR PUNCH CYLINDER$NBARRIER PUNCH STATION","COUNTER","","(Constant := false, ExternalAccess := Read/Write)"
TAG,,PUNCH_CYL_CYCLE_CNT_ZERO_PB,"HMI PUSHBUTTON$NZERO CYCLE COUNT FOR PUNCH CYLINDER$NBARRIER PUNCH STATION","BOOL","","(RADIX := Decimal, Constant := false, ExternalAccess := Read/Write)"
ALIAS,,PUNCH_CYL_EXT,"PUNCH CYLINDER EXTENDED SENSOR$NBARRIER PUNCH STATION","","MAN01:I.Data[3].12","(RADIX := Decimal, ExternalAccess := Read/Write)"
TAG,,PUNCH_CYL_EXT_PB,"HMI PUSH BUTTON$NEXTEND PUNCH CYLINDER$NPUNCH STATION","BOOL","","(RADIX := Decimal, Constant := false, ExternalAccess := Read/Write)"
ALIAS,,PUNCH_CYL_RET,"PUNCH CYLINDER RETRACTED SENSOR$NBARRIER PUNCH STATION","","MAN01:I.Data[3].13","(RADIX := Decimal, ExternalAccess := Read/Write)"
ALIAS,,PUNCH_DATA_BAG_LOADED,"BAG LOADED$NMAIN DIAL PART DATA STREAM$NPUNCH STATION","","MAIN_DIAL_DATA[7].BAG_LOADED","(RADIX := Decimal, ExternalAccess := Read/Write)"
ALIAS,,PUNCH_DATA_BAG_REJECT,"BAG REJECTED$NMAIN DIAL PART DATA STREAM$NPUNCH STATION","","MAIN_DIAL_DATA[7].BAG_REJECT","(RADIX := Decimal, ExternalAccess := Read/Write)"
ALIAS,,PUNCH_DATA_BAR_LOADED,"BARRIER LOADED$NMAIN DIAL PART DATA STREAM$NPUNCH STATION","","MAIN_DIAL_DATA[7].BARRIER_LOADED","(RADIX := Decimal, ExternalAccess := Read/Write)"
ALIAS,,PUNCH_DATA_BAR_REJECT,"BARRIER REJECTED$NMAIN DIAL PART DATA STREAM$NPUNCH STATION","","MAIN_DIAL_DATA[7].BARRIER_REJECT","(RADIX := Decimal, ExternalAccess := Read/Write)"
ALIAS,,PUNCH_DATA_CLEAR_PB,"HMI PUSH BUTTON$NCLEAR DATA REQUEST$NBARRIER PUNCH STATION","","MAIN_DIAL_DATA_CLEAR_REQ_ARRAY.7","(RADIX := Decimal, ExternalAccess := Read/Write)"
ALIAS,,PUNCH_DATA_EMPTY_LAST_BAG,"LAST BAG REQUEST FOR CELL EMPTY$NMAIN DIAL PART DATA STREAM$NPUNCH STATION","","MAIN_DIAL_DATA[7].CELL_EMPTY_LAST_BAG","(RADIX := Decimal, ExternalAccess := Read/Write)"
ALIAS,,PUNCH_DATA_FORMING_COMPLETE,"FORMING STATION COMPLETE$NMAIN DIAL PART DATA STREAM$NPUNCH STATION","","MAIN_DIAL_DATA[7].FORMING_COMPLETE","(RADIX := Decimal, ExternalAccess := Read/Write)"
ALIAS,,PUNCH_DATA_FORMING_PRESS_OK,"FORMING STATION PRESSURE OK$NMAIN DIAL PART DATA STREAM$NPUNCH STATION","","MAIN_DIAL_DATA[7].FORMING_PRESSURE_OK","(RADIX := Decimal, ExternalAccess := Read/Write)"
ALIAS,,PUNCH_DATA_FORMING_STARTED,"FORMING STATION STARTED$NMAIN DIAL PART DATA STREAM$NPUNCH STATION","","MAIN_DIAL_DATA[7].FORMING_STARTED","(RADIX := Decimal, ExternalAccess := Read/Write)"
ALIAS,,PUNCH_DATA_GLUE_COMPLETE,"BAG GLUE STATION COMPLETED$NMAIN DIAL PART DATA STREAM$NPUNCH STATION","","MAIN_DIAL_DATA[7].BAG_GLUE_COMPLETE","(RADIX := Decimal, ExternalAccess := Read/Write)"
ALIAS,,PUNCH_DATA_GLUE_OPEN_REJECT,"BAG GLUE STATION OPEN TIME REJECT$NMAIN DIAL PART DATA STREAM$NPUNCH STATION","","MAIN_DIAL_DATA[7].BAG_GLUE_OPEN_TIME_REJECT","(RADIX := Decimal, ExternalAccess := Read/Write)"
ALIAS,,PUNCH_DATA_GLUE_PRESS_OK,"BAG GLUE STATION PRESSURE OK$NMAIN DIAL PART DATA STREAM$NPUNCH STATION","","MAIN_DIAL_DATA[7].BAG_GLUE_PRESSURE_OK","(RADIX := Decimal, ExternalAccess := Read/Write)"
ALIAS,,PUNCH_DATA_GLUE_STARTED,"BAG GLUE STATION STARTED$NMAIN DIAL PART DATA STREAM$NPUNCH STATION","","MAIN_DIAL_DATA[7].BAG_GLUE_STARTED","(RADIX := Decimal, ExternalAccess := Read/Write)"
ALIAS,,PUNCH_DATA_INKJET_COMPLETE,"INKJET STATION COMPLETED MAIN DIAL PART DATA STREAM PUNCH STATION","","MAIN_DIAL_DATA[7].INKJET_COMPLETE","(RADIX := Decimal, ExternalAccess := Read/Write)"
ALIAS,,PUNCH_DATA_INKJET_STARTED,"INKJET STATION STARTED$NMAIN DIAL PART DATA STREAM$NPUNCH STATION","","MAIN_DIAL_DATA[7].INKJET_STARTED","(RADIX := Decimal, ExternalAccess := Read/Write)"
ALIAS,,PUNCH_DATA_PNC_COMPLETE,"PRESS-N-CURE STATION COMPLETED$NMAIN DIAL PART DATA STREAM$NPUNCH STATION","","MAIN_DIAL_DATA[7].BAG_CURE_COMPLETE","(RADIX := Decimal, ExternalAccess := Read/Write)"
ALIAS,,PUNCH_DATA_PNC_PRESS_OK,"PRESS-N-CURE STATION PRESSURE OK$NMAIN DIAL PART DATA STREAM$NPUNCH STATION","","MAIN_DIAL_DATA[7].BAG_CURE_PRESSURE_OK","(RADIX := Decimal, ExternalAccess := Read/Write)"
ALIAS,,PUNCH_DATA_PNC_STARTED,"PRESS-N-CURE STATION STARTED$NMAIN DIAL PART DATA STREAM$NPUNCH STATION","","MAIN_DIAL_DATA[7].BAG_CURE_STARTED","(RADIX := Decimal, ExternalAccess := Read/Write)"
ALIAS,,PUNCH_DATA_POS_BAG_REJECT,"POSITION BAG WAS REJECTED$NMAIN DIAL PART DATA STREAM$NPUNCH STATION","","MAIN_DIAL_DATA[7].STATION_POS_REJECT_BAG","(RADIX := Decimal, ExternalAccess := Read/Write)"
ALIAS,,PUNCH_DATA_POS_BAR_REJECT,"POSITION BARRIER WAS REJECTED$NMAIN DIAL PART DATA STREAM$NPUNCH STATION","","MAIN_DIAL_DATA[7].STATION_POS_REJECT_BARRIER","(RADIX := Decimal, ExternalAccess := Read/Write)"
ALIAS,,PUNCH_DATA_PREHEAT1_COMPLETE,"PREHEAT STATION 1 COMPLETE$NMAIN DIAL PART DATA STREAM$NPUNCH STATION","","MAIN_DIAL_DATA[7].PREHEAT1_COMPLETE","(RADIX := Decimal, ExternalAccess := Read/Write)"
ALIAS,,PUNCH_DATA_PREHEAT1_LOW_TEMP_OK,"PREHEAT STATION 1 LOWER TEMP OK$NMAIN DIAL PART DATA STREAM$NPUNCH STATION","","MAIN_DIAL_DATA[7].PREHEAT1_LOW_TEMP_OK","(RADIX := Decimal, ExternalAccess := Read/Write)"
ALIAS,,PUNCH_DATA_PREHEAT1_STARTED,"PREHEAT STATION 1 STARTED$NMAIN DIAL PART DATA STREAM$NBARRIER PUNCH STATION","","MAIN_DIAL_DATA[7].PREHEAT1_STARTED","(RADIX := Decimal, ExternalAccess := Read/Write)"
ALIAS,,PUNCH_DATA_PREHEAT1_UP_TEMP_OK,"PREHEAT STATION 1 UPPER TEMP OK$NMAIN DIAL PART DATA STREAM$NPUNCH STATION","","MAIN_DIAL_DATA[7].PREHEAT1_UP_TEMP_OK","(RADIX := Decimal, ExternalAccess := Read/Write)"
ALIAS,,PUNCH_DATA_PREHEAT2_COMPLETE,"PREHEAT STATION 2 COMPLETE$NMAIN DIAL PART DATA STREAM$NPUNCH STATION","","MAIN_DIAL_DATA[7].PREHEAT2_COMPLETE","(RADIX := Decimal, ExternalAccess := Read/Write)"
ALIAS,,PUNCH_DATA_PREHEAT2_LOW_TEMP_OK,"PREHEAT STATION 2 LOWER TEMP OK$NMAIN DIAL PART DATA STREAM$NPUNCH STATION","","MAIN_DIAL_DATA[7].PREHEAT2_LOW_TEMP_OK","(RADIX := Decimal, ExternalAccess := Read/Write)"
ALIAS,,PUNCH_DATA_PREHEAT2_STARTED,"PREHEAT STATION 2 STARTED$NMAIN DIAL PART DATA STREAM$NBARRIER PUNCH$NSTATION","","MAIN_DIAL_DATA[7].PREHEAT2_STARTED","(RADIX := Decimal, ExternalAccess := Read/Write)"
ALIAS,,PUNCH_DATA_PREHEAT2_UP_TEMP_OK,"PREHEAT STATION 2 UPPER TEMP OK$NMAIN DIAL PART DATA STREAM$NPUNCH STATION","","MAIN_DIAL_DATA[7].PREHEAT2_UP_TEMP_OK","(RADIX := Decimal, ExternalAccess := Read/Write)"
ALIAS,,PUNCH_DATA_PRINT_COMPLETE,"PRINTING STATION COMPLETED$NMAIN DIAL PART DATA STREAM$NPUNCH STATION","","MAIN_DIAL_DATA[7].PRINT_COMPLETE","(RADIX := Decimal, ExternalAccess := Read/Write)"
ALIAS,,PUNCH_DATA_PRINT_STARTED,"PRINTING STATION STARTED$NMAIN DIAL PART DATA STREAM$NPUNCH STATION","","MAIN_DIAL_DATA[7].PRINT_STARTED","(RADIX := Decimal, ExternalAccess := Read/Write)"
ALIAS,,PUNCH_DATA_PUNCH_COMPLETE,"PUNCH STATION COMPLETED$NMAIN DIAL PART DATA STREAM$NPUNCH STATION","","MAIN_DIAL_DATA[7].PUNCH_COMPLETE","(RADIX := Decimal, ExternalAccess := Read/Write)"
ALIAS,,PUNCH_DATA_PUNCH_STARTED,"PUNCH STATION STARTED$NMAIN DIAL PART DATA STREAM$NPUNCH STATION","","MAIN_DIAL_DATA[7].PUNCH_STARTED","(RADIX := Decimal, ExternalAccess := Read/Write)"
ALIAS,,PUNCH_DATA_VISION_COMPLETE,"VISION INSPECTION STATION COMPLETED$NMAIN DIAL PART DATA STREAM$NPUNCH STATION","","MAIN_DIAL_DATA[7].VISION_COMPLETE","(RADIX := Decimal, ExternalAccess := Read/Write)"
ALIAS,,PUNCH_DATA_VISION_PASS,"VISION INSPECTION STATION PASSED$NMAIN DIAL PART DATA STREAM$NPUNCH STATION","","MAIN_DIAL_DATA[7].VISION_PASS","(RADIX := Decimal, ExternalAccess := Read/Write)"
TAG,,PUNCH_INC_CYCLE_REJECT_CNT,"FAILURE COUNT FOR INCOMPLETE CYCLE$NBARRIER PUNCH STATION","COUNTER","","(Constant := false, ExternalAccess := Read/Write)"
TAG,,PUNCH_INDEX_DIAL_REQ,"INDEX REQUEST$NFROM BARRIER $NPUNCH STATION$N TO MAIN DIAL","BOOL","","(RADIX := Decimal, Constant := false, ExternalAccess := Read/Write)"
TAG,,PUNCH_MOON_BLOW_ACTIVE_RECIPE,"MOON BLOW$NACTIVE FROM RECIPE$NBARRIER PUNCH STATION","BOOL","","(RADIX := Decimal, Constant := false, ExternalAccess := Read/Write)"
TAG,,PUNCH_MOON_BLOW_ACTIVE_RECIPE_LOADED,"MOON BLOW$NACTIVE FROM RECIPE$N AFTER DOWLOAD$NBARRIER PUNCH STATION","BOOL","","(RADIX := Decimal, Constant := false, ExternalAccess := Read/Write)"
TAG,,PUNCH_MOON_BLOW_PB,"HMI PUSH BUTTON$NBLOW MOON $NPUNCH STATION","BOOL","","(RADIX := Decimal, Constant := false, ExternalAccess := Read/Write)"
TAG,,PUNCH_MOON_BLOW_TIME_PB,"HMI PUSH BUTTON$NMOON BLOW TIME$NPUNCH STATION","DINT","","(RADIX := Decimal, Constant := false, ExternalAccess := Read/Write)"
ALIAS,,PUNCH_MOON_CYL_EXT,"MOON CYLINDER EXTENDED SENSOR$NBARRIER PUNCH STATION","","MAN01:I.Data[2].2","(RADIX := Decimal, ExternalAccess := Read/Write)"
TAG,,PUNCH_MOON_CYL_EXT_PB,"HMI PUSH BUTTON$NEXTEND MOON CYLINDERS$NPUNCH STATION","BOOL","","(RADIX := Decimal, Constant := false, ExternalAccess := Read/Write)"
ALIAS,,PUNCH_MOON_CYL_RET,"MOON CYLINDER RETRACTED SENSOR$NBARRIER PUNCH STATION","","MAN01:I.Data[2].3","(RADIX := Decimal, ExternalAccess := Read/Write)"
ALIAS,,PUNCH_PRESSURE_OK,"PUNCH PRESSURE OK$NBARRIER PUNCH STATION","","MAN01:I.Data[2].10","(RADIX := Decimal, ExternalAccess := Read/Write)"
TAG,,PUNCH_PROCESS_DONE,"CYCLE DONE$NFROM BARRIER PUNCH STATION TO MAIN DIAL","BOOL","","(RADIX := Decimal, Constant := false, ExternalAccess := Read/Write)"
TAG,,PUNCH_PROCESS_FAILED,"PROCESS FAILED DUE TO MACHINE STOP$NBARRIER PUNCH STATION","BOOL","","(RADIX := Decimal, Constant := false, ExternalAccess := Read/Write)"
TAG,,PUNCH_SCREEN_PB,"HMI PUSH BUTTON$NGOTO PUNCH SCREEN","BOOL","","(RADIX := Decimal, Constant := false, ExternalAccess := Read/Write)"
ALIAS,,PUNCH_SPRING_PACK_CYL_EXT,"SPRING PACK CYLINDER EXTENDED SENSOR$NBARRIER PUNCH STATION","","MAN01:I.Data[2].15","(RADIX := Decimal, ExternalAccess := Read/Write)"
ALIAS,,PUNCH_SPRING_PACK_CYL_RET,"SPRING PACK CYLINDER RETRACTED SENSOR$NBARRIER PUNCH STATION","","MAN01:I.Data[2].14","(RADIX := Decimal, ExternalAccess := Read/Write)"
TAG,,PUNCH_SPRING_PACK_CYL_RET_PB,"HMI PUSH BUTTON$NCOMPRESS PUNCH SPRING PACK CYLINDER","BOOL","","(RADIX := Decimal, Constant := false, ExternalAccess := Read/Write)"
ALIAS,,PUNCH_STRIP1_CYL_EXT,"STRIPPER 1 CYLINDER RETRACTED SENSOR$NBARRIER PUNCH STATION","","MAN01:I.Data[3].14","(RADIX := Decimal, ExternalAccess := Read/Write)"
ALIAS,,PUNCH_STRIP1_CYL_RET,"STRIPPER 1 CYLINDER EXTENDED SENSOR$NBARRIER PUNCH STATION","","MAN01:I.Data[3].15","(RADIX := Decimal, ExternalAccess := Read/Write)"
ALIAS,,PUNCH_STRIP2_CYL_EXT,"STRIPPER 2 CYLINDER RETRACTED SENSOR$NBARRIER PUNCH STATION","","MAN01:I.Data[2].0","(RADIX := Decimal, ExternalAccess := Read/Write)"
ALIAS,,PUNCH_STRIP2_CYL_RET,"STRIPPER 2 CYLINDER EXTENDED SENSOR$NBARRIER PUNCH STATION","","MAN01:I.Data[2].1","(RADIX := Decimal, ExternalAccess := Read/Write)"
TAG,,PUNCH_STRIP_CYL_EXT_PB,"HMI PUSH BUTTON$NEXTEND STRIPPER CYLINDERS$NPUNCH STATION","BOOL","","(RADIX := Decimal, Constant := false, ExternalAccess := Read/Write)"
TAG,,R1_AUTO_MODE,"AUTO MODE$NREADY FOR RESET$NBAG LOAD ROBOT (R1)","BOOL","","(RADIX := Decimal, Constant := false, ExternalAccess := Read/Write)"
ALIAS,,R1_AUTO_SWITCH,"AUTO SWITCH$NBAG LOAD ROBOT (R1)","","R1:I.Data[0].24","(RADIX := Decimal, ExternalAccess := Read/Write)"
TAG,,R1_BAG_R_PICK_OFFSET_ABS,"BAG PICK LOCATION$NR DIRECTION (DEG) ABSOLUTE FROM CONVEYOR$NBAG LOAD ROBOT (R1)","REAL","","(RADIX := Float, Constant := false, ExternalAccess := Read/Write)"
TAG,,R1_BAG_R_PICK_OFFSET_PB,"HMI ENTRY$NBAG PICK LOCATION$NR DIRECTION (DEG) ABSOLUTE FROM CONVEYOR$NBAG LOAD ROBOT (R1)","REAL","","(RADIX := Float, Constant := false, ExternalAccess := Read/Write)"
TAG,,R1_BAG_R_PICK_OFFSET_SCALED,"BAG PICK LOCATION$NR DIRECTION (DEG) SCALED VALUE FROM CONVEYOR$NBAG LOAD ROBOT (R1)","INT","","(RADIX := Decimal, Constant := false, ExternalAccess := Read/Write)"
TAG,,R1_BAG_X_PICK_OFFSET_ABS,"BAG PICK LOCATION$NX DIRECTION ABSOLUTE FROM CONVEYOR$NBAG LOAD ROBOT (R1)","REAL","","(RADIX := Float, Constant := false, ExternalAccess := Read/Write)"
TAG,,R1_BAG_X_PICK_OFFSET_PB,"HMI ENTRY$NBAG PICK LOCATION$NX DIRECTION ABSOLUTE FROM CONVEYOR$NBAG LOAD ROBOT (R1)","REAL","","(RADIX := Float, Constant := false, ExternalAccess := Read/Write)"
TAG,,R1_BAG_X_PICK_OFFSET_SCALED,"BAG PICK LOCATION$NX DIRECTION SCALED VALUE FROM CONVEYOR$NBAG LOAD ROBOT (R1)","INT","","(RADIX := Decimal, Constant := false, ExternalAccess := Read/Write)"
TAG,,R1_BAG_X_POS_OFFSET_ABS,"BAG PLACEMENT$NX DIRECTION ABSOLUTE ON$NMAIN DIAL$NBAG LOAD ROBOT (R1)","REAL","","(RADIX := Float, Constant := false, ExternalAccess := Read/Write)"
TAG,,R1_BAG_X_POS_OFFSET_PB,"HMI ENTRY$NBAG PLACEMENT$NX DIRECTION$NOFFSET ON$NMAIN DIAL$NBAG LOAD ROBOT (R1)","REAL","","(RADIX := Float, Constant := false, ExternalAccess := Read/Write)"
TAG,,R1_BAG_X_POS_OFFSET_SCALED,"BAG PLACEMENT$NX DIRECTION (MM) SCALED VALUE ON$NMAIN DIAL$NBAG LOAD ROBOT (R1)","INT","","(RADIX := Decimal, Constant := false, ExternalAccess := Read/Write)"
TAG,,R1_BAG_Y_PICK_OFFSET_ABS,"BAG PICK LOCATION$NY DIRECTION (MM) ABSOLUTE FROM CONVEYOR$NBAG LOAD ROBOT (R1)","REAL","","(RADIX := Float, Constant := false, ExternalAccess := Read/Write)"
TAG,,R1_BAG_Y_PICK_OFFSET_PB,"HMI ENTRY$NBAG PICK LOCATION$NY DIRECTION (MM) ABSOLUTE FROM CONVEYOR$NBAG LOAD ROBOT (R1)","REAL","","(RADIX := Float, Constant := false, ExternalAccess := Read/Write)"
TAG,,R1_BAG_Y_PICK_OFFSET_SCALED,"BAG PICK LOCATION$NY DIRECTION (MM) SCALED VALUE FROM CONVEYOR$NBAG LOAD ROBOT (R1)","INT","","(RADIX := Decimal, Constant := false, ExternalAccess := Read/Write)"
TAG,,R1_BAG_Y_POS_OFFSET_ABS,"BAG PLACEMENT$NY DIRECTION$NABSOLUTE ON$NMAIN DIAL$NBAG LOAD ROBOT (R1)","REAL","","(RADIX := Float, Constant := false, ExternalAccess := Read/Write)"
TAG,,R1_BAG_Y_POS_OFFSET_PB,"HMI ENTRY$NBAG PLACEMENT$NY DIRECTION$NOFFSET ON$NMAIN DIAL$NBAG LOAD ROBOT (R1)","REAL","","(RADIX := Float, Constant := false, ExternalAccess := Read/Write)"
TAG,,R1_BAG_Y_POS_OFFSET_SCALED,"BAG PLACEMENT$NY DIRECTION SCALED VALUE ON$NMAIN DIAL$NBAG LOAD ROBOT (R1)","INT","","(RADIX := Decimal, Constant := false, ExternalAccess := Read/Write)"
TAG,,R1_BAG_Z_OFFSET_ABS,"BAG LOCATION$NZ DIRECTION ABSOLUTE$NBAG LOAD ROBOT (R1)","REAL","","(RADIX := Float, Constant := false, ExternalAccess := Read/Write)"
TAG,,R1_BAG_Z_OFFSET_SCALED,"BAG LOCATION$NZ DIRECTION SCALED VALUE$NBAG LOAD ROBOT (R1)","DINT","","(RADIX := Decimal, Constant := false, ExternalAccess := Read/Write)"
ALIAS,,R1_BATT_LOW,"BATTERY LOW$NBAG LOAD ROBOT (R1)","","R1:I.Data[0].9","(RADIX := Decimal, ExternalAccess := Read/Write)"
ALIAS,,R1_CLEAR_MAIN_DIAL,"CLEAR OF MAIN DIAL$NBAG LOAD ROBOT (R1)","","R1:I.Data[0].26","(RADIX := Decimal, ExternalAccess := Read/Write)"
ALIAS,,R1_COMMAND_ENABLE,"COMMAND ENABLED$N(STEP MODE OFF)$NBAG LOAD ROBOT (R1)","","R1:I.Data[0].10","(RADIX := Decimal, ExternalAccess := Read/Write)"
TAG,,R1_COMMS_OK,"ETHERNET COMMUNICATION OK$NBAG LOAD ROBOT (R1)","BOOL","","(RADIX := Decimal, Constant := false, ExternalAccess := Read/Write)"
ALIAS,,R1_ENABLE,"ENABLED$NBAG LOAD ROBOT (R1)","","R1:O.Data[0].8","(RADIX := Decimal, ExternalAccess := Read/Write)"
TAG,,R1_ESTOP,"HMI INDICATOR$N ESTOP ACTIVATED$NBAG LOAD ROBOT (R1)","BOOL","","(RADIX := Decimal, Constant := false, ExternalAccess := Read/Write)"
TAG,,R1_ESTOP_OP,"HMI INDICATOR$NOPERATOR PANEL$N ESTOP ACTIVATED$NBAG LOAD ROBOT (R1)","BOOL","","(RADIX := Decimal, Constant := false, ExternalAccess := Read/Write)"
TAG,,R1_ESTOP_TP,"HMI INDICATOR$NTEACH PENDANT$N ESTOP ACTIVATED$NBAG LOAD ROBOT (R1)","BOOL","","(RADIX := Decimal, Constant := false, ExternalAccess := Read/Write)"
ALIAS,,R1_FAULT,"FAULTED$NBAG LOAD ROBOT (R1)","","R1:I.Data[0].7","(RADIX := Decimal, ExternalAccess := Read/Write)"
ALIAS,,R1_GRIPPER_ABSOLUTE_POSITION,"GRIPPER ABSOLUTE ENCODER POSITION $NBAG LOAD ROBOT (R1)","","DRV08:I.Data[7]","(RADIX := Decimal, ExternalAccess := Read/Write)"
ALIAS,,R1_GRIPPER_COMMAND_ERROR,"HMI ANIMATION$NGRIPPER STEPPER DRIVE COMMAND ERROR$NBAG LOAD ROBOT (R1)","","DRV08:I.Data[3]","(RADIX := Decimal, ExternalAccess := Read/Write)"
ALIAS,,R1_GRIPPER_CONFIG_ERROR,"HMI ANIMATION$NGRIPPER STEPPER DRIVE CONFIG ERROR$NBAG LOAD ROBOT (R1)","","DRV08:I.Data[4].20","(RADIX := Decimal, ExternalAccess := Read/Write)"
TAG,,R1_GRIPPER_CONFIG_PB,"HMI PUSH BUTTON$NSEND CONFIG PARAMETERS TO GRIPPER STEPPER DRIVE $NBAG LOAD ROBOT (R1)","BOOL","","(RADIX := Decimal, Constant := false, ExternalAccess := Read/Write)"
TAG,,R1_GRIPPER_DIA_DELTA_RIGID_IN,"DELTA (IN)$NBETWEEN CLOSED AND OPEN POSITION$NFOR RIGID BAGS$NBAG LOAD ROBOT (R1)","REAL","","(RADIX := Float, Constant := false, ExternalAccess := Read/Write)"
TAG,,R1_GRIPPER_DIA_DELTA_RIGID_MM,"DELTA (MM)$NBETWEEN CLOSED AND OPEN POSITION$NFOR RIGID BAGS$NBAG LOAD ROBOT (R1)","REAL","","(RADIX := Float, Constant := false, ExternalAccess := Read/Write)"
TAG,,R1_GRIPPER_DIA_DELTA_SNF_IN,"DELTA (IN)$NBETWEEN CLOSED AND OPEN POSITION$NFOR SOFT-N-FLEXIBLE BAGS$NBAG LOAD ROBOT (R1)","REAL","","(RADIX := Float, Constant := false, ExternalAccess := Read/Write)"
TAG,,R1_GRIPPER_DIA_DELTA_SNF_MM,"DELTA (MM)$NBETWEEN CLOSED AND OPEN POSITION$NFOR SOFT-N-FLEXIBLE BAGS$NBAG LOAD ROBOT (R1)","REAL","","(RADIX := Float, Constant := false, ExternalAccess := Read/Write)"
TAG,,R1_GRIPPER_DIA_MIN,"MINIMUM DIAMETER (IN)$NOF GRIPPER IN CLOSED POSITION$NBAG LOAD ROBOT (R1)","REAL","","(RADIX := Float, Constant := false, ExternalAccess := Read/Write)"
TAG,,R1_GRIPPER_DIA_RECIPE_IN,"BAG GRIPPER $NDIAMETER (IN)$N FROM RECIPE$NBAG LOAD ROBOT (R1)","REAL","","(RADIX := Float, Constant := false, ExternalAccess := Read/Write)"
TAG,,R1_GRIPPER_DIA_RECIPE_MM,"BAG GRIPPER $NDIAMETER (MM)$N FROM RECIPE$NBAG LOAD ROBOT (R1)","REAL","","(RADIX := Float, Constant := false, ExternalAccess := Read/Write)"
TAG,,R1_GRIPPER_DIA_REL_IN,"BAG GRIPPER $NDIAMETER (IN)$NIN RELEASED POSITION$NBAG LOAD ROBOT (R1)","REAL","","(RADIX := Float, Constant := false, ExternalAccess := Read/Write)"
TAG,,R1_GRIPPER_DIA_REL_MM,"BAG GRIPPER $NDIAMETER (MM)$NIN RELEASED POSITION$NBAG LOAD ROBOT (R1)","REAL","","(RADIX := Float, Constant := false, ExternalAccess := Read/Write)"
TAG,,R1_GRIPPER_ENABLE_PB,"HMI PUSH BUTTON$NENABLE GRIPPER $NBAG LOAD ROBOT (R1)","BOOL","","(RADIX := Decimal, Constant := false, ExternalAccess := Read/Write)"
TAG,,R1_GRIPPER_ENABLE_PB_VIS,"HMI VISIBILITY$NGRIPPER STEPPER DRIVE ENABLE PUSH BUTTON$NBAG LOAD ROBOT (R1)","BOOL","","(RADIX := Decimal, Constant := false, ExternalAccess := Read/Write)"
ALIAS,,R1_GRIPPER_ESTOP_ACTIVE,"GRIPPER STEPPER DRIVE$NESTOP ACTIVE$NBAG LOAD ROBOT (R1)","","DRV08:I.Data[1].0","(RADIX := Decimal, ExternalAccess := Read/Write)"
TAG,,R1_GRIPPER_FWD_SPEED_PB,"GRIPPER FORWARD SPEED VALUE  FROM HMI$NBAG LOAD ROBOT (R1)","DINT","","(RADIX := Decimal, Constant := false, ExternalAccess := Read/Write)"
TAG,,R1_GRIPPER_HMI_DEBUG_VIS,"HMI VISIBILITY FOR R1 GRIPPER STEPPER COUNTS","BOOL","","(RADIX := Decimal, Constant := false, ExternalAccess := Read/Write)"
ALIAS,,R1_GRIPPER_HOMED,"GRIPPER HOMED$NBAG LOAD ROBOT (R1)","","DRV08:I.Data[4].7","(RADIX := Decimal, ExternalAccess := Read/Write)"
TAG,,R1_GRIPPER_HOME_OFFSET,"COUNTS TO MOVE OFF OF HOME AFTER HOMING COMPLETE","DINT","","(RADIX := Decimal, Constant := false, ExternalAccess := Read/Write)"
TAG,,R1_GRIPPER_HOME_PB,"HMI PUSH BUTTON$NHOME GRIPPER$NBAG LOAD ROBOT (R1)","BOOL","","(RADIX := Decimal, Constant := false, ExternalAccess := Read/Write)"
TAG,,R1_GRIPPER_HOME_PB_VIS,"HMI VISIBILITY$NGRIPPER STEPPER DRIVE HOME PUSH BUTTON$NBAG LOAD ROBOT (R1)","BOOL","","(RADIX := Decimal, Constant := false, ExternalAccess := Read/Write)"
ALIAS,,R1_GRIPPER_HOME_SENSOR,"GRIPPER HOME SENSOR$NBAG LOAD ROBOT (R1)","","DRV08:I.Data[1].1","(RADIX := Decimal, ExternalAccess := Read/Write)"
ALIAS,,R1_GRIPPER_OK,"HMI ANIMATION$NGRIPPER STEPPER DRIVE OK$NBAG LOAD ROBOT (R1)","","DRV08:I.Data[0].14","(RADIX := Decimal, ExternalAccess := Read/Write)"
TAG,,R1_GRIPPER_PB_VIS,"HMI VISIBILITY$NGRIPPER STEPPER DRIVE PUSH BUTTONS$NBAG LOAD ROBOT (R1)","BOOL","","(RADIX := Decimal, Constant := false, ExternalAccess := Read/Write)"
TAG,,R1_GRIPPER_PICK_PB,"HMI PUSH BUTTON$NPICK BAG GRIPPER $NBAG LOAD ROBOT (R1)","BOOL","","(RADIX := Decimal, Constant := false, ExternalAccess := Read/Write)"
TAG,,R1_GRIPPER_PICK_PB_VIS,"HMI VISIBILITY$NGRIPPER PICK PUSH BUTTON$NBAG LOAD ROBOT (R1)","BOOL","","(RADIX := Decimal, Constant := false, ExternalAccess := Read/Write)"
TAG,,R1_GRIPPER_PICK_POS,"GRIPPER IS IN PICKED$NPOSITION$NBAG LOAD ROBOT (R1)","BOOL","","(RADIX := Decimal, Constant := false, ExternalAccess := Read/Write)"
ALIAS,,R1_GRIPPER_POSITION_INPUT,"GRIPPER POSITION INPUT TO PLC$NBAG LOAD ROBOT (R1)","","DRV08:I.Data[5]","(RADIX := Decimal, ExternalAccess := Read/Write)"
TAG,,R1_GRIPPER_READY,"GRIPPER READY$NBAG LOAD ROBOT (R1)","BOOL","","(RADIX := Decimal, Constant := false, ExternalAccess := Read/Write)"
TAG,,R1_GRIPPER_REL_CLR_RIGID_DIS_VIS,"HMI VISIBILITY$NGRIPPER RELEASE CLEARANCE DISPLAY$NRIGID$NBAG LOAD ROBOT (R1)","BOOL","","(RADIX := Decimal, Constant := false, ExternalAccess := Read/Write)"
TAG,,R1_GRIPPER_REL_CLR_RIGID_ENT_VIS,"HMI VISIBILITY$NGRIPPER RELEASE CLEARANCE ENTRY$NRIGID$NBAG LOAD ROBOT (R1)","BOOL","","(RADIX := Decimal, Constant := false, ExternalAccess := Read/Write)"
TAG,,R1_GRIPPER_REL_CLR_SNF_DIS_VIS,"HMI VISIBILITY$NGRIPPER RELEASE CLEARANCE DISPLAY$NSOFT-N-FLEXIBLE$NBAG LOAD ROBOT (R1)","BOOL","","(RADIX := Decimal, Constant := false, ExternalAccess := Read/Write)"
TAG,,R1_GRIPPER_REL_CLR_SNF_ENT_VIS,"HMI VISIBILITY$NGRIPPER RELEASE CLEARANCE ENTRY$NSOFT-N-FLEXIBLE$NBAG LOAD ROBOT (R1)","BOOL","","(RADIX := Decimal, Constant := false, ExternalAccess := Read/Write)"
TAG,,R1_GRIPPER_REL_PB,"HMI PUSH BUTTON$NRELEASE GRIPPER $NBAG LOAD ROBOT (R1)","BOOL","","(RADIX := Decimal, Constant := false, ExternalAccess := Read/Write)"
TAG,,R1_GRIPPER_REL_PB_VIS,"HMI VISIBILITY$NGRIPPER RELEASE PUSH BUTTON$NBAG LOAD ROBOT (R1)","BOOL","","(RADIX := Decimal, Constant := false, ExternalAccess := Read/Write)"
TAG,,R1_GRIPPER_REL_POS,"GRIPPER IS IN RELEASED$NPOSITION$NBAG LOAD ROBOT (R1)","BOOL","","(RADIX := Decimal, Constant := false, ExternalAccess := Read/Write)"
TAG,,R1_GRIPPER_RESET_PB,"HMI PUSH BUTTON$NRESET GRIPPER $NBAG LOAD ROBOT (R1)","BOOL","","(RADIX := Decimal, Constant := false, ExternalAccess := Read/Write)"
TAG,,R1_GRIPPER_RESET_PB_VIS,"RESET VISIBILITY$NBAG LOAD ROBOT (R1)","BOOL","","(RADIX := Decimal, Constant := false, ExternalAccess := Read/Write)"
TAG,,R1_GRIPPER_STOP_PB,"HMI PUSH BUTTON$NSTOP GRIPPER STEPPER DRIVE$NBAG LOAD ROBOT (R1)","BOOL","","(RADIX := Decimal, Constant := false, ExternalAccess := Read/Write)"
ALIAS,,R1_GRIP_CYL_GRIP,"PICK HEAD GRIPPER GRIPPED SENSOR$NBAG LOAD ROBOT (R1)","","R1:I.Data[1].7","(RADIX := Decimal, ExternalAccess := Read/Write)"
ALIAS,,R1_GRIP_CYL_REL,"PICK HEAD GRIPPER RELEASED SENSOR$NBAG LOAD ROBOT (R1)","","R1:I.Data[1].6","(RADIX := Decimal, ExternalAccess := Read/Write)"
ALIAS,,R1_HOLD_OFF,"HOLD INPUT OFF TO$NBAG LOAD ROBOT (R1)","","R1:O.Data[0].2","(RADIX := Decimal, ExternalAccess := Read/Write)"
ALIAS,,R1_HOME,"AT HOME$NBAG LOAD ROBOT (R1)","","R1:I.Data[0].11","(RADIX := Decimal, ExternalAccess := Read/Write)"
ALIAS,,R1_IMSTD_ON,"IMSTD INPUT ON TO$NBAG LOAD ROBOT (R1)","","R1:O.Data[0].1","(RADIX := Decimal, ExternalAccess := Read/Write)"
ALIAS,,R1_INPUTS_SIMULATED,"INPUTS SIMULATED$NBAG LOAD ROBOT (R1)","","R1:I.Data[0].25","(RADIX := Decimal, ExternalAccess := Read/Write)"
TAG,,R1_LIGHT_VIS,"HMI VISIBILITY$NVISION LIGHT CONTROL$NBAG LOAD ROBOT (R1)","BOOL","","(RADIX := Decimal, Constant := false, ExternalAccess := Read/Write)"
TAG,,R1_OFFSET_VIS,"OFFSET VISIBILITY$NBAG LOAD ROBOT (R1)","BOOL","","(RADIX := Decimal, Constant := false, ExternalAccess := Read/Write)"
TAG,,R1_PNS_MATCH,"PNS MATCH TO$NSTATION PROGRAM NUMBER$NBAG LOAD ROBOT (R1)","BOOL","","(RADIX := Decimal, Constant := false, ExternalAccess := Read/Write)"
TAG,,R1_RED_LIGHT_ON_PB,"HMI PUSH BUTTON$NRED LIGHTS ON$NBAG LOAD ROBOT (R1)","BOOL","","(RADIX := Decimal, Constant := false, ExternalAccess := Read/Write)"
TAG,,R1_RIGID_VIS_PROCESS_RECIPE,"RIGID BAG VISION PROGRAM FROM PLC TO ROBOT$NSET IN RECIPE$NCELL$NBAG LOAD ROBOT (R1)","INT","","(RADIX := Decimal, Constant := false, ExternalAccess := Read/Write)"
TAG,,R1_SCREEN_PB,"HMI PUSH BUTTON$NGOTO BAG LOAD ROBOT (R1) SCREEN","BOOL","","(RADIX := Decimal, Constant := false, ExternalAccess := Read/Write)"
ALIAS,,R1_SFSPD_ON,"SFSPD INPUT ON TO$NBAG LOAD ROBOT (R1)","","R1:O.Data[0].3","(RADIX := Decimal, ExternalAccess := Read/Write)"
TAG,,R1_SNF_VIS_PROCESS_RECIPE,"SOFT-N-FLEXIBLE BAG VISION PROGRAM FROM PLC TO ROBOT$NSET IN RECIPE$NCELL","INT","","(RADIX := Decimal, Constant := false, ExternalAccess := Read/Write)"
TAG,,R1_SNF_VIS_PROCESS_RECIPE_LOADED,"SOFT-N-FLEXIBLE BAG VISION PROGRAM LOADED TO PLC AFTER RECIPE DOWNLOAD$NCELL$NBAG LOAD ROBOT (R1)","INT","","(RADIX := Decimal, Constant := false, ExternalAccess := Read/Write)"
ALIAS,,R1_TP_ENABLE,"TEACH PENDANT ENABLED$NBAG LOAD ROBOT (R1)","","R1:I.Data[0].8","(RADIX := Decimal, ExternalAccess := Read/Write)"
TAG,,R1_UV_LIGHT_ON_PB,"HMI PUSH BUTTON$NUV LIGHTS ON$NBAG LOAD ROBOT (R1)","BOOL","","(RADIX := Decimal, Constant := false, ExternalAccess := Read/Write)"
TAG,,R1_Z_OFFSET_RECIPE,"BAG PICK/PLACE LOCATION$NZ DIRECTION ABSOLUTE$NBAG LOAD ROBOT (R1)","REAL","","(RADIX := Float, Constant := false, ExternalAccess := Read/Write)"
TAG,,R2_AUTO_MODE,"AUTO MODE$NREADY FOR RESET$NBARRIER LOAD ROBOT (R2)","BOOL","","(RADIX := Decimal, Constant := false, ExternalAccess := Read/Write)"
ALIAS,,R2_AUTO_SWITCH,"AUTO SWITCH$NBARRIER LOAD ROBOT (R2)","","R2:I.Data[0].24","(RADIX := Decimal, ExternalAccess := Read/Write)"
TAG,,R2_BARRIER_BLOW_ON_PB,"HMI PUSH BUTTON$NBARRIER BLOW ON$NBARRIER LOAD ROBOT (R2)","BOOL","","(RADIX := Decimal, Constant := false, ExternalAccess := Read/Write)"
TAG,,R2_BARRIER_PASSED,"CURRENT BARRIER ON ROBOT PICK HEAD PASSED$NBARRIER LOAD$NROBOT (R2)","BOOL","","(RADIX := Decimal, Constant := false, ExternalAccess := Read/Write)"
ALIAS,,R2_BARRIER_VAC_ON,"BARRIER VACUUM ON SWITCH$NBARRIER LOAD ROBOT (R2)","","R2:I.Data[1].9","(RADIX := Decimal, ExternalAccess := Read/Write)"
TAG,,R2_BARRIER_VAC_ON_PB,"HMI PUSH BUTTON$NBARRIER VACUUM ON$NBARRIER LOAD ROBOT (R2)","BOOL","","(RADIX := Decimal, Constant := false, ExternalAccess := Read/Write)"
TAG,,R2_BAR_X_OFFSET_ABS,"BARRIER PLACEMENT$NX DIRECTION$NABSOLUTE ON$NMAIN DIAL$NBARRIER LOAD ROBOT (R2)","REAL","","(RADIX := Float, Constant := false, ExternalAccess := Read/Write)"
TAG,,R2_BAR_X_OFFSET_PB,"HMI ENTRY$NBARRIER PLACEMENT$NX DIRECTION ON$NMAIN DIAL$NBARRIER LOAD ROBOT (R2)","REAL","","(RADIX := Float, Constant := false, ExternalAccess := Read/Write)"
TAG,,R2_BAR_X_OFFSET_SCALED,"BARRIER PLACEMENT$NX DIRECTION SCALED VALUE ON$NMAIN DIAL$NBARRIER LOAD ROBOT (R2)","INT","","(RADIX := Decimal, Constant := false, ExternalAccess := Read/Write)"
TAG,,R2_BAR_Y_OFFSET_ABS,"BARRIER PLACEMENT$NY DIRECTION$NABSOLUTE ON$NMAIN DIAL$NBARRIER LOAD ROBOT (R2)","REAL","","(RADIX := Float, Constant := false, ExternalAccess := Read/Write)"
TAG,,R2_BAR_Y_OFFSET_PB,"HMI ENTRY$NBARRIER PLACEMENT$NY DIRECTION ON$NMAIN DIAL$NBARRIER LOAD ROBOT (R2)","REAL","","(RADIX := Float, Constant := false, ExternalAccess := Read/Write)"
TAG,,R2_BAR_Y_OFFSET_SCALED,"BARRIER PLACEMENT$NY DIRECTION SCALED VALUE ON$NMAIN DIAL$NBARRIER LOAD ROBOT (R2)","INT","","(RADIX := Decimal, Constant := false, ExternalAccess := Read/Write)"
ALIAS,,R2_BATT_LOW,"BATTERY LOW$NBARRIER LOAD ROBOT (R2)","","R2:I.Data[0].9","(RADIX := Decimal, ExternalAccess := Read/Write)"
ALIAS,,R2_CLEAR_MAIN_DIAL,"CLEAR OF MAIN DIAL$NBARRIER LOAD ROBOT (R2)","","R2:I.Data[0].26","(RADIX := Decimal, ExternalAccess := Read/Write)"
ALIAS,,R2_COMMAND_ENABLE,"COMMAND ENABLED$N(STEP MODE OFF)$NBARRIER LOAD ROBOT (R2)","","R2:I.Data[0].10","(RADIX := Decimal, ExternalAccess := Read/Write)"
TAG,,R2_COMMS_OK,"ETHERNET COMMUNICATION OK$NBARRIER LOAD ROBOT (R2)","BOOL","","(RADIX := Decimal, Constant := false, ExternalAccess := Read/Write)"
ALIAS,,R2_ENABLE,"ENABLED$NBARRIER LOAD ROBOT (R2)","","R2:O.Data[0].8","(RADIX := Decimal, ExternalAccess := Read/Write)"
TAG,,R2_ESTOP,"HMI INDICATOR$N ESTOP ACTIVATED$NBARRIER LOAD ROBOT (R2)","BOOL","","(RADIX := Decimal, Constant := false, ExternalAccess := Read/Write)"
TAG,,R2_ESTOP_OP,"HMI INDICATOR$NOPERATOR PANEL$N ESTOP ACTIVATED$NBARRIER LOAD ROBOT (R2)","BOOL","","(RADIX := Decimal, Constant := false, ExternalAccess := Read/Write)"
TAG,,R2_ESTOP_TP,"HMI INDICATOR$NTEACH PENDANT$N ESTOP ACTIVATED$NBARRIER LOAD ROBOT (R2)","BOOL","","(RADIX := Decimal, Constant := false, ExternalAccess := Read/Write)"
ALIAS,,R2_FAULT,"FAULTED$NBARRIER LOAD ROBOT (R2)","","R2:I.Data[0].7","(RADIX := Decimal, ExternalAccess := Read/Write)"
ALIAS,,R2_HOLD_OFF,"HOLD INPUT OFF TO$NBARRIER LOAD ROBOT (R2)","","R2:O.Data[0].2","(RADIX := Decimal, ExternalAccess := Read/Write)"
ALIAS,,R2_HOME,"AT HOME$NBARRIER LOAD ROBOT (R2)","","R2:I.Data[0].11","(RADIX := Decimal, ExternalAccess := Read/Write)"
ALIAS,,R2_IMSTD_ON,"IMSTD INPUT ON TO$NBARRIER LOAD ROBOT (R2)","","R2:O.Data[0].1","(RADIX := Decimal, ExternalAccess := Read/Write)"
ALIAS,,R2_INPUTS_SIMULATED,"INPUTS SIMULATED$NBARRIER LOAD ROBOT (R2)","","R2:I.Data[0].25","(RADIX := Decimal, ExternalAccess := Read/Write)"
TAG,,R2_OFFSET_VIS,"OFFSET VISIBILITY$NBARRIER LOAD ROBOT (R2)","BOOL","","(RADIX := Decimal, Constant := false, ExternalAccess := Read/Write)"
TAG,,R2_PNS_MATCH,"PNS MATCH TO$NSTATION PROGRAM NUMBER$NBARRIER LOAD ROBOT (R2)","BOOL","","(RADIX := Decimal, Constant := false, ExternalAccess := Read/Write)"
TAG,,R2_SCREEN_PB,"HMI PUSH BUTTON$NGOTO BARRIER LOAD ROBOT (R2) SCREEN","BOOL","","(RADIX := Decimal, Constant := false, ExternalAccess := Read/Write)"
TAG,,R2_SEQUENCE_ERROR,"SEQUENCE ERROR$NBARRIER LOAD ROBOT (R2)","BOOL","","(RADIX := Decimal, Constant := false, ExternalAccess := Read/Write)"
ALIAS,,R2_SFSPD_ON,"SFSPD INPUT ON TO$NBARRIER LOAD ROBOT (R2)","","R2:O.Data[0].3","(RADIX := Decimal, ExternalAccess := Read/Write)"
TAG,,R2_STAGE_NUMBER_FROM_PLC,"STAGE PROCESS NUMBER$NTO BE RUN BY BARRIER LOAD ROBOT (R2)$N1= EMPTY$N 2 = GOOD BARRIER$N3=FAILED BARRIER","INT","","(RADIX := Decimal, Constant := false, ExternalAccess := Read/Write)"
TAG,,R2_STAGE_NUMBER_FROM_ROBOT,"STAGE PROCESS NUMBER$NFROM$N BARRIER LOAD ROBOT (R2)$N1= EMPTY$N 2 = GOOD BARRIER$N3=FAILED BARRIER","INT","","(RADIX := Decimal, Constant := false, ExternalAccess := Read/Write)"
TAG,,R2_TOOL_PB_VIS,"HMI VISIBILITY$NTOOL PUSH BUTTONS$N BARRIER LOAD ROBOT (R2)","BOOL","","(RADIX := Decimal, Constant := false, ExternalAccess := Read/Write)"
ALIAS,,R2_TP_ENABLE,"TEACH PENDANT ENABLED$NBARRIER LOAD ROBOT (R2)","","R2:I.Data[0].8","(RADIX := Decimal, ExternalAccess := Read/Write)"
TAG,,R3_AUTO_MODE,"AUTO MODE$NREADY FOR RESET$NBAG OFFLOAD ROBOT (R3)","BOOL","","(RADIX := Decimal, Constant := false, ExternalAccess := Read/Write)"
ALIAS,,R3_AUTO_SWITCH,"AUTO SWITCH$NBAG OFFLOAD ROBOT (R3)","","R3:I.Data[0].24","(RADIX := Decimal, ExternalAccess := Read/Write)"
TAG,,R3_BAG_BLOW_ON_PB,"HMI PUSH BUTTON$NBAG BLOW ON$NBAG OFFLOAD ROBOT (R3)","BOOL","","(RADIX := Decimal, Constant := false, ExternalAccess := Read/Write)"
ALIAS,,R3_BAG_VAC_ON,"BAG VACUUM ON SWITCH$NBAG OFFLOAD ROBOT (R3)","","R3:I.Data[1].8","(RADIX := Decimal, ExternalAccess := Read/Write)"
TAG,,R3_BAG_VAC_ON_PB,"HMI PUSH BUTTON$NBAG VACUUM ON$NBAG OFFLOAD ROBOT (R3)","BOOL","","(RADIX := Decimal, Constant := false, ExternalAccess := Read/Write)"
ALIAS,,R3_BARRIER_VAC_ON,"BARRIER VACUUM ON SWITCH$NBAG OFFLOAD ROBOT (R3)","","R3:I.Data[1].9","(RADIX := Decimal, ExternalAccess := Read/Write)"
ALIAS,,R3_BATT_LOW,"BATTERY LOW$NBAG OFFLOAD ROBOT (R3)","","R3:I.Data[0].9","(RADIX := Decimal, ExternalAccess := Read/Write)"
ALIAS,,R3_CLEAR_MAIN_DIAL,"CLEAR OF MAIN DIAL$NBAG OFFLOAD ROBOT (R3)","","R3:I.Data[0].26","(RADIX := Decimal, ExternalAccess := Read/Write)"
ALIAS,,R3_COMMAND_ENABLE,"COMMAND ENABLED$N(STEP MODE OFF)$NBAG OFFLOAD ROBOT (R3)","","R3:I.Data[0].10","(RADIX := Decimal, ExternalAccess := Read/Write)"
TAG,,R3_COMMS_OK,"ETHERNET COMMUNICATION OK$NBAG OFFLOAD ROBOT (R3)","BOOL","","(RADIX := Decimal, Constant := false, ExternalAccess := Read/Write)"
ALIAS,,R3_ENABLE,"ENABLED$NBAG OFFLOAD ROBOT (R3)","","R3:O.Data[0].8","(RADIX := Decimal, ExternalAccess := Read/Write)"
TAG,,R3_ESTOP,"HMI INDICATOR$N ESTOP ACTIVATED$NBAG OFFLOAD ROBOT  (R3)","BOOL","","(RADIX := Decimal, Constant := false, ExternalAccess := Read/Write)"
TAG,,R3_ESTOP_OP,"HMI INDICATOR$NOPERATOR PANEL$N ESTOP ACTIVATED$NBAG OFFLOAD ROBOT (R3)","BOOL","","(RADIX := Decimal, Constant := false, ExternalAccess := Read/Write)"
TAG,,R3_ESTOP_TP,"HMI INDICATOR$NTEACH PENDANT$N ESTOP ACTIVATED$NBAG OFFLOAD ROBOT (R3)","BOOL","","(RADIX := Decimal, Constant := false, ExternalAccess := Read/Write)"
ALIAS,,R3_FAULT,"FAULTED$NBAG OFFLOAD ROBOT (R3)","","R3:I.Data[0].7","(RADIX := Decimal, ExternalAccess := Read/Write)"
ALIAS,,R3_HOLD_OFF,"HOLD INPUT OFF TO$NBAG OFFLOAD ROBOT (R3)","","R3:O.Data[0].2","(RADIX := Decimal, ExternalAccess := Read/Write)"
ALIAS,,R3_HOME,"AT HOME$NBAG OFFLOAD ROBOT (R3)","","R3:I.Data[0].11","(RADIX := Decimal, ExternalAccess := Read/Write)"
ALIAS,,R3_IMSTD_ON,"IMSTD INPUT ON TO$NBAG OFFLOAD ROBOT (R3)","","R3:O.Data[0].1","(RADIX := Decimal, ExternalAccess := Read/Write)"
ALIAS,,R3_INPUTS_SIMULATED,"INPUTS SIMULATED$NBAG OFFLOAD ROBOT (R3)","","R3:I.Data[0].25","(RADIX := Decimal, ExternalAccess := Read/Write)"
TAG,,R3_PNS_MATCH,"PNS MATCH TO$NSTATION PROGRAM NUMBER$NBAG OFFLOAD ROBOT (R3)","BOOL","","(RADIX := Decimal, Constant := false, ExternalAccess := Read/Write)"
TAG,,R3_SCREEN_PB,"HMI PUSH BUTTON$NGOTO BAG OFFLOAD ROBOT (R3) SCREEN","BOOL","","(RADIX := Decimal, Constant := false, ExternalAccess := Read/Write)"
TAG,,R3_SEQUENCE_ERROR,"SEQUENCE ERROR$NBAG OFFLOAD ROBOT (R3)","BOOL","","(RADIX := Decimal, Constant := false, ExternalAccess := Read/Write)"
ALIAS,,R3_SFSPD_ON,"SFSPD INPUT ON TO$NBAG OFFLOAD ROBOT (R3)","","R3:O.Data[0].3","(RADIX := Decimal, ExternalAccess := Read/Write)"
TAG,,R3_STAGE_NUMBER_FROM_PLC,"STAGE PROCESS NUMBER$NTO BE RUN BY BAG OFFLOAD ROBOT (R3)$N1=EMPTY$N2 = PASSED BAG ASSY $N3= FAILED BAG ASSY","INT","","(RADIX := Decimal, Constant := false, ExternalAccess := Read/Write)"
TAG,,R3_STAGE_NUMBER_FROM_ROBOT,"STAGE PROCESS NUMBER$NFROM$N BAG OFFLOAD ROBOT (R3)$N1=EMPTY$N2 = PASSED BAG ASSY $N3= FAILED BAG ASSY","INT","","(RADIX := Decimal, Constant := false, ExternalAccess := Read/Write)"
TAG,,R3_TOOL_PB_VIS,"HMI VISIBILITY$NTOOL PUSH BUTTONS$N BAG OFFLOAD ROBOT (R3)","BOOL","","(RADIX := Decimal, Constant := false, ExternalAccess := Read/Write)"
ALIAS,,R3_TP_ENABLE,"TEACH PENDANT ENABLED$NBAG OFFLOAD ROBOT (R3)","","R3:I.Data[0].8","(RADIX := Decimal, ExternalAccess := Read/Write)"
TAG,,RFID_ACCESS_LEVEL,"ACCESS LEVEL$NRFID BADGE READER","DINT","","(RADIX := Decimal, Constant := false, ExternalAccess := Read/Write)"
TAG,,RFID_CARDS,"RFID CARD ARRAY$NRFID BADGE READER","DINT[20]","","(RADIX := Decimal, Constant := false, ExternalAccess := Read/Write)"
COMMENT,,RFID_CARDS,"SIMPLIMATIC - Jonathan Mclaughlin",,"RFID_CARDS[0]"
COMMENT,,RFID_CARDS,"PM - Akvil$0117 Jonu$0161kait$0117",,"RFID_CARDS[2]"
COMMENT,,RFID_CARDS,"Controls Eng. - Povilas Jakavonis",,"RFID_CARDS[3]"
COMMENT,,RFID_CARDS,"Controls Eng. - Gediminas Labutis",,"RFID_CARDS[4]"
COMMENT,,RFID_CARDS,"SIMPLIMATIC - Test Badge",,"RFID_CARDS[6]"
COMMENT,,RFID_CARDS,"Maintenance - K$0119stutis Damulis",,"RFID_CARDS[10]"
COMMENT,,RFID_CARDS,"Maintenance - Valentas Rudys",,"RFID_CARDS[11]"
COMMENT,,RFID_CARDS,"Maintenance - Povilas Brusokas",,"RFID_CARDS[12]"
COMMENT,,RFID_CARDS,"Maintenance - Airidas Karusis",,"RFID_CARDS[13]"
COMMENT,,RFID_CARDS,"Maintenance - Sarunas Varnas",,"RFID_CARDS[14]"
COMMENT,,RFID_CARDS,"Maintenance - Grantas Tamosiunas",,"RFID_CARDS[15]"
COMMENT,,RFID_CARDS,"Quality - Almantas Tamasauskas",,"RFID_CARDS[16]"
COMMENT,,RFID_CARDS,"Maintenance - Giedrius Didzbanis",,"RFID_CARDS[17]"
COMMENT,,RFID_CARDS,"VSE - Mindaugas Valkavicius",,"RFID_CARDS[18]"
COMMENT,,RFID_CARDS,"Maintenance Team Leader - Tomas Kurklietis",,"RFID_CARDS[19]"
TAG,,RFID_CONTROL,"CONTROL WORD$NRFID BADGE READER","CONTROL","","(Constant := false, ExternalAccess := Read/Write)"
TAG,,RFID_FACE_OFFL_ACT_PB_VIS_LOGIN,"LOGGED IN FOR OFFLOAD VISION ACTIVATION/$NDEACTIVATION$NRFID BADGE READER","BOOL","","(RADIX := Decimal, Constant := false, ExternalAccess := Read/Write)"
TAG,,RFID_LAST_ID,"CARD READER$NLAST ID$NRFID BADGE READER","DINT","","(RADIX := Decimal, Constant := false, ExternalAccess := Read/Write)"
TAG,,RFID_LAST_ID_OLD,"LAST RFID VALUE$NRFID BADGE READER","DINT","","(RADIX := Decimal, Constant := false, ExternalAccess := Read/Write)"
TAG,,RFID_LOGIN_CMD_HMI,"HMI LOGIN COMMAND$NRFID BADGE READER","BOOL","","(RADIX := Decimal, Constant := false, ExternalAccess := Read/Write)"
TAG,,RFID_LOGIN_REQUIRED_HMI,"HMI INDICATION$N$QLOGIN REQUIRED$Q$NRFID BADGE READER","BOOL","","(RADIX := Decimal, Constant := false, ExternalAccess := Read/Write)"
TAG,,RFID_LOGOUT_CMD_HMI,"HMI LOGOUT COMMAND$NRFID BADGE READER","BOOL","","(RADIX := Decimal, Constant := false, ExternalAccess := Read/Write)"
TAG,,RFID_OPERATOR_LOGGED_IN,"OPERATOR LOG IN STATUS$NRFID BADGE READER","BOOL","","(RADIX := Decimal, Constant := false, ExternalAccess := Read/Write)"
TAG,,RFID_USER_NAME,"USER NAME FROM$NRFID BADGE READER","STRING","","(Constant := false, ExternalAccess := Read/Write)"
TAG,,RFID_USER_NAME_HMI,"USER NAME FOR DISPLAY ON HMI$NRFID BADGE READER","STRING","","(Constant := false, ExternalAccess := Read/Write)"
TAG,,RFID_USER_NAME_LOCAL,"LOCAL USER NAME$NRFID BADGE READER","STRING","","(Constant := false, ExternalAccess := Read/Write)"
TAG,,START,"","DINT","","(RADIX := Decimal, Constant := false, ExternalAccess := Read/Write)"
TAG,,STEP_ALARM,"ALARM STEP COUNTER ARRAY","INT[32]","","(RADIX := Decimal, Constant := false, ExternalAccess := Read/Write)"
COMMENT,,STEP_ALARM,"ALARM$NSTEP COUNTER$NCELL",,"STEP_ALARM[0]"
COMMENT,,STEP_ALARM,"ALARM$NSTEP COUNTER$NMAIN DIAL",,"STEP_ALARM[1]"
COMMENT,,STEP_ALARM,"ALARM$NSTEP COUNTER$NBARRIER INFEED MAGAZINE",,"STEP_ALARM[2]"
COMMENT,,STEP_ALARM,"ALARM STEP COUNTER BARRIER INFEED ELEVATOR",,"STEP_ALARM[3]"
COMMENT,,STEP_ALARM,"ALARM STEP COUNTER BARRIER PRESS-N-CURE STATION",,"STEP_ALARM[4]"
COMMENT,,STEP_ALARM,"ALARM STEP COUNTER BARRIER PICK-N-PLACE/ $NCORONA TREAT",,"STEP_ALARM[5]"
COMMENT,,STEP_ALARM,"ALARM$NSTEP COUNTER$NINFEED CONVEYOR",,"STEP_ALARM[7]"
COMMENT,,STEP_ALARM,"ALARM STEP COUNTER OFFLOAD CONVEYOR",,"STEP_ALARM[9]"
COMMENT,,STEP_ALARM,"ALARM$NSTEP COUNTER$NBAG GLUE STATION",,"STEP_ALARM[10]"
COMMENT,,STEP_ALARM,"ALARM STEP COUNTER BAG LOAD STATION",,"STEP_ALARM[12]"
COMMENT,,STEP_ALARM,"ALARM STEP COUNTER BARRIER PREHEAT STATION 1",,"STEP_ALARM[13]"
COMMENT,,STEP_ALARM,"ALARM STEP COUNTER BARRIER PREHEAT STATION 2",,"STEP_ALARM[14]"
COMMENT,,STEP_ALARM,"ALARM STEP COUNTER BARRIER FORMING STATION",,"STEP_ALARM[15]"
COMMENT,,STEP_ALARM,"ALARM STEP COUNTER BARRIER PUNCH STATION",,"STEP_ALARM[16]"
COMMENT,,STEP_ALARM,"ALARM STEP COUNTER BARRIER PRINTING STATION",,"STEP_ALARM[17]"
COMMENT,,STEP_ALARM,"ALARM STEP COUNTER VISION INSPECTION STATION",,"STEP_ALARM[18]"
COMMENT,,STEP_ALARM,"ALARM STEP COUNTER BAG OFFLOAD STATION",,"STEP_ALARM[19]"
COMMENT,,STEP_ALARM,"ALARM STEP COUNTER BARRIER LOAD STATION",,"STEP_ALARM[20]"
COMMENT,,STEP_ALARM,"ALARM$NSTEP COUNTER$NBAG LOAD ROBOT (R1)",,"STEP_ALARM[21]"
COMMENT,,STEP_ALARM,"ALARM STEP COUNTER BARRIER LOAD ROBOT (R2)",,"STEP_ALARM[22]"
COMMENT,,STEP_ALARM,"ALARM STEP COUNTER BARRIER LIGHT TABLE",,"STEP_ALARM[23]"
COMMENT,,STEP_ALARM,"ALARM STEP COUNTER BAG OFFLOAD ROBOT (R3)",,"STEP_ALARM[30]"
COMMENT,,STEP_ALARM,"ALARM STEP COUNTER INKJET PRINTING STATION",,"STEP_ALARM[31]"
TAG,,STEP_ALARM_CAPTURE,"ALARM CAPTURE STEP COUNTER ARRAY","INT[32]","","(RADIX := Decimal, Constant := false, ExternalAccess := Read/Write)"
COMMENT,,STEP_ALARM_CAPTURE,"ALARM CAPTURE STEP COUNTER$NCELL",,"STEP_ALARM_CAPTURE[0]"
COMMENT,,STEP_ALARM_CAPTURE,"ALARM CAPTURE$NSTEP COUNTER$NMAIN DIAL",,"STEP_ALARM_CAPTURE[1]"
COMMENT,,STEP_ALARM_CAPTURE,"ALARM CAPTURE$NSTEP COUNTER$NBARRIER INFEED MAGAZINE",,"STEP_ALARM_CAPTURE[2]"
COMMENT,,STEP_ALARM_CAPTURE,"ALARM CAPTURE$NSTEP COUNTER$NBARRIER INFEED ELEVATOR",,"STEP_ALARM_CAPTURE[3]"
COMMENT,,STEP_ALARM_CAPTURE,"ALARM CAPTURE$NSTEP COUNTER$NBARRIER PRESS-N-CURE STATION",,"STEP_ALARM_CAPTURE[4]"
COMMENT,,STEP_ALARM_CAPTURE,"ALARM CAPTURE$NSTEP COUNTER$NBARRIER PICK-N-PLACE/ $NCORONA TREAT",,"STEP_ALARM_CAPTURE[5]"
COMMENT,,STEP_ALARM_CAPTURE,"ALARM CAPTURE$NSTEP COUNTER$NINFEED CONVEYOR",,"STEP_ALARM_CAPTURE[7]"
COMMENT,,STEP_ALARM_CAPTURE,"ALARM CAPTURE$NSTEP COUNTER$NOFFLOAD CONVEYOR",,"STEP_ALARM_CAPTURE[9]"
COMMENT,,STEP_ALARM_CAPTURE,"ALARM CAPTURE$NSTEP COUNTER$NBAG GLUE STATION",,"STEP_ALARM_CAPTURE[10]"
COMMENT,,STEP_ALARM_CAPTURE,"ALARM CAPTURE$NSTEP COUNTER$NBAG LOAD STATION",,"STEP_ALARM_CAPTURE[12]"
COMMENT,,STEP_ALARM_CAPTURE,"ALARM CAPTURE$NSTEP COUNTER$NBARRIER PREHEAT STATION 1",,"STEP_ALARM_CAPTURE[13]"
COMMENT,,STEP_ALARM_CAPTURE,"ALARM CAPTURE$NSTEP COUNTER$NBARRIER PREHEAT STATION 2",,"STEP_ALARM_CAPTURE[14]"
COMMENT,,STEP_ALARM_CAPTURE,"ALARM CAPTURE$NSTEP COUNTER$NBARRIER FORMING STATION",,"STEP_ALARM_CAPTURE[15]"
COMMENT,,STEP_ALARM_CAPTURE,"ALARM CAPTURE$NSTEP COUNTER$NBARRIER PUNCH STATION",,"STEP_ALARM_CAPTURE[16]"
COMMENT,,STEP_ALARM_CAPTURE,"ALARM CAPTURE$NSTEP COUNTER$NBARRIER PRINTING STATION",,"STEP_ALARM_CAPTURE[17]"
COMMENT,,STEP_ALARM_CAPTURE,"ALARM CAPTURE$NSTEP COUNTER$NVISION INSPECTION STATION",,"STEP_ALARM_CAPTURE[18]"
COMMENT,,STEP_ALARM_CAPTURE,"ALARM CAPTURE$NSTEP COUNTER$NBAG OFFLOAD STATION",,"STEP_ALARM_CAPTURE[19]"
COMMENT,,STEP_ALARM_CAPTURE,"ALARM CAPTURE$NSTEP COUNTER$NBARRIER LOAD STATION",,"STEP_ALARM_CAPTURE[20]"
COMMENT,,STEP_ALARM_CAPTURE,"ALARM CAPTURE$NSTEP COUNTER$NBAG LOAD ROBOT$N(R1)",,"STEP_ALARM_CAPTURE[21]"
COMMENT,,STEP_ALARM_CAPTURE,"ALARM CAPTURE$NSTEP COUNTER$NBARRIER LOAD ROBOT (R2)",,"STEP_ALARM_CAPTURE[22]"
COMMENT,,STEP_ALARM_CAPTURE,"ALARM CAPTURE$NSTEP COUNTER$NBARRIER LIGHT TABLE",,"STEP_ALARM_CAPTURE[23]"
COMMENT,,STEP_ALARM_CAPTURE,"ALARM CAPTURE$NSTEP COUNTER$NBAG OFFLOAD ROBOT (R3)",,"STEP_ALARM_CAPTURE[30]"
COMMENT,,STEP_ALARM_CAPTURE,"ALARM CAPTURE$NSTEP COUNTER$NINKJET PRINTING STATION",,"STEP_ALARM_CAPTURE[31]"
TAG,,STEP_ALARM_TRIGGER_WORD_1,"ALARM STEP$NTRIGGER WORD 1$NSTEP ALARM[0]-[31]$NCELL","DINT","","(RADIX := Decimal, Constant := false, ExternalAccess := Read/Write)"
COMMENT,,STEP_ALARM_TRIGGER_WORD_1,"ALARM STEP$NTRIGGER WORD 1$NSTEP ALARM[0]-[31]$NCELL",,"STEP_ALARM_TRIGGER_WORD_1.0"
COMMENT,,STEP_ALARM_TRIGGER_WORD_1,"ALARM STEP$NTRIGGER WORD 1$NSTEP ALARM[0]-[31]$NMAIN DIAL",,"STEP_ALARM_TRIGGER_WORD_1.1"
COMMENT,,STEP_ALARM_TRIGGER_WORD_1,"ALARM STEP$NTRIGGER WORD 1$NSTEP ALARM[0]-[31]$NBARRIER INFEED MAGAZINE",,"STEP_ALARM_TRIGGER_WORD_1.2"
COMMENT,,STEP_ALARM_TRIGGER_WORD_1,"ALARM STEP$NTRIGGER WORD 1$NSTEP ALARM[0]-[31]$NBARRIER INFEED ELEVATOR",,"STEP_ALARM_TRIGGER_WORD_1.3"
COMMENT,,STEP_ALARM_TRIGGER_WORD_1,"ALARM STEP$NTRIGGER WORD 1$NSTEP ALARM[0]-[31]$NBARRIER PRESS-N-CURE STATION",,"STEP_ALARM_TRIGGER_WORD_1.4"
COMMENT,,STEP_ALARM_TRIGGER_WORD_1,"ALARM STEP$NTRIGGER WORD 1$NSTEP ALARM[0]-[31]$NBARRIER PICK-N-PLACE/ $NCORONA TREAT",,"STEP_ALARM_TRIGGER_WORD_1.5"
COMMENT,,STEP_ALARM_TRIGGER_WORD_1,"ALARM STEP$NTRIGGER WORD 1$NSTEP ALARM[0]-[31]$NINFEED CONVEYOR",,"STEP_ALARM_TRIGGER_WORD_1.7"
COMMENT,,STEP_ALARM_TRIGGER_WORD_1,"ALARM STEP$NTRIGGER WORD 1$NSTEP ALARM[0]-[31]$NOFFLOAD CONVEYOR",,"STEP_ALARM_TRIGGER_WORD_1.9"
COMMENT,,STEP_ALARM_TRIGGER_WORD_1,"ALARM STEP$NTRIGGER WORD 1$NSTEP ALARM[0]-[31]$NBAG GLUE STATION",,"STEP_ALARM_TRIGGER_WORD_1.10"
COMMENT,,STEP_ALARM_TRIGGER_WORD_1,"ALARM STEP$NTRIGGER WORD 1$NSTEP ALARM[0]-[31]$NBAG LOAD STATION",,"STEP_ALARM_TRIGGER_WORD_1.12"
COMMENT,,STEP_ALARM_TRIGGER_WORD_1,"ALARM STEP$NTRIGGER WORD 1$NSTEP ALARM[0]-[31]$NBARRIER PREHEAT STATION 1",,"STEP_ALARM_TRIGGER_WORD_1.13"
COMMENT,,STEP_ALARM_TRIGGER_WORD_1,"ALARM STEP$NTRIGGER WORD 1$NSTEP ALARM[0]-[31]$NBARRIER PREHEAT STATION 2",,"STEP_ALARM_TRIGGER_WORD_1.14"
COMMENT,,STEP_ALARM_TRIGGER_WORD_1,"ALARM STEP TRIGGER WORD 1 STEP ALARM[0]-[31] BARRIER FORMING STATION",,"STEP_ALARM_TRIGGER_WORD_1.15"
COMMENT,,STEP_ALARM_TRIGGER_WORD_1,"ALARM STEP TRIGGER WORD 1 STEP ALARM[0]-[31] BARRIER PUNCH STATION",,"STEP_ALARM_TRIGGER_WORD_1.16"
COMMENT,,STEP_ALARM_TRIGGER_WORD_1,"ALARM STEP TRIGGER WORD 1 STEP ALARM[0]-[31] BARRIER PRINTING STATION",,"STEP_ALARM_TRIGGER_WORD_1.17"
COMMENT,,STEP_ALARM_TRIGGER_WORD_1,"ALARM STEP$NTRIGGER WORD 1$NSTEP ALARM[0]-[31]$NVISION INSPECTION STATION",,"STEP_ALARM_TRIGGER_WORD_1.18"
COMMENT,,STEP_ALARM_TRIGGER_WORD_1,"ALARM STEP$NTRIGGER WORD 1$NSTEP ALARM[0]-[31]$NBAG OFFLOAD STATION",,"STEP_ALARM_TRIGGER_WORD_1.19"
COMMENT,,STEP_ALARM_TRIGGER_WORD_1,"ALARM STEP$NTRIGGER WORD 1$NSTEP ALARM[0]-[31]$NBARRIER LOAD STATION",,"STEP_ALARM_TRIGGER_WORD_1.20"
COMMENT,,STEP_ALARM_TRIGGER_WORD_1,"ALARM STEP$NTRIGGER WORD 1$NSTEP ALARM[0]-[31]$NBAG LOAD ROBOT (R1)",,"STEP_ALARM_TRIGGER_WORD_1.21"
COMMENT,,STEP_ALARM_TRIGGER_WORD_1,"ALARM STEP$NTRIGGER WORD 1$NSTEP ALARM[0]-[31]$NBARRIER LOAD ROBOT (R2)",,"STEP_ALARM_TRIGGER_WORD_1.22"
COMMENT,,STEP_ALARM_TRIGGER_WORD_1,"ALARM STEP$NTRIGGER WORD 1$NSTEP ALARM[0]-[31]$NBARRIER LIGHT TABLE",,"STEP_ALARM_TRIGGER_WORD_1.23"
COMMENT,,STEP_ALARM_TRIGGER_WORD_1,"ALARM STEP$NTRIGGER WORD 1$NSTEP ALARM[0]-[31]$NBAG OFFLOAD ROBOT (R3)",,"STEP_ALARM_TRIGGER_WORD_1.30"
COMMENT,,STEP_ALARM_TRIGGER_WORD_1,"ALARM STEP TRIGGER WORD 1 STEP ALARM[0]-[31]$NINKJET PRINTING STATION",,"STEP_ALARM_TRIGGER_WORD_1.31"
TAG,,STEP_AUTO,"AUTO STEP COUNTER ARRAY","INT[32]","","(RADIX := Decimal, Constant := false, ExternalAccess := Read/Write)"
COMMENT,,STEP_AUTO,"AUTO STEP COUNTER$NCELL",,"STEP_AUTO[0]"
COMMENT,,STEP_AUTO,"AUTO$NSTEP COUNTER$NMAIN DIAL",,"STEP_AUTO[1]"
COMMENT,,STEP_AUTO,"AUTO$NSTEP COUNTER$NBARRIER INFEED MAGAZINE",,"STEP_AUTO[2]"
COMMENT,,STEP_AUTO,"AUTO$NSTEP COUNTER$NBARRIER INFEED ELEVATOR",,"STEP_AUTO[3]"
COMMENT,,STEP_AUTO,"AUTO$NSTEP COUNTER$NBARRIER PRESS-N-CURE STATION",,"STEP_AUTO[4]"
COMMENT,,STEP_AUTO,"AUTO$NSTEP COUNTER$NBARRIER PICK-N-PLACE/$NCORONA TREAT",,"STEP_AUTO[5]"
COMMENT,,STEP_AUTO,"AUTO$NSTEP COUNTER$NINFEED CONVEYOR",,"STEP_AUTO[7]"
COMMENT,,STEP_AUTO,"AUTO$NSTEP COUNTER$NGLUE PURGE$NGLUE STATION",,"STEP_AUTO[8]"
COMMENT,,STEP_AUTO,"AUTO$NSTEP COUNTER$NOFFLOAD CONVEYOR",,"STEP_AUTO[9]"
COMMENT,,STEP_AUTO,"AUTO$NSTEP COUNTER$NGLUE STATION",,"STEP_AUTO[10]"
COMMENT,,STEP_AUTO,"AUTO$NSTEP COUNTER $NSAMPLE GLUE WEIGHT$NGLUE STATION",,"STEP_AUTO[11]"
COMMENT,,STEP_AUTO,"AUTO$NSTEP COUNTER$NBAG LOAD STATION",,"STEP_AUTO[12]"
COMMENT,,STEP_AUTO,"AUTO$NSTEP COUNTER$NBARRIER PREHEAT STATION 1",,"STEP_AUTO[13]"
COMMENT,,STEP_AUTO,"AUTO$NSTEP COUNTER$NBARRIER PREHEAT STATION 2",,"STEP_AUTO[14]"
COMMENT,,STEP_AUTO,"AUTO$NSTEP COUNTER$NBARRIER FORMING STATION",,"STEP_AUTO[15]"
COMMENT,,STEP_AUTO,"AUTO$NSTEP COUNTER$NBARRIER PUNCH STATION",,"STEP_AUTO[16]"
COMMENT,,STEP_AUTO,"AUTO$NSTEP COUNTER$NBARRIER PRINTING STATION",,"STEP_AUTO[17]"
COMMENT,,STEP_AUTO,"AUTO$NSTEP COUNTER$NVISION INSPECTION STATION",,"STEP_AUTO[18]"
COMMENT,,STEP_AUTO,"AUTO$NSTEP COUNTER$NBAG OFFLOAD STATION",,"STEP_AUTO[19]"
COMMENT,,STEP_AUTO,"AUTO$NSTEP COUNTER$NBARRIER LOAD STATION",,"STEP_AUTO[20]"
COMMENT,,STEP_AUTO,"AUTO$NSTEP COUNTER$NBAG LOAD ROBOT (R1)",,"STEP_AUTO[21]"
COMMENT,,STEP_AUTO,"AUTO$NSTEP COUNTER$NBARRIER LOAD ROBOT (R2)",,"STEP_AUTO[22]"
COMMENT,,STEP_AUTO,"AUTO$NSTEP COUNTER$NBARRIER LIGHT TABLE",,"STEP_AUTO[23]"
COMMENT,,STEP_AUTO,"AUTO$NSTEP COUNTER$NBARRIER PICK$NBARRIER PRESS-N-CURE$NSTATION",,"STEP_AUTO[24]"
COMMENT,,STEP_AUTO,"AUTO$NSTEP COUNTER$NBAG CURE$NBARRIER PRESS-N-CURE$NSTATION",,"STEP_AUTO[25]"
COMMENT,,STEP_AUTO,"AUTO$NSTEP COUNTER$NPRESS HEAD ROTATION$NBARRIER PRESS-N-CURE$NSTATION",,"STEP_AUTO[26]"
COMMENT,,STEP_AUTO,"AUTO$NSTEP COUNTER$NIR VISION$NBAG LOAD ROBOT (R1)",,"STEP_AUTO[27]"
COMMENT,,STEP_AUTO,"RECIPE LOAD$NSTEP COUNTER$NCELL",,"STEP_AUTO[28]"
COMMENT,,STEP_AUTO,"RECIPE SYNCHRONIZATION$NSTEP COUNTER$NCELL",,"STEP_AUTO[29]"
COMMENT,,STEP_AUTO,"AUTO STEP COUNTER$NBAG OFFLOAD ROBOT (R3)",,"STEP_AUTO[30]"
COMMENT,,STEP_AUTO,"AUTO STEP COUNTER INKJET PRINTING STATION",,"STEP_AUTO[31]"
TAG,,STEP_AUTO_RET_ESTOP,"AUTO STEP RET COUNTER ARRAY","INT[32]","","(RADIX := Decimal, Constant := false, ExternalAccess := Read/Write)"
COMMENT,,STEP_AUTO_RET_ESTOP,"AUTO STEP RET COUNTER$NCELL",,"STEP_AUTO_RET_ESTOP[0]"
COMMENT,,STEP_AUTO_RET_ESTOP,"AUTO RET STEP COUNTER MAIN DIAL",,"STEP_AUTO_RET_ESTOP[1]"
COMMENT,,STEP_AUTO_RET_ESTOP,"AUTO RET STEP COUNTER BARRIER INFEED MAGAZINE",,"STEP_AUTO_RET_ESTOP[2]"
COMMENT,,STEP_AUTO_RET_ESTOP,"AUTO RET STEP COUNTER BARRIER INFEED ELEVATOR",,"STEP_AUTO_RET_ESTOP[3]"
COMMENT,,STEP_AUTO_RET_ESTOP,"AUTO RET STEP COUNTER BARRIER PRESS-N-CURE STATION",,"STEP_AUTO_RET_ESTOP[4]"
COMMENT,,STEP_AUTO_RET_ESTOP,"AUTO RET STEP COUNTER BARRIER PICK-N-PLACE/ $NCORONA TREAT",,"STEP_AUTO_RET_ESTOP[5]"
COMMENT,,STEP_AUTO_RET_ESTOP,"AUTO RET STEP COUNTER BARRIER CORONA TREAT",,"STEP_AUTO_RET_ESTOP[6]"
COMMENT,,STEP_AUTO_RET_ESTOP,"AUTO RET STEP COUNTER INFEED CONVEYOR",,"STEP_AUTO_RET_ESTOP[7]"
COMMENT,,STEP_AUTO_RET_ESTOP,"AUTO RET STEP COUNTER OFFLOAD CONVEYOR",,"STEP_AUTO_RET_ESTOP[9]"
COMMENT,,STEP_AUTO_RET_ESTOP,"AUTO RET STEP COUNTER$NGLUE STATION",,"STEP_AUTO_RET_ESTOP[10]"
COMMENT,,STEP_AUTO_RET_ESTOP,"AUTO RET STEP COUNTER$NSAMPLE GLUE WEIGHT$NGLUE STATION",,"STEP_AUTO_RET_ESTOP[11]"
COMMENT,,STEP_AUTO_RET_ESTOP,"AUTO RET STEP COUNTER BAG LOAD STATION",,"STEP_AUTO_RET_ESTOP[12]"
COMMENT,,STEP_AUTO_RET_ESTOP,"AUTO RET STEP COUNTER BARRIER PREHEAT STATION 1",,"STEP_AUTO_RET_ESTOP[13]"
COMMENT,,STEP_AUTO_RET_ESTOP,"AUTO RET STEP COUNTER BARRIER PREHEAT STATION 2",,"STEP_AUTO_RET_ESTOP[14]"
COMMENT,,STEP_AUTO_RET_ESTOP,"AUTO RET STEP COUNTER BARRIER FORMING STATION",,"STEP_AUTO_RET_ESTOP[15]"
COMMENT,,STEP_AUTO_RET_ESTOP,"AUTO RET STEP COUNTER BARRIER PUNCH STATION",,"STEP_AUTO_RET_ESTOP[16]"
COMMENT,,STEP_AUTO_RET_ESTOP,"AUTO RET STEP COUNTER BARRIER PRINTING STATION",,"STEP_AUTO_RET_ESTOP[17]"
COMMENT,,STEP_AUTO_RET_ESTOP,"AUTO RET STEP COUNTER VISION INSPECTION STATION",,"STEP_AUTO_RET_ESTOP[18]"
COMMENT,,STEP_AUTO_RET_ESTOP,"AUTO RET STEP COUNTER BAG OFFLOAD STATION",,"STEP_AUTO_RET_ESTOP[19]"
COMMENT,,STEP_AUTO_RET_ESTOP,"AUTO RET STEP COUNTER BARRIER LOAD STATION",,"STEP_AUTO_RET_ESTOP[20]"
COMMENT,,STEP_AUTO_RET_ESTOP,"AUTO RET STEP COUNTER$NBAG LOAD ROBOT (R1)",,"STEP_AUTO_RET_ESTOP[21]"
COMMENT,,STEP_AUTO_RET_ESTOP,"AUTO RET STEP COUNTER BARRIER LOAD ROBOT (R2)",,"STEP_AUTO_RET_ESTOP[22]"
COMMENT,,STEP_AUTO_RET_ESTOP,"AUTO RET STEP COUNTER BARRIER LIGHT TABLE",,"STEP_AUTO_RET_ESTOP[23]"
COMMENT,,STEP_AUTO_RET_ESTOP,"AUTO RET STEP COUNTER BARRIER PICK$NBARRIER PRESS-N-CURE$NSTATION",,"STEP_AUTO_RET_ESTOP[24]"
COMMENT,,STEP_AUTO_RET_ESTOP,"AUTO RET STEP COUNTER BAG CURE$NBARRIER PRESS-N-CURE$NSTATION",,"STEP_AUTO_RET_ESTOP[25]"
COMMENT,,STEP_AUTO_RET_ESTOP,"AUTO RET STEP COUNTER PRESS HEAD ROTATION$NBARRIER PRESS-N-CURE$NSTATION",,"STEP_AUTO_RET_ESTOP[26]"
COMMENT,,STEP_AUTO_RET_ESTOP,"AUTO RET STEP COUNTER $NIR VISION$NBAG LOAD ROBOT (R1)",,"STEP_AUTO_RET_ESTOP[27]"
COMMENT,,STEP_AUTO_RET_ESTOP,"AUTO RET$NSTEP COUNTER$NBAG OFFLOAD ROBOT (R3)",,"STEP_AUTO_RET_ESTOP[30]"
COMMENT,,STEP_AUTO_RET_ESTOP,"AUTO RET$NSTEP COUNTER$NINKJET PRINTING STATION",,"STEP_AUTO_RET_ESTOP[31]"
TAG,,STEP_ESTOP_RESET,"ESTOP RESET STEP COUNTER","INT[32]","","(RADIX := Decimal, Constant := false, ExternalAccess := Read/Write)"
COMMENT,,STEP_ESTOP_RESET,"ESTOP RESET$NSTEP COUNTER$NCELL",,"STEP_ESTOP_RESET[0]"
COMMENT,,STEP_ESTOP_RESET,"ESTOP RESET$NSTEP COUNTER$NMAIN DIAL",,"STEP_ESTOP_RESET[1]"
COMMENT,,STEP_ESTOP_RESET,"ESTOP RESET$NSTEP COUNTER$NBARRIER INFEED MAGAZINE",,"STEP_ESTOP_RESET[2]"
COMMENT,,STEP_ESTOP_RESET,"ESTOP RESET$NSTEP COUNTER$NBARRIER INFEED ELEVATOR",,"STEP_ESTOP_RESET[3]"
COMMENT,,STEP_ESTOP_RESET,"ESTOP RESET$NSTEP COUNTER$N BARRIER PRESS-N-CURE STATION",,"STEP_ESTOP_RESET[4]"
COMMENT,,STEP_ESTOP_RESET,"ESTOP RESET$NSTEP COUNTER$NBARRIER PICK-N-PLACE/$NCORONA TREAT",,"STEP_ESTOP_RESET[5]"
COMMENT,,STEP_ESTOP_RESET,"ESTOP RESET$NSTEP COUNTER$NBARRIER CORONA TREAT",,"STEP_ESTOP_RESET[6]"
COMMENT,,STEP_ESTOP_RESET,"ESTOP RESET$NSTEP COUNTER$NINFEED CONVEYOR",,"STEP_ESTOP_RESET[7]"
COMMENT,,STEP_ESTOP_RESET,"ESTOP RESET$NSTEP COUNTER$NOFFLOAD CONVEYOR",,"STEP_ESTOP_RESET[9]"
COMMENT,,STEP_ESTOP_RESET,"ESTOP RESET$NSTEP COUNTER$NBAG GLUE STATION",,"STEP_ESTOP_RESET[10]"
COMMENT,,STEP_ESTOP_RESET,"ESTOP RESET$NSTEP COUNTER$NBAG LOAD STATION",,"STEP_ESTOP_RESET[12]"
COMMENT,,STEP_ESTOP_RESET,"ESTOP RESET$NSTEP COUNTER$NBARRIER PREHEAT STATION 1",,"STEP_ESTOP_RESET[13]"
COMMENT,,STEP_ESTOP_RESET,"ESTOP RESET$NSTEP COUNTER$NBARRIER PREHEAT STATION 2",,"STEP_ESTOP_RESET[14]"
COMMENT,,STEP_ESTOP_RESET,"ESTOP RESET$NSTEP COUNTER$NBARRIER FORMING STATION",,"STEP_ESTOP_RESET[15]"
COMMENT,,STEP_ESTOP_RESET,"ESTOP RESET$NSTEP COUNTER$NBARRIER PUNCH STATION",,"STEP_ESTOP_RESET[16]"
COMMENT,,STEP_ESTOP_RESET,"ESTOP RESET$NSTEP COUNTER$NBARRIER PRINTING STATION",,"STEP_ESTOP_RESET[17]"
COMMENT,,STEP_ESTOP_RESET,"ESTOP RESET$NSTEP COUNTER$NVISION INSPECTION STATION",,"STEP_ESTOP_RESET[18]"
COMMENT,,STEP_ESTOP_RESET,"ESTOP RESET$NSTEP COUNTER$NBAG OFFLOAD STATION",,"STEP_ESTOP_RESET[19]"
COMMENT,,STEP_ESTOP_RESET,"ESTOP RESET$NSTEP COUNTER$NBARRIER LOAD STATION",,"STEP_ESTOP_RESET[20]"
COMMENT,,STEP_ESTOP_RESET,"ESTOP RESET$NSTEP COUNTER$NBAG LOAD ROBOT (R1)",,"STEP_ESTOP_RESET[21]"
COMMENT,,STEP_ESTOP_RESET,"ESTOP RESET$NSTEP COUNTER$NBARRIER LOAD ROBOT (R2)",,"STEP_ESTOP_RESET[22]"
COMMENT,,STEP_ESTOP_RESET,"ESTOP RESET$NSTEP COUNTER$NBARRIER LIGHT TABLE",,"STEP_ESTOP_RESET[23]"
COMMENT,,STEP_ESTOP_RESET,"ESTOP RESET$NSTEP COUNTER$NBAG OFFLOAD ROBOT (R3)",,"STEP_ESTOP_RESET[30]"
COMMENT,,STEP_ESTOP_RESET,"ESTOP RESET$NSTEP COUNTER$NINKJET PRINTING STATION",,"STEP_ESTOP_RESET[31]"
TAG,,STEP_HOME,"STEP HOME ARRAY","INT[32]","","(RADIX := Decimal, Constant := false, ExternalAccess := Read/Write)"
COMMENT,,STEP_HOME,"HOME$NSTEP COUNTER$NCELL",,"STEP_HOME[0]"
COMMENT,,STEP_HOME,"HOME$NSTEP COUNTER$NMAIN DIAL",,"STEP_HOME[1]"
COMMENT,,STEP_HOME,"HOME$NSTEP COUNTER$NBARRIER INFEED MAGAZINE",,"STEP_HOME[2]"
COMMENT,,STEP_HOME,"HOME$NSTEP COUNTER$NBARRIER INFEED ELEVATOR",,"STEP_HOME[3]"
COMMENT,,STEP_HOME,"HOME$NSTEP COUNTER$NBARRIER PRESS-N-CURE$NSTATION",,"STEP_HOME[4]"
COMMENT,,STEP_HOME,"HOME$NSTEP COUNTER$NPICK-N-PLACE/ $NCORONA TREAT",,"STEP_HOME[5]"
COMMENT,,STEP_HOME,"HOME$NSTEP COUNTER$NPICK-N-PLACE/ $NPICK HEAD",,"STEP_HOME[6]"
COMMENT,,STEP_HOME,"HOME$NSTEP COUNTER$NINFEED CONVEYOR",,"STEP_HOME[7]"
COMMENT,,STEP_HOME,"HOME$NSTEP COUNTER$NOFFLOAD CONVEYOR",,"STEP_HOME[9]"
COMMENT,,STEP_HOME,"HOME$NSTEP COUNTER$NGLUE STATION",,"STEP_HOME[10]"
COMMENT,,STEP_HOME,"HOME$NSTEP COUNTER$NBAG LOAD STATION",,"STEP_HOME[12]"
COMMENT,,STEP_HOME,"HOME$NSTEP COUNTER$NBARRIER PREHEAT STATION 1",,"STEP_HOME[13]"
COMMENT,,STEP_HOME,"HOME$NSTEP COUNTER$NBARRIER PREHEAT STATION 2",,"STEP_HOME[14]"
COMMENT,,STEP_HOME,"HOME$NSTEP COUNTER$N BARRIER FORMING STATION",,"STEP_HOME[15]"
COMMENT,,STEP_HOME,"HOME$NSTEP COUNTER$NBARRIER PUNCH STATION",,"STEP_HOME[16]"
COMMENT,,STEP_HOME,"HOME$NSTEP COUNTER$NBARRIER PRINT$NSTATION",,"STEP_HOME[17]"
COMMENT,,STEP_HOME,"HOME$NSTEP COUNTER$NVISION INSPECTION STATION",,"STEP_HOME[18]"
COMMENT,,STEP_HOME,"HOME$NSTEP COUNTER$NBAG OFFLOAD STATION",,"STEP_HOME[19]"
COMMENT,,STEP_HOME,"HOME$NSTEP COUNTER$NBARRIER LOAD STATION",,"STEP_HOME[20]"
COMMENT,,STEP_HOME,"HOME$NSTEP COUNTER$NBAG LOAD ROBOT (R1)",,"STEP_HOME[21]"
COMMENT,,STEP_HOME,"HOME$NSTEP COUNTER$NBARRIER LOAD ROBOT (R2)",,"STEP_HOME[22]"
COMMENT,,STEP_HOME,"HOME$NSTEP COUNTER$NBAG OFFLOAD ROBOT (R3)",,"STEP_HOME[30]"
COMMENT,,STEP_HOME,"HOME$NSTEP COUNTER$NINKJET PRINTING STATION",,"STEP_HOME[31]"
TAG,,STEP_HOMING,"STEP HOMING ARRAY","INT[32]","","(RADIX := Decimal, Constant := false, ExternalAccess := Read/Write)"
COMMENT,,STEP_HOMING,"DRIVE HOMING$NSTEP COUNTER$NMAIN DIAL",,"STEP_HOMING[1]"
COMMENT,,STEP_HOMING,"DRIVE HOMING$NSTEP COUNTER$NBARRIER INFEED MAGAZINE",,"STEP_HOMING[2]"
COMMENT,,STEP_HOMING,"DRIVE HOMING$NSTEP COUNTER$NBARRIER INFEED ELEVATOR",,"STEP_HOMING[3]"
COMMENT,,STEP_HOMING,"DRIVE HOMING$NSTEP COUNTER$NBARRIER PRESS-N-CURE$NSTATION",,"STEP_HOMING[4]"
COMMENT,,STEP_HOMING,"BASE DRIVE HOMING$NSTEP COUNTER$NBARRIER PICK-N-PLACE/CORONA TREAT",,"STEP_HOMING[5]"
COMMENT,,STEP_HOMING,"PICK HEAD DRIVE HOMING$NSTEP COUNTER$NBARRIER PICK-N-PLACE/CORONA TREAT",,"STEP_HOMING[6]"
COMMENT,,STEP_HOMING,"DRIVES HOMING$NSTEP COUNTER$NBAG GLUE STATION",,"STEP_HOMING[10]"
COMMENT,,STEP_HOMING,"DRIVE HOMING$NSTEP COUNTER$NY-AXIS$NGLUE STATION",,"STEP_HOMING[11]"
COMMENT,,STEP_HOMING,"DRIVE HOMING$NSTEP COUNTER$NBARRIER PRINTING STATION",,"STEP_HOMING[17]"
COMMENT,,STEP_HOMING,"DRIVE HOMING$NSTEP COUNTER$NINKJET PRINTING STATION",,"STEP_HOMING[31]"
TAG,,STEP_POS_MONITOR,"POSITION MONITOR STEP COUNTER ARRAY","INT[15]","","(RADIX := Decimal, Constant := false, ExternalAccess := Read/Write)"
COMMENT,,STEP_POS_MONITOR,"POSITION MONITOR STEP COUNTER$NCELL",,"STEP_POS_MONITOR[0]"
COMMENT,,STEP_POS_MONITOR,"POSITION MONITOR STEP COUNTER $NMAIN DIAL",,"STEP_POS_MONITOR[1]"
COMMENT,,STEP_POS_MONITOR,"POSITION MONITOR STEP COUNTER BARRIER INFEED MAGAZINE",,"STEP_POS_MONITOR[2]"
COMMENT,,STEP_POS_MONITOR,"POSITION MONITOR STEP COUNTER BARRIER PRESS-N-CURE STATION",,"STEP_POS_MONITOR[4]"
COMMENT,,STEP_POS_MONITOR,"POSITION MONITOR STEP COUNTER BARRIER PICK-N-PLACE/CORONA TREAT",,"STEP_POS_MONITOR[5]"
COMMENT,,STEP_POS_MONITOR,"POSITION MONITOR STEP COUNTER BARRIER CORONA TREAT",,"STEP_POS_MONITOR[6]"
COMMENT,,STEP_POS_MONITOR,"POSITION MONITOR STEP COUNTER 2$NBARRIER INFEED ELEVATOR",,"STEP_POS_MONITOR[7]"
COMMENT,,STEP_POS_MONITOR,"POSITION MONITOR STEP COUNTER OFFLOAD CONVEYOR",,"STEP_POS_MONITOR[9]"
COMMENT,,STEP_POS_MONITOR,"POSITION MONITOR STEP COUNTER GLUE STATION",,"STEP_POS_MONITOR[10]"
TAG,,VISION_ACTIVE_PB,"HMI PUSH BUTTON$NTOGGLE VISION ACTIVE$NSET DURING INITIAL RECIPE DOWNLOAD$NVISION INSPECTION$NSTATION","BOOL","","(RADIX := Decimal, Constant := false, ExternalAccess := Read/Write)"
TAG,,VISION_ACTIVE_PB_VIS,"HMI PUSH BUTTON$NVISIBILITY$NTOGGLE VISION ACTIVE$NVISION INSPECTION$NSTATION","BOOL","","(RADIX := Decimal, Constant := false, ExternalAccess := Read/Write)"
TAG,,VISION_ACTIVE_RECIPE,"ACTIVE FROM RECIPE$NVISION INSPECTION STATION","BOOL","","(RADIX := Decimal, Constant := false, ExternalAccess := Read/Write)"
TAG,,VISION_BLUE_LIGHT_ON_PB,"HMI PUSHBUTTON$N BLUE LIGHTS ON VISION STATION","BOOL","","(RADIX := Decimal, Constant := false, ExternalAccess := Read/Write)"
TAG,,VISION_BLUE_LIGHT_VIS,"HMI PUSH BUTTON VISIBILITY$NBLUE LIGHT ON$NVISION INSPECTION STATION","BOOL","","(RADIX := Decimal, Constant := false, ExternalAccess := Read/Write)"
TAG,,VISION_BYPASS_ANIMATION,"ANIMIATION FOR HMI$NBYPASS STATUS$NVISION INSPECTION STATION","BOOL","","(RADIX := Decimal, Constant := false, ExternalAccess := Read/Write)"
TAG,,VISION_COMPLETE,"VISION PROCESS COMPLETE$NVISION INSPECTION STATION","BOOL","","(RADIX := Decimal, Constant := false, ExternalAccess := Read/Write)"
TAG,,VISION_CTR_REJECT_CYCLE,"HMI ANIMATION$NREJECT CYCLE$NVISION INSPECTION STATION$N0=GREEN$N1=YELLOW$N2=RED","INT","","(RADIX := Decimal, Constant := false, ExternalAccess := Read/Write)"
TAG,,VISION_CYCLE_PB,"HMI PUSH BUTTON$NRUN VISION CYCLE$NVISION INSPECTION STATION","BOOL","","(RADIX := Decimal, Constant := false, ExternalAccess := Read/Write)"
ALIAS,,VISION_DATA_BAG_LOADED,"BAG LOADED$NMAIN DIAL PART DATA STREAM$NVISION INSPECTION STATION","","MAIN_DIAL_DATA[11].BAG_LOADED","(RADIX := Decimal, ExternalAccess := Read/Write)"
ALIAS,,VISION_DATA_BAG_REJECT,"BAG REJECTED$NMAIN DIAL PART DATA STREAM$NVISION INSPECTION STATION","","MAIN_DIAL_DATA[11].BAG_REJECT","(RADIX := Decimal, ExternalAccess := Read/Write)"
ALIAS,,VISION_DATA_BAR_LOADED,"BARRIER LOADED$NMAIN DIAL PART DATA STREAM$NVISION INSPECTION STATION","","MAIN_DIAL_DATA[11].BARRIER_LOADED","(RADIX := Decimal, ExternalAccess := Read/Write)"
ALIAS,,VISION_DATA_BAR_REJECT,"BARRIER REJECTED$NMAIN DIAL PART DATA STREAM$NVISION INSPECTION STATION","","MAIN_DIAL_DATA[11].BARRIER_REJECT","(RADIX := Decimal, ExternalAccess := Read/Write)"
ALIAS,,VISION_DATA_CLEAR_PB,"HMI PUSH BUTTON$NCLEAR DATA REQUEST$NVISION INSPECTION STATION","","MAIN_DIAL_DATA_CLEAR_REQ_ARRAY.11","(RADIX := Decimal, ExternalAccess := Read/Write)"
ALIAS,,VISION_DATA_EMPTY_LAST_BAG,"LAST BAG REQUEST FOR CELL EMPTY$NMAIN DIAL PART DATA STREAM$NVISION INSPECTION STATION","","MAIN_DIAL_DATA[11].CELL_EMPTY_LAST_BAG","(RADIX := Decimal, ExternalAccess := Read/Write)"
ALIAS,,VISION_DATA_FORMING_COMPLETE,"FORMING STATION COMPLETE$NMAIN DIAL PART DATA STREAM$NVISION INSPECTION STATION","","MAIN_DIAL_DATA[11].FORMING_COMPLETE","(RADIX := Decimal, ExternalAccess := Read/Write)"
ALIAS,,VISION_DATA_FORMING_PRESS_OK,"FORMING STATION PRESSURE OK$NMAIN DIAL PART DATA STREAM$NVISION INSPECTION STATION","","MAIN_DIAL_DATA[11].FORMING_PRESSURE_OK","(RADIX := Decimal, ExternalAccess := Read/Write)"
ALIAS,,VISION_DATA_FORMING_STARTED,"FORMING STATION STARTED$NMAIN DIAL PART DATA STREAM$NVISION INSPECTION STATION","","MAIN_DIAL_DATA[11].FORMING_STARTED","(RADIX := Decimal, ExternalAccess := Read/Write)"
ALIAS,,VISION_DATA_GLUE_COMPLETE,"BAG GLUE STATION COMPLETED$NMAIN DIAL PART DATA STREAM$NVISION INSPECTION STATION","","MAIN_DIAL_DATA[11].BAG_GLUE_COMPLETE","(RADIX := Decimal, ExternalAccess := Read/Write)"
ALIAS,,VISION_DATA_GLUE_OPEN_REJECT,"BAG GLUE STATION OPEN TIME REJECT$NMAIN DIAL PART DATA STREAM$NVISION INSPECTION STATION","","MAIN_DIAL_DATA[11].BAG_GLUE_OPEN_TIME_REJECT","(RADIX := Decimal, ExternalAccess := Read/Write)"
ALIAS,,VISION_DATA_GLUE_PRESS_OK,"BAG GLUE STATION PRESSURE OK$NMAIN DIAL PART DATA STREAM$NVISION INSPECTION STATION","","MAIN_DIAL_DATA[11].BAG_GLUE_PRESSURE_OK","(RADIX := Decimal, ExternalAccess := Read/Write)"
ALIAS,,VISION_DATA_GLUE_STARTED,"BAG GLUE STATION STARTED$NMAIN DIAL PART DATA STREAM$NVISION INSPECTION STATION","","MAIN_DIAL_DATA[11].BAG_GLUE_STARTED","(RADIX := Decimal, ExternalAccess := Read/Write)"
ALIAS,,VISION_DATA_INKJET_COMPLETE,"INKJET STATION COMPLETED MAIN DIAL PART DATA STREAM VISION INSPECTION STATION","","MAIN_DIAL_DATA[11].INKJET_COMPLETE","(RADIX := Decimal, ExternalAccess := Read/Write)"
ALIAS,,VISION_DATA_INKJET_STARTED,"INKJET STATION STARTED$NMAIN DIAL PART DATA STREAM$NVISION INSPECTION STATION","","MAIN_DIAL_DATA[11].INKJET_STARTED","(RADIX := Decimal, ExternalAccess := Read/Write)"
ALIAS,,VISION_DATA_PNC_COMPLETE,"PRESS-N-CURE STATION COMPLETED$NMAIN DIAL PART DATA STREAM$NVISION INSPECTION STATION","","MAIN_DIAL_DATA[11].BAG_CURE_COMPLETE","(RADIX := Decimal, ExternalAccess := Read/Write)"
ALIAS,,VISION_DATA_PNC_PRESS_OK,"PRESS-N-CURE STATION PRESSURE OK$NMAIN DIAL PART DATA STREAM$NVISION INSPECTION STATION","","MAIN_DIAL_DATA[11].BAG_CURE_PRESSURE_OK","(RADIX := Decimal, ExternalAccess := Read/Write)"
ALIAS,,VISION_DATA_PNC_STARTED,"PRESS-N-CURE STATION STARTED$NMAIN DIAL PART DATA STREAM$NVISION INSPECTION STATION","","MAIN_DIAL_DATA[11].BAG_CURE_STARTED","(RADIX := Decimal, ExternalAccess := Read/Write)"
ALIAS,,VISION_DATA_POS_BAG_REJECT,"POSITION BAG WAS REJECTED$NMAIN DIAL PART DATA STREAM$NVISION INSPECTION STATION","","MAIN_DIAL_DATA[11].STATION_POS_REJECT_BAG","(RADIX := Decimal, ExternalAccess := Read/Write)"
ALIAS,,VISION_DATA_POS_BAR_REJECT,"POSITION BARRIER WAS REJECTED$NMAIN DIAL PART DATA STREAM$NVISION INSPECTION STATION","","MAIN_DIAL_DATA[11].STATION_POS_REJECT_BARRIER","(RADIX := Decimal, ExternalAccess := Read/Write)"
ALIAS,,VISION_DATA_PREHEAT1_COMPLETE,"PREHEAT STATION 1 COMPLETE$NMAIN DIAL PART DATA STREAM$NVISION INSPECTION STATION","","MAIN_DIAL_DATA[11].PREHEAT1_COMPLETE","(RADIX := Decimal, ExternalAccess := Read/Write)"
ALIAS,,VISION_DATA_PREHEAT1_LOW_TEMP_OK,"PREHEAT STATION 1 LOWER TEMP OK$NMAIN DIAL PART DATA STREAM$NVISION INSPECTION STATION","","MAIN_DIAL_DATA[11].PREHEAT1_LOW_TEMP_OK","(RADIX := Decimal, ExternalAccess := Read/Write)"
ALIAS,,VISION_DATA_PREHEAT1_STARTED,"PREHEAT STATION 1 STARTED$NMAIN DIAL PART DATA STREAM$NVISION INSPECTION STATION","","MAIN_DIAL_DATA[11].PREHEAT1_STARTED","(RADIX := Decimal, ExternalAccess := Read/Write)"
ALIAS,,VISION_DATA_PREHEAT1_UP_TEMP_OK,"PREHEAT STATION 1 UPPER TEMP OK$NMAIN DIAL PART DATA STREAM$NVISION INSPECTION STATION","","MAIN_DIAL_DATA[11].PREHEAT1_UP_TEMP_OK","(RADIX := Decimal, ExternalAccess := Read/Write)"
ALIAS,,VISION_DATA_PREHEAT2_COMPLETE,"PREHEAT STATION 2 COMPLETE$NMAIN DIAL PART DATA STREAM$NVISION INSPECTION STATION","","MAIN_DIAL_DATA[11].PREHEAT2_COMPLETE","(RADIX := Decimal, ExternalAccess := Read/Write)"
ALIAS,,VISION_DATA_PREHEAT2_LOW_TEMP_OK,"PREHEAT STATION 2 LOWER TEMP OK$NMAIN DIAL PART DATA STREAM$NVISION INSPECTION STATION","","MAIN_DIAL_DATA[11].PREHEAT2_LOW_TEMP_OK","(RADIX := Decimal, ExternalAccess := Read/Write)"
ALIAS,,VISION_DATA_PREHEAT2_STARTED,"PREHEAT STATION 2 STARTED$NMAIN DIAL PART DATA STREAM$NVISION INSPECTION STATION","","MAIN_DIAL_DATA[11].PREHEAT2_STARTED","(RADIX := Decimal, ExternalAccess := Read/Write)"
ALIAS,,VISION_DATA_PREHEAT2_UP_TEMP_OK,"PREHEAT STATION 2 UPPER TEMP OK$NMAIN DIAL PART DATA STREAM$NVISION INSPECTION STATION","","MAIN_DIAL_DATA[11].PREHEAT2_UP_TEMP_OK","(RADIX := Decimal, ExternalAccess := Read/Write)"
ALIAS,,VISION_DATA_PRINT_COMPLETE,"PRINTING STATION COMPLETED$NMAIN DIAL PART DATA STREAM$NVISION INSPECTION STATION","","MAIN_DIAL_DATA[11].PRINT_COMPLETE","(RADIX := Decimal, ExternalAccess := Read/Write)"
ALIAS,,VISION_DATA_PRINT_STARTED,"PRINTING STATION STARTED$NMAIN DIAL PART DATA STREAM$NVISION INSPECTION STATION","","MAIN_DIAL_DATA[11].PRINT_STARTED","(RADIX := Decimal, ExternalAccess := Read/Write)"
ALIAS,,VISION_DATA_PUNCH_COMPLETE,"PUNCH STATION COMPLETED$NMAIN DIAL PART DATA STREAM$NVISION INSPECTION STATION","","MAIN_DIAL_DATA[11].PUNCH_COMPLETE","(RADIX := Decimal, ExternalAccess := Read/Write)"
ALIAS,,VISION_DATA_PUNCH_STARTED,"PUNCH STATION STARTED$NMAIN DIAL PART DATA STREAM$NVISION INSPECTION STATION","","MAIN_DIAL_DATA[11].PUNCH_STARTED","(RADIX := Decimal, ExternalAccess := Read/Write)"
ALIAS,,VISION_DATA_VISION_COMPLETE,"VISION INSPECTION STATION COMPLETED$NMAIN DIAL PART DATA STREAM$NVISION INSPECTION STATION","","MAIN_DIAL_DATA[11].VISION_COMPLETE","(RADIX := Decimal, ExternalAccess := Read/Write)"
ALIAS,,VISION_DATA_VISION_PASS,"VISION INSPECTION STATION PASSED$NMAIN DIAL PART DATA STREAM$NVISION INSPECTION STATION","","MAIN_DIAL_DATA[11].VISION_PASS","(RADIX := Decimal, ExternalAccess := Read/Write)"
TAG,,VISION_ERROR_RESET_PB,"HMI PUSH BUTTON$NCAMERA RESET ERROR$NVISION INSPECTION STATION","BOOL","","(RADIX := Decimal, Constant := false, ExternalAccess := Read/Write)"
TAG,,VISION_ETHERNET_COMMS_OK,"CAMERA COMMS OK$NVISION INSPECTION STATION","BOOL","","(RADIX := Decimal, Constant := false, ExternalAccess := Read/Write)"
TAG,,VISION_HOLE_SIZE_RECIPE,"VISION HOLE SIZE RECIPE$NVISION INSPECTION STATION","REAL","","(RADIX := Float, Constant := false, ExternalAccess := Read/Write)"
TAG,,VISION_INDEX_DIAL_REQ,"INDEX REQUEST$NFROM VISION INSPECTION STATION$N TO MAIN DIAL","BOOL","","(RADIX := Decimal, Constant := false, ExternalAccess := Read/Write)"
TAG,,VISION_JOB_ID_RECIPE,"JOB REQUIRED TO LOAD INTO CAMERA$NVISION INSPECTION STATION","INT","","(RADIX := Decimal, Constant := false, ExternalAccess := Read/Write)"
ALIAS,,VISION_JOB_LOADED,"JOB LOADED$NVISION INSPECTION STATION","","CAM_JOB_ID_INT","(RADIX := Decimal, ExternalAccess := Read/Write)"
ALIAS,,VISION_JOB_LOAD_COMPLETE,"JOB LOAD COMPLETE$NVISION INSPECTION STATION","","CAM04:I1.Data[1].5","(RADIX := Decimal, ExternalAccess := Read/Write)"
ALIAS,,VISION_JOB_LOAD_FAILED,"JOB LOAD FAILED$NVISION INSPECTION STATION","","CAM04:I1.Data[1].6","(RADIX := Decimal, ExternalAccess := Read/Write)"
TAG,,VISION_JOB_LOAD_PB,"HMI PUSH BUTTON$NCAMERA JOB LOAD$NVISION INSPECTION$NSTATION","BOOL","","(RADIX := Decimal, Constant := false, ExternalAccess := Read/Write)"
TAG,,VISION_JOB_LOAD_PB_VIS,"HMI PUSH BUTTON$NVISIBILITY$NCAMERA JOB LOAD$NVISION INSPECTION$NSTATION","BOOL","","(RADIX := Decimal, Constant := false, ExternalAccess := Read/Write)"
TAG,,VISION_JOB_MATCH,"CAMERA JOB ID MATCH$NVISION INSPECTION$NSTATION","BOOL","","(RADIX := Decimal, Constant := false, ExternalAccess := Read/Write)"
ALIAS,,VISION_ONLINE,"CAMERA ONLINE$NVISION INSPECTION STATION","","CAM04:I1.Data[0].7","(RADIX := Decimal, ExternalAccess := Read/Write)"
TAG,,VISION_ONLINE_PB,"HMI PUSH BUTTON$NFORCE CAMERA ONLINE$NVISION INSPECTION$NSTATION","BOOL","","(RADIX := Decimal, Constant := false, ExternalAccess := Read/Write)"
ALIAS,,VISION_PASSED,"VISION INSPECTION PASSED$NVISION INSPECTION STATION","","CAM04:I1.Data[2].4","(RADIX := Decimal, ExternalAccess := Read/Write)"
TAG,,VISION_PRINT_SIZE_RECIPE,"VISION PRINT SIZE RECIPE$NVISION INSPECTION STATION","REAL","","(RADIX := Float, Constant := false, ExternalAccess := Read/Write)"
TAG,,VISION_PRINT_SKU_DINT,"PRINT SKU WITH DASH REMOVED (DINT)$NVISION INSPECTION STATION","DINT","","(RADIX := Decimal, Constant := false, ExternalAccess := Read/Write)"
TAG,,VISION_PRINT_SKU_STRING,"PRINT SKU WITH DASH REMOVED (STRING)$NVISION INSPECTION STATION","STRING","","(Constant := false, ExternalAccess := Read/Write)"
TAG,,VISION_PROCESS_DONE,"CYCLE DONE$NFROM VISION INSPECTION STATION TO MAIN DIAL","BOOL","","(RADIX := Decimal, Constant := false, ExternalAccess := Read/Write)"
TAG,,VISION_PROG_NUM_RECIPE,"PROGRAM NUMBER$NFROM RECIPE$NVISION INSPECTION STATION","INT","","(RADIX := Decimal, Constant := false, ExternalAccess := Read/Write)"
TAG,,VISION_PROG_NUM_RECIPE_LOADED,"PROGRAM NUMBER$NFROM RECIPE$NAFTER DOWNLOAD$NVISION INSPECTION STATION","INT","","(RADIX := Decimal, Constant := false, ExternalAccess := Read/Write)"
TAG,,VISION_REJECT_CNT,"FAILURE COUNT FOR $NVISION INSPECTION STATION","COUNTER","","(Constant := false, ExternalAccess := Read/Write)"
TAG,,VISION_SCREEN_PB,"HMI PUSH BUTTON$NGOTO VISION INSPECTION STATION SCREEN","BOOL","","(RADIX := Decimal, Constant := false, ExternalAccess := Read/Write)"
TAG,,VISION_SKU_LOAD_PB,"HMI PUSH BUTTON$NCAMERA SKU LOAD$NVISION INSPECTION$NSTATION","BOOL","","(RADIX := Decimal, Constant := false, ExternalAccess := Read/Write)"
TAG,,VISION_TRIGGER_ON_PB,"HMI PUSH BUTTON$NCAMERA TRIGGER ON$NVISION INSPECTION STATION","BOOL","","(RADIX := Decimal, Constant := false, ExternalAccess := Read/Write)"
TAG,,VISION_TRIGGER_ON_PB_VIS,"HMI PUSH BUTTON$NVISIBILITY$NCAMER TRIGGER ON$NVISION INSPECTION$N STATION","BOOL","","(RADIX := Decimal, Constant := false, ExternalAccess := Read/Write)"
ALIAS,,VISION_TRIGGER_READY,"TRIGGER READY$NVISION INSPECTION$NSTATION","","CAM04:I1.Data[0].0","(RADIX := Decimal, ExternalAccess := Read/Write)"
TAG,,VS_I,"INPUTS FROM CAMERA$NVISION INSPECTION STATION","VS_I","","(Constant := false, ExternalAccess := Read/Write)"
COMMENT,,VS_I,"Current Program Loaded",,"VS_I.STATUS.ASSIGNABLEBYTEDATA2"
TAG,,VS_O,"OUTPUTS TO CAMERA$NVISION INSPECTION STATION","VS_O","","(Constant := false, ExternalAccess := Read/Write)"
TAG,,DRVS_MOT_GRP,"DRIVES MOTION GROUP$NCELL","MOTION_GROUP","","(ExternalAccess := Read/Write, CoarseUpdatePeriod := 2000, PhaseShift := 0, GeneralFaultType := Non Major Fault, AutoTagUpdate := Enabled, Alternate1UpdateMultiplier := 15, Alternate2UpdateMultiplier := 10)"
TAG,,DRV01,"MAIN DIAL DRIVE","AXIS_CIP_DRIVE","","(ExternalAccess := Read/Write, MotionGroup := ""DRVS_MOT_GRP"", MotionModule := ""DRV01:Ch1"", ApplicationCatalogNumberInstance := 0, ApplicationCatalogNumberVersion := 0, AxisConfiguration := Position Loop, FeedbackConfiguration := Motor Feedback, MotorDataSource := Database, MotorCatalogNumber := ""VPL-B1003F-P"", Feedback1Type := Hiperface DSL, MotorType := Rotary Permanent Magnet, MotionScalingConfiguration := Control Scaling, ConversionConstant := 1000.0, OutputCamExecutionTargets := 0, PositionUnits := ""Deg"", AverageVelocityTimebase := 0.25, PositionUnwind := 360000, HomeMode := Active, HomeDirection := Bi-directional Forward, HomeSequence := Switch, HomeConfigurationBits := 16#0000_0002, HomePosition := 0.0, HomeOffset := 0.0, HomeSpeed := 1.8, HomeReturnSpeed := 0.02, MaximumSpeed := 242.25, MaximumAcceleration := 46123.1, MaximumDeceleration := 46123.1, ProgrammedStopMode := Fast Stop, MasterInputConfigurationBits := 1, MasterPositionFilterBandwidth := 0.1, VelocityFeedforwardGain := 100.0, AccelerationFeedforwardGain := 0.0, PositionErrorTolerance := 2.3366838, PositionLockTolerance := 0.036, VelocityOffset := 0.0, TorqueOffset := 0.0, FrictionCompensationWindow := 0.0, BacklashReversalOffset := 0.0, TuningTravelLimit := 30.0, TuningSpeed := 30.0, TuningTorque := 100.0, DampingFactor := 1.0, DriveModelTimeConstant := 0.000537069, PositionServoBandwidth := 33.0, VelocityServoBandwidth := 74.122536, VelocityDroop := 0.0, VelocityLimitPositive := 540.0, VelocityLimitNegative := -540.0, VelocityThreshold := 256.5, VelocityStandstillWindow := 2.85, TorqueLimitPositive := 288.01843, TorqueLimitNegative := -288.01843, TorqueThreshold := 259.21658, StoppingTorque := 288.01843, StoppingTimeLimit := 1.0, LoadInertiaRatio := 0.0, RegistrationInputs := 2, MaximumAccelerationJerk := 8781591.0, MaximumDecelerationJerk := 8781591.0, DynamicsConfigurationBits := 7, AccelerationLimit := 131780.3, DecelerationLimit := 131780.3, PositionIntegratorBandwidth := 0.0, PositionErrorToleranceTime := 0.0, PositionIntegratorControl := 0, VelocityErrorTolerance := 111.22302, VelocityErrorToleranceTime := 0.01, VelocityIntegratorControl := 0, VelocityLockTolerance := 2.85, SystemInertia := 0.015736287, TorqueLowPassFilterBandwidth := 0.0, TorqueNotchFilterFrequency := 0.0, TorqueRateLimit := 1000000.0, OvertorqueLimit := 200.0, OvertorqueLimitTime := 0.0, UndertorqueLimit := 10.0, UndertorqueLimitTime := 0.0, FluxCurrentReference := 0.0, CurrentError := 0.0, TorqueLoopBandwidth := 1000.0, StoppingAction := Current Decel Disable, MechanicalBrakeControl := Brake Released, MechanicalBrakeReleaseDelay := 0.0, MechanicalBrakeEngageDelay := 0.0, InverterCapacity := 0.0, ConverterCapacity := 0.0, InverterOverloadAction := None, MotorOverloadAction := None, CIPAxisExceptionAction := Unsupported Unsupported Unsupported Disable Disable Disable Unsupported Disable Disable Disable Disable Disable Unsupported Disable Disable Disable Disable Unsupported Disable Unsupported Disable Disable Unsupported Disable Unsupported Disable Unsupported Unsupported Unsupported Disable Disable Disable Unsupported Disable Disable Disable Unsupported Unsupported Unsupported Disable Disable Unsupported Unsupported Unsupported Unsupported Disable Unsupported Disable Unsupported Disable Disable Disable Unsupported Unsupported Disable Disable Disable Disable Unsupported Unsupported Unsupported Unsupported Disable Unsupported, CIPAxisExceptionActionRA := Unsupported Unsupported Disable Unsupported Unsupported Unsupported Unsupported Unsupported Unsupported Unsupported Unsupported Unsupported Unsupported Unsupported Disable Unsupported Unsupported Unsupported Unsupported Unsupported Unsupported Unsupported Unsupported Unsupported Unsupported Disable Disable Unsupported Unsupported Unsupported Unsupported Unsupported Unsupported Unsupported Unsupported Unsupported Unsupported Unsupported Unsupported Unsupported Unsupported Unsupported Unsupported Unsupported Unsupported Unsupported Unsupported Unsupported Unsupported Unsupported Unsupported Unsupported Unsupported Unsupported Unsupported Unsupported Unsupported Unsupported Unsupported Unsupported Unsupported Unsupported Unsupported Unsupported, MotorOverspeedUserLimit := 120.0, MotorThermalOverloadUserLimit := 110.0, InverterThermalOverloadUserLimit := 110.0, PositionLeadLagFilterBandwidth := 0.0, PositionLeadLagFilterGain := 0.0, VelocityNegativeFeedforwardGain := 0.0, BacklashCompensationWindow := 0.0, TorqueLeadLagFilterBandwidth := 0.0, TorqueLeadLagFilterGain := 1.0, MotorDeviceCode := 16#0000_08bd, MotorUnit := Rev, MotorPolarity := Normal, MotorRatedVoltage := 480.0, MotorRatedContinuousCurrent := 4.34, MotorRatedPeakCurrent := 14.28, MotorRatedOutputPower := 1.65, MotorOverloadLimit := 100.0, MotorIntegralThermalSwitch := false, MotorMaxWindingTemperature := 155.0, MotorWindingToAmbientCapacitance := 2033.0, MotorWindingToAmbientResistance := 0.71, PMMotorResistance := 3.99, PMMotorInductance := 0.02658, RotaryMotorPoles := 8, RotaryMotorInertia := 0.00012, RotaryMotorRatedSpeed := 4750.0, RotaryMotorMaxSpeed := 4750.0, PMMotorRatedTorque := 4.18, PMMotorTorqueConstant := 1.104, PMMotorRotaryVoltageConstant := 66.70128, Feedback1Unit := Rev, Feedback1StartupMethod := Absolute, Feedback1CycleResolution := 262144, Feedback1CycleInterpolation := 1, Feedback1Turns := 4096, Feedback1VelocityFilterBandwidth := 5092.9575, Feedback1AccelFilterBandwidth := 0.0, PMMotorFluxSaturation := 93.0 84.0 73.0 62.0 52.0 43.0 37.0 35.0, Feedback1VelocityFilterTaps := 1, Feedback1AccelFilterTaps := 1, CyclicReadUpdateList := TorqueNotchFilterFrequencyEstimate TorqueNotchFilterMagnitudeEstimate, ScalingSource := From Calculator, LoadType := Rotary Transmission, ActuatorType := <none>, TravelMode := Cyclic, PositionScalingNumerator := 360.0, PositionScalingDenominator := 1.0, PositionUnwindNumerator := 360.0, PositionUnwindDenominator := 1.0, TravelRange := 1000.0, MotionResolution := 360000, MotionPolarity := Normal, MotorTestResistance := 0.0, MotorTestInductance := 0.0, TuneFriction := 0.0, TuneLoadOffset := 0.0, TotalInertia := 0.00012, TuningSelect := Total Inertia, TuningDirection := Uni-directional Forward, ApplicationType := Custom, LoopResponse := Medium, FeedbackCommutationAligned := Motor Offset, FrictionCompensationSliding := 0.0, FrictionCompensationStatic := 0.0, FrictionCompensationViscous := 0.0, PositionLoopBandwidth := 33.0, VelocityLoopBandwidth := 132.0, VelocityIntegratorBandwidth := 0.0, FeedbackDataLossUserLimit := 4, MotionExceptionAction := Unsupported Disable Disable Unsupported Unsupported Unsupported Unsupported Unsupported Unsupported Unsupported Unsupported Unsupported Unsupported Unsupported Unsupported Unsupported Unsupported Unsupported Unsupported Unsupported Unsupported Unsupported Unsupported Unsupported Unsupported Unsupported Unsupported Unsupported Unsupported Unsupported Unsupported Unsupported, SoftTravelLimitChecking := false, LoadRatio := 0.0, TuneInertiaMass := 0.0, SoftTravelLimitPositive := 0.0, SoftTravelLimitNegative := 0.0, GainTuningConfigurationBits := 16#0043, CommutationOffset := 0.0, SystemBandwidth := 33.0, VelocityLowPassFilterBandwidth := 0.0, TransmissionRatioInput := 100, TransmissionRatioOutput := 1, ActuatorLead := 1.0, ActuatorLeadUnit := Millimeter/Rev, ActuatorDiameter := 1.0, ActuatorDiameterUnit := Millimeter, SystemAccelerationBase := 6354.739, DriveModelTimeConstantBase := 0.000505819, DriveRatedPeakCurrent := 12.5, HookupTestDistance := 1.0, HookupTestFeedbackChannel := Feedback 1, LoadCoupling := Rigid, SystemDamping := 1.0, CurrentVectorLimit := 288.01843, LoadObserverConfiguration := Load Observer with Velocity Estimate, LoadObserverBandwidth := 132.0, LoadObserverIntegratorBandwidth := 0.0, LoadObserverFeedbackGain := 0.5, AxisID := 2428225204, InterpolatedPositionConfiguration := 16#0000_0002, AxisUpdateSchedule := Base, ProvingConfiguration := Disabled, TorqueProveCurrent := 0.0, BrakeTestTorque := 0.0, BrakeSlipTolerance := 0.0, ZeroSpeed := 1.0, ZeroSpeedTime := 0.0, AdaptiveTuningConfiguration := Tracking Notch, TorqueNotchFilterHighFrequencyLimit := 2000.0, TorqueNotchFilterLowFrequencyLimit := 296.33984, TorqueNotchFilterTuningThreshold := 5.0, CoastingTimeLimit := 0.0, BusOvervoltageOperationalLimit := 730.0, CurrentLoopBandwidthScalingFactor := 1.0, CurrentLoopBandwidth := 1000.0, DriveRatedVoltage := 460.0, MaxOutputFrequency := 600.0, MotorTestDataValid := False, HookupTestSpeed := 0.0)"
COMMENT,,DRV01,"DRIVE IS MOVNG$NMAIN DIAL",,"DRV01.MOVESTATUS"
COMMENT,,DRV01,"CURRENT ACTUAL POSITION$NMAIN DIAL",,"DRV01.ACTUALPOSITION"
COMMENT,,DRV01,"VELOCITY$NMAIN DIAL",,"DRV01.ACTUALVELOCITY"
COMMENT,,DRV01,"CIP AXIS STATE$N0 = INITIALIZING$N1 = PRE-CHARGE$N2 = STOPPED$N3 = STARTING$N4 = RUNNING$N5 = TESTING$N6 = STOPPING$N7 = ABORTING$N8 = MAJOR FAULTED$N9 = START INHIBITED$N10 = SHUTDOWN$NMAIN DIAL DRIVE",,"DRV01.CIPAXISSTATE"
TAG,,DRV02,"BARRIER INFEED MAGAZINE DRIVE","AXIS_CIP_DRIVE","","(ExternalAccess := Read/Write, MotionGroup := ""DRVS_MOT_GRP"", MotionModule := ""DRV02:Ch1"", ApplicationCatalogNumberInstance := 0, ApplicationCatalogNumberVersion := 0, AxisConfiguration := Position Loop, FeedbackConfiguration := Motor Feedback, MotorDataSource := Database, MotorCatalogNumber := ""VPL-B0752F-P"", Feedback1Type := Hiperface DSL, MotorType := Rotary Permanent Magnet, MotionScalingConfiguration := Control Scaling, ConversionConstant := 1000.0, OutputCamExecutionTargets := 0, PositionUnits := ""DEG"", AverageVelocityTimebase := 0.25, PositionUnwind := 360000, HomeMode := Active, HomeDirection := Bi-directional Forward, HomeSequence := Switch, HomeConfigurationBits := 16#0000_0000, HomePosition := 0.0, HomeOffset := 0.0, HomeSpeed := 10.0, HomeReturnSpeed := 1.8, MaximumSpeed := 357.0, MaximumAcceleration := 67248.445, MaximumDeceleration := 67248.445, ProgrammedStopMode := Fast Stop, MasterInputConfigurationBits := 1, MasterPositionFilterBandwidth := 0.1, VelocityFeedforwardGain := 100.0, AccelerationFeedforwardGain := 0.0, PositionErrorTolerance := 7.2182074, PositionLockTolerance := 0.036, VelocityOffset := 0.0, TorqueOffset := 0.0, FrictionCompensationWindow := 0.0, BacklashReversalOffset := 0.0, TuningTravelLimit := 1.0, TuningSpeed := 10.0, TuningTorque := 100.0, DampingFactor := 1.0, DriveModelTimeConstant := 0.000537069, PositionServoBandwidth := 18.52124, VelocityServoBandwidth := 74.08496, VelocityDroop := 0.0, VelocityLimitPositive := 540.0, VelocityLimitNegative := -540.0, VelocityThreshold := 378.0, VelocityStandstillWindow := 4.2, TorqueLimitPositive := 232.342, TorqueLimitNegative := -232.342, TorqueThreshold := 209.10779, StoppingTorque := 232.342, StoppingTimeLimit := 1.0, LoadInertiaRatio := 0.0, RegistrationInputs := 2, MaximumAccelerationJerk := 12667657.0, MaximumDecelerationJerk := 12667657.0, DynamicsConfigurationBits := 7, AccelerationLimit := 192138.42, DecelerationLimit := 192138.42, PositionIntegratorBandwidth := 0.0, PositionErrorToleranceTime := 0.0, PositionIntegratorControl := 0, VelocityErrorTolerance := 412.76636, VelocityErrorToleranceTime := 0.01, VelocityIntegratorControl := 0, VelocityLockTolerance := 4.2, SystemInertia := 0.008706548, TorqueLowPassFilterBandwidth := 370.4248, TorqueNotchFilterFrequency := 0.0, TorqueRateLimit := 1000000.0, OvertorqueLimit := 200.0, OvertorqueLimitTime := 0.0, UndertorqueLimit := 10.0, UndertorqueLimitTime := 0.0, FluxCurrentReference := 0.0, CurrentError := 0.0, TorqueLoopBandwidth := 1000.0, StoppingAction := Current Decel Disable, MechanicalBrakeControl := Automatic, MechanicalBrakeReleaseDelay := 0.0, MechanicalBrakeEngageDelay := 0.0, InverterCapacity := 0.0, ConverterCapacity := 0.0, InverterOverloadAction := None, MotorOverloadAction := None, CIPAxisExceptionAction := Unsupported Unsupported Unsupported Disable Disable Disable Unsupported Disable Disable Disable Disable Disable Unsupported Disable Disable Disable Disable Unsupported Disable Unsupported Disable Disable Unsupported Disable Unsupported Disable Unsupported Unsupported Unsupported Disable Disable Disable Unsupported Disable Disable Disable Unsupported Unsupported Unsupported Disable Disable Unsupported Unsupported Unsupported Unsupported Disable Unsupported Disable Unsupported Disable Disable Disable Unsupported Unsupported Disable Disable Disable Disable Unsupported Unsupported Unsupported Unsupported Disable Unsupported, CIPAxisExceptionActionRA := Unsupported Unsupported Disable Unsupported Unsupported Unsupported Unsupported Unsupported Unsupported Unsupported Unsupported Unsupported Unsupported Unsupported Disable Unsupported Unsupported Unsupported Unsupported Unsupported Unsupported Unsupported Unsupported Unsupported Unsupported Disable Disable Unsupported Unsupported Unsupported Unsupported Unsupported Unsupported Unsupported Unsupported Unsupported Unsupported Unsupported Unsupported Unsupported Unsupported Unsupported Unsupported Unsupported Unsupported Unsupported Unsupported Unsupported Unsupported Unsupported Unsupported Unsupported Unsupported Unsupported Unsupported Unsupported Unsupported Unsupported Unsupported Unsupported Unsupported Unsupported Unsupported Unsupported, MotorOverspeedUserLimit := 120.0, MotorThermalOverloadUserLimit := 110.0, InverterThermalOverloadUserLimit := 110.0, PositionLeadLagFilterBandwidth := 0.0, PositionLeadLagFilterGain := 0.0, VelocityNegativeFeedforwardGain := 0.0, BacklashCompensationWindow := 0.0, TorqueLeadLagFilterBandwidth := 0.0, TorqueLeadLagFilterGain := 1.0, MotorDeviceCode := 16#0000_09e7, MotorUnit := Rev, MotorPolarity := Normal, MotorRatedVoltage := 480.0, MotorRatedContinuousCurrent := 2.69, MotorRatedPeakCurrent := 9.4, MotorRatedOutputPower := 0.8, MotorOverloadLimit := 100.0, MotorIntegralThermalSwitch := false, MotorMaxWindingTemperature := 155.0, MotorWindingToAmbientCapacitance := 923.0, MotorWindingToAmbientResistance := 1.04, PMMotorResistance := 7.82, PMMotorInductance := 0.02789, RotaryMotorPoles := 8, RotaryMotorInertia := 0.000029, RotaryMotorRatedSpeed := 7000.0, RotaryMotorMaxSpeed := 7000.0, PMMotorRatedTorque := 1.61, PMMotorTorqueConstant := 0.778, PMMotorRotaryVoltageConstant := 47.02518, Feedback1Unit := Rev, Feedback1StartupMethod := Absolute, Feedback1CycleResolution := 262144, Feedback1CycleInterpolation := 1, Feedback1Turns := 4096, Feedback1VelocityFilterBandwidth := 5092.9575, Feedback1AccelFilterBandwidth := 0.0, PMMotorFluxSaturation := 95.0 86.0 76.0 61.0 44.0 36.0 32.0 30.0, Feedback1VelocityFilterTaps := 1, Feedback1AccelFilterTaps := 1, CyclicReadUpdateList := CurrentFeedback, ScalingSource := From Calculator, LoadType := Rotary Transmission, ActuatorType := <none>, TravelMode := Cyclic, PositionScalingNumerator := 360.0, PositionScalingDenominator := 1.0, PositionUnwindNumerator := 360.0, PositionUnwindDenominator := 1.0, TravelRange := 1000.0, MotionResolution := 360000, MotionPolarity := Inverted, MotorTestResistance := 0.0, MotorTestInductance := 0.0, TuneFriction := 0.0, TuneLoadOffset := 0.0, TotalInertia := 0.000029, TuningSelect := Total Inertia, TuningDirection := Uni-directional Forward, ApplicationType := Basic, LoopResponse := Medium, FeedbackCommutationAligned := Motor Offset, FrictionCompensationSliding := 0.0, FrictionCompensationStatic := 0.0, FrictionCompensationViscous := 0.0, PositionLoopBandwidth := 18.52124, VelocityLoopBandwidth := 74.08496, VelocityIntegratorBandwidth := 0.0, FeedbackDataLossUserLimit := 4, MotionExceptionAction := Unsupported Disable Disable Unsupported Unsupported Unsupported Unsupported Unsupported Unsupported Unsupported Unsupported Unsupported Unsupported Unsupported Unsupported Unsupported Unsupported Unsupported Unsupported Unsupported Unsupported Unsupported Unsupported Unsupported Unsupported Unsupported Unsupported Unsupported Unsupported Unsupported Unsupported Unsupported, SoftTravelLimitChecking := false, LoadRatio := 0.0, TuneInertiaMass := 0.0, SoftTravelLimitPositive := 0.0, SoftTravelLimitNegative := 0.0, GainTuningConfigurationBits := 16#0143, CommutationOffset := 0.0, SystemBandwidth := 18.52124, VelocityLowPassFilterBandwidth := 0.0, TransmissionRatioInput := 100, TransmissionRatioOutput := 1, ActuatorLead := 1.0, ActuatorLeadUnit := Millimeter/Rev, ActuatorDiameter := 1.0, ActuatorDiameterUnit := Millimeter, SystemAccelerationBase := 11485.608, DriveModelTimeConstantBase := 0.000505819, DriveRatedPeakCurrent := 6.25, HookupTestDistance := 20.0, HookupTestFeedbackChannel := Feedback 1, LoadCoupling := Rigid, SystemDamping := 1.0, CurrentVectorLimit := 232.342, LoadObserverConfiguration := Disabled, LoadObserverBandwidth := 0.0, LoadObserverIntegratorBandwidth := 0.0, LoadObserverFeedbackGain := 0.5, AxisID := 3052079815, InterpolatedPositionConfiguration := 16#0000_0002, AxisUpdateSchedule := Alternate 1, ProvingConfiguration := Disabled, TorqueProveCurrent := 0.0, BrakeTestTorque := 0.0, BrakeSlipTolerance := 0.0, ZeroSpeed := 1.0, ZeroSpeedTime := 0.0, AdaptiveTuningConfiguration := Disabled, TorqueNotchFilterHighFrequencyLimit := 2000.0, TorqueNotchFilterLowFrequencyLimit := 296.33984, TorqueNotchFilterTuningThreshold := 5.0, CoastingTimeLimit := 0.0, BusOvervoltageOperationalLimit := 730.0, CurrentLoopBandwidthScalingFactor := 1.0, CurrentLoopBandwidth := 1000.0, DriveRatedVoltage := 460.0, MaxOutputFrequency := 600.0, MotorTestDataValid := False, HookupTestSpeed := 0.0)"
COMMENT,,DRV02,"AXIS IS SHUTDOWN BARRIER INFEED MAGAZINE",,"DRV02.SHUTDOWNSTATUS"
COMMENT,,DRV02,"CURRENT ACTUAL POSITION$NBARRIER INFEED MAGAZINE",,"DRV02.ACTUALPOSITION"
COMMENT,,DRV02,"VELOCITY$NBARRIER INFEED MAGAZINE",,"DRV02.ACTUALVELOCITY"
TAG,,DRV03,"BARRIER ELEVATOR DRIVE","AXIS_CIP_DRIVE","","(ExternalAccess := Read/Write, MotionGroup := ""DRVS_MOT_GRP"", MotionModule := ""DRV03:Ch1"", ApplicationCatalogNumberInstance := 0, ApplicationCatalogNumberVersion := 0, AxisConfiguration := Position Loop, FeedbackConfiguration := Motor Feedback, MotorDataSource := Database, MotorCatalogNumber := ""VPL-B0752F-P"", Feedback1Type := Hiperface DSL, MotorType := Rotary Permanent Magnet, MotionScalingConfiguration := Control Scaling, ConversionConstant := 10000.0, OutputCamExecutionTargets := 0, PositionUnits := ""mm"", AverageVelocityTimebase := 0.25, PositionUnwind := 1000000, HomeMode := Active, HomeDirection := Bi-directional Reverse, HomeSequence := Switch, HomeConfigurationBits := 16#0000_0000, HomePosition := 0.0, HomeOffset := 0.0, HomeSpeed := 30.0, HomeReturnSpeed := 1.0, MaximumSpeed := 2975.0, MaximumAcceleration := 10758.279, MaximumDeceleration := 284187.84, ProgrammedStopMode := Fast Stop, MasterInputConfigurationBits := 1, MasterPositionFilterBandwidth := 0.1, VelocityFeedforwardGain := 0.0, AccelerationFeedforwardGain := 0.0, PositionErrorTolerance := 51.103046, PositionLockTolerance := 0.29999998, VelocityOffset := 0.0, TorqueOffset := 0.0, FrictionCompensationWindow := 0.0, BacklashReversalOffset := 0.0, TuningTravelLimit := 20.0, TuningSpeed := 200.0, TuningTorque := 100.0, DampingFactor := 1.0, DriveModelTimeConstant := 0.000537069, PositionServoBandwidth := 18.530634, VelocityServoBandwidth := 74.122536, VelocityDroop := 0.0, VelocityLimitPositive := 4500.0, VelocityLimitNegative := -4500.0, VelocityThreshold := 3150.0, VelocityStandstillWindow := 35.0, TorqueLimitPositive := 232.342, TorqueLimitNegative := -232.342, TorqueThreshold := 209.10779, StoppingTorque := 232.342, StoppingTimeLimit := 1.0, LoadInertiaRatio := 2.8009744, RegistrationInputs := 2, MaximumAccelerationJerk := 38904.395, MaximumDecelerationJerk := 27147136.0, DynamicsConfigurationBits := 7, AccelerationLimit := 1601153.5, DecelerationLimit := 1601153.5, PositionIntegratorBandwidth := 4.6326585, PositionErrorToleranceTime := 0.0, PositionIntegratorControl := 1, VelocityErrorTolerance := 1220.4088, VelocityErrorToleranceTime := 0.01, VelocityIntegratorControl := 1, VelocityLockTolerance := 35.0, SystemInertia := 0.033085242, TorqueLowPassFilterBandwidth := 370.61267, TorqueNotchFilterFrequency := 0.0, TorqueRateLimit := 1000000.0, OvertorqueLimit := 200.0, OvertorqueLimitTime := 0.0, UndertorqueLimit := 10.0, UndertorqueLimitTime := 0.0, FluxCurrentReference := 0.0, CurrentError := 0.0, TorqueLoopBandwidth := 1000.0, StoppingAction := Current Decel Disable, MechanicalBrakeControl := Automatic, MechanicalBrakeReleaseDelay := 0.0, MechanicalBrakeEngageDelay := 0.0, InverterCapacity := 0.0, ConverterCapacity := 0.0, InverterOverloadAction := None, MotorOverloadAction := None, CIPAxisExceptionAction := Unsupported Unsupported Unsupported Disable Disable Disable Unsupported Disable Disable Disable Disable Disable Unsupported Disable Disable Disable Disable Unsupported Disable Unsupported Disable Disable Unsupported Disable Unsupported Disable Unsupported Unsupported Unsupported Disable Disable Disable Unsupported Disable Disable Disable Unsupported Unsupported Unsupported Disable Disable Unsupported Unsupported Unsupported Unsupported Disable Unsupported Disable Unsupported Disable Disable Disable Unsupported Unsupported Disable Disable Disable Disable Unsupported Unsupported Unsupported Unsupported Disable Unsupported, CIPAxisExceptionActionRA := Unsupported Unsupported Disable Unsupported Unsupported Unsupported Unsupported Unsupported Unsupported Unsupported Unsupported Unsupported Unsupported Unsupported Disable Unsupported Unsupported Unsupported Unsupported Unsupported Unsupported Unsupported Unsupported Unsupported Unsupported Disable Disable Unsupported Unsupported Unsupported Unsupported Unsupported Unsupported Unsupported Unsupported Unsupported Unsupported Unsupported Unsupported Unsupported Unsupported Unsupported Unsupported Unsupported Unsupported Unsupported Unsupported Unsupported Unsupported Unsupported Unsupported Unsupported Unsupported Unsupported Unsupported Unsupported Unsupported Unsupported Unsupported Unsupported Unsupported Unsupported Unsupported Unsupported, MotorOverspeedUserLimit := 120.0, MotorThermalOverloadUserLimit := 110.0, InverterThermalOverloadUserLimit := 110.0, PositionLeadLagFilterBandwidth := 0.0, PositionLeadLagFilterGain := 0.0, VelocityNegativeFeedforwardGain := 0.0, BacklashCompensationWindow := 0.0, TorqueLeadLagFilterBandwidth := 0.0, TorqueLeadLagFilterGain := 1.0, MotorDeviceCode := 16#0000_09e7, MotorUnit := Rev, MotorPolarity := Normal, MotorRatedVoltage := 480.0, MotorRatedContinuousCurrent := 2.69, MotorRatedPeakCurrent := 9.4, MotorRatedOutputPower := 0.8, MotorOverloadLimit := 100.0, MotorIntegralThermalSwitch := false, MotorMaxWindingTemperature := 155.0, MotorWindingToAmbientCapacitance := 923.0, MotorWindingToAmbientResistance := 1.04, PMMotorResistance := 7.82, PMMotorInductance := 0.02789, RotaryMotorPoles := 8, RotaryMotorInertia := 0.000029, RotaryMotorRatedSpeed := 7000.0, RotaryMotorMaxSpeed := 7000.0, PMMotorRatedTorque := 1.61, PMMotorTorqueConstant := 0.778, PMMotorRotaryVoltageConstant := 47.02518, Feedback1Unit := Rev, Feedback1StartupMethod := Absolute, Feedback1CycleResolution := 262144, Feedback1CycleInterpolation := 1, Feedback1Turns := 4096, Feedback1VelocityFilterBandwidth := 5092.9575, Feedback1AccelFilterBandwidth := 0.0, PMMotorFluxSaturation := 95.0 86.0 76.0 61.0 44.0 36.0 32.0 30.0, Feedback1VelocityFilterTaps := 1, Feedback1AccelFilterTaps := 1, CyclicReadUpdateList := DCBusVoltage, ScalingSource := From Calculator, LoadType := Rotary Transmission, ActuatorType := <none>, TravelMode := Unlimited, PositionScalingNumerator := 30.0, PositionScalingDenominator := 1.0, PositionUnwindNumerator := 1.0, PositionUnwindDenominator := 1.0, TravelRange := 1000.0, MotionResolution := 300000, MotionPolarity := Inverted, MotorTestResistance := 0.0, MotorTestInductance := 0.0, TuneFriction := 0.0, TuneLoadOffset := 0.0, TotalInertia := 1.10201200e-004, TuningSelect := Total Inertia, TuningDirection := Uni-directional Forward, ApplicationType := Point-to-Point, LoopResponse := Medium, FeedbackCommutationAligned := Motor Offset, FrictionCompensationSliding := 0.0, FrictionCompensationStatic := 0.0, FrictionCompensationViscous := 0.0, PositionLoopBandwidth := 18.530634, VelocityLoopBandwidth := 74.122536, VelocityIntegratorBandwidth := 0.0, FeedbackDataLossUserLimit := 4, MotionExceptionAction := Unsupported Disable Disable Unsupported Unsupported Unsupported Unsupported Unsupported Unsupported Unsupported Unsupported Unsupported Unsupported Unsupported Unsupported Unsupported Unsupported Unsupported Unsupported Unsupported Unsupported Unsupported Unsupported Unsupported Unsupported Unsupported Unsupported Unsupported Unsupported Unsupported Unsupported Unsupported, SoftTravelLimitChecking := false, LoadRatio := 0.0, TuneInertiaMass := 0.0, SoftTravelLimitPositive := 0.0, SoftTravelLimitNegative := 0.0, GainTuningConfigurationBits := 16#0113, CommutationOffset := 0.0, SystemBandwidth := 18.530634, VelocityLowPassFilterBandwidth := 0.0, TransmissionRatioInput := 1, TransmissionRatioOutput := 1, ActuatorLead := 1.0, ActuatorLeadUnit := Millimeter/Rev, ActuatorDiameter := 1.0, ActuatorDiameterUnit := Millimeter, SystemAccelerationBase := 11485.608, DriveModelTimeConstantBase := 0.000505819, DriveRatedPeakCurrent := 6.25, HookupTestDistance := 0.1, HookupTestFeedbackChannel := Feedback 1, LoadCoupling := Rigid, SystemDamping := 1.0, CurrentVectorLimit := 232.342, LoadObserverConfiguration := Disabled, LoadObserverBandwidth := 0.0, LoadObserverIntegratorBandwidth := 0.0, LoadObserverFeedbackGain := 0.5, AxisID := 3761815971, InterpolatedPositionConfiguration := 16#0000_0002, AxisUpdateSchedule := Alternate 1, ProvingConfiguration := Disabled, TorqueProveCurrent := 0.0, BrakeTestTorque := 0.0, BrakeSlipTolerance := 0.0, ZeroSpeed := 1.0, ZeroSpeedTime := 0.0, AdaptiveTuningConfiguration := Disabled, TorqueNotchFilterHighFrequencyLimit := 2000.0, TorqueNotchFilterLowFrequencyLimit := 296.33984, TorqueNotchFilterTuningThreshold := 5.0, CoastingTimeLimit := 0.0, BusOvervoltageOperationalLimit := 730.0, CurrentLoopBandwidthScalingFactor := 1.0, CurrentLoopBandwidth := 1000.0, DriveRatedVoltage := 460.0, MaxOutputFrequency := 600.0, MotorTestDataValid := False, HookupTestSpeed := 0.0)"
COMMENT,,DRV03,"CURRENT ACTUAL POSITION$NBARRIER INFEED ELEVATOR",,"DRV03.ACTUALPOSITION"
COMMENT,,DRV03,"VELOCITY$NBARRIER INFEED ELEVATOR",,"DRV03.ACTUALVELOCITY"
TAG,,DRV04,"BARRIER PRESS-N-CURE DRIVE","AXIS_CIP_DRIVE","","(ExternalAccess := Read/Write, MotionGroup := ""DRVS_MOT_GRP"", MotionModule := ""DRV04:Ch1"", ApplicationCatalogNumberInstance := 0, ApplicationCatalogNumberVersion := 0, AxisConfiguration := Position Loop, FeedbackConfiguration := Motor Feedback, MotorDataSource := Database, MotorCatalogNumber := ""VPL-B0752F-P"", Feedback1Type := Hiperface DSL, MotorType := Rotary Permanent Magnet, MotionScalingConfiguration := Control Scaling, ConversionConstant := 50000.0, OutputCamExecutionTargets := 0, PositionUnits := ""Degrees"", AverageVelocityTimebase := 0.25, PositionUnwind := 1000000, HomeMode := Active, HomeDirection := Bi-directional Reverse, HomeSequence := Switch, HomeConfigurationBits := 16#0000_0000, HomePosition := 0.0, HomeOffset := 0.0, HomeSpeed := 8.0, HomeReturnSpeed := 1.0, MaximumSpeed := 714.0, MaximumAcceleration := 107923.3, MaximumDeceleration := 107923.3, ProgrammedStopMode := Fast Stop, MasterInputConfigurationBits := 1, MasterPositionFilterBandwidth := 0.1, VelocityFeedforwardGain := 100.0, AccelerationFeedforwardGain := 100.0, PositionErrorTolerance := 3.0, PositionLockTolerance := 0.072, VelocityOffset := 0.0, TorqueOffset := 0.0, FrictionCompensationWindow := 0.0, BacklashReversalOffset := 0.0, TuningTravelLimit := 180.0, TuningSpeed := 10.0, TuningTorque := 100.0, DampingFactor := 0.9, DriveModelTimeConstant := 0.000537069, PositionServoBandwidth := 24.0, VelocityServoBandwidth := 115.81645, VelocityDroop := 0.0, VelocityLimitPositive := 1080.0, VelocityLimitNegative := -1080.0, VelocityThreshold := 756.0, VelocityStandstillWindow := 8.4, TorqueLimitPositive := 232.342, TorqueLimitNegative := -232.342, TorqueThreshold := 209.10779, StoppingTorque := 232.342, StoppingTimeLimit := 1.0, LoadInertiaRatio := 2.708895, RegistrationInputs := 2, MaximumAccelerationJerk := 16312938.0, MaximumDecelerationJerk := 16312938.0, DynamicsConfigurationBits := 7, AccelerationLimit := 308352.28, DecelerationLimit := 308352.28, PositionIntegratorBandwidth := 2.0, PositionErrorToleranceTime := 0.0, PositionIntegratorControl := 0, VelocityErrorTolerance := 530.0, VelocityErrorToleranceTime := 0.01, VelocityIntegratorControl := 0, VelocityLockTolerance := 8.4, SystemInertia := 0.010850333, TorqueLowPassFilterBandwidth := 0.0, TorqueNotchFilterFrequency := 0.0, TorqueRateLimit := 1000000.0, OvertorqueLimit := 200.0, OvertorqueLimitTime := 0.0, UndertorqueLimit := 10.0, UndertorqueLimitTime := 0.0, FluxCurrentReference := 0.0, CurrentError := 0.0, TorqueLoopBandwidth := 1000.0, StoppingAction := Current Decel Disable, MechanicalBrakeControl := Automatic, MechanicalBrakeReleaseDelay := 0.0, MechanicalBrakeEngageDelay := 0.0, InverterCapacity := 0.0, ConverterCapacity := 0.0, InverterOverloadAction := None, MotorOverloadAction := None, CIPAxisExceptionAction := Unsupported Unsupported Unsupported Disable Disable Disable Unsupported Disable Disable Disable Disable Disable Unsupported Disable Disable Disable Disable Unsupported Disable Unsupported Disable Disable Unsupported Disable Unsupported Disable Unsupported Unsupported Unsupported Disable Disable Disable Unsupported Disable Disable Disable Unsupported Unsupported Unsupported Disable Disable Unsupported Unsupported Unsupported Unsupported Disable Unsupported Disable Unsupported Disable Disable Disable Unsupported Unsupported Disable Disable Disable Disable Unsupported Unsupported Unsupported Unsupported Disable Unsupported, CIPAxisExceptionActionRA := Unsupported Unsupported Disable Unsupported Unsupported Unsupported Unsupported Unsupported Unsupported Unsupported Unsupported Unsupported Unsupported Unsupported Disable Unsupported Unsupported Unsupported Unsupported Unsupported Unsupported Unsupported Unsupported Unsupported Unsupported Disable Disable Unsupported Unsupported Unsupported Unsupported Unsupported Unsupported Unsupported Unsupported Unsupported Unsupported Unsupported Unsupported Unsupported Unsupported Unsupported Unsupported Unsupported Unsupported Unsupported Unsupported Unsupported Unsupported Unsupported Unsupported Unsupported Unsupported Unsupported Unsupported Unsupported Unsupported Unsupported Unsupported Unsupported Unsupported Unsupported Unsupported Unsupported, MotorOverspeedUserLimit := 120.0, MotorThermalOverloadUserLimit := 110.0, InverterThermalOverloadUserLimit := 110.0, PositionLeadLagFilterBandwidth := 0.0, PositionLeadLagFilterGain := 0.0, VelocityNegativeFeedforwardGain := 0.0, BacklashCompensationWindow := 0.0, TorqueLeadLagFilterBandwidth := 0.0, TorqueLeadLagFilterGain := 1.0, MotorDeviceCode := 16#0000_09e7, MotorUnit := Rev, MotorPolarity := Normal, MotorRatedVoltage := 480.0, MotorRatedContinuousCurrent := 2.69, MotorRatedPeakCurrent := 9.4, MotorRatedOutputPower := 0.8, MotorOverloadLimit := 100.0, MotorIntegralThermalSwitch := false, MotorMaxWindingTemperature := 155.0, MotorWindingToAmbientCapacitance := 923.0, MotorWindingToAmbientResistance := 1.04, PMMotorResistance := 7.82, PMMotorInductance := 0.02789, RotaryMotorPoles := 8, RotaryMotorInertia := 3.61405728e-005, RotaryMotorRatedSpeed := 7000.0, RotaryMotorMaxSpeed := 7000.0, PMMotorRatedTorque := 1.61, PMMotorTorqueConstant := 0.778, PMMotorRotaryVoltageConstant := 47.02518, Feedback1Unit := Rev, Feedback1StartupMethod := Absolute, Feedback1CycleResolution := 262144, Feedback1CycleInterpolation := 1, Feedback1Turns := 4096, Feedback1VelocityFilterBandwidth := 5092.9575, Feedback1AccelFilterBandwidth := 0.0, PMMotorFluxSaturation := 95.0 86.0 76.0 61.0 44.0 36.0 32.0 30.0, Feedback1VelocityFilterTaps := 1, Feedback1AccelFilterTaps := 1, CyclicReadUpdateList := TorqueNotchFilterFrequencyEstimate TorqueNotchFilterMagnitudeEstimate DCBusVoltage, ScalingSource := From Calculator, LoadType := Direct Coupled Rotary, ActuatorType := <none>, TravelMode := Unlimited, PositionScalingNumerator := 360.0, PositionScalingDenominator := 50.0, PositionUnwindNumerator := 1.0, PositionUnwindDenominator := 1.0, TravelRange := 1000.0, MotionResolution := 360000, MotionPolarity := Inverted, MotorTestResistance := 0.0, MotorTestInductance := 0.0, TuneFriction := 0.0, TuneLoadOffset := 0.0, TotalInertia := 3.61405728e-005, TuningSelect := Total Inertia, TuningDirection := Uni-directional Forward, ApplicationType := Custom, LoopResponse := High, FeedbackCommutationAligned := Motor Offset, FrictionCompensationSliding := 0.0, FrictionCompensationStatic := 0.0, FrictionCompensationViscous := 0.0, PositionLoopBandwidth := 20.0, VelocityLoopBandwidth := 64.0, VelocityIntegratorBandwidth := 0.0, FeedbackDataLossUserLimit := 4, MotionExceptionAction := Unsupported Disable Disable Unsupported Unsupported Unsupported Unsupported Unsupported Unsupported Unsupported Unsupported Unsupported Unsupported Unsupported Unsupported Unsupported Unsupported Unsupported Unsupported Unsupported Unsupported Unsupported Unsupported Unsupported Unsupported Unsupported Unsupported Unsupported Unsupported Unsupported Unsupported Unsupported, SoftTravelLimitChecking := false, LoadRatio := 0.0, TuneInertiaMass := 0.0, SoftTravelLimitPositive := 0.0, SoftTravelLimitNegative := 0.0, GainTuningConfigurationBits := 16#00c3, CommutationOffset := 0.0, SystemBandwidth := 24.0, VelocityLowPassFilterBandwidth := 0.0, TransmissionRatioInput := 1, TransmissionRatioOutput := 1, ActuatorLead := 1.0, ActuatorLeadUnit := Millimeter/Rev, ActuatorDiameter := 1.0, ActuatorDiameterUnit := Millimeter, SystemAccelerationBase := 9216.308, DriveModelTimeConstantBase := 0.000505819, DriveRatedPeakCurrent := 6.25, HookupTestDistance := 10.0, HookupTestFeedbackChannel := Feedback 1, LoadCoupling := Rigid, SystemDamping := 0.9, CurrentVectorLimit := 232.342, LoadObserverConfiguration := Load Observer with Velocity Estimate, LoadObserverBandwidth := 77.759995, LoadObserverIntegratorBandwidth := 0.0, LoadObserverFeedbackGain := 0.5, AxisID := 3916728999, InterpolatedPositionConfiguration := 16#0000_0002, AxisUpdateSchedule := Alternate 1, ProvingConfiguration := Disabled, TorqueProveCurrent := 0.0, BrakeTestTorque := 0.0, BrakeSlipTolerance := 0.0, ZeroSpeed := 1.0, ZeroSpeedTime := 0.0, AdaptiveTuningConfiguration := Tracking Notch, TorqueNotchFilterHighFrequencyLimit := 4000.0, TorqueNotchFilterLowFrequencyLimit := 296.33984, TorqueNotchFilterTuningThreshold := 5.0, CoastingTimeLimit := 0.0, BusOvervoltageOperationalLimit := 730.0, CurrentLoopBandwidthScalingFactor := 1.0, CurrentLoopBandwidth := 1000.0, DriveRatedVoltage := 460.0, MaxOutputFrequency := 600.0, MotorTestDataValid := False, HookupTestSpeed := 0.0)"
COMMENT,,DRV04,"HMI$NCURRENT POSITION$NBARRIER PRESS-N-CURE STATION",,"DRV04.ACTUALPOSITION"
COMMENT,,DRV04,"VELOCITY$NBARRIER PRESS-N-CURE STATION",,"DRV04.ACTUALVELOCITY"
TAG,,DRV05,"BARRIER PICK-N-PLACE BASE DRIVE","AXIS_CIP_DRIVE","","(ExternalAccess := Read/Write, MotionGroup := ""DRVS_MOT_GRP"", MotionModule := ""DRV05:Ch1"", ApplicationCatalogNumberInstance := 0, ApplicationCatalogNumberVersion := 0, AxisConfiguration := Position Loop, FeedbackConfiguration := Motor Feedback, MotorDataSource := Database, MotorCatalogNumber := ""VPL-B1003F-P"", Feedback1Type := Hiperface DSL, MotorType := Rotary Permanent Magnet, MotionScalingConfiguration := Control Scaling, ConversionConstant := 100000.0, OutputCamExecutionTargets := 0, PositionUnits := ""Degrees"", AverageVelocityTimebase := 0.25, PositionUnwind := 1000000, HomeMode := Active, HomeDirection := Bi-directional Reverse, HomeSequence := Switch, HomeConfigurationBits := 16#0000_0000, HomePosition := 0.0, HomeOffset := 0.0, HomeSpeed := 10.0, HomeReturnSpeed := 1.0, MaximumSpeed := 242.25, MaximumAcceleration := 46123.1, MaximumDeceleration := 46123.1, ProgrammedStopMode := Fast Stop, MasterInputConfigurationBits := 1, MasterPositionFilterBandwidth := 0.1, VelocityFeedforwardGain := 100.0, AccelerationFeedforwardGain := 0.0, PositionErrorTolerance := 7.7110567, PositionLockTolerance := 0.036, VelocityOffset := 0.0, TorqueOffset := 0.0, FrictionCompensationWindow := 0.0, BacklashReversalOffset := 0.0, TuningTravelLimit := 20.0, TuningSpeed := 100.0, TuningTorque := 100.0, DampingFactor := 1.0, DriveModelTimeConstant := 0.000537069, PositionServoBandwidth := 10.0, VelocityServoBandwidth := 74.122536, VelocityDroop := 0.0, VelocityLimitPositive := 540.0, VelocityLimitNegative := -540.0, VelocityThreshold := 256.5, VelocityStandstillWindow := 2.85, TorqueLimitPositive := 288.01843, TorqueLimitNegative := -288.01843, TorqueThreshold := 259.21658, StoppingTorque := 288.01843, StoppingTimeLimit := 1.0, LoadInertiaRatio := 0.67898476, RegistrationInputs := 2, MaximumAccelerationJerk := 8781591.0, MaximumDecelerationJerk := 8781591.0, DynamicsConfigurationBits := 7, AccelerationLimit := 131780.3, DecelerationLimit := 131780.3, PositionIntegratorBandwidth := 0.0, PositionErrorToleranceTime := 0.0, PositionIntegratorControl := 0, VelocityErrorTolerance := 367.03595, VelocityErrorToleranceTime := 0.01, VelocityIntegratorControl := 0, VelocityLockTolerance := 2.85, SystemInertia := 0.015736287, TorqueLowPassFilterBandwidth := 200.0, TorqueNotchFilterFrequency := 0.0, TorqueRateLimit := 1000000.0, OvertorqueLimit := 200.0, OvertorqueLimitTime := 0.0, UndertorqueLimit := 10.0, UndertorqueLimitTime := 0.0, FluxCurrentReference := 0.0, CurrentError := 0.0, TorqueLoopBandwidth := 1000.0, StoppingAction := Current Decel Disable, MechanicalBrakeControl := Automatic, MechanicalBrakeReleaseDelay := 0.0, MechanicalBrakeEngageDelay := 0.0, InverterCapacity := 0.0, ConverterCapacity := 0.0, InverterOverloadAction := None, MotorOverloadAction := None, CIPAxisExceptionAction := Unsupported Unsupported Unsupported Disable Disable Disable Unsupported Disable Disable Disable Disable Disable Unsupported Disable Disable Disable Disable Unsupported Disable Unsupported Disable Disable Unsupported Disable Unsupported Disable Unsupported Unsupported Unsupported Disable Disable Disable Unsupported Disable Disable Disable Unsupported Unsupported Unsupported Disable Disable Unsupported Unsupported Unsupported Unsupported Disable Unsupported Disable Unsupported Disable Disable Disable Unsupported Unsupported Disable Disable Disable Disable Unsupported Unsupported Unsupported Unsupported Disable Unsupported, CIPAxisExceptionActionRA := Unsupported Unsupported Disable Unsupported Unsupported Unsupported Unsupported Unsupported Unsupported Unsupported Unsupported Unsupported Unsupported Unsupported Disable Unsupported Unsupported Unsupported Unsupported Unsupported Unsupported Unsupported Unsupported Unsupported Unsupported Disable Disable Unsupported Unsupported Unsupported Unsupported Unsupported Unsupported Unsupported Unsupported Unsupported Unsupported Unsupported Unsupported Unsupported Unsupported Unsupported Unsupported Unsupported Unsupported Unsupported Unsupported Unsupported Unsupported Unsupported Unsupported Unsupported Unsupported Unsupported Unsupported Unsupported Unsupported Unsupported Unsupported Unsupported Unsupported Unsupported Unsupported Unsupported, MotorOverspeedUserLimit := 120.0, MotorThermalOverloadUserLimit := 110.0, InverterThermalOverloadUserLimit := 110.0, PositionLeadLagFilterBandwidth := 0.0, PositionLeadLagFilterGain := 0.0, VelocityNegativeFeedforwardGain := 0.0, BacklashCompensationWindow := 0.0, TorqueLeadLagFilterBandwidth := 0.0, TorqueLeadLagFilterGain := 1.0, MotorDeviceCode := 16#0000_08bd, MotorUnit := Rev, MotorPolarity := Normal, MotorRatedVoltage := 480.0, MotorRatedContinuousCurrent := 4.34, MotorRatedPeakCurrent := 14.28, MotorRatedOutputPower := 1.65, MotorOverloadLimit := 100.0, MotorIntegralThermalSwitch := false, MotorMaxWindingTemperature := 155.0, MotorWindingToAmbientCapacitance := 2033.0, MotorWindingToAmbientResistance := 0.71, PMMotorResistance := 3.99, PMMotorInductance := 0.02658, RotaryMotorPoles := 8, RotaryMotorInertia := 0.00012, RotaryMotorRatedSpeed := 4750.0, RotaryMotorMaxSpeed := 4750.0, PMMotorRatedTorque := 4.18, PMMotorTorqueConstant := 1.104, PMMotorRotaryVoltageConstant := 66.70128, Feedback1Unit := Rev, Feedback1StartupMethod := Absolute, Feedback1CycleResolution := 262144, Feedback1CycleInterpolation := 1, Feedback1Turns := 4096, Feedback1VelocityFilterBandwidth := 5092.9575, Feedback1AccelFilterBandwidth := 0.0, PMMotorFluxSaturation := 93.0 84.0 73.0 62.0 52.0 43.0 37.0 35.0, Feedback1VelocityFilterTaps := 1, Feedback1AccelFilterTaps := 1, ScalingSource := From Calculator, LoadType := Direct Coupled Rotary, ActuatorType := <none>, TravelMode := Unlimited, PositionScalingNumerator := 360.0, PositionScalingDenominator := 100.0, PositionUnwindNumerator := 1.0, PositionUnwindDenominator := 1.0, TravelRange := 1000.0, MotionResolution := 360000, MotionPolarity := Inverted, MotorTestResistance := 0.0, MotorTestInductance := 0.0, TuneFriction := 0.0, TuneLoadOffset := 0.0, TotalInertia := 0.00012, TuningSelect := Total Inertia, TuningDirection := Uni-directional Forward, ApplicationType := Basic, LoopResponse := Medium, FeedbackCommutationAligned := Motor Offset, FrictionCompensationSliding := 0.0, FrictionCompensationStatic := 0.0, FrictionCompensationViscous := 0.0, PositionLoopBandwidth := 10.0, VelocityLoopBandwidth := 40.0, VelocityIntegratorBandwidth := 0.0, FeedbackDataLossUserLimit := 4, MotionExceptionAction := Unsupported Disable Disable Unsupported Unsupported Unsupported Unsupported Unsupported Unsupported Unsupported Unsupported Unsupported Unsupported Unsupported Unsupported Unsupported Unsupported Unsupported Unsupported Unsupported Unsupported Unsupported Unsupported Unsupported Unsupported Unsupported Unsupported Unsupported Unsupported Unsupported Unsupported Unsupported, SoftTravelLimitChecking := false, LoadRatio := 0.0, TuneInertiaMass := 0.0, SoftTravelLimitPositive := 0.0, SoftTravelLimitNegative := 0.0, GainTuningConfigurationBits := 16#0143, CommutationOffset := 0.0, SystemBandwidth := 10.0, VelocityLowPassFilterBandwidth := 0.0, TransmissionRatioInput := 1, TransmissionRatioOutput := 1, ActuatorLead := 1.0, ActuatorLeadUnit := Millimeter/Rev, ActuatorDiameter := 1.0, ActuatorDiameterUnit := Millimeter, SystemAccelerationBase := 6354.739, DriveModelTimeConstantBase := 0.000505819, DriveRatedPeakCurrent := 12.5, HookupTestDistance := 10.0, HookupTestFeedbackChannel := Feedback 1, LoadCoupling := Rigid, SystemDamping := 1.0, CurrentVectorLimit := 288.01843, LoadObserverConfiguration := Disabled, LoadObserverBandwidth := 0.0, LoadObserverIntegratorBandwidth := 0.0, LoadObserverFeedbackGain := 0.5, AxisID := 3922982266, InterpolatedPositionConfiguration := 16#0000_0002, AxisUpdateSchedule := Alternate 1, ProvingConfiguration := Disabled, TorqueProveCurrent := 0.0, BrakeTestTorque := 0.0, BrakeSlipTolerance := 0.0, ZeroSpeed := 1.0, ZeroSpeedTime := 0.0, AdaptiveTuningConfiguration := Disabled, TorqueNotchFilterHighFrequencyLimit := 2000.0, TorqueNotchFilterLowFrequencyLimit := 296.33984, TorqueNotchFilterTuningThreshold := 5.0, CoastingTimeLimit := 0.0, BusOvervoltageOperationalLimit := 730.0, CurrentLoopBandwidthScalingFactor := 1.0, CurrentLoopBandwidth := 1000.0, DriveRatedVoltage := 460.0, MaxOutputFrequency := 600.0, MotorTestDataValid := False, HookupTestSpeed := 0.0)"
COMMENT,,DRV05,"BASE DRIVE HAS COMPLETED HOMING REGISTRATION$NBARRIER PICK-N-PLACE/$NCORONA TREAT",,"DRV05.AXISHOMEDSTATUS"
COMMENT,,DRV05,"CURRENT ACTUAL POSITION$NBASE DRIVE$NBARRIER PICK-N-PLACE/CORONA TREATER",,"DRV05.ACTUALPOSITION"
TAG,,DRV06,"BARRIER PICK N PLACE PICK HEAD DRIVE","AXIS_CIP_DRIVE","","(ExternalAccess := Read/Write, MotionGroup := ""DRVS_MOT_GRP"", MotionModule := ""DRV06:Ch1"", ApplicationCatalogNumberInstance := 0, ApplicationCatalogNumberVersion := 0, AxisConfiguration := Position Loop, FeedbackConfiguration := Motor Feedback, MotorDataSource := Database, MotorCatalogNumber := ""VPL-B0631T-P"", Feedback1Type := Hiperface DSL, MotorType := Rotary Permanent Magnet, MotionScalingConfiguration := Control Scaling, ConversionConstant := 1000.0, OutputCamExecutionTargets := 0, PositionUnits := ""Degrees"", AverageVelocityTimebase := 0.25, PositionUnwind := 360000, HomeMode := Active, HomeDirection := Bi-directional Reverse, HomeSequence := Switch, HomeConfigurationBits := 16#0000_0000, HomePosition := 0.0, HomeOffset := 0.0, HomeSpeed := 50.0, HomeReturnSpeed := 10.0, MaximumSpeed := 40800.0, MaximumAcceleration := 5286838.0, MaximumDeceleration := 5286838.0, ProgrammedStopMode := Fast Stop, MasterInputConfigurationBits := 1, MasterPositionFilterBandwidth := 0.1, VelocityFeedforwardGain := 100.0, AccelerationFeedforwardGain := 0.0, PositionErrorTolerance := 162.33803, PositionLockTolerance := 3.6, VelocityOffset := 0.0, TorqueOffset := 0.0, FrictionCompensationWindow := 0.0, BacklashReversalOffset := 0.0, TuningTravelLimit := 360.0, TuningSpeed := 20.0, TuningTorque := 100.0, DampingFactor := 0.8, DriveModelTimeConstant := 0.000537069, PositionServoBandwidth := 80.0, VelocityServoBandwidth := 115.81645, VelocityDroop := 0.0, VelocityLimitPositive := 54000.0, VelocityLimitNegative := -54000.0, VelocityThreshold := 43200.0, VelocityStandstillWindow := 480.0, TorqueLimitPositive := 294.11765, TorqueLimitNegative := -294.11765, TorqueThreshold := 264.70587, StoppingTorque := 294.11765, StoppingTimeLimit := 1.0, LoadInertiaRatio := 0.9981924, RegistrationInputs := 2, MaximumAccelerationJerk := 685065088.0, MaximumDecelerationJerk := 685065088.0, DynamicsConfigurationBits := 7, AccelerationLimit := 15105251.0, DecelerationLimit := 15105251.0, PositionIntegratorBandwidth := 0.0, PositionErrorToleranceTime := 0.0, PositionIntegratorControl := 0, VelocityErrorTolerance := 8217.054, VelocityErrorToleranceTime := 0.01, VelocityIntegratorControl := 0, VelocityLockTolerance := 480.0, SystemInertia := 0.014019278, TorqueLowPassFilterBandwidth := 0.0, TorqueNotchFilterFrequency := 0.0, TorqueRateLimit := 1000000.0, OvertorqueLimit := 200.0, OvertorqueLimitTime := 0.0, UndertorqueLimit := 10.0, UndertorqueLimitTime := 0.0, FluxCurrentReference := 0.0, CurrentError := 0.0, TorqueLoopBandwidth := 1000.0, StoppingAction := Current Decel Disable, MechanicalBrakeControl := Automatic, MechanicalBrakeReleaseDelay := 0.0, MechanicalBrakeEngageDelay := 0.0, InverterCapacity := 0.0, ConverterCapacity := 0.0, InverterOverloadAction := None, MotorOverloadAction := None, CIPAxisExceptionAction := Unsupported Unsupported Unsupported Disable Disable Disable Unsupported Disable Disable Disable Disable Disable Unsupported Disable Disable Disable Disable Unsupported Disable Unsupported Disable Disable Unsupported Disable Unsupported Disable Unsupported Unsupported Unsupported Disable Disable Disable Unsupported Disable Disable Disable Unsupported Unsupported Unsupported Disable Disable Unsupported Unsupported Unsupported Unsupported Disable Unsupported Disable Unsupported Disable Disable Disable Unsupported Unsupported Disable Disable Disable Disable Unsupported Unsupported Unsupported Unsupported Disable Unsupported, CIPAxisExceptionActionRA := Unsupported Unsupported Disable Unsupported Unsupported Unsupported Unsupported Unsupported Unsupported Unsupported Unsupported Unsupported Unsupported Unsupported Disable Unsupported Unsupported Unsupported Unsupported Unsupported Unsupported Unsupported Unsupported Unsupported Unsupported Disable Disable Unsupported Unsupported Unsupported Unsupported Unsupported Unsupported Unsupported Unsupported Unsupported Unsupported Unsupported Unsupported Unsupported Unsupported Unsupported Unsupported Unsupported Unsupported Unsupported Unsupported Unsupported Unsupported Unsupported Unsupported Unsupported Unsupported Unsupported Unsupported Unsupported Unsupported Unsupported Unsupported Unsupported Unsupported Unsupported Unsupported Unsupported, MotorOverspeedUserLimit := 120.0, MotorThermalOverloadUserLimit := 110.0, InverterThermalOverloadUserLimit := 110.0, PositionLeadLagFilterBandwidth := 0.0, PositionLeadLagFilterGain := 0.0, VelocityNegativeFeedforwardGain := 0.0, BacklashCompensationWindow := 0.0, TorqueLeadLagFilterBandwidth := 0.0, TorqueLeadLagFilterGain := 1.0, MotorDeviceCode := 16#0000_094f, MotorUnit := Rev, MotorPolarity := Normal, MotorRatedVoltage := 480.0, MotorRatedContinuousCurrent := 0.85, MotorRatedPeakCurrent := 2.97, MotorRatedOutputPower := 0.31, MotorOverloadLimit := 100.0, MotorIntegralThermalSwitch := false, MotorMaxWindingTemperature := 155.0, MotorWindingToAmbientCapacitance := 1336.0, MotorWindingToAmbientResistance := 0.52, PMMotorResistance := 29.01, PMMotorInductance := 0.0397, RotaryMotorPoles := 8, RotaryMotorInertia := 0.000011, RotaryMotorRatedSpeed := 8000.0, RotaryMotorMaxSpeed := 8000.0, PMMotorRatedTorque := 0.46, PMMotorTorqueConstant := 0.58, PMMotorRotaryVoltageConstant := 35.05671, Feedback1Unit := Rev, Feedback1StartupMethod := Absolute, Feedback1CycleResolution := 262144, Feedback1CycleInterpolation := 1, Feedback1Turns := 4096, Feedback1VelocityFilterBandwidth := 5092.9575, Feedback1AccelFilterBandwidth := 0.0, PMMotorFluxSaturation := 95.0 88.0 83.0 80.0 70.0 65.0 60.0 55.0, Feedback1VelocityFilterTaps := 1, Feedback1AccelFilterTaps := 1, CyclicReadUpdateList := TorqueNotchFilterFrequencyEstimate TorqueNotchFilterMagnitudeEstimate, ScalingSource := From Calculator, LoadType := Direct Coupled Rotary, ActuatorType := <none>, TravelMode := Cyclic, PositionScalingNumerator := 360.0, PositionScalingDenominator := 1.0, PositionUnwindNumerator := 360.0, PositionUnwindDenominator := 1.0, TravelRange := 1000.0, MotionResolution := 360000, MotionPolarity := Normal, MotorTestResistance := 0.0, MotorTestInductance := 0.0, TuneFriction := 0.0, TuneLoadOffset := 0.0, TotalInertia := 0.000011, TuningSelect := Total Inertia, TuningDirection := Uni-directional Forward, ApplicationType := Custom, LoopResponse := High, FeedbackCommutationAligned := Motor Offset, FrictionCompensationSliding := 0.0, FrictionCompensationStatic := 0.0, FrictionCompensationViscous := 0.0, PositionLoopBandwidth := 80.0, VelocityLoopBandwidth := 204.80002, VelocityIntegratorBandwidth := 0.0, FeedbackDataLossUserLimit := 4, MotionExceptionAction := Unsupported Disable Disable Unsupported Unsupported Unsupported Unsupported Unsupported Unsupported Unsupported Unsupported Unsupported Unsupported Unsupported Unsupported Unsupported Unsupported Unsupported Unsupported Unsupported Unsupported Unsupported Unsupported Unsupported Unsupported Unsupported Unsupported Unsupported Unsupported Unsupported Unsupported Unsupported, SoftTravelLimitChecking := false, LoadRatio := 0.0, TuneInertiaMass := 0.0, SoftTravelLimitPositive := 0.0, SoftTravelLimitNegative := 0.0, GainTuningConfigurationBits := 16#0043, CommutationOffset := 0.0, SystemBandwidth := 80.0, VelocityLowPassFilterBandwidth := 0.0, TransmissionRatioInput := 1, TransmissionRatioOutput := 1, ActuatorLead := 1.0, ActuatorLeadUnit := Millimeter/Rev, ActuatorDiameter := 1.0, ActuatorDiameterUnit := Millimeter, SystemAccelerationBase := 7133.035, DriveModelTimeConstantBase := 0.000505819, DriveRatedPeakCurrent := 2.5, HookupTestDistance := 360.0, HookupTestFeedbackChannel := Feedback 1, LoadCoupling := Rigid, SystemDamping := 0.8, CurrentVectorLimit := 294.11765, LoadObserverConfiguration := Load Observer with Velocity Estimate, LoadObserverBandwidth := 204.80002, LoadObserverIntegratorBandwidth := 0.0, LoadObserverFeedbackGain := 0.5, AxisID := 4012716598, InterpolatedPositionConfiguration := 16#0000_0002, AxisUpdateSchedule := Alternate 1, ProvingConfiguration := Disabled, TorqueProveCurrent := 0.0, BrakeTestTorque := 0.0, BrakeSlipTolerance := 0.0, ZeroSpeed := 1.0, ZeroSpeedTime := 0.0, AdaptiveTuningConfiguration := Tracking Notch, TorqueNotchFilterHighFrequencyLimit := 2000.0, TorqueNotchFilterLowFrequencyLimit := 296.33984, TorqueNotchFilterTuningThreshold := 5.0, CoastingTimeLimit := 0.0, BusOvervoltageOperationalLimit := 730.0, CurrentLoopBandwidthScalingFactor := 1.0, CurrentLoopBandwidth := 1000.0, DriveRatedVoltage := 460.0, MaxOutputFrequency := 600.0, MotorTestDataValid := False, HookupTestSpeed := 0.0)"
COMMENT,,DRV06,"PICK HEAD DRIVE HAS COMPLETED HOMING REGISTRATION$NBARRIER PICK-N-PLACE/$NCORONA TREAT",,"DRV06.AXISHOMEDSTATUS"
COMMENT,,DRV06,"CURRENT ACTUAL POSITION$NPICK HEAD DRIVE$NBARRIER PICK-N-PLACE/CORONA TREATER",,"DRV06.ACTUALPOSITION"
TAG,,DRV10,"GLUE X AXIS DRIVE","AXIS_CIP_DRIVE","","(ExternalAccess := Read/Write, MotionGroup := ""DRVS_MOT_GRP"", MotionModule := ""DRV10:Ch1"", ApplicationCatalogNumberInstance := 0, ApplicationCatalogNumberVersion := 0, AxisConfiguration := Position Loop, FeedbackConfiguration := Motor Feedback, MotorDataSource := Database, MotorCatalogNumber := ""VPL-B0752F-P"", Feedback1Type := Hiperface DSL, MotorType := Rotary Permanent Magnet, MotionScalingConfiguration := Control Scaling, ConversionConstant := 10000.0, OutputCamExecutionTargets := 0, PositionUnits := ""MM"", AverageVelocityTimebase := 0.25, PositionUnwind := 1000000, HomeMode := Active, HomeDirection := Bi-directional Reverse, HomeSequence := Switch, HomeConfigurationBits := 16#0000_0000, HomePosition := 0.0, HomeOffset := 2.0, HomeSpeed := 15.0, HomeReturnSpeed := 1.0, MaximumSpeed := 991.6667, MaximumAcceleration := 186801.23, MaximumDeceleration := 186801.23, ProgrammedStopMode := Fast Stop, MasterInputConfigurationBits := 1, MasterPositionFilterBandwidth := 0.1, VelocityFeedforwardGain := 100.0, AccelerationFeedforwardGain := 0.0, PositionErrorTolerance := 20.050575, PositionLockTolerance := 0.099999994, VelocityOffset := 0.0, TorqueOffset := 0.0, FrictionCompensationWindow := 0.0, BacklashReversalOffset := 0.0, TuningTravelLimit := 10.0, TuningSpeed := 25.0, TuningTorque := 100.0, DampingFactor := 1.0, DriveModelTimeConstant := 0.000537069, PositionServoBandwidth := 18.52124, VelocityServoBandwidth := 74.08496, VelocityDroop := 0.0, VelocityLimitPositive := 1500.0, VelocityLimitNegative := -1500.0, VelocityThreshold := 1049.9999, VelocityStandstillWindow := 11.666666, TorqueLimitPositive := 232.342, TorqueLimitNegative := -232.342, TorqueThreshold := 209.10779, StoppingTorque := 232.342, StoppingTimeLimit := 1.0, LoadInertiaRatio := 0.0, RegistrationInputs := 2, MaximumAccelerationJerk := 35187932.0, MaximumDecelerationJerk := 35187932.0, DynamicsConfigurationBits := 7, AccelerationLimit := 533717.8, DecelerationLimit := 533717.8, PositionIntegratorBandwidth := 0.0, PositionErrorToleranceTime := 0.0, PositionIntegratorControl := 1, VelocityErrorTolerance := 1146.5731, VelocityErrorToleranceTime := 0.01, VelocityIntegratorControl := 1, VelocityLockTolerance := 11.666666, SystemInertia := 0.008706548, TorqueLowPassFilterBandwidth := 0.0, TorqueNotchFilterFrequency := 0.0, TorqueRateLimit := 1000000.0, OvertorqueLimit := 200.0, OvertorqueLimitTime := 0.0, UndertorqueLimit := 10.0, UndertorqueLimitTime := 0.0, FluxCurrentReference := 0.0, CurrentError := 0.0, TorqueLoopBandwidth := 1000.0, StoppingAction := Current Decel Disable, MechanicalBrakeControl := Automatic, MechanicalBrakeReleaseDelay := 0.0, MechanicalBrakeEngageDelay := 0.0, InverterCapacity := 0.0, ConverterCapacity := 0.0, InverterOverloadAction := None, MotorOverloadAction := None, CIPAxisExceptionAction := Unsupported Unsupported Unsupported Disable Disable Disable Unsupported Disable Disable Disable Disable Disable Unsupported Disable Disable Disable Disable Unsupported Disable Unsupported Disable Disable Unsupported Disable Unsupported Disable Unsupported Unsupported Unsupported Disable Disable Disable Unsupported Disable Disable Disable Unsupported Unsupported Unsupported Disable Disable Unsupported Unsupported Unsupported Unsupported Disable Unsupported Disable Unsupported Disable Disable Disable Unsupported Unsupported Disable Disable Disable Disable Unsupported Unsupported Unsupported Unsupported Disable Unsupported, CIPAxisExceptionActionRA := Unsupported Unsupported Disable Unsupported Unsupported Unsupported Unsupported Unsupported Unsupported Unsupported Unsupported Unsupported Unsupported Unsupported Disable Unsupported Unsupported Unsupported Unsupported Unsupported Unsupported Unsupported Unsupported Unsupported Unsupported Disable Disable Unsupported Unsupported Unsupported Unsupported Unsupported Unsupported Unsupported Unsupported Unsupported Unsupported Unsupported Unsupported Unsupported Unsupported Unsupported Unsupported Unsupported Unsupported Unsupported Unsupported Unsupported Unsupported Unsupported Unsupported Unsupported Unsupported Unsupported Unsupported Unsupported Unsupported Unsupported Unsupported Unsupported Unsupported Unsupported Unsupported Unsupported, MotorOverspeedUserLimit := 120.0, MotorThermalOverloadUserLimit := 110.0, InverterThermalOverloadUserLimit := 110.0, PositionLeadLagFilterBandwidth := 0.0, PositionLeadLagFilterGain := 0.0, VelocityNegativeFeedforwardGain := 0.0, BacklashCompensationWindow := 0.0, TorqueLeadLagFilterBandwidth := 0.0, TorqueLeadLagFilterGain := 1.0, MotorDeviceCode := 16#0000_09e7, MotorUnit := Rev, MotorPolarity := Normal, MotorRatedVoltage := 480.0, MotorRatedContinuousCurrent := 2.69, MotorRatedPeakCurrent := 9.4, MotorRatedOutputPower := 0.8, MotorOverloadLimit := 100.0, MotorIntegralThermalSwitch := false, MotorMaxWindingTemperature := 155.0, MotorWindingToAmbientCapacitance := 923.0, MotorWindingToAmbientResistance := 1.04, PMMotorResistance := 7.82, PMMotorInductance := 0.02789, RotaryMotorPoles := 8, RotaryMotorInertia := 0.000029, RotaryMotorRatedSpeed := 7000.0, RotaryMotorMaxSpeed := 7000.0, PMMotorRatedTorque := 1.61, PMMotorTorqueConstant := 0.778, PMMotorRotaryVoltageConstant := 47.02518, Feedback1Unit := Rev, Feedback1StartupMethod := Absolute, Feedback1CycleResolution := 262144, Feedback1CycleInterpolation := 1, Feedback1Turns := 4096, Feedback1VelocityFilterBandwidth := 5092.9575, Feedback1AccelFilterBandwidth := 0.0, PMMotorFluxSaturation := 95.0 86.0 76.0 61.0 44.0 36.0 32.0 30.0, Feedback1VelocityFilterTaps := 1, Feedback1AccelFilterTaps := 1, CyclicReadUpdateList := TorqueNotchFilterFrequencyEstimate TorqueNotchFilterMagnitudeEstimate, ScalingSource := From Calculator, LoadType := Linear Actuator, ActuatorType := Screw, TravelMode := Limited, PositionScalingNumerator := 1.0, PositionScalingDenominator := 1.0, PositionUnwindNumerator := 1.0, PositionUnwindDenominator := 1.0, TravelRange := 1000.0, MotionResolution := 10000, MotionPolarity := Inverted, MotorTestResistance := 0.0, MotorTestInductance := 0.0, TuneFriction := 0.0, TuneLoadOffset := 0.0, TotalInertia := 0.000029, TuningSelect := Total Inertia, TuningDirection := Uni-directional Forward, ApplicationType := Custom, LoopResponse := Medium, FeedbackCommutationAligned := Motor Offset, FrictionCompensationSliding := 0.0, FrictionCompensationStatic := 0.0, FrictionCompensationViscous := 0.0, PositionLoopBandwidth := 18.52124, VelocityLoopBandwidth := 74.08496, VelocityIntegratorBandwidth := 0.0, FeedbackDataLossUserLimit := 4, MotionExceptionAction := Unsupported Disable Disable Unsupported Unsupported Unsupported Unsupported Unsupported Unsupported Unsupported Unsupported Unsupported Unsupported Unsupported Unsupported Unsupported Unsupported Unsupported Unsupported Unsupported Unsupported Unsupported Unsupported Unsupported Unsupported Unsupported Unsupported Unsupported Unsupported Unsupported Unsupported Unsupported, SoftTravelLimitChecking := false, LoadRatio := 0.0, TuneInertiaMass := 0.0, SoftTravelLimitPositive := 0.0, SoftTravelLimitNegative := 0.0, GainTuningConfigurationBits := 16#0043, CommutationOffset := 0.0, SystemBandwidth := 18.52124, VelocityLowPassFilterBandwidth := 0.0, TransmissionRatioInput := 1, TransmissionRatioOutput := 1, ActuatorLead := 10.0, ActuatorLeadUnit := Millimeter/Rev, ActuatorDiameter := 1.0, ActuatorDiameterUnit := Millimeter, SystemAccelerationBase := 11485.608, DriveModelTimeConstantBase := 0.000505819, DriveRatedPeakCurrent := 6.25, HookupTestDistance := 1.0, HookupTestFeedbackChannel := Feedback 1, LoadCoupling := Rigid, SystemDamping := 1.0, CurrentVectorLimit := 232.342, LoadObserverConfiguration := Load Observer with Velocity Estimate, LoadObserverBandwidth := 296.33984, LoadObserverIntegratorBandwidth := 0.0, LoadObserverFeedbackGain := 0.5, AxisID := 3834477876, InterpolatedPositionConfiguration := 16#0000_0002, AxisUpdateSchedule := Base, ProvingConfiguration := Disabled, TorqueProveCurrent := 0.0, BrakeTestTorque := 0.0, BrakeSlipTolerance := 0.0, ZeroSpeed := 1.0, ZeroSpeedTime := 0.0, AdaptiveTuningConfiguration := Tracking Notch, TorqueNotchFilterHighFrequencyLimit := 2000.0, TorqueNotchFilterLowFrequencyLimit := 296.33984, TorqueNotchFilterTuningThreshold := 5.0, CoastingTimeLimit := 0.0, BusOvervoltageOperationalLimit := 730.0, CurrentLoopBandwidthScalingFactor := 1.0, CurrentLoopBandwidth := 1000.0, DriveRatedVoltage := 460.0, MaxOutputFrequency := 600.0, MotorTestDataValid := False, HookupTestSpeed := 0.0)"
TAG,,DRV11,"GLUE Y AXIS DRIVE","AXIS_CIP_DRIVE","","(ExternalAccess := Read/Write, MotionGroup := ""DRVS_MOT_GRP"", MotionModule := ""DRV11:Ch1"", ApplicationCatalogNumberInstance := 0, ApplicationCatalogNumberVersion := 0, AxisConfiguration := Position Loop, FeedbackConfiguration := Motor Feedback, MotorDataSource := Database, MotorCatalogNumber := ""VPL-B0752F-P"", Feedback1Type := Hiperface DSL, MotorType := Rotary Permanent Magnet, MotionScalingConfiguration := Control Scaling, ConversionConstant := 10000.0, OutputCamExecutionTargets := 0, PositionUnits := ""MM"", AverageVelocityTimebase := 0.25, PositionUnwind := 1000000, HomeMode := Active, HomeDirection := Bi-directional Reverse, HomeSequence := Switch, HomeConfigurationBits := 16#0000_0000, HomePosition := 0.0, HomeOffset := 2.0, HomeSpeed := 15.0, HomeReturnSpeed := 1.0, MaximumSpeed := 991.6667, MaximumAcceleration := 186801.23, MaximumDeceleration := 186801.23, ProgrammedStopMode := Fast Stop, MasterInputConfigurationBits := 1, MasterPositionFilterBandwidth := 0.1, VelocityFeedforwardGain := 100.0, AccelerationFeedforwardGain := 0.0, PositionErrorTolerance := 20.050575, PositionLockTolerance := 0.099999994, VelocityOffset := 0.0, TorqueOffset := 0.0, FrictionCompensationWindow := 0.0, BacklashReversalOffset := 0.0, TuningTravelLimit := 10.0, TuningSpeed := 25.0, TuningTorque := 100.0, DampingFactor := 1.0, DriveModelTimeConstant := 0.000537069, PositionServoBandwidth := 18.52124, VelocityServoBandwidth := 74.08496, VelocityDroop := 0.0, VelocityLimitPositive := 1500.0, VelocityLimitNegative := -1500.0, VelocityThreshold := 1049.9999, VelocityStandstillWindow := 11.666666, TorqueLimitPositive := 232.342, TorqueLimitNegative := -232.342, TorqueThreshold := 209.10779, StoppingTorque := 232.342, StoppingTimeLimit := 1.0, LoadInertiaRatio := 1.6233644, RegistrationInputs := 2, MaximumAccelerationJerk := 35187932.0, MaximumDecelerationJerk := 35187932.0, DynamicsConfigurationBits := 7, AccelerationLimit := 533717.8, DecelerationLimit := 533717.8, PositionIntegratorBandwidth := 0.0, PositionErrorToleranceTime := 0.0, PositionIntegratorControl := 1, VelocityErrorTolerance := 1146.5731, VelocityErrorToleranceTime := 0.01, VelocityIntegratorControl := 1, VelocityLockTolerance := 11.666666, SystemInertia := 0.008706548, TorqueLowPassFilterBandwidth := 0.0, TorqueNotchFilterFrequency := 0.0, TorqueRateLimit := 1000000.0, OvertorqueLimit := 200.0, OvertorqueLimitTime := 0.0, UndertorqueLimit := 10.0, UndertorqueLimitTime := 0.0, FluxCurrentReference := 0.0, CurrentError := 0.0, TorqueLoopBandwidth := 1000.0, StoppingAction := Current Decel Disable, MechanicalBrakeControl := Automatic, MechanicalBrakeReleaseDelay := 0.0, MechanicalBrakeEngageDelay := 0.0, InverterCapacity := 0.0, ConverterCapacity := 0.0, InverterOverloadAction := None, MotorOverloadAction := None, CIPAxisExceptionAction := Unsupported Unsupported Unsupported Disable Disable Disable Unsupported Disable Disable Disable Disable Disable Unsupported Disable Disable Disable Disable Unsupported Disable Unsupported Disable Disable Unsupported Disable Unsupported Disable Unsupported Unsupported Unsupported Disable Disable Disable Unsupported Disable Disable Disable Unsupported Unsupported Unsupported Disable Disable Unsupported Unsupported Unsupported Unsupported Disable Unsupported Disable Unsupported Disable Disable Disable Unsupported Unsupported Disable Disable Disable Disable Unsupported Unsupported Unsupported Unsupported Disable Unsupported, CIPAxisExceptionActionRA := Unsupported Unsupported Disable Unsupported Unsupported Unsupported Unsupported Unsupported Unsupported Unsupported Unsupported Unsupported Unsupported Unsupported Disable Unsupported Unsupported Unsupported Unsupported Unsupported Unsupported Unsupported Unsupported Unsupported Unsupported Disable Disable Unsupported Unsupported Unsupported Unsupported Unsupported Unsupported Unsupported Unsupported Unsupported Unsupported Unsupported Unsupported Unsupported Unsupported Unsupported Unsupported Unsupported Unsupported Unsupported Unsupported Unsupported Unsupported Unsupported Unsupported Unsupported Unsupported Unsupported Unsupported Unsupported Unsupported Unsupported Unsupported Unsupported Unsupported Unsupported Unsupported Unsupported, MotorOverspeedUserLimit := 120.0, MotorThermalOverloadUserLimit := 110.0, InverterThermalOverloadUserLimit := 110.0, PositionLeadLagFilterBandwidth := 0.0, PositionLeadLagFilterGain := 0.0, VelocityNegativeFeedforwardGain := 0.0, BacklashCompensationWindow := 0.0, TorqueLeadLagFilterBandwidth := 0.0, TorqueLeadLagFilterGain := 1.0, MotorDeviceCode := 16#0000_09e7, MotorUnit := Rev, MotorPolarity := Normal, MotorRatedVoltage := 480.0, MotorRatedContinuousCurrent := 2.69, MotorRatedPeakCurrent := 9.4, MotorRatedOutputPower := 0.8, MotorOverloadLimit := 100.0, MotorIntegralThermalSwitch := false, MotorMaxWindingTemperature := 155.0, MotorWindingToAmbientCapacitance := 923.0, MotorWindingToAmbientResistance := 1.04, PMMotorResistance := 7.82, PMMotorInductance := 0.02789, RotaryMotorPoles := 8, RotaryMotorInertia := 0.000029, RotaryMotorRatedSpeed := 7000.0, RotaryMotorMaxSpeed := 7000.0, PMMotorRatedTorque := 1.61, PMMotorTorqueConstant := 0.778, PMMotorRotaryVoltageConstant := 47.02518, Feedback1Unit := Rev, Feedback1StartupMethod := Absolute, Feedback1CycleResolution := 262144, Feedback1CycleInterpolation := 1, Feedback1Turns := 4096, Feedback1VelocityFilterBandwidth := 5092.9575, Feedback1AccelFilterBandwidth := 0.0, PMMotorFluxSaturation := 95.0 86.0 76.0 61.0 44.0 36.0 32.0 30.0, Feedback1VelocityFilterTaps := 1, Feedback1AccelFilterTaps := 1, CyclicReadUpdateList := TorqueNotchFilterFrequencyEstimate TorqueNotchFilterMagnitudeEstimate, ScalingSource := From Calculator, LoadType := Linear Actuator, ActuatorType := Screw, TravelMode := Limited, PositionScalingNumerator := 1.0, PositionScalingDenominator := 1.0, PositionUnwindNumerator := 1.0, PositionUnwindDenominator := 1.0, TravelRange := 1000.0, MotionResolution := 10000, MotionPolarity := Inverted, MotorTestResistance := 0.0, MotorTestInductance := 0.0, TuneFriction := 0.0, TuneLoadOffset := 0.0, TotalInertia := 0.000029, TuningSelect := Total Inertia, TuningDirection := Uni-directional Forward, ApplicationType := Custom, LoopResponse := Medium, FeedbackCommutationAligned := Motor Offset, FrictionCompensationSliding := 0.0, FrictionCompensationStatic := 0.0, FrictionCompensationViscous := 0.0, PositionLoopBandwidth := 18.52124, VelocityLoopBandwidth := 74.08496, VelocityIntegratorBandwidth := 0.0, FeedbackDataLossUserLimit := 4, MotionExceptionAction := Unsupported Disable Disable Unsupported Unsupported Unsupported Unsupported Unsupported Unsupported Unsupported Unsupported Unsupported Unsupported Unsupported Unsupported Unsupported Unsupported Unsupported Unsupported Unsupported Unsupported Unsupported Unsupported Unsupported Unsupported Unsupported Unsupported Unsupported Unsupported Unsupported Unsupported Unsupported, SoftTravelLimitChecking := false, LoadRatio := 0.0, TuneInertiaMass := 0.0, SoftTravelLimitPositive := 0.0, SoftTravelLimitNegative := 0.0, GainTuningConfigurationBits := 16#0043, CommutationOffset := 0.0, SystemBandwidth := 18.52124, VelocityLowPassFilterBandwidth := 0.0, TransmissionRatioInput := 1, TransmissionRatioOutput := 1, ActuatorLead := 10.0, ActuatorLeadUnit := Millimeter/Rev, ActuatorDiameter := 1.0, ActuatorDiameterUnit := Millimeter, SystemAccelerationBase := 11485.608, DriveModelTimeConstantBase := 0.000505819, DriveRatedPeakCurrent := 6.25, HookupTestDistance := 10.0, HookupTestFeedbackChannel := Feedback 1, LoadCoupling := Rigid, SystemDamping := 1.0, CurrentVectorLimit := 232.342, LoadObserverConfiguration := Load Observer with Velocity Estimate, LoadObserverBandwidth := 296.33984, LoadObserverIntegratorBandwidth := 0.0, LoadObserverFeedbackGain := 0.5, AxisID := 3834308554, InterpolatedPositionConfiguration := 16#0000_0002, AxisUpdateSchedule := Base, ProvingConfiguration := Disabled, TorqueProveCurrent := 0.0, BrakeTestTorque := 0.0, BrakeSlipTolerance := 0.0, ZeroSpeed := 1.0, ZeroSpeedTime := 0.0, AdaptiveTuningConfiguration := Tracking Notch, TorqueNotchFilterHighFrequencyLimit := 2000.0, TorqueNotchFilterLowFrequencyLimit := 296.33984, TorqueNotchFilterTuningThreshold := 5.0, CoastingTimeLimit := 0.0, BusOvervoltageOperationalLimit := 730.0, CurrentLoopBandwidthScalingFactor := 1.0, CurrentLoopBandwidth := 1000.0, DriveRatedVoltage := 460.0, MaxOutputFrequency := 600.0, MotorTestDataValid := False, HookupTestSpeed := 0.0)"
TAG,,DRV17,"BARRIER PRINT DRIVE","AXIS_CIP_DRIVE","","(ExternalAccess := Read/Write, MotionGroup := ""DRVS_MOT_GRP"", MotionModule := ""DRV17:Ch1"", ApplicationCatalogNumberInstance := 0, ApplicationCatalogNumberVersion := 0, AxisConfiguration := Position Loop, FeedbackConfiguration := Motor Feedback, MotorDataSource := Database, MotorCatalogNumber := ""VPL-B0752F-P"", Feedback1Type := Hiperface DSL, MotorType := Rotary Permanent Magnet, MotionScalingConfiguration := Control Scaling, ConversionConstant := 10000.0, OutputCamExecutionTargets := 0, PositionUnits := ""Position Units"", AverageVelocityTimebase := 0.25, PositionUnwind := 1000000, HomeMode := Active, HomeDirection := Bi-directional Reverse, HomeSequence := Switch, HomeConfigurationBits := 16#0000_0000, HomePosition := 0.0, HomeOffset := 2.0, HomeSpeed := 10.0, HomeReturnSpeed := 1.0, MaximumSpeed := 991.6667, MaximumAcceleration := 186801.23, MaximumDeceleration := 186801.23, ProgrammedStopMode := Fast Stop, MasterInputConfigurationBits := 1, MasterPositionFilterBandwidth := 0.1, VelocityFeedforwardGain := 0.0, AccelerationFeedforwardGain := 0.0, PositionErrorTolerance := 20.050575, PositionLockTolerance := 0.099999994, VelocityOffset := 0.0, TorqueOffset := 0.0, FrictionCompensationWindow := 0.0, BacklashReversalOffset := 0.0, TuningTravelLimit := 20.0, TuningSpeed := 20.0, TuningTorque := 100.0, DampingFactor := 1.0, DriveModelTimeConstant := 0.000537069, PositionServoBandwidth := 18.530634, VelocityServoBandwidth := 74.122536, VelocityDroop := 0.0, VelocityLimitPositive := 1500.0, VelocityLimitNegative := -1500.0, VelocityThreshold := 1049.9999, VelocityStandstillWindow := 11.666666, TorqueLimitPositive := 232.342, TorqueLimitNegative := -232.342, TorqueThreshold := 209.10779, StoppingTorque := 232.342, StoppingTimeLimit := 1.0, LoadInertiaRatio := 0.65110886, RegistrationInputs := 2, MaximumAccelerationJerk := 35187932.0, MaximumDecelerationJerk := 35187932.0, DynamicsConfigurationBits := 7, AccelerationLimit := 533717.8, DecelerationLimit := 533717.8, PositionIntegratorBandwidth := 0.463031, PositionErrorToleranceTime := 0.0, PositionIntegratorControl := 1, VelocityErrorTolerance := 1146.5731, VelocityErrorToleranceTime := 0.01, VelocityIntegratorControl := 1, VelocityLockTolerance := 11.666666, SystemInertia := 0.008706548, TorqueLowPassFilterBandwidth := 370.4248, TorqueNotchFilterFrequency := 0.0, TorqueRateLimit := 1000000.0, OvertorqueLimit := 200.0, OvertorqueLimitTime := 0.0, UndertorqueLimit := 10.0, UndertorqueLimitTime := 0.0, FluxCurrentReference := 0.0, CurrentError := 0.0, TorqueLoopBandwidth := 1000.0, StoppingAction := Current Decel Disable, MechanicalBrakeControl := Automatic, MechanicalBrakeReleaseDelay := 0.0, MechanicalBrakeEngageDelay := 0.0, InverterCapacity := 0.0, ConverterCapacity := 0.0, InverterOverloadAction := None, MotorOverloadAction := None, CIPAxisExceptionAction := Unsupported Unsupported Unsupported Disable Disable Disable Unsupported Disable Disable Disable Disable Disable Unsupported Disable Disable Disable Disable Unsupported Disable Unsupported Disable Disable Unsupported Disable Unsupported Disable Unsupported Unsupported Unsupported Disable Disable Disable Unsupported Disable Disable Disable Unsupported Unsupported Unsupported Disable Disable Unsupported Unsupported Unsupported Unsupported Disable Unsupported Disable Unsupported Disable Disable Disable Unsupported Unsupported Disable Disable Disable Disable Unsupported Unsupported Unsupported Unsupported Disable Unsupported, CIPAxisExceptionActionRA := Unsupported Unsupported Disable Unsupported Unsupported Unsupported Unsupported Unsupported Unsupported Unsupported Unsupported Unsupported Unsupported Unsupported Disable Unsupported Unsupported Unsupported Unsupported Unsupported Unsupported Unsupported Unsupported Unsupported Unsupported Disable Disable Unsupported Unsupported Unsupported Unsupported Unsupported Unsupported Unsupported Unsupported Unsupported Unsupported Unsupported Unsupported Unsupported Unsupported Unsupported Unsupported Unsupported Unsupported Unsupported Unsupported Unsupported Unsupported Unsupported Unsupported Unsupported Unsupported Unsupported Unsupported Unsupported Unsupported Unsupported Unsupported Unsupported Unsupported Unsupported Unsupported Unsupported, MotorOverspeedUserLimit := 120.0, MotorThermalOverloadUserLimit := 110.0, InverterThermalOverloadUserLimit := 110.0, PositionLeadLagFilterBandwidth := 0.0, PositionLeadLagFilterGain := 0.0, VelocityNegativeFeedforwardGain := 0.0, BacklashCompensationWindow := 0.0, TorqueLeadLagFilterBandwidth := 0.0, TorqueLeadLagFilterGain := 1.0, MotorDeviceCode := 16#0000_09e7, MotorUnit := Rev, MotorPolarity := Normal, MotorRatedVoltage := 480.0, MotorRatedContinuousCurrent := 2.69, MotorRatedPeakCurrent := 9.4, MotorRatedOutputPower := 0.8, MotorOverloadLimit := 100.0, MotorIntegralThermalSwitch := false, MotorMaxWindingTemperature := 155.0, MotorWindingToAmbientCapacitance := 923.0, MotorWindingToAmbientResistance := 1.04, PMMotorResistance := 7.82, PMMotorInductance := 0.02789, RotaryMotorPoles := 8, RotaryMotorInertia := 0.000029, RotaryMotorRatedSpeed := 7000.0, RotaryMotorMaxSpeed := 7000.0, PMMotorRatedTorque := 1.61, PMMotorTorqueConstant := 0.778, PMMotorRotaryVoltageConstant := 47.02518, Feedback1Unit := Rev, Feedback1StartupMethod := Absolute, Feedback1CycleResolution := 262144, Feedback1CycleInterpolation := 1, Feedback1Turns := 4096, Feedback1VelocityFilterBandwidth := 5092.9575, Feedback1AccelFilterBandwidth := 0.0, PMMotorFluxSaturation := 95.0 86.0 76.0 61.0 44.0 36.0 32.0 30.0, Feedback1VelocityFilterTaps := 1, Feedback1AccelFilterTaps := 1, ScalingSource := From Calculator, LoadType := Linear Actuator, ActuatorType := Screw, TravelMode := Limited, PositionScalingNumerator := 1.0, PositionScalingDenominator := 1.0, PositionUnwindNumerator := 1.0, PositionUnwindDenominator := 1.0, TravelRange := 1000.0, MotionResolution := 10000, MotionPolarity := Inverted, MotorTestResistance := 0.0, MotorTestInductance := 0.0, TuneFriction := 0.0, TuneLoadOffset := 0.0, TotalInertia := 0.000029, TuningSelect := Total Inertia, TuningDirection := Uni-directional Forward, ApplicationType := Point-to-Point, LoopResponse := Medium, FeedbackCommutationAligned := Motor Offset, FrictionCompensationSliding := 0.0, FrictionCompensationStatic := 0.0, FrictionCompensationViscous := 0.0, PositionLoopBandwidth := 18.52124, VelocityLoopBandwidth := 74.08496, VelocityIntegratorBandwidth := 0.0, FeedbackDataLossUserLimit := 4, MotionExceptionAction := Unsupported Disable Disable Unsupported Unsupported Unsupported Unsupported Unsupported Unsupported Unsupported Unsupported Unsupported Unsupported Unsupported Unsupported Unsupported Unsupported Unsupported Unsupported Unsupported Unsupported Unsupported Unsupported Unsupported Unsupported Unsupported Unsupported Unsupported Unsupported Unsupported Unsupported Unsupported, SoftTravelLimitChecking := false, LoadRatio := 0.0, TuneInertiaMass := 0.0, SoftTravelLimitPositive := 0.0, SoftTravelLimitNegative := 0.0, GainTuningConfigurationBits := 16#0113, CommutationOffset := 0.0, SystemBandwidth := 18.530634, VelocityLowPassFilterBandwidth := 0.0, TransmissionRatioInput := 1, TransmissionRatioOutput := 1, ActuatorLead := 10.0, ActuatorLeadUnit := Millimeter/Rev, ActuatorDiameter := 1.0, ActuatorDiameterUnit := Millimeter, SystemAccelerationBase := 11485.608, DriveModelTimeConstantBase := 0.000505819, DriveRatedPeakCurrent := 6.25, HookupTestDistance := 1.0, HookupTestFeedbackChannel := Feedback 1, LoadCoupling := Rigid, SystemDamping := 1.0, CurrentVectorLimit := 232.342, LoadObserverConfiguration := Disabled, LoadObserverBandwidth := 0.0, LoadObserverIntegratorBandwidth := 0.0, LoadObserverFeedbackGain := 0.5, AxisID := 3834115981, InterpolatedPositionConfiguration := 16#0000_0002, AxisUpdateSchedule := Alternate 1, ProvingConfiguration := Disabled, TorqueProveCurrent := 0.0, BrakeTestTorque := 0.0, BrakeSlipTolerance := 0.0, ZeroSpeed := 1.0, ZeroSpeedTime := 0.0, AdaptiveTuningConfiguration := Disabled, TorqueNotchFilterHighFrequencyLimit := 2000.0, TorqueNotchFilterLowFrequencyLimit := 296.33984, TorqueNotchFilterTuningThreshold := 5.0, CoastingTimeLimit := 0.0, BusOvervoltageOperationalLimit := 730.0, CurrentLoopBandwidthScalingFactor := 1.0, CurrentLoopBandwidth := 1000.0, DriveRatedVoltage := 460.0, MaxOutputFrequency := 600.0, MotorTestDataValid := False, HookupTestSpeed := 0.0)"
COMMENT,,DRV17,"CURRENT ACTUAL POSITION$NBARRIER PRINTING$NSTATION",,"DRV17.ACTUALPOSITION"
COMMENT,,DRV17,"VELOCITY$NBARRIER PRINTING$NSTATION",,"DRV17.ACTUALVELOCITY"
TAG,,ENC31_VIRTUAL_AXIS,"ENCODER OUTPUT MODULE$NINKJET PRINTING STATION","AXIS_VIRTUAL","","(ExternalAccess := Read/Write, MotionGroup := ""DRVS_MOT_GRP"", ConversionConstant := 1000.0, OutputCamExecutionTargets := 0, PositionUnits := ""Position Units"", AverageVelocityTimebase := 0.25, RotaryAxis := Linear, PositionUnwind := 8000, HomeMode := Active, HomeDirection := Bi-directional Forward, HomeSequence := Immediate, HomeConfigurationBits := 16#0000_0000, HomePosition := 0.0, HomeOffset := 0.0, MaximumSpeed := 2.14747994e+009, MaximumAcceleration := 2.14747998e+012, MaximumDeceleration := 2.14747998e+012, ProgrammedStopMode := Fast Stop, MasterInputConfigurationBits := 1, MasterPositionFilterBandwidth := 0.1, MaximumAccelerationJerk := 2.14748000e+015, MaximumDecelerationJerk := 2.14748000e+015, DynamicsConfigurationBits := 7, InterpolatedPositionConfiguration := 16#0000_0002, AxisUpdateSchedule := Base)"
TAG,,GLUE_X_Y,"VIRTUAL X-AXIS AND Y-AXIS DRIVE CONTROL$NBAG GLUE STATION","AXIS_VIRTUAL","","(ExternalAccess := Read/Write, MotionGroup := ""DRVS_MOT_GRP"", ConversionConstant := 100.0, OutputCamExecutionTargets := 0, PositionUnits := ""DEGREES"", AverageVelocityTimebase := 0.25, RotaryAxis := Rotary, PositionUnwind := 360000, HomeMode := Active, HomeDirection := Bi-directional Forward, HomeSequence := Immediate, HomeConfigurationBits := 16#0000_0000, HomePosition := 0.0, HomeOffset := 0.0, MaximumSpeed := 550.0, MaximumAcceleration := 30300.0, MaximumDeceleration := 30300.0, ProgrammedStopMode := Fast Stop, MasterInputConfigurationBits := 1, MasterPositionFilterBandwidth := 0.1, MaximumAccelerationJerk := 4876841.5, MaximumDecelerationJerk := 4876841.5, DynamicsConfigurationBits := 7, InterpolatedPositionConfiguration := 16#0000_0002, AxisUpdateSchedule := Base)"
COMMENT,,GLUE_X_Y,"COORDINATED AXIS$NACTUAL POSITION$NBAG GLUE STATION",,"GLUE_X_Y.ACTUALPOSITION"
TAG,,CELL_ASI_SAFETY_MON_DETLA_MSG_CH1,"ASI SAFETY MONITOR DELTA LIST MESSAGE$NCHANNEL 1$NCELL","MESSAGE","","(ExternalAccess := Read/Write, MessageType := CIP Generic, RequestedLength := 0, ConnectedFlag := 2, ConnectionPath := ""A"", CommTypeCode := 0, ServiceCode := 16#000e, ObjectType := 16#0064, TargetObject := 1, AttributeNumber := 16#0072, LocalIndex := 0, DestinationTag := ""CELL_ASI_SAFETY_MON_DELTA_CH1.DATA[0]"", LargePacketUsage := false)"
TAG,,CELL_ASI_SAFETY_MON_DETLA_MSG_CH2,"ASI SAFETY MONITOR DELTA LIST MESSAGE$NCHANNEL 2$NCELL","MESSAGE","","(ExternalAccess := Read/Write, MessageType := CIP Generic, RequestedLength := 0, ConnectedFlag := 2, ConnectionPath := ""A"", CommTypeCode := 0, ServiceCode := 16#000e, ObjectType := 16#0064, TargetObject := 2, AttributeNumber := 16#0072, LocalIndex := 0, DestinationTag := ""CELL_ASI_SAFETY_MON_DELTA_CH2.DATA[0]"", LargePacketUsage := false)"
TAG,,CELL_ASI_SAFETY_MON_LPF_MSG_CH1,"ASI SAFETY MONITOR PERIPHERAL FAULT LIST MESSAGE$NCHANNEL 1$NCELL","MESSAGE","","(ExternalAccess := Read/Write, MessageType := CIP Generic, RequestedLength := 0, ConnectedFlag := 2, ConnectionPath := ""A"", CommTypeCode := 0, ServiceCode := 16#000e, ObjectType := 16#0064, TargetObject := 1, AttributeNumber := 16#006a, LocalIndex := 0, DestinationTag := ""CELL_ASI_SAFETY_MON_LPF_CH1.DATA[0]"", LargePacketUsage := false)"
TAG,,CELL_ASI_SAFETY_MON_LPF_MSG_CH2,"ASI SAFETY MONITOR PERIPHERAL FAULT LIST MESSAGE$NCHANNEL 2$NCELL","MESSAGE","","(ExternalAccess := Read/Write, MessageType := CIP Generic, RequestedLength := 0, ConnectedFlag := 2, ConnectionPath := ""A"", CommTypeCode := 0, ServiceCode := 16#000e, ObjectType := 16#0064, TargetObject := 2, AttributeNumber := 16#006a, LocalIndex := 0, DestinationTag := ""CELL_ASI_SAFETY_MON_LPF_CH2.DATA[0]"", LargePacketUsage := false)"
TAG,,MAN01_ANALOG_MODULE_SETUP_MSG,"SETS MODULE INPUT/OUTPUT RANGE $NANALOG MODULE$NMANIFOLD 01$NCELL","MESSAGE","","(ExternalAccess := Read/Write, MessageType := CIP Generic, RequestedLength := 1, ConnectedFlag := 2, ConnectionPath := ""MAN01"", CommTypeCode := 0, ServiceCode := 16#0010, ObjectType := 16#008a, TargetObject := 1, AttributeNumber := 16#0067, LocalIndex := 0, LocalElement := ""MAN01_ANALOG_SETUP_SOURCE_ELEMENT"", LargePacketUsage := false)"
TAG,,MAN02_ANALOG_MODULE_SETUP_MSG,"SETS MODULE INPUT/OUTPUT RANGE $NANALOG MODULE$NMANIFOLD 02$NCELL","MESSAGE","","(ExternalAccess := Read/Write, MessageType := CIP Generic, RequestedLength := 1, ConnectedFlag := 2, ConnectionPath := ""MAN02"", CommTypeCode := 0, ServiceCode := 16#0010, ObjectType := 16#008a, TargetObject := 2, AttributeNumber := 16#0066, LocalIndex := 0, LocalElement := ""MAN02_ANALOG_SETUP_SOURCE_ELEMENT"", LargePacketUsage := false)"
TAG,,MAN04_ANALOG_MODULE_SETUP_MSG,"SETS MODULE INPUT/OUTPUT RANGE $NANALOG MODULE$NMANIFOLD 04$NCELL","MESSAGE","","(ExternalAccess := Read/Write, MessageType := CIP Generic, RequestedLength := 1, ConnectedFlag := 2, ConnectionPath := ""MAN04"", CommTypeCode := 0, ServiceCode := 16#0010, ObjectType := 16#008a, TargetObject := 1, AttributeNumber := 16#0065, LocalIndex := 0, LocalElement := ""MAN04_ANALOG_SETUP_SOURCE_ELEMENT"", LargePacketUsage := false)"
TYPE,SCOPE,ROUTINE,COMMENT,OWNING_ELEMENT,LOCATION
RCOMMENT,"_00_CELL","ANALOG_SETUP_MAN01","MANIFOLD 01 ANALOG SETUP ROUTINE$N*****************************************************************************************************$N$NAFTER COMMUNICATIONS ARE RESTABLISHED WAIT FOR THE HMI BUTTON TO BE PRESSED","OTE(MAN01_LOAD_ANALOG_MAN_SET_PB_VIS)","0"
RCOMMENT,"_00_CELL","ANALOG_SETUP_MAN01","THE DOWN LOAD STEPS ARE OUT OF ORDER PURPOSELY IN ORDER TO CAUSE AN ON/OFF CONDITION PRIOR TO THE NEXT STEP.$N$NLOOP TO THE NEXT STEP UNTIL STEPS ARE COMPLETED","MOV(500,MAN01_STEP_ANALOG_SETUP)","1"
RCOMMENT,"_00_CELL","ANALOG_SETUP_MAN01","WRITE MESSAGE TO MANIFOLD 01$N$NANALOG MODULE 1$NBARRIER FORMING STATION FORM PRESSURE REGULATOR INPUT/OUTPUT$N$N ANALOG MODULE 2$NBAG GLUE STATION GLUE MELTER PRESSURE MONITOR/GLUE MELTER PRESSURE INPUT","MOV(1000,MAN01_STEP_ANALOG_SETUP)","2"
RCOMMENT,"_00_CELL","ANALOG_SETUP_MAN01","DEPENDING ON THE LOOP NUMBER FILL THE MESSAGE VARIABLES.$N INSTANCE = MODULE NUMBER$NCLASS = PARAMETER - HEX 8A (DEC. 138) SET ANALOG SCALE$NATTRIBUTE = CHANNEL NUMBER - HEX 64 (DEC. 100) CHANNELS ARE 0 - 3 OR (64h - 67h)$NANALOG_SETUP_SOURCE_ELEMENT = SCALE TYPE FOR THE CHANNEL$N0 = -10 - 10 V$N1 = -5 - 5 V$N2 = -20 - 20 mA$N3 = 0 - 10 V$N4 = 0 - 5 V$N5 = 1 - 5 V$N6 = 0 - 20 mA$N7 = 4 - 20 mA","MOV(20,MAN01_STEP_ANALOG_SETUP)","3"
RCOMMENT,"_00_CELL","ANALOG_SETUP_MAN02","MANIFOLD 02 ANALOG SETUP ROUTINE$N*****************************************************************************************************$N$NAFTER COMMUNICATIONS ARE RESTABLISHED WAIT FOR THE HMI BUTTON TO BE PRESSED","OTE(MAN02_LOAD_ANALOG_MAN_SET_PB_VIS)","0"
RCOMMENT,"_00_CELL","ANALOG_SETUP_MAN02","THE DOWN LOAD STEPS ARE OUT OF ORDER PURPOSELY IN ORDER TO CAUSE AN ON/OFF CONDITION PRIOR TO THE NEXT STEP.$N$NLOOP TO THE NEXT STEP UNTIL STEPS ARE COMPLETED","MOV(500,MAN02_STEP_ANALOG_SETUP)","1"
RCOMMENT,"_00_CELL","ANALOG_SETUP_MAN02","WRITE MESSAGE TO MANIFOLD 02$N $NANALOG MODULE 1$NBARRIER PRESS-N-CURE ANALOG INPUT/OUTPUT$N$N ANALOG MODULE 2$NSPARE","MOV(1000,MAN02_STEP_ANALOG_SETUP)","2"
RCOMMENT,"_00_CELL","ANALOG_SETUP_MAN02","DEPENDING ON THE LOOP NUMBER FILL THE MESSAGE VARIABLES.$N INSTANCE = MODULE NUMBER$NCLASS = PARAMETER - HEX 8A (DEC. 138) SET ANALOG SCALE$NATTRIBUTE = CHANNEL NUMBER - HEX 64 (DEC. 100) CHANNELS ARE 0 - 3 OR (64h - 67h)$NANALOG_SETUP_SOURCE_ELEMENT = SCALE TYPE FOR THE CHANNEL$N0 = -10 - 10 V$N1 = -5 - 5 V$N2 = -20 - 20 mA$N3 = 0 - 10 V$N4 = 0 - 5 V$N5 = 1 - 5 V$N6 = 0 - 20 mA$N7 = 4 - 20 mA","MOV(20,MAN02_STEP_ANALOG_SETUP)","3"
RCOMMENT,"_00_CELL","ANALOG_SETUP_MAN04","MANIFOLD 04 ANALOG SETUP ROUTINE$N*****************************************************************************************************$N$NAFTER COMMUNICATIONS ARE RESTABLISHED WAIT FOR THE HMI BUTTON TO BE PRESSED","OTE(MAN04_LOAD_ANALOG_MAN_SET_PB_VIS)","0"
RCOMMENT,"_00_CELL","ANALOG_SETUP_MAN04","THE DOWN LOAD STEPS ARE OUT OF ORDER PURPOSELY IN ORDER TO CAUSE AN ON/OFF CONDITION PRIOR TO THE NEXT STEP.$N$NLOOP TO THE NEXT STEP UNTIL STEPS ARE COMPLETED","MOV(500,MAN04_STEP_ANALOG_SETUP)","1"
RCOMMENT,"_00_CELL","ANALOG_SETUP_MAN04","WRITE MESSAGE TO MANIFOLD 04$N $NANALOG MODULE 1$NLIGHT TABLE VACUUM AIR SUPPLY PRESSURE FEEDBACK INPUT / LIGHT TABLE VACUUM AIR SUPPLY PRESSURE CONTROL OUTPUT$N$N ANALOG MODULE 2$NSPARE","MOV(1000,MAN04_STEP_ANALOG_SETUP)","2"
RCOMMENT,"_00_CELL","ANALOG_SETUP_MAN04","DEPENDING ON THE LOOP NUMBER FILL THE MESSAGE VARIABLES.$N INSTANCE = MODULE NUMBER$NCLASS = PARAMETER - HEX 8A (DEC. 138) SET ANALOG SCALE$NATTRIBUTE = CHANNEL NUMBER - HEX 64 (DEC. 100) CHANNELS ARE 0 - 3 OR (64h - 67h)$NANALOG_SETUP_SOURCE_ELEMENT = SCALE TYPE FOR THE CHANNEL$N0 = -10 - 10 V$N1 = -5 - 5 V$N2 = -20 - 20 mA$N3 = 0 - 10 V$N4 = 0 - 5 V$N5 = 1 - 5 V$N6 = 0 - 20 mA$N7 = 4 - 20 mA","MOV(20,MAN04_STEP_ANALOG_SETUP)","3"
RCOMMENT,"_00_CELL","ASI_DIAG","ASI DIAGNOSTICS$N***************************************************************************$NRESET WRITE INDEX VALUE","MOV(0,SAFETY_MON_STATUS_WRITE_INDEX)","0"
RCOMMENT,"_00_CELL","ASI_DIAG","GET MISSING SLAVE STATUS OF NODES","CLR(CELL_ASI_SAFETY_MON_DELTA_ARRAY_CH2[1])","1"
RCOMMENT,"_00_CELL","ASI_DIAG","GET PERIPHERAL FAULT STATUS OF SAFETY MONITOR","CLR(CELL_ASI_SAFETY_MON_LPF_ARRAY_CH2[1])","2"
RCOMMENT,"_00_CELL","ASI_DIAG","CLEAR CHANNEL NODE STATUS","CLR(CELL_ASI_NODE_SAFETY_STATUS_CH2_B[SAFETY_MON_STATUS_WRITE_INDEX])","3"
RCOMMENT,"_00_CELL","ASI_DIAG","MOVE CHANNEL 1 SAFETY NODE STATUS TO HMI BIT LOCATIONS","OTU(CELL_ASI_NODE_SAFETY_STATUS_CH1_OK)","4"
RCOMMENT,"_00_CELL","ASI_DIAG","MOVE CHANNEL 2 SAFETY NODE STATUS TO HMI BIT LOCATIONS","OTU(CELL_ASI_NODE_SAFETY_STATUS_CH2_OK)","5"
RCOMMENT,"_00_CELL","ASI_DIAG","MOVE MISSING AND PERIPHERAL FAULT STATUS TO HMI BIT LOCATIONS","OTL(CELL_ASI_NODE_SAFETY_STATUS_CH2_B[SAFETY_MON_STATUS_WRITE_INDEX].5)","6"
RCOMMENT,"_00_CELL","ASI_DIAG","ASI NODE READY ANIMATION FOR HMI","OTE(CELL_ASI_NODES_READY_NOT_READY_ANIMATION)","7"
RCOMMENT,"_00_CELL","COMMS","COMMUNICATIONS$N***************************************************************************$N$NCYCLE COMMS TIMER TO BREAK UP THE GSV OPERATIONS","TON(TIMER_OPER[14],?,?)","0"
RCOMMENT,"_00_CELL","COMMS","SET OVERALL ASI NODES STATUS TAG","MOV(23,STEP_ALARM[0])","1"
RCOMMENT,"_00_CELL","COMMS","CHECK ETHERNET MODULE COMMS STATUS","MOV(800,STEP_ALARM[0])","2"
RCOMMENT,"_00_CELL","COMMS","CHECK ETHERNET MODULE COMMS STATUS","MOV(801,STEP_ALARM[0])","3"
RCOMMENT,"_00_CELL","COMMS","CHECK ETHERNET MODULE COMMS STATUS","MOV(802,STEP_ALARM[0])","4"
RCOMMENT,"_00_CELL","COMMS","CHECK ETHERNET MODULE COMMS STATUS","MOV(803,STEP_ALARM[0])","5"
RCOMMENT,"_00_CELL","COMMS","CHECK ETHERNET MODULE COMMS STATUS","MOV(804,STEP_ALARM[0])","6"
RCOMMENT,"_00_CELL","COMMS","CHECK ETHERNET MODULE COMMS STATUS","MOV(805,STEP_ALARM[0])","7"
RCOMMENT,"_00_CELL","COMMS","CHECK ETHERNET MODULE COMMS STATUS","MOV(806,STEP_ALARM[0])","8"
RCOMMENT,"_00_CELL","COMMS","CHECK ETHERNET MODULE COMMS STATUS","MOV(807,STEP_ALARM[0])","9"
RCOMMENT,"_00_CELL","COMMS","CHECK ETHERNET MODULE COMMS STATUS","MOV(808,STEP_ALARM[0])","10"
RCOMMENT,"_00_CELL","COMMS","CHECK ETHERNET MODULE COMMS STATUS","MOV(809,STEP_ALARM[0])","11"
RCOMMENT,"_00_CELL","COMMS","CHECK MODULE COMMS STATUS","MOV(810,STEP_ALARM[0])","12"
RCOMMENT,"_00_CELL","COMMS","CHECK MODULE COMMS STATUS","MOV(811,STEP_ALARM[0])","13"
RCOMMENT,"_00_CELL","COMMS","CHECK MODULE COMMS STATUS","MOV(817,STEP_ALARM[0])","14"
RCOMMENT,"_00_CELL","COMMS","CHECK ETHERNET MODULE COMMS STATUS","MOV(851,STEP_ALARM[0])","15"
RCOMMENT,"_00_CELL","COMMS","CHECK ETHERNET MODULE COMMS STATUS","MOV(852,STEP_ALARM[0])","16"
RCOMMENT,"_00_CELL","COMMS","$NCHECK ETHERNET MODULE COMMS STATUS","MOV(853,STEP_ALARM[0])","17"
RCOMMENT,"_00_CELL","COMMS","CHECK ETHERNET MODULE COMMS STATUS","MOV(854,STEP_ALARM[0])","18"
RCOMMENT,"_00_CELL","COMMS","CHECK ETHERNET MODULE COMMS STATUS","MOV(861,STEP_ALARM[0])","19"
RCOMMENT,"_00_CELL","COMMS","CHECK ETHERNET MODULE COMMS STATUS","MOV(862,STEP_ALARM[0])","20"
RCOMMENT,"_00_CELL","COMMS","CHECK ETHERNET MODULE COMMS STATUS","MOV(863,STEP_ALARM[0])","21"
RCOMMENT,"_00_CELL","COMMS","CHECK ETHERNET MODULE COMMS STATUS","MOV(871,STEP_ALARM[0])","22"
RCOMMENT,"_00_CELL","COMMS","CHECK ETHERNET MODULE COMMS STATUS","MOV(881,STEP_ALARM[0])","23"
RCOMMENT,"_00_CELL","COMMS","CHECK ETHERNET MODULE COMMS STATUS","MOV(882,STEP_ALARM[0])","24"
RCOMMENT,"_00_CELL","COMMS","CHECK INKJET ENCODER ETHERNET MODULE COMMS STATUS","MOV(885,STEP_ALARM[0])","25"
RCOMMENT,"_00_CELL","COMMS","CHECK INKJET DRIVE ETHERNET MODULE COMMS STATUS","MOV(886,STEP_ALARM[0])","26"
RCOMMENT,"_00_CELL","COMMS","CHECK INKJET GATEWAY ETHERNET MODULE COMMS STATUS","MOV(INKJET_PRINT_GATEWAY_HEARTBEAT,INKJET_GATEWAY_HEARTBEAT_STORED)","27"
RCOMMENT,"_00_CELL","COMMS","CHECK INKJET PRINTER ETHERNET MODULE COMMS STATUS","MOV(888,STEP_ALARM[0])","28"
RCOMMENT,"_00_CELL","DATA_COLLECTION","CUSTOMER DATA COLLECTION$N***************************************************************************$N$NSET CELL STATUS$N$N0=READY TO RESET$N1=NOT READY TO RESET$N2=RUNNING IN AUTO$N3=PLEASE WAIT$N4=READY TO START$N5=MANUAL MODE$N6=ROBOT MANUAL MODE$N7=E-STOP ACTIVE$N8=SHUTDOWN IN PROGRESS$N9=ROBOT MODE$N10=ROLLOVER CAL MODE$N","MOV(CELL_STATUS,CELL_DATA_COLLECTION[1])","0"
RCOMMENT,"_00_CELL","DATA_COLLECTION","AUTO MODE","OTE(CELL_DATA_COLLECTION[29].0)","1"
RCOMMENT,"_00_CELL","DATA_COLLECTION","CELL ALARM NUMBER","MOV(STEP_ALARM[0],CELL_DATA_COLLECTION[2])","2"
RCOMMENT,"_00_CELL","DATA_COLLECTION","CELL CYCLES","MOV(CELL_CYCLES,CELL_DATA_COLLECTION[3])","3"
RCOMMENT,"_00_CELL","DATA_COLLECTION","RESET DATA COLLECTION COUNTERS","OTU(CELL_DATA_COLLECTION[0].0)","4"
RCOMMENT,"_00_CELL","DATE","CELL DATE$N***************************************************************************$N$NGATHER AND SET PLC DATE & TIME","SSV(WallClockTime,,DateTime,CELL_PLC_SET_DATE_TIME.SECOND)","0"
RCOMMENT,"_00_CELL","DATE","SET TIME DATE STAMP VARIABLE","CONCAT(CELL_PLC_DATE_STAMP,CELL_PLC_DATE_TIME_STRINGS[0],CELL_PLC_DATE_STAMP)","1"
RCOMMENT,"_00_CELL","ESTOP_RESET","$NCELL E-STOP AND RESET$N***************************************************************************$NCELL ALARM","MOV(1000,STEP_ESTOP_RESET[0])","0"
RCOMMENT,"_00_CELL","ESTOP_RESET","MAIN SYSTEM PRESSURE CONTROL AND ALARM","MOV(20,STEP_ALARM[0])","1"
RCOMMENT,"_00_CELL","ESTOP_RESET","CELL KEYSWITCH CHANGE DETECTION$N","MOV(19,STEP_ALARM[0])","2"
RCOMMENT,"_00_CELL","ESTOP_RESET"," E-STOP BUTTON ALARMS","OTE(CELL_ESTOP_PRESSED)","3"
RCOMMENT,"_00_CELL","ESTOP_RESET","MONITOR DOOR SWITCHES AND LOCKS","OTE(CELL_DOOR_8_LOCKED)","4"
RCOMMENT,"_00_CELL","ESTOP_RESET","GENERAL PERSONNEL DOOR CONTROL","MOV(18,STEP_ALARM[0])","5"
RCOMMENT,"_00_CELL","ESTOP_RESET","MONITOR LIGHT CURTAIN$NMAGAZINE ACCESS","OTE(BARRIER_MAG_LT_CURTAIN_CLEAR)","6"
RCOMMENT,"_00_CELL","ESTOP_RESET","CELL SHUTDOWN DUE TO FAULT WHILE RESETTING$N","MOV(STEP_ALARM_CAPTURE[31],STEP_ALARM[0])","7"
RCOMMENT,"_00_CELL","ESTOP_RESET","CELL STOP BUTTON TO UNLOCK DOORS ON RESET","MOV(900,STEP_ALARM[0])","8"
RCOMMENT,"_00_CELL","ESTOP_RESET","CELL CONTROLED SHUTDOWN AFTER CELL IS RUNNING IN AUTO$N","MOV(899,STEP_ALARM[0])","9"
RCOMMENT,"_00_CELL","ESTOP_RESET","E-STOP SETTINGS$N","MOV(1000,STEP_HOME[0])","10"
RCOMMENT,"_00_CELL","ESTOP_RESET","WAIT FOR RESET","MOV(10,STEP_ESTOP_RESET[0])","11"
RCOMMENT,"_00_CELL","ESTOP_RESET","GENERAL CELL SETTINGS UPON RESET","MOV(20,STEP_ESTOP_RESET[0])","12"
RCOMMENT,"_00_CELL","ESTOP_RESET","RESET MACHINE BASED UPON AUTO OR MANUAL MODE","MOV(500,STEP_ESTOP_RESET[0])","13"
RCOMMENT,"_00_CELL","ESTOP_RESET","WAIT FOR RESET TO COMPLETE","MOV(500,STEP_ESTOP_RESET[0])","14"
RCOMMENT,"_00_CELL","HMI","CELL  HMI$N***************************************************************************$N$NSCREEN CONTROL","OTU(CELL_MAIN_SCREEN_PB)","0"
RCOMMENT,"_00_CELL","HMI","************HMI MESSAGE AND HISTORY CONTROL**********$N$NLOAD ALARM INTO MESSAGE DISPLAY VARIABLE$NAND CONTROL ALARM HISTORY","COP(CELL_PLC_DATE_STAMP,CELL_PLC_DATE_STAMP_ARRAY[0],1)","40"
RCOMMENT,"_00_CELL","HMI","CLEAR MESSAGE","OTE(CELL_DISPLAY_MSG_RESET_PB)","41"
RCOMMENT,"_00_CELL","HMI","DISPLAY MESSAGE ABOUT SCREEN SELECTION$NWHEN IN MANUAL, MODE ONLY ONE SCREEN IS ALLOWED TO BE OPERATIONAL$N","OTE(CELL_MANUAL_MODE)","42"
RCOMMENT,"_00_CELL","HMI","CLEAR MESSAGE WHEN A HMI HAS BEEN SELECTED","OTL(CELL_DISPLAY_PASSWORD_ENTRY)","43"
RCOMMENT,"_00_CELL","HMI","RESET MANUAL MODE SEQUENCE IF INACTIVE","MOV(0,CELL_MESSAGE)","44"
RCOMMENT,"_00_CELL","HMI","TEST MANUAL PASSWORD","OTU(CELL_HMI_MANUAL_POPUP)","45"
RCOMMENT,"_00_CELL","HMI","CLEAR PASSWORD AND RESET ACTIVATE MANUAL PUSH BUTTON","OTU(CELL_HMI_MANUAL_POPUP)","46"
RCOMMENT,"_00_CELL","HMI","SPECIAL CELL MODE VISIBILITY","OTU(CELL_BAG_TEST_PICK_MODE_PB)","47"
RCOMMENT,"_00_CELL","HMI","MACHINE PARAMETERS SKU PRINT METHOD INDICATOR","MOV(4,CELL_PARAM_SCREEN_SKU_METHOD)","48"
RCOMMENT,"_00_CELL","HOME","CELL HOME ROUTINE$N***************************************************************************$N$NWAIT FOR COMPLETION OF HOME ROUTINES","OTU(CELL_TOOL_CHANGE_REQ_PB)","0"
RCOMMENT,"_00_CELL","LIGHTS","$NCELL LIGHTS & AUDIBLE ALARM$N***************************************************************************$N$NLIGHTS","OTE(A:O.Data[2].4)","0"
RCOMMENT,"_00_CELL","LIGHTS","AUDIBLE ALARM","OTE(A:O.Data[2].7)","1"
RCOMMENT,"_00_CELL","LIGHTS","********TGARD LIGHT CONTROLS*******$N$NBLUE LIGHT$NREADY TO RESET$NBUTTON","OTE(A:O.Data[1].29)","2"
RCOMMENT,"_00_CELL","LIGHTS","GREEN LIGHT$NREADY TO START","OTE(A:O.Data[1].28)","3"
RCOMMENT,"_00_CELL","LIGHTS"," E-STOP BUTTON LIGHTS","OTE(A:O.Data[3].20)","4"
RCOMMENT,"_00_CELL","LIGHTS","ACCESS DOOR LIGHT CONTROL","OTE(A:O.Data[2].21)","5"
RCOMMENT,"_00_CELL","LIGHTS","OVERHEAD LIGHT CONTROL","OTE(CELL_OVERHEAD_LIGHTS_OFF)","6"
RCOMMENT,"_00_CELL","MAIN","MAIN ROUTINE$N***************************************************************************","JSR(RFID_BADGE_READER,0)","0"
RCOMMENT,"_00_CELL","PART_DATA","CELL PART DATA$N***************************************************************************$N$NTRACK THE NUMBER OF TIMES BARRIER AT PREHEAT STATION 1 WAS REJECTED DUE TO ALREADY BEING HEATED OR INCOMPLETE CYCLE","MOV(5,PREHEAT2_DATA_POS_BAR_REJECT)","0"
RCOMMENT,"_00_CELL","PART_DATA","TRACK THE NUMBER OF TIMES BARRIER AT PREHEAT STATION 1 WAS REJECTED DUE TO ALREADY BEING HEATED OR INCOMPLETE CYCLE","MOV(0,PREHEAT1_CTR_INC_CYCLE)","1"
RCOMMENT,"_00_CELL","PART_DATA","TRACK THE NUMBER OF TIMES PREHEAT1 BARRIER WAS REJECTED DUE TO UPPER TEMP FAILURE","MOV(0,PREHEAT1_CTR_UP_TEMP)","2"
RCOMMENT,"_00_CELL","PART_DATA","TRACK THE NUMBER OF TIMES PREHEAT1 BARRIER WAS REJECTED DUE TO LOWER TEMP FAILURE","MOV(0,PREHEAT1_CTR_LOW_TEMP)","3"
RCOMMENT,"_00_CELL","PART_DATA","TRACK THE NUMBER OF TIMES BARRIER AT PREHEAT STATION 2 WAS REJECTED DUE TO ALREADY BEING HEATED OR INCOMPLETE CYCLE","MOV(5,PREHEAT2_DATA_POS_BAR_REJECT)","4"
RCOMMENT,"_00_CELL","PART_DATA","TRACK THE NUMBER OF TIMES BARRIER AT PREHEAT STATION 2 WAS REJECTED DUE TO ALREADY BEING HEATED OR INCOMPLETE CYCLE","MOV(0,PREHEAT2_CTR_INC_CYCLE)","5"
RCOMMENT,"_00_CELL","PART_DATA","TRACK THE NUMBER OF TIMES PREHEAT2 BARRIER WAS REJECTED DUE TO UPPER TEMP FAILURE","MOV(0,PREHEAT2_CTR_UP_TEMP)","6"
RCOMMENT,"_00_CELL","PART_DATA","TRACK THE NUMBER OF TIMES PREHEAT2 BARRIER WAS REJECTED DUE TO LOWER TEMP FAILURE","MOV(0,PREHEAT2_CTR_LOW_TEMP)","7"
RCOMMENT,"_00_CELL","PART_DATA","TRACK THE NUMBER OF TIMES BARRIER AT FORMING STATION WAS REJECTED DUE TO INCOMPLETE CYCLE","MOV(6,FORMING_DATA_POS_BAR_REJECT)","8"
RCOMMENT,"_00_CELL","PART_DATA","TRACK THE NUMBER OF TIMES BARRIER AT FORMING WAS REJECTED DUE TO ALREADY BEING HEATED OR INCOMPLETE CYCLE","MOV(0,FORMING_CTR_INC_CYCLE)","9"
RCOMMENT,"_00_CELL","PART_DATA","TRACK THE NUMBER OF TIMES FORMING BARRIER WAS REJECTED DUE TO PRESSURE FAILURE OR NOT COMPLETE","MOV(0,FORMING_CTR_PRESSURE)","10"
RCOMMENT,"_00_CELL","PART_DATA","TRACK THE NUMBER OF TIMES BARRIER PUNCH WAS REJECTED DUE TO INCOMPLETE CYCLE","MOV(0,PUNCH_CTR_INC_CYCLE)","11"
RCOMMENT,"_00_CELL","PART_DATA","TRACK THE NUMBER OF TIMES BARRIER INKJET WAS REJECTED DUE TO INCOMPLETE CYCLE","MOV(0,INKJET_PRINT_CTR_INC_CYCLE)","12"
RCOMMENT,"_00_CELL","PART_DATA","TRACK THE NUMBER OF TIMES PRINTING BARRIER WAS REJECTED DUE TO INCOMPLETE CYCLE","MOV(0,PRINT_CTR_INC_CYCLE)","13"
RCOMMENT,"_00_CELL","PART_DATA","TRACK THE NUMBER OF TIMES BAG WAS REJECTED DUE TO GLUE PRESSURE FAILURE","MOV(0,GLUE_OUT_CTR_PRESSURE)","14"
RCOMMENT,"_00_CELL","PART_DATA","TRACK THE NUMBER OF TIMES BAG GLUE WAS REJECTED DUE TO OPEN TIME","MOV(0,GLUE_CTR_OPEN_TIME)","15"
RCOMMENT,"_00_CELL","PART_DATA","TRACK THE NUMBER OF TIMES BAG GLUE WAS REJECTED DUE TO INCOMPLETE CYCLE","MOV(0,GLUE_CTR_INC_CYCLE)","16"
RCOMMENT,"_00_CELL","PART_DATA","TRACK THE NUMBER OF TIMES PRESS-N-CURE WAS REJECTED DUE TO PRESSURE FAILURE","MOV(0,PNC_CTR_PRESSURE)","17"
RCOMMENT,"_00_CELL","PART_DATA","TRACK THE NUMBER OF TIMES PRESS-N-CURE WAS REJECTED DUE TO OPEN TIME","MOV(0,PNC_CTR_OPEN_TIME)","18"
RCOMMENT,"_00_CELL","PART_DATA","TRACK THE NUMBER OF TIMES PRESS-N-CURE WAS REJECTED DUE TO BAG TAIL NOT PRESENT$N","MOV(0,PNC_CTR_BAG_TAIL)","19"
RCOMMENT,"_00_CELL","PART_DATA","TRACK THE NUMBER OF TIMES BAG WAS REJECTED DUE TO VISION FAILURE","MOV(0,VISION_CTR_REJECT_CYCLE)","20"
RCOMMENT,"_00_CELL","PART_DATA","RESET ALL PART COUNTERS","MOV(0,OFFLOAD_CONV_GOOD_PARTS)","21"
RCOMMENT,"_00_CELL","PART_DATA","CLEAR ALL MUTIPLE ALARM COUNTERS AND HMI ANIMATIONS AT RESET","MOV(0,BAG_OFFLOAD_CTR_BAG_REJECT)","22"
RCOMMENT,"_00_CELL","PART_DATA","TRACK THE NUMBER OF MACHINE CYCLES$NTHE TIMER WORKS WITH THE HMI TO COLLECT RECOREDED MACHINE$NCYCLES WHEN DOWNLOADING NEW PLC PROGRAM$N","RES(CELL_TIMER_OPER[12])","23"
RCOMMENT,"_00_CELL","PART_DATA","TRACK THE NUMBER OF MACHINE AUTO RUNNING HOURS$N","ADD(CELL_RUNTIME_REAL,CELL_RUNTIME_OVERFLOW,CELL_RUNTIME_HMI)","24"
RCOMMENT,"_00_CELL","PART_DATA","MAIN DIAL PART DATA TRACKING$NCHECK FOR CELL EMPTY","COP(MAIN_DIAL_DATA[0],MAIN_DIAL_DATA[13],1)","25"
RCOMMENT,"_00_CELL","PART_DATA"," CLEAR MAIN DIAL DATA REQUESTS FROM HMI$NAND DURING SINGLE PART MODE","MOV(0,MAIN_DIAL_DATA_CLEAR_REQ_ARRAY)","26"
RCOMMENT,"_00_CELL","PART_DATA","VERIFY RECIPE VALUES ARE WITHIN LIMITS","MOV(133,STEP_ALARM[0])","27"
RCOMMENT,"_00_CELL","PART_DATA","SET WHAT FAMILY OF PART IS SELECTED","OTE(CELL_LARGE_SNF_PART_FAMILY_LOADED)","28"
RCOMMENT,"_00_CELL","PART_DATA","****CELL CYCLE TIMES****$N$NARRAY OF CYCLE TIMES FOR AN AVERAGE OF LAST 10 CYCLES AND LAST 100 CYCLES ARE MAINTAINED$NAVERAGES FOR EACH THE LAST 10 AND 100 CYCLES ARE NOT CALCULATED UNTIL THE CORRECT NUMBER OF DATA SAMPLES ARE INITIALLY COLLECTED$NAFTER THAT THE AVERAGE WILL UPDATE EVERY CYCLE$N$NCYCLE TIME DATA CLEARS ON RECIPE DOWNLOAD","MOV(0,CELL_CYCLE_TIME[0].ST_TIME_CRITICAL[1].CYCLE_TIME)","29"
RCOMMENT,"_00_CELL","RECIPE","CELL RECIPE CONTROL$N***************************************************************************$N$NRECIPE SYNCHRONIZATION CONTROL","OTU(CELL_RECIPE_SYNC_REQ_POPUP)","0"
RCOMMENT,"_00_CELL","RECIPE","WAIT FOR TRIGGER TO START RECIPE HARVESTING FROM HMI","MOV(0,STEP_AUTO[29])","1"
RCOMMENT,"_00_CELL","RECIPE","RESET ROUTINE PARAMETERS","MOV(10,STEP_AUTO[29])","2"
RCOMMENT,"_00_CELL","RECIPE","INCREMENT RECORD COUNTER AND LOAD RECIPE","MOV(30,STEP_AUTO[29])","3"
RCOMMENT,"_00_CELL","RECIPE","POPULATE RECIPE SYNCHRONIZATION ARRAY","OTE(CELL_SCAN_DELAY_ARRAY[0])","4"
RCOMMENT,"_00_CELL","RECIPE","END ROUTINE","MOV(500,STEP_AUTO[29])","5"
RCOMMENT,"_00_CELL","RECIPE","*****RECIPE LOAD CONTROL*****$N$NWAIT FOR TRIGGER TO START RECIPE DOWNLOAD","MOV(0,STEP_AUTO[28])","6"
RCOMMENT,"_00_CELL","RECIPE","SEARCH RECIPE DATA ARRAY FOR MATCHING SKU AND LOAD RECORD NUMBER","MOV(20,STEP_AUTO[28])","7"
RCOMMENT,"_00_CELL","RECIPE","REQUEST SKU RECIPE, WAIT FOR INDICATION RECIPE DOWNLOADED, AND  REQUEST PROCESS RECIPE DOWNLOAD$N$NTHIS IS ALSO USED TO RESET TEMPERATURE AND PRESSURE ADJUSTMENTS IN OTHER ROUTINES","MOV(20,STEP_AUTO[28])","8"
RCOMMENT,"_00_CELL","RECIPE","RECIPE LOAD ERROR","TON(TIMER_ALARM[21],?,?)","9"
RCOMMENT,"_00_CELL","RECIPE","RECIPE BUTTONS VISIBILITY","OTE(CELL_RECIPE_PB_VIS)","10"
RCOMMENT,"_00_CELL","RFID_BADGE_READER","RFID BADGE READER ROUTINE$N*********************************************************************************$N$NCARD NUMBER READ FROM IDENTITY CARD","BTD(RFID_BADGE_READER:I.Data[34],0,RFID_CR_ID_REC,24,8)","0"
RCOMMENT,"_00_CELL","RFID_BADGE_READER","IDENTITY CARD NUMBER RECEIVED","MOV(RFID_CR_ID_REC,RFID_CR_NEW_ID)","1"
RCOMMENT,"_00_CELL","RFID_BADGE_READER","CHECK IF IDENTITY NUMBER RECEIVED HAS CHANGED FROM CURRENT.$NHOLLISTER TO CARRY OUT ID CHECK ON NEW NUMBER$NCARD_ID_REC - received from reader$NCR_NEW_ID - update on new read$NCR_CUR_ID - to detect change$NRFID_LAST_ID - on change checked by Ignition and user name/access level updated$N","DELETE(RFID_USER_NAME_HMI,RFID_USER_NAME_HMI.LEN,1,RFID_USER_NAME_HMI)","2"
RCOMMENT,"_00_CELL","RFID_BADGE_READER","UPDATE RFID NAME ON CARD ID CHANGE$NADD SOME DELAY BEFORE COPYING USER NAME JUST IN CASE LEVEL TAG WILL BE UPDATED FROM $NIGNITION BEFORE USER NAME TAG","INSERT(RFID_USER_NAME_HMI,RFID_USER_NAME,1,RFID_USER_NAME_HMI)","3"
RCOMMENT,"_00_CELL","RFID_BADGE_READER","MANUAL LOGIN/LOGOUT$NCLEAR RFID LOGIND, CLEAR/UPDATE USER NAME","MOV(0,RFID_CR_NEW_ID)","4"
RCOMMENT,"_00_CELL","RFID_BADGE_READER","CHECK IF ACCESS LEVEL IS ENOUGH TO OPERATE THE MACHINE$N","OTL(RFID_AUTO_READY_LOGIN)","5"
RCOMMENT,"_00_CELL","RFID_BADGE_READER","DISPLAY LOGIN REQUEST ON HMI$NHMI OPERATOR LOGGED OFF INDICATOR WILL BLINK TO INDICATE NEED TO LOG IN","OTE(RFID_LOGIN_REQUIRED_HMI)","6"
RCOMMENT,"_00_CELL","RFID_BADGE_READER","IF ACCESS LEVEL DROPS DUE TO SHIFT CHANGE  MACHINE WILL STILL RUN FOR 30 MINUTES.$NHMI OPERATOR LOGGED OFF IDNICATOR WILL BLINK TO INDICATE NEED TO LOG IN$N","OTU(RFID_SHIFT_CHANGE)","8"
RCOMMENT,"_00_CELL","RFID_BADGE_READER","ALARM IF START IN AUTO WITHOUT LOGGED IN USER","MOV(11,STEP_ALARM[0])","9"
RCOMMENT,"_00_CELL","RFID_BADGE_READER","IF BADGE READER HAS NO VALUE END ROUTINE$N","RET()","10"
RCOMMENT,"_00_CELL","RFID_BADGE_READER","DISTRIBUTE RAW BADGE READER DATA TO LOCAL TAG FOR COMPARISON","BTD(RFID_BADGE_READER:I.Data[36],0,RFID_LAST_ID_OLD,8,8)","11"
RCOMMENT,"_00_CELL","RFID_BADGE_READER","SEARCH FOR BADGE READER VALUE IN LOOKUP ARRAY","FSC(RFID_CONTROL,?,?,ALL,RFID_LAST_ID_OLD=RFID_CARDS[RFID_CONTROL.POS])","12"
RCOMMENT,"_00_CELL","RFID_BADGE_READER","ACTIVATE OFFLOAD VISION ACTIVATION/DEACTIVATION BUTTON VISIBILTY","OTL(RFID_FACE_OFFL_ACT_PB_VIS_LOGIN)","13"
RCOMMENT,"_00_CELL","SETTINGS","CELL SETTINGS$N***************************************************************************$N$NSET MACINE NUMBER TO SET MACHINE SETTINGS$N$N1 = 1 PC AUTOCOINER #1, STUARTS DRAFT - 2 LANE INFEED - 26207PN1$N2 = 1 PC AUTOCOINER #2, STUARTS DRAFT - 1 LANE INFEED - 26207PN2$N3 = 1 PC AUTOCOINER #3, BALLINA - 1 LANE INFEED, STEPPER GRIPPER - 26207PN3$N4 = 1 PC AUTOCOINER #4, BALLINA - 1 LANE INFEED, STEPPER GRIPPER - 26207PN3$N5 = 1 PC AUTOCOINER #5, BALLINA - 1 LANE INFEED, STEPPER GRIPPER - 26207PN3$N9 = 1 PC AUTOCOINER #9, STUARTS DRAFT - 1 LANE INFEED - 26207PN6$N10 = 1 PC AUTOCOINER #10, LITHUAINIA - 1 LANE INFEED - 26207PN7$N11 = 1 PC AUTOCOINER #11, LITHUAINIA - 1 LANE INFEED - 26207PN7$N*************************************************************************************************************************$N$NSET CELL ID NUMBER","OTE(CELL_ID_NUM.3)","0"
RCOMMENT,"_00_CELL","SETTINGS","MAIN DIAL MACHINE SPECIFIC SETTINGS","MOV(CELL_PAR[CELL_ID_NUM].MAIN_DIAL_PAR.DRV_HOME_OFF,MAIN_DIAL_DRV_HOME_OFF)","1"
RCOMMENT,"_00_CELL","SETTINGS","PREHEAT STATION 1 RTD TEMPERATURE SCALING VALUES","MOV(CELL_PAR[CELL_ID_NUM].PREHEAT1_PAR.UP_BLOCK_B,PREHEAT1_UP_BLOCK_TEMP_B_SCALE)","2"
RCOMMENT,"_00_CELL","SETTINGS","PREHEAT STATION 2 RTD TEMPERATURE SCALING VALUES","MOV(CELL_PAR[CELL_ID_NUM].PREHEAT2_PAR.UP_BLOCK_B,PREHEAT2_UP_BLOCK_TEMP_B_SCALE)","3"
RCOMMENT,"_00_CELL","SETTINGS","PREHEAT STATION 1 LOWER TEMP PID LOOP VALUES","MOV(CELL_PAR[CELL_ID_NUM].PREHEAT1_PAR.LOW_TOOL_PID_DYN_BIAS_FOAM,PREHEAT1_LOW_TOOL_PID_DYN_BIAS_FOAM)","4"
RCOMMENT,"_00_CELL","SETTINGS","PREHEAT STATION 1 UPPER TEMP PID LOOP VALUES","MOV(CELL_PAR[CELL_ID_NUM].PREHEAT1_PAR.UP_TOOL_PID_DYN_BIAS_FOAM,PREHEAT1_UP_TOOL_PID_DYN_BIAS_FOAM)","5"
RCOMMENT,"_00_CELL","SETTINGS","PREHEAT STATION 2 LOWER TEMP PID LOOP VALUES","MOV(CELL_PAR[CELL_ID_NUM].PREHEAT2_PAR.LOW_TOOL_PID_DYN_BIAS_FOAM,PREHEAT2_LOW_TOOL_PID_DYN_BIAS_FOAM)","6"
RCOMMENT,"_00_CELL","SETTINGS","PREHEAT STATION 2 UPPER TEMP PID LOOP VALUES","MOV(CELL_PAR[CELL_ID_NUM].PREHEAT2_PAR.UP_TOOL_PID_DYN_BIAS_FOAM,PREHEAT2_UP_TOOL_PID_DYN_BIAS_FOAM)","7"
RCOMMENT,"_00_CELL","SETTINGS","BARRIER PRINTING STATION MACHINE SPECIFIC SETTINGS","MOV(CELL_PAR[CELL_ID_NUM].PRINT_PAR.DRV_HOME_OFF,PRINT_DRV_HOME_OFF)","8"
RCOMMENT,"_00_CELL","SETTINGS","BAG GLUE STATION MACHINE SPECIFIC SETTINGS","MOV(CELL_PAR[CELL_ID_NUM].GLUE_PAR.Y_PART_CTR_SAMPLE_POS,GLUE_Y_PART_CTR_SAMPLE_POS)","9"
RCOMMENT,"_00_CELL","SETTINGS","BARRIER PRESS-N-CURE STATION MACHINE SPECIFIC SETTINGS","MOV(CELL_PAR[CELL_ID_NUM].PNC_PAR.DRV_HOME_OFF,PNC_DRV_HOME_OFF)","10"
RCOMMENT,"_00_CELL","SETTINGS","BARRIER MAGAZINE MACHINE SPECIFIC SETTINGS","MOV(CELL_PAR[CELL_ID_NUM].BARRIER_MAG_PAR.DRV_HOME_OFF,BARRIER_MAG_DRV_HOME_OFF)","11"
RCOMMENT,"_00_CELL","SETTINGS","BARRIER ELEVATOR MACHINE SPECIFIC SETTINGS","MOV(CELL_PAR[CELL_ID_NUM].BARRIER_ELEV_PAR.TOP_POS_VAL,BARRIER_ELEV_TOP_POS_VAL)","12"
RCOMMENT,"_00_CELL","SETTINGS","BARRIER PICK-N-PLACE/CORONA TREAT MACHINE SPECIFIC SETTINGS","MOV(CELL_PAR[CELL_ID_NUM].PNP_PAR.PICK_HEAD_DRV_HOME_OFF,PNP_PICK_HEAD_DRV_HOME_OFF)","13"
RCOMMENT,"_00_CELL","SETTINGS","FORMING STATION ANALOG PRESSURE REGULATOR SCALING VALUES","MOV(CELL_PAR[CELL_ID_NUM].FORM_PRES_SCALE_PAR.OUT_B,FORM_PRES_SCALE_PAR.OUT_B)","14"
RCOMMENT,"_00_CELL","SETTINGS","GLUE STATION ANALOG PRESSURE REGULATOR SCALING VALUES","MOV(CELL_PAR[CELL_ID_NUM].GLUE_PRES_SCALE_PAR.OUT_B,GLUE_IN_PRES_SCALE_PAR.OUT_B)","15"
RCOMMENT,"_00_CELL","SETTINGS","PRESS-N-CURE STATION ANALOG PRESSURE REGULATOR SCALING VALUES","MOV(CELL_PAR[CELL_ID_NUM].PNC_PRES_SCALE_PAR.OUT_B,PNC_PRES_SCALE_PAR.OUT_B)","16"
RCOMMENT,"_00_CELL","SETTINGS","LIGHT TABLE VACUUM ANALOG PRESSURE REGULATOR SCALING VALUES","MOV(CELL_PAR[CELL_ID_NUM].LT_TBL_VAC_PRES_SCALE_PAR.OUT_B,LT_TBL_VAC_PRES_SCALE_PAR.OUT_B)","17"
RCOMMENT,"_00_CELL","SETTINGS","BARRIER FORMING STOP POS ANALOG SCALING VALUES","MOV(CELL_PAR[CELL_ID_NUM].BAR_FORM_STOP_SCALE_PAR.IN_B,BAR_FORM_STOP_SCALE.IN_B)","18"
RCOMMENT,"_00_CELL","SETTINGS","MAIN DIAL VACUUM ANALOG PRESSURE REGULATOR SCALING VALUES","MOV(CELL_PAR[CELL_ID_NUM].MAIN_DIAL_VAC_PRES_SCALE_PAR.OUT_B,MAIN_DIAL_VAC_PRES_SCALE_PAR.OUT_B)","19"
RCOMMENT,"_00_CELL","STATUS","CELL STATUS$N***************************************************************************$N$NCELL RESET READY REQUIREMENTS","OTE(CELL_RESET_NOT_READY_ANIMATION)","0"
RCOMMENT,"_00_CELL","STATUS","CELL KEYSWITCH MODE$N","MOV(21,STEP_ALARM[0])","1"
RCOMMENT,"_00_CELL","STATUS","CELL COMMUNICATIONS STATUS","OTE(CELL_COMM_READY)","2"
RCOMMENT,"_00_CELL","STATUS","CELL BUTTONS","OTE(CELL_START_PRESSED)","3"
RCOMMENT,"_00_CELL","STATUS","CELL IS ATTEMPTING TO RESET","OTE(CELL_IS_RESETTING)","4"
RCOMMENT,"_00_CELL","STATUS","CELL AUTO READY REQUIREMENTS$NADD STATION AUTO READY COMPONENTS","OTE(CELL_AUTO_READY_SCREEN_PB_VIS)","5"
RCOMMENT,"_00_CELL","STATUS","CELL IS AUTO ENABLED","OTE(CELL_AUTO_ENABLED)","6"
RCOMMENT,"_00_CELL","STATUS","START CELL$N","OTE(CELL_STARTED)","7"
RCOMMENT,"_00_CELL","STATUS","*********************** CELL HMI STATUS LINE *****************$N$NMESSAGE $QREADY TO RESET$Q","OTE(CELL_RESET_PB_VIS)","8"
RCOMMENT,"_00_CELL","STATUS","MESSAGE $QNOT READY TO RESET$Q","MOV(1,CELL_STATUS)","9"
RCOMMENT,"_00_CELL","STATUS","MESSAGE $QRUNNING IN AUTO$Q","MOV(2,CELL_STATUS)","10"
RCOMMENT,"_00_CELL","STATUS","MESSAGE $QPLEASE WAIT$Q","MOV(3,CELL_STATUS)","11"
RCOMMENT,"_00_CELL","STATUS","MESSAGE $QREADY TO START$Q","OTE(CELL_START_PB_VIS)","12"
RCOMMENT,"_00_CELL","STATUS","MESSAGE $QMANUAL MODE$Q","MOV(5,CELL_STATUS)","13"
RCOMMENT,"_00_CELL","STATUS","MESSAGE $QROBOT MANUAL MODE$Q","MOV(6,CELL_STATUS)","14"
RCOMMENT,"_00_CELL","STATUS","$NMESSAGE $QE-STOP ACTIVE$Q","MOV(7,CELL_STATUS)","15"
RCOMMENT,"_00_CELL","STATUS","MESSAGE $QSHUTDOWN IN PROGRESS$Q","MOV(8,CELL_STATUS)","16"
RCOMMENT,"_00_CELL","STATUS","MESSAGE $QROBOT MODE$Q","MOV(9,CELL_STATUS)","17"
RCOMMENT,"_00_CELL","STATUS","REQUIREMENTS FOR ACTIVATING CELL ALARMS","OTE(CELL_ALARMS_ACTIVE)","18"
RCOMMENT,"_00_CELL","STATUS","SINGLE PART MODE CONTROL","RES(BAG_LOAD_BARRIER_COUNTER)","19"
RCOMMENT,"_00_CELL","STATUS","EMPTY MODE HMI CONTROL","MOV(1,CELL_EMPTY_STATUS)","20"
RCOMMENT,"_00_CELL","STATUS","TOOL CHANGE MODE","OTU(CELL_TOOL_CHANGE_REQ_PB)","21"
RCOMMENT,"_00_CELL","STATUS","MONITOR EXCESS CYCLE TIME AND REQUEST INDEX IF NECESSARY","OTE(CELL_CYCLE_TIMEOUT_INDEX_REQ)","22"
RCOMMENT,"_00_CELL","STATUS","MONITOR SAFETY RELAYS IN HEATER CIRCUIT","OTU(PREHEAT_ACTIVATE_HEATERS_PB)","23"
RCOMMENT,"_00_CELL","STATUS","CELL INACTIVITY TIMER$NFAULT MACHINE","MOV(896,STEP_ALARM[0])","24"
RCOMMENT,"_00_CELL","SYSTEM","CELL SYSTEM$N***************************************************************************$N$N.010 SECOND TIMING BIT ROUTINE","RES(CELL_TIMER_OPER[6])","0"
RCOMMENT,"_00_CELL","SYSTEM",".100 SECOND TIMING BIT ROUTINE","RES(CELL_TIMER_OPER[1])","1"
RCOMMENT,"_00_CELL","SYSTEM",".150 SECOND TIMING BIT ROUTINE","RES(CELL_TIMER_OPER[2])","2"
RCOMMENT,"_00_CELL","SYSTEM","0.25 SECOND TIMING BIT ROUTINE","RES(CELL_TIMER_OPER[3])","3"
RCOMMENT,"_00_CELL","SYSTEM",".500 SECOND TIMING BIT ROUTINE","RES(CELL_TIMER_OPER[4])","4"
RCOMMENT,"_00_CELL","SYSTEM","1 SECOND TIMING BIT ROUTINE","RES(CELL_TIMER_OPER[5])","5"
RCOMMENT,"_00_CELL","SYSTEM","OZONE DESTRUCTION CONTROL","OTU(CELL_OZONE_DESTRUCT_ON_PB)","6"
RCOMMENT,"_00_CELL","SYSTEM","MAINTENANCE CYLINDER CYCLE COUNTERS","OTU(PUNCH_CYL_CYCLE_CNT_ZERO_PB)","7"
TYPE,SCOPE,ROUTINE,COMMENT,OWNING_ELEMENT,LOCATION
RCOMMENT,"_01_MAIN_DIAL","AUTO","MAIN DIAL AUTO$N***************************************************************************$N$NWAIT FOR INDEX REQUEST FROM ALL STATIONS","TON(TIMER_OPER[14],?,?)","0"
RCOMMENT,"_01_MAIN_DIAL","AUTO","INDEX","MOV(45,STEP_ALARM[1])","1"
RCOMMENT,"_01_MAIN_DIAL","AUTO","WAIT FOR INKJET PROCESS DONE IF ACTIVE","MOV(15,STEP_AUTO[1])","2"
RCOMMENT,"_01_MAIN_DIAL","AUTO","WAIT FOR POSITION MONITOR CALC COMPLETE","MOV(18,STEP_AUTO[1])","3"
RCOMMENT,"_01_MAIN_DIAL","AUTO","COMPLETE INDEX","MOV(19,STEP_AUTO[1])","4"
RCOMMENT,"_01_MAIN_DIAL","AUTO","WAIT FOR POSITION CALCULATION COMPLETE","MOV(20,STEP_AUTO[1])","5"
RCOMMENT,"_01_MAIN_DIAL","AUTO","WAIT FOR ALL STATIONS TO COMPLETE","MOV(500,STEP_AUTO[1])","6"
RCOMMENT,"_01_MAIN_DIAL","AUTO","MAIN DIAL INDEX CYCLE TIME","DIV(TIMER_OPER[11].ACC,1000,CELL_CYCLE_TIME[0].MAIN_DIAL)","7"
RCOMMENT,"_01_MAIN_DIAL","ESTOP_RESET","MAIN DIAL E-STOP RESET$N***************************************************************************$N$NALARM","MOV(1000,STEP_ESTOP_RESET[1])","0"
RCOMMENT,"_01_MAIN_DIAL","ESTOP_RESET","CAPTURE INITIAL ALARM$NAND DETERMINE IF THIS IS THE PRIMARY ALARM FOR THE ENTIRE CELL","OTL(STEP_ALARM_TRIGGER_WORD_1.1)","1"
RCOMMENT,"_01_MAIN_DIAL","ESTOP_RESET","E-STOP SETTINGS","MOV(1000,STEP_AUTO[1])","2"
RCOMMENT,"_01_MAIN_DIAL","ESTOP_RESET","WAIT FOR RESET","MOV(10,STEP_ESTOP_RESET[1])","3"
RCOMMENT,"_01_MAIN_DIAL","ESTOP_RESET","GENERAL SETTINGS UPON RESET","MOV(20,STEP_ESTOP_RESET[1])","4"
RCOMMENT,"_01_MAIN_DIAL","ESTOP_RESET","WAIT FOR RESET TO BE RELEASED$NWAIT FOR CELL PRESSURE OK$NRESET BASED ON MACHINE MODE","MOV(500,STEP_ESTOP_RESET[1])","5"
RCOMMENT,"_01_MAIN_DIAL","ESTOP_RESET","WAIT FOR RESET TO COMPLETE","MOV(500,STEP_ESTOP_RESET[1])","6"
RCOMMENT,"_01_MAIN_DIAL","HMI","MAIN DIAL HMI$N***************************************************************************$N$NDRIVE INDEXING ANIMATION","OTE(MAIN_DIAL_INDEXING_IND)","0"
RCOMMENT,"_01_MAIN_DIAL","HMI","DRIVE PUSH BUTTONS VISIBILITY ON HMI","OTE(MAIN_DIAL_BRAKE_PB_VIS)","1"
RCOMMENT,"_01_MAIN_DIAL","HMI","STATION FUNCTION VISIBILITIES BASED ON MAIN DIAL STATUS","OTE(MAIN_DIAL_CYCLE_VIS)","2"
RCOMMENT,"_01_MAIN_DIAL","HMI","DRIVE POSITION FOR HMI","MUL(DRV01.ActualPosition,100,MAIN_DIAL_CUR_POS_HMI)","3"
RCOMMENT,"_01_MAIN_DIAL","HOME","MAIN DIAL HOME ROUTINE$N***************************************************************************$NRESET FAULTS AND SHUTDOWN STATE OF DRIVE$N","MOV(10,STEP_HOME[1])","0"
RCOMMENT,"_01_MAIN_DIAL","HOME","WAIT FOR TORQUE SAFE INPUT TO ACTIVATE","MOV(43,STEP_ALARM[1])","1"
RCOMMENT,"_01_MAIN_DIAL","HOME","ENABLE DRIVE","MOV(25,STEP_HOME[1])","2"
RCOMMENT,"_01_MAIN_DIAL","HOME","VERIFY MAIN DIAL IS CLEAR TO MOVE","MOV(30,STEP_HOME[1])","3"
RCOMMENT,"_01_MAIN_DIAL","HOME","CHECK TO SEE IF DRIVE REQUIRES HOMING","MOV(40,STEP_HOME[1])","4"
RCOMMENT,"_01_MAIN_DIAL","HOME","START DRIVE HOMING ROUTINE AND WAIT FOR COMPLETION","MOV(100,STEP_HOME[1])","5"
RCOMMENT,"_01_MAIN_DIAL","HOME","DETERMINE IF NEED TO INDEX OR MAIN DIAL IS IN POSITION","MOV(100,STEP_HOME[1])","6"
RCOMMENT,"_01_MAIN_DIAL","HOME","PAUSE BEFORE INDEXING","MOV(60,STEP_HOME[1])","7"
RCOMMENT,"_01_MAIN_DIAL","HOME","INDEX","MOV(100,STEP_HOME[1])","8"
RCOMMENT,"_01_MAIN_DIAL","HOME","CHECK FOR DIAL IN POSITION$NTURN OFF ALL DIAL VACUUM DURING TOOL CHANGE","MOV(500,STEP_HOME[1])","9"
RCOMMENT,"_01_MAIN_DIAL","MAIN","MAIN ROUTINE$N***************************************************************************","JSR(PRESSURE_REG,0)","0"
RCOMMENT,"_01_MAIN_DIAL","OUTPUTS","MAIN DIAL OUTPUTS$N***************************************************************************$N$NINITIATE INTERNAL DRIVE HOMING ROUTINE","MOV(47,STEP_ALARM[1])","0"
RCOMMENT,"_01_MAIN_DIAL","OUTPUTS","DRIVE MOVING DEBOUNCE TIMER","TON(TIMER_OPER[1],?,?)","1"
RCOMMENT,"_01_MAIN_DIAL","OUTPUTS","NORMAL INDEX CONTROL","OTU(MAIN_DIAL_INDEX_PB)","2"
RCOMMENT,"_01_MAIN_DIAL","OUTPUTS","HOMING NOTCH SEARCH CONTROL","OTU(DRV_HOME_NOTCH_SEARCH_REQ)","3"
RCOMMENT,"_01_MAIN_DIAL","OUTPUTS","HOMING OFFSET CONTROL","MOV(41,STEP_ALARM[1])","4"
RCOMMENT,"_01_MAIN_DIAL","OUTPUTS","ABORT INDEX","MOV(48,STEP_ALARM[1])","5"
RCOMMENT,"_01_MAIN_DIAL","OUTPUTS","ZERO ENCODER","MOV(40,STEP_ALARM[1])","6"
RCOMMENT,"_01_MAIN_DIAL","OUTPUTS","RESET FAULTS AND SHUTDOWN STATE OF DRIVE$N","MOV(51,STEP_ALARM[1])","7"
RCOMMENT,"_01_MAIN_DIAL","OUTPUTS","ENABLE/DISABLE DRIVE","MOV(50,STEP_ALARM[1])","8"
RCOMMENT,"_01_MAIN_DIAL","OUTPUTS","TRACK AND CONTROL THE VACUUM AROUND THE TABLE AS IT ROTATES FROM THE HMI$N**************************************************************************************************************************$N$NPHYSICAL POSITION 1 CORRESPONDS TO BARRIER LOAD POSITION$NWITH DIAL HOMED$N$NDIAL TABLE POSITION#1 VACUUM CONTROL$N","OTE(MAN02:O.Data[5].0)","9"
RCOMMENT,"_01_MAIN_DIAL","OUTPUTS","DIAL TABLE POSITION#2 VACUUM CONTROL$N","OTE(MAN02:O.Data[5].1)","10"
RCOMMENT,"_01_MAIN_DIAL","OUTPUTS","DIAL TABLE POSITION#3 VACUUM CONTROL$N","OTE(MAN02:O.Data[5].2)","11"
RCOMMENT,"_01_MAIN_DIAL","OUTPUTS","DIAL TABLE POSITION#4 VACUUM CONTROL$N","OTE(MAN02:O.Data[5].3)","12"
RCOMMENT,"_01_MAIN_DIAL","OUTPUTS","DIAL TABLE POSITION#5 VACUUM CONTROL$N","OTE(MAN02:O.Data[5].4)","13"
RCOMMENT,"_01_MAIN_DIAL","OUTPUTS","DIAL TABLE POSITION#6 VACUUM CONTROL$N","OTE(MAN02:O.Data[5].5)","14"
RCOMMENT,"_01_MAIN_DIAL","OUTPUTS","DIAL TABLE POSITION#7 VACUUM CONTROL$N","OTE(MAN02:O.Data[5].6)","15"
RCOMMENT,"_01_MAIN_DIAL","OUTPUTS","DIAL TABLE POSITION#8 VACUUM CONTROL$N","OTE(MAN02:O.Data[5].7)","16"
RCOMMENT,"_01_MAIN_DIAL","OUTPUTS","DIAL TABLE POSITION#9 VACUUM CONTROL$N","OTE(MAN02:O.Data[5].8)","17"
RCOMMENT,"_01_MAIN_DIAL","OUTPUTS","DIAL TABLE POSITION#10 VACUUM CONTROL$N","OTE(MAN02:O.Data[5].9)","18"
RCOMMENT,"_01_MAIN_DIAL","OUTPUTS","DIAL TABLE POSITION#11 VACUUM CONTROL$N","OTE(MAN02:O.Data[5].10)","19"
RCOMMENT,"_01_MAIN_DIAL","OUTPUTS","DIAL TABLE POSITION#12 VACUUM CONTROL$N","OTE(MAN02:O.Data[5].11)","20"
RCOMMENT,"_01_MAIN_DIAL","OUTPUTS","ALL VACUUM CONTROL BUTTON FROM HMI$N","OTL(MAIN_DIAL_VAC_ALL_PB)","21"
RCOMMENT,"_01_MAIN_DIAL","OUTPUTS","ACTIVATE BRAKE UPON LEAVING MANUAL MODE","OTL(MAIN_DIAL_BRAKE_PB)","22"
RCOMMENT,"_01_MAIN_DIAL","OUTPUTS","MAIN DIAL BRAKE FLIP FLOP CIRCUIT - ALLOWS ONE MOMENTARY PUSH BUTTON TO ACTIVATE AND DEACTIVE BRAKE","OTL(DRV_BRAKE_MSG)","23"
RCOMMENT,"_01_MAIN_DIAL","OUTPUTS","FLIP FLOP BRAKE CONTROL$NTHROUGH THE SET SYSTEM VARIABLE$N","SSV(Axis,DRV01,MechanicalBrakeControl,MAIN_DIAL_BRAKE_CONT)","24"
RCOMMENT,"_01_MAIN_DIAL","POSITION_MONITOR","POSITION MONITOR MAIN DIAL$N***************************************************************************$N$NDETERMINE IF DIAL IS IN POSITION BY$N1. DIAL HAS REACHED IT$'S TARGET$N2. DIAL HAS BEEN HOMED AND IS NOW AT ZERO$N3. THE DIAL HASN$'T LEFT IT$'S LAST TARGET POSITION$N","MOV(38,STEP_ALARM[1])","0"
RCOMMENT,"_01_MAIN_DIAL","POSITION_MONITOR","INITIATE POSITION UPDATE AND PART DATA TRANSFER","MOV(0,STEP_POS_MONITOR[1])","1"
RCOMMENT,"_01_MAIN_DIAL","POSITION_MONITOR","IF PRESENT POSITION IS AT FULL TURN OF DIAL$NRESET THE POSITION OFFSET TRACKING COUNTER","MOV(10,STEP_POS_MONITOR[1])","2"
RCOMMENT,"_01_MAIN_DIAL","POSITION_MONITOR","INCREMENT DIAL TRACKING COUNTER AND VACUUM CONTROL VALUES","MOV(20,STEP_POS_MONITOR[1])","3"
RCOMMENT,"_01_MAIN_DIAL","POSITION_MONITOR","DETERMINE CURRENT POSITION","MOV(40,STEP_POS_MONITOR[1])","4"
RCOMMENT,"_01_MAIN_DIAL","POSITION_MONITOR","DEFINE NEXT POSITION","MOV(50,STEP_POS_MONITOR[1])","5"
RCOMMENT,"_01_MAIN_DIAL","POSITION_MONITOR","SETUP INDEX$NFOR NEXT POSITION$N$NSET SPECIAL PARAMETERS FOR REGISTRATION INDEX$N","MOV(60,STEP_POS_MONITOR[1])","6"
RCOMMENT,"_01_MAIN_DIAL","POSITION_MONITOR","TRANSFER PART DATA","MOV(500,STEP_POS_MONITOR[1])","7"
RCOMMENT,"_01_MAIN_DIAL","POSITION_MONITOR","MONITOR POSITION CALC ROUTINE FOR HANGUP","MOV(500,STEP_POS_MONITOR[1])","8"
RCOMMENT,"_01_MAIN_DIAL","PRESSURE_REG","MAIN DIAL VACUUM SUPPLY PRESSURE REGULATOR$N*******************************************************************************$N$NADD OPERATOR ADJUSTMENT TO PRESSURE SETPOINT","MOV(PRESSURE_SP_AUTO,PRESSURE_SP_GEN)","0"
RCOMMENT,"_01_MAIN_DIAL","PRESSURE_REG","CACULATE OPERATERS MAXIMUM  & MINIMUM ALLOWABLE SETPOINT ADJUSTMENT BASED ON RECIPE PRESSURE$N","MOV(PRESSURE_MAX_ALLOWED,MAIN_DIAL_VAC_PRESSURE_MAX)","1"
RCOMMENT,"_01_MAIN_DIAL","PRESSURE_REG","IF RECIPE VALUE CHANGES ZERO OUT OFFSET ADJUST","MOV(0,MAIN_DIAL_VAC_ADJ_PRESSURE)","2"
RCOMMENT,"_01_MAIN_DIAL","PRESSURE_REG","****MANUAL MODE****$N$NSET PRESSURE SETPOINT FOR MANUAL MODE","MOV(PRESSURE_SP_AUTO,MAIN_DIAL_VAC_PRESSURE_SP_MAN_DISPLAY)","3"
RCOMMENT,"_01_MAIN_DIAL","PRESSURE_REG","WHILE IN MANUAL MODE, ALLOW THE PRESSURE SLIDERS FULL SCALE OF OPERATION.","MOV(PRESSURE_SP_MAN,PRESSURE_SP_GEN)","4"
RCOMMENT,"_01_MAIN_DIAL","PRESSURE_REG","SEND REGULATOR PRESSURE INPUT COUNTS$N$NSCALE, TRUNCATE AND BYTE SWAP","TRN(SCALED_PRESSURE,MAN02:O.Data[2])","5"
RCOMMENT,"_01_MAIN_DIAL","PRESSURE_REG","CACULATE FEEDBACK PRESSURE FROM REGULATOR","CPT(REG_FEEDBACK_SCALED,REG_FEEDBACK_M/MAIN_DIAL_VAC_PRES_SCALE_PAR.IN_M)","6"
RCOMMENT,"_01_MAIN_DIAL","PRESSURE_REG","VERIFY FORM PRESSURE USING REGULATOR FEEDBACK","OTE(MAIN_DIAL_VAC_PRESSURE_OK)","7"
RCOMMENT,"_01_MAIN_DIAL","SERVO_HOMING","MAIN DIAL DRIVE HOMING ROUTINE$N***************************************************************************$N$NSET HOMING REQUIREMENT DURING FIRST SCAN$N","OTL(DRV_HOMING_REQ)","0"
RCOMMENT,"_01_MAIN_DIAL","SERVO_HOMING","DETERMINE IF DRIVE IS HOMED$N","OTE(MAIN_DIAL_DRV_HOMED)","1"
RCOMMENT,"_01_MAIN_DIAL","SERVO_HOMING","START HOMING ROUTINE","MOV(10,STEP_HOMING[1])","2"
RCOMMENT,"_01_MAIN_DIAL","SERVO_HOMING","START HOME NOTCH SEARCH","MOV(20,STEP_HOMING[1])","3"
RCOMMENT,"_01_MAIN_DIAL","SERVO_HOMING","WAIT FOR MINIMUM TIME AND HOME SENSOR","MOV(30,STEP_HOMING[1])","4"
RCOMMENT,"_01_MAIN_DIAL","SERVO_HOMING","WAIT FOR TO DETECT HOME NOTCH AND ISSUE ABORT COMMAND","MOV(40,STEP_HOMING[1])","5"
RCOMMENT,"_01_MAIN_DIAL","SERVO_HOMING","PAUSE","MOV(50,STEP_HOMING[1])","6"
RCOMMENT,"_01_MAIN_DIAL","SERVO_HOMING","REQUEST INTERNAL DRIVE HOMING ROUTINE","MOV(55,STEP_HOMING[1])","7"
RCOMMENT,"_01_MAIN_DIAL","SERVO_HOMING","COMPLETE INTERNAL DRIVE HOMING ROUTINE","MOV(70,STEP_HOMING[1])","8"
RCOMMENT,"_01_MAIN_DIAL","SERVO_HOMING","VERIFY HOMED STATUS AND PAUSE BEFORE INITIATING THE NEXT MOVE$NIF FAULTED END ROUTINE","MOV(100,STEP_HOMING[1])","9"
RCOMMENT,"_01_MAIN_DIAL","SERVO_HOMING","REQUEST INDEX DRIVE TO HOME OFFSET POSITION","MOV(85,STEP_HOMING[1])","10"
RCOMMENT,"_01_MAIN_DIAL","SERVO_HOMING","COMPLETE INDEX DRIVE TO HOME OFFSET POSITION","MOV(90,STEP_HOMING[1])","11"
RCOMMENT,"_01_MAIN_DIAL","SERVO_HOMING","SET COUNTER TO ZERO","MOV(100,STEP_HOMING[1])","12"
RCOMMENT,"_01_MAIN_DIAL","SERVO_HOMING","FINISH ROUTINE","MOV(110,STEP_HOMING[1])","13"
RCOMMENT,"_01_MAIN_DIAL","SERVO_HOMING","COMPLETE ROUTINE$N","MOV(500,STEP_HOMING[1])","14"
RCOMMENT,"_01_MAIN_DIAL","STATUS","MAIN DIAL STATUS$N***************************************************************************$N$NAUTO READY REQUIREMENTS","OTE(CELL_AUTO_READY[1])","0"
RCOMMENT,"_01_MAIN_DIAL","STATUS","CHECK THAT EVERYTING IS CLEAR BEFORE INDEXING","OTE(MAIN_DIAL_CLEAR_TO_INDEX)","1"
RCOMMENT,"_01_MAIN_DIAL","STATUS","MAIN DIAL DOES NOT HAVE ANY PARTS","OTE(MAIN_DIAL_EMPTY)","2"
RCOMMENT,"_01_MAIN_DIAL","STATUS","LOAD DEFAULT DRIVE PARAMETERS AFTER RECIPE DOWNLOAD","MOV(DRV_DEFAULT_DEC,MAIN_DIAL_DRV_DEC_PB)","3"
RCOMMENT,"_01_MAIN_DIAL","STATUS","MONITOR OPEN AIR GLUE TIME FOR ALL STATIONS ON MAIN DIAL$N********************************************************************************************$N$NBARRIER LOAD STATION","OTL(BARRIER_LOAD_DATA_GLUE_OPEN_REJECT)","4"
RCOMMENT,"_01_MAIN_DIAL","STATUS","EMPTY STATION","OTL(EMPTY_DATA_GLUE_OPEN_REJECT)","5"
RCOMMENT,"_01_MAIN_DIAL","STATUS","BAG LOAD STATION","OTL(BAG_LOAD_DATA_GLUE_OPEN_REJECT)","6"
RCOMMENT,"_01_MAIN_DIAL","STATUS","BARRIER PREHEAT STATION 1","OTL(PREHEAT1_DATA_GLUE_OPEN_REJECT)","7"
RCOMMENT,"_01_MAIN_DIAL","STATUS","BARRIER PREHEAT STATION 2","OTL(PREHEAT2_DATA_GLUE_OPEN_REJECT)","8"
RCOMMENT,"_01_MAIN_DIAL","STATUS","BARRIER FORMING STATION","OTL(FORMING_DATA_GLUE_OPEN_REJECT)","9"
RCOMMENT,"_01_MAIN_DIAL","STATUS","BARRIER PUNCH STATION","OTL(PUNCH_DATA_GLUE_OPEN_REJECT)","10"
RCOMMENT,"_01_MAIN_DIAL","STATUS","BARRIER PRINT STATION","OTL(PRINT_DATA_GLUE_OPEN_REJECT)","11"
RCOMMENT,"_01_MAIN_DIAL","STATUS","BAG GLUE STATION","OTL(GLUE_DATA_GLUE_OPEN_REJECT)","12"
RCOMMENT,"_01_MAIN_DIAL","STATUS","PRESS-N-CURE STATION","OTL(PNC_DATA_GLUE_OPEN_REJECT)","13"
RCOMMENT,"_01_MAIN_DIAL","STATUS","VISION INSPECTION STATION","OTL(VISION_DATA_GLUE_OPEN_REJECT)","14"
RCOMMENT,"_01_MAIN_DIAL","STATUS","BAG OFFLOAD STATION INSPECTION STATION","OTL(BAG_OFFLOAD_DATA_GLUE_OPEN_REJECT)","15"
TYPE,SCOPE,ROUTINE,COMMENT,OWNING_ELEMENT,LOCATION
RCOMMENT,"_02_BAR_MAG","AUTO","BARRIER INFEED MAGAZINE AUTO$N***************************************************************************$N$NSHUTDOWN REQUEST REQUIREMENTS$N","MOV(500,STEP_AUTO[2])","0"
RCOMMENT,"_02_BAR_MAG","AUTO","SEND OUT READY FOR PROCESS TO STATIONS","MOV(500,STEP_AUTO[2])","1"
RCOMMENT,"_02_BAR_MAG","AUTO","INDEX","MOV(30,STEP_AUTO[2])","2"
RCOMMENT,"_02_BAR_MAG","AUTO","WAIT FOR POSITION MONITOR CALC COMPLETE","MOV(40,STEP_AUTO[2])","3"
RCOMMENT,"_02_BAR_MAG","AUTO","SEE IF TOWER LOCATION IN FRONT OF PICK-N-PLACE IS EMPTY","RES(BARRIER_MAG_CONCUR_INDEX_COUNT)","4"
RCOMMENT,"_02_BAR_MAG","ESTOP_RESET","BARRIER INFEED MAGAZINE E-STOP RESET$N***************************************************************************$N$NALARM","MOV(1000,STEP_ESTOP_RESET[2])","0"
RCOMMENT,"_02_BAR_MAG","ESTOP_RESET","CAPTURE INITIAL ALARM$NAND DETERMINE IF THIS IS THE PRIMARY ALARM FOR THE ENTIRE CELL","OTL(STEP_ALARM_TRIGGER_WORD_1.2)","1"
RCOMMENT,"_02_BAR_MAG","ESTOP_RESET","E-STOP SETTINGS","MOV(1000,STEP_AUTO[2])","2"
RCOMMENT,"_02_BAR_MAG","ESTOP_RESET","WAIT FOR RESET","MOV(10,STEP_ESTOP_RESET[2])","3"
RCOMMENT,"_02_BAR_MAG","ESTOP_RESET","GENERAL CELL SETTINGS UPON RESET","MOV(20,STEP_ESTOP_RESET[2])","4"
RCOMMENT,"_02_BAR_MAG","ESTOP_RESET","WAIT FOR RESET TO BE RELEASED$NWAIT FOR CELL PRESSURE OK$NRESET BASED ON MACHINE MODE","MOV(500,STEP_ESTOP_RESET[2])","5"
RCOMMENT,"_02_BAR_MAG","ESTOP_RESET","WAIT FOR RESET TO COMPLETE","MOV(500,STEP_ESTOP_RESET[2])","6"
RCOMMENT,"_02_BAR_MAG","HMI","BARRIER INFEED MAGAZINE HMI$N***************************************************************************$N$NMAGAZINE ANIMATION","OTE(BARRIER_MAG_INDEXING_IND)","0"
RCOMMENT,"_02_BAR_MAG","HMI","DRIVE PUSH BUTTONS VISIBILITY ON HMI","OTE(BARRIER_MAG_BRAKE_PB_VIS)","1"
RCOMMENT,"_02_BAR_MAG","HMI","DRIVE POSITION FOR HMI","MUL(DRV02.ActualPosition,100,BARRIER_MAG_CUR_POS_HMI)","2"
RCOMMENT,"_02_BAR_MAG","HOME","BARRIER INFEED MAGAZINE HOME ROUTINE$N***************************************************************************$N$NRESET FAULTS AND SHUTDOWN STATE OF DRIVE$N","MOV(10,STEP_HOME[2])","0"
RCOMMENT,"_02_BAR_MAG","HOME","WAIT FOR TORQUE SAFE INPUT TO ACTIVATE","MOV(441,STEP_ALARM[2])","1"
RCOMMENT,"_02_BAR_MAG","HOME","ENABLE DRIVE","MOV(25,STEP_HOME[2])","2"
RCOMMENT,"_02_BAR_MAG","HOME","INFEED ELEVATOR HOME ROUTINE MUST BE COMPLETE","MOV(30,STEP_HOME[2])","3"
RCOMMENT,"_02_BAR_MAG","HOME"," CHECK TO SEE IF DRIVE REQUIRES HOMING$N","MOV(40,STEP_HOME[2])","4"
RCOMMENT,"_02_BAR_MAG","HOME","START DRIVE HOMING ROUTINE AND WAIT FOR COMPLETION","MOV(100,STEP_HOME[2])","5"
RCOMMENT,"_02_BAR_MAG","HOME","DETERMINE IF NEED TO INDEX OR BARRIER INFEED MAGAZINE IS IN POSITION","MOV(100,STEP_HOME[2])","6"
RCOMMENT,"_02_BAR_MAG","HOME","INDEX","MOV(442,STEP_ALARM[2])","7"
RCOMMENT,"_02_BAR_MAG","HOME","CHECK FOR MAGAZINE IN POSITION","MOV(110,STEP_HOME[2])","8"
RCOMMENT,"_02_BAR_MAG","HOME","ACTIVATE BRAKE ON MAGAZINE AT COMPLETION OF RESET","MOV(500,STEP_HOME[2])","9"
RCOMMENT,"_02_BAR_MAG","MAIN","MAIN ROUTINE$N***************************************************************************","JSR(HMI,0)","0"
RCOMMENT,"_02_BAR_MAG","OUTPUTS","BARRIER INFEED MAGAZINE OUTPUTS$N***************************************************************************$N$NINITIATE INTERNAL DRIVE HOMING ROUTINE","MOV(443,STEP_ALARM[2])","0"
RCOMMENT,"_02_BAR_MAG","OUTPUTS","DRIVE MOVING DEBOUNCE TIMER","TON(TIMER_OPER[1],?,?)","1"
RCOMMENT,"_02_BAR_MAG","OUTPUTS","NORMAL INDEX CONTROL$NAND HOME REQUEST FOR ELEVATOR IF BARRIER MAGAZINE IS NOT CLEAR TO INDEX","MOV(435,STEP_ALARM[2])","2"
RCOMMENT,"_02_BAR_MAG","OUTPUTS","HOMING OFFSET CONTROL","MOV(440,STEP_ALARM[2])","3"
RCOMMENT,"_02_BAR_MAG","OUTPUTS","ABORT INDEX","MOV(444,STEP_ALARM[2])","4"
RCOMMENT,"_02_BAR_MAG","OUTPUTS","ZERO ENCODER","MOV(439,STEP_ALARM[2])","5"
RCOMMENT,"_02_BAR_MAG","OUTPUTS","RESET FAULTS AND SHUTDOWN STATE OF DRIVE$N","MOV(447,STEP_ALARM[2])","6"
RCOMMENT,"_02_BAR_MAG","OUTPUTS","ENABLE/DISABLE DRIVE","MOV(446,STEP_ALARM[2])","7"
RCOMMENT,"_02_BAR_MAG","OUTPUTS","ACTIVATE BRAKE UPON LEAVING MANUAL MODE","OTL(BARRIER_MAG_BRAKE_PB)","8"
RCOMMENT,"_02_BAR_MAG","OUTPUTS","MAIN DIAL BRAKE FLIP FLOP CIRCUIT - ALLOWS ONE MOMENTARY PUSH BUTTON TO ACTIVATE AND DEACTIVE BRAKE","OTL(DRV_BRAKE_MSG)","9"
RCOMMENT,"_02_BAR_MAG","OUTPUTS","FLIP FLOP BRAKE CONTROL$NTHROUGH THE SET SYSTEM VARIABLE$N","SSV(Axis,DRV02,MechanicalBrakeControl,BARRIER_MAG_BRAKE_CONT)","10"
RCOMMENT,"_02_BAR_MAG","POSITION_MONITOR","POSITION MONITOR BARRIER INFEED MAGAZINE$N***************************************************************************$NDETERMINE IF MAGAZINE IS IN POSITION BY$N1. MAGAZINE HAS REACHED IT$'S TARGET$N2. MAGAZINE HAS BEEN HOMED AND IS NOW AT ZERO$N3. THE MAGAZINE HASN$'T LEFT IT$'S LAST TARGET POSITION","MOV(437,STEP_ALARM[2])","0"
RCOMMENT,"_02_BAR_MAG","POSITION_MONITOR","INITIATE POSITION UPDATE","MOV(20,STEP_POS_MONITOR[2])","1"
RCOMMENT,"_02_BAR_MAG","POSITION_MONITOR","DETERMINE CURRENT POSITION","MOV(30,STEP_POS_MONITOR[2])","2"
RCOMMENT,"_02_BAR_MAG","POSITION_MONITOR","DEFINE NEXT POSITION","MOV(50,STEP_POS_MONITOR[2])","3"
RCOMMENT,"_02_BAR_MAG","POSITION_MONITOR"," CALCULATION COMPLETE","MOV(500,STEP_POS_MONITOR[2])","4"
RCOMMENT,"_02_BAR_MAG","SERVO_HOMING","BARRIER INFEED MAGAZINE DRIVE HOMING ROUTINE$N***************************************************************************$N$NSET HOMING REQUIREMENT DURING FIRST SCAN","OTL(DRV_HOMING_REQ)","0"
RCOMMENT,"_02_BAR_MAG","SERVO_HOMING","DETERMINE IF DRIVE IS HOMED$N","OTE(BARRIER_MAG_DRV_HOMED)","1"
RCOMMENT,"_02_BAR_MAG","SERVO_HOMING","START HOMING ROUTINE","MOV(10,STEP_HOMING[2])","2"
RCOMMENT,"_02_BAR_MAG","SERVO_HOMING","REQUEST INTERNAL DRIVE HOMING ROUTINE","MOV(15,STEP_HOMING[2])","3"
RCOMMENT,"_02_BAR_MAG","SERVO_HOMING","COMPLETE INTERNAL DRIVE HOMING ROUTINE","MOV(30,STEP_HOMING[2])","4"
RCOMMENT,"_02_BAR_MAG","SERVO_HOMING","VERIFY HOMED STATUS AND PAUSE BEFORE INITIATING THE NEXT MOVE$NIF FAULTED END ROUTINE","MOV(100,STEP_HOMING[2])","5"
RCOMMENT,"_02_BAR_MAG","SERVO_HOMING","REQUEST INDEX DRIVE TO HOME OFFSET POSITION","MOV(45,STEP_HOMING[2])","6"
RCOMMENT,"_02_BAR_MAG","SERVO_HOMING","COMPLETE INDEX DRIVE TO HOME OFFSET POSITION","MOV(50,STEP_HOMING[2])","7"
RCOMMENT,"_02_BAR_MAG","SERVO_HOMING","SET COUNTER TO ZERO","MOV(100,STEP_HOMING[2])","8"
RCOMMENT,"_02_BAR_MAG","SERVO_HOMING","FINISH ROUTINE","MOV(500,STEP_HOMING[2])","9"
RCOMMENT,"_02_BAR_MAG","STATUS","$NBARRIER INFEED MAGAZINE STATUS$N***************************************************************************$N$NAUTO READY REQUIREMENTS","OTE(CELL_AUTO_READY[2])","0"
RCOMMENT,"_02_BAR_MAG","STATUS","$NCHECK THAT EVERYTHING IS CLEAR BEFORE INDEXING","OTE(BARRIER_MAG_CLEAR_TO_INDEX)","1"
TYPE,SCOPE,ROUTINE,COMMENT,OWNING_ELEMENT,LOCATION
RCOMMENT,"_03_BAR_ELEV","AUTO","BARRIER INFEED ELEVATOR AUTO ROUTINE$N***************************************************************************$N$NSHUTDOWN REQUEST REQUIREMENTS$N","MOV(500,STEP_AUTO[3])","0"
RCOMMENT,"_03_BAR_ELEV","AUTO","CHECK BARRIER INFEED MAGAZINE STATUS","MOV(500,STEP_AUTO[3])","1"
RCOMMENT,"_03_BAR_ELEV","AUTO","DETERMINE WHERE TO GO BASED ON CURRENT POSITION","MOV(80,STEP_AUTO[3])","2"
RCOMMENT,"_03_BAR_ELEV","AUTO","***START OF MAIN LOOP***$N$NSET INDEX AND VERIFY READY TO START INDEX","MOV(50,STEP_AUTO[3])","3"
RCOMMENT,"_03_BAR_ELEV","AUTO","INDEX TO BARRIER DETECT SENSOR PLUS OFFSET POSITION","MOV(483,STEP_ALARM[3])","4"
RCOMMENT,"_03_BAR_ELEV","AUTO","CHECK TOWER STATUS","MOV(80,STEP_AUTO[3])","5"
RCOMMENT,"_03_BAR_ELEV","AUTO","WAIT FOR BARRIER TO NOT BE READY FOR PICKING$NSET INDEX FOR INCREMENTAL RETRACT","MOV(80,STEP_AUTO[3])","6"
RCOMMENT,"_03_BAR_ELEV","AUTO","INDEX TO INCREMENTAL RETRACT POSITION","MOV(70,STEP_AUTO[3])","7"
RCOMMENT,"_03_BAR_ELEV","AUTO","INDEX TO RETURN POSITION","MOV(40,STEP_AUTO[3])","8"
RCOMMENT,"_03_BAR_ELEV","AUTO","CHECK BARRIER INFEED MAGAZINE STATUS","MOV(90,STEP_AUTO[3])","9"
RCOMMENT,"_03_BAR_ELEV","AUTO","INDEX TO OUT OF MAGAZINE POSITION","MOV(100,STEP_AUTO[3])","10"
RCOMMENT,"_03_BAR_ELEV","AUTO","DELAY TIMER","MOV(0,STEP_AUTO[3])","11"
RCOMMENT,"_03_BAR_ELEV","ESTOP_RESET","BARRIER INFEED ELEVATOR E-STOP RESET$N***************************************************************************$N$NALARM","MOV(1000,STEP_ESTOP_RESET[3])","0"
RCOMMENT,"_03_BAR_ELEV","ESTOP_RESET","CAPTURE INITIAL ALARM$NAND DETERMINE IF THIS IS THE PRIMARY ALARM FOR THE ENTIRE CELL","OTL(STEP_ALARM_TRIGGER_WORD_1.3)","1"
RCOMMENT,"_03_BAR_ELEV","ESTOP_RESET","E-STOP SETTINGS","MOV(1000,STEP_AUTO[3])","2"
RCOMMENT,"_03_BAR_ELEV","ESTOP_RESET","WAIT FOR RESET","MOV(10,STEP_ESTOP_RESET[3])","3"
RCOMMENT,"_03_BAR_ELEV","ESTOP_RESET","GENERAL CELL SETTINGS UPON RESET","MOV(20,STEP_ESTOP_RESET[3])","4"
RCOMMENT,"_03_BAR_ELEV","ESTOP_RESET","WAIT FOR RESET TO BE RELEASED$NWAIT FOR CELL PRESSURE OK$NRESET BASED ON MACHINE MODE","MOV(500,STEP_ESTOP_RESET[3])","5"
RCOMMENT,"_03_BAR_ELEV","ESTOP_RESET","WAIT FOR RESET TO COMPLETE","MOV(500,STEP_ESTOP_RESET[3])","6"
RCOMMENT,"_03_BAR_ELEV","HMI","BARRIER INFEED ELEVATOR HMI$N***************************************************************************$N$NELEVATOR ANIMATION","OTE(BARRIER_ELEV_INDEXING_IND)","0"
RCOMMENT,"_03_BAR_ELEV","HMI","DRIVE PUSH BUTTONS VISIBILITY ON HMI","OTE(BARRIER_ELEV_BRAKE_PB_VIS)","1"
RCOMMENT,"_03_BAR_ELEV","HMI","DRIVE POSITION FOR HMI","MUL(DRV03.ActualPosition,3.93700787402,BARRIER_ELEV_CUR_POS_HMI)","2"
RCOMMENT,"_03_BAR_ELEV","HOME","BARRIER INFEED ELEVATOR HOME ROUTINE$N***************************************************************************$N$NRESET FAULTS AND SHUTDOWN STATE OF DRIVE","MOV(10,STEP_HOME[3])","0"
RCOMMENT,"_03_BAR_ELEV","HOME","WAIT FOR TORQUE SAFE INPUT TO ACTIVATE","MOV(476,STEP_ALARM[3])","1"
RCOMMENT,"_03_BAR_ELEV","HOME","ENABLE DRIVE","MOV(30,STEP_HOME[3])","2"
RCOMMENT,"_03_BAR_ELEV","HOME","CHECK TO SEE IF DRIVE REQUIRES HOMING","MOV(40,STEP_HOME[3])","3"
RCOMMENT,"_03_BAR_ELEV","HOME","START DRIVE HOMING ROUTINE AND WAIT FOR COMPLETION","MOV(40,STEP_HOME[3])","4"
RCOMMENT,"_03_BAR_ELEV","HOME","DETERMINE IF NEED TO RETRACT ELEVATOR TO HOME POSITION","MOV(100,STEP_HOME[3])","5"
RCOMMENT,"_03_BAR_ELEV","HOME","INDEX TO OUT OF MAGAZINE POSITION","MOV(100,STEP_HOME[3])","6"
RCOMMENT,"_03_BAR_ELEV","HOME","COMPLETE ROUTINE","MOV(500,STEP_HOME[3])","7"
RCOMMENT,"_03_BAR_ELEV","HOME","HOME ELEVATOR WATCHDOG","MOV(60,STEP_HOME[3])","8"
RCOMMENT,"_03_BAR_ELEV","MAIN","MAIN ROUTINE$N***************************************************************************","JSR(HMI,0)","0"
RCOMMENT,"_03_BAR_ELEV","OUTPUTS","BARRIER INFEED ELEVATOR OUTPUTS$N***************************************************************************$N$NINITIATE INTERNAL DRIVE HOMING ROUTINE","MOV(478,STEP_ALARM[3])","0"
RCOMMENT,"_03_BAR_ELEV","OUTPUTS","CONTROLS MANUAL MODE  HMI ELEVATOR DRIVE INDEXES","MOV(7,BARRIER_ELEV_DRV_INDEX_NUM)","1"
RCOMMENT,"_03_BAR_ELEV","OUTPUTS","REG PICK POSITION INDEX CONTROL","MDR(DRV03,MOTION_DRV_REG_DISARM_PICK_POS_CONT,2)","2"
RCOMMENT,"_03_BAR_ELEV","OUTPUTS","INCREMENTAL RETRACT POSITION INDEX CONTROL","MOV(477,STEP_ALARM[3])","3"
RCOMMENT,"_03_BAR_ELEV","OUTPUTS","OUT OF MAGAZINE POSITION INDEX CONTROL","MOV(473,STEP_ALARM[3])","4"
RCOMMENT,"_03_BAR_ELEV","OUTPUTS","RETURN PREV POSITION INDEX CONTROL","MOV(475,STEP_ALARM[3])","5"
RCOMMENT,"_03_BAR_ELEV","OUTPUTS","HOMING OFFSET CONTROL","MOV(474,STEP_ALARM[3])","6"
RCOMMENT,"_03_BAR_ELEV","OUTPUTS","ABORT INDEX","MOV(479,STEP_ALARM[3])","7"
RCOMMENT,"_03_BAR_ELEV","OUTPUTS","ZERO ENCODER","MOV(470,STEP_ALARM[3])","8"
RCOMMENT,"_03_BAR_ELEV","OUTPUTS","RESET FAULTS AND SHUTDOWN STATE OF DRIVE$N","MOV(482,STEP_ALARM[3])","9"
RCOMMENT,"_03_BAR_ELEV","OUTPUTS","ENABLE/DISABLE DRIVE","MOV(481,STEP_ALARM[3])","10"
RCOMMENT,"_03_BAR_ELEV","OUTPUTS","ACTIVATE BRAKE UPON LEAVING MANUAL MODE","OTL(BARRIER_ELEV_BRAKE_PB)","11"
RCOMMENT,"_03_BAR_ELEV","OUTPUTS","MAIN DIAL BRAKE FLIP FLOP CIRCUIT - ALLOWS ONE MOMENTARY PUSH BUTTON TO ACTIVATE AND DEACTIVE BRAKE","OTL(DRV_BRAKE_MSG)","12"
RCOMMENT,"_03_BAR_ELEV","OUTPUTS","FLIP FLOP BRAKE CONTROL$NTHROUGH THE SET SYSTEM VARIABLE$N","SSV(Axis,DRV03,MechanicalBrakeControl,BARRIER_ELEV_BRAKE_CONT)","13"
RCOMMENT,"_03_BAR_ELEV","POSITION_MONITOR","POSITION MONITOR BARRIER INFEED ELEVATOR$N***************************************************************************$N$NPOSITION VERIFICATION","MOV(469,STEP_ALARM[3])","0"
RCOMMENT,"_03_BAR_ELEV","SERVO_HOMING","BARRIER INFEED ELEVATOR DRIVE HOMING ROUTINE$N***************************************************************************$N$NSET HOMING REQUIREMENT DURING FIRST SCAN","OTL(DRV_HOMING_REQ)","0"
RCOMMENT,"_03_BAR_ELEV","SERVO_HOMING","DETERMINE IF DRIVE IS HOMED$N","OTE(BARRIER_ELEV_DRV_HOMED)","1"
RCOMMENT,"_03_BAR_ELEV","SERVO_HOMING","START HOMING ROUTINE","OTL(BARRIER_ELEV_DRV_HOMING_IND)","2"
RCOMMENT,"_03_BAR_ELEV","SERVO_HOMING","REQUEST INTERNAL DRIVE HOMING ROUTINE","MOV(15,STEP_HOMING[3])","3"
RCOMMENT,"_03_BAR_ELEV","SERVO_HOMING","COMPLETE INTERNAL DRIVE HOMING ROUTINE","MOV(20,STEP_HOMING[3])","4"
RCOMMENT,"_03_BAR_ELEV","SERVO_HOMING","VERIFY HOMED STATUS AND PAUSE BEFORE INITIATING THE NEXT MOVE$NIF FAULTED END ROUTINE","MOV(100,STEP_HOMING[3])","5"
RCOMMENT,"_03_BAR_ELEV","SERVO_HOMING","REQUEST INDEX DRIVE TO HOME OFFSET POSITION","MOV(35,STEP_HOMING[3])","6"
RCOMMENT,"_03_BAR_ELEV","SERVO_HOMING","COMPLETE INDEX DRIVE TO HOME OFFSET POSITION","MOV(40,STEP_HOMING[3])","7"
RCOMMENT,"_03_BAR_ELEV","SERVO_HOMING","SET COUNTER TO ZERO","MOV(100,STEP_HOMING[3])","8"
RCOMMENT,"_03_BAR_ELEV","SERVO_HOMING","FINISH ROUTINE","MOV(500,STEP_HOMING[3])","9"
RCOMMENT,"_03_BAR_ELEV","STATUS","BARRIER INFEED ELEVATOR STATUS$N***************************************************************************$N$NAUTO READY REQUIREMENTS","OTE(CELL_AUTO_READY[3])","0"
RCOMMENT,"_03_BAR_ELEV","STATUS","CHECK THAT EVERYTHING IS CLEAR BEFORE INDEXING","OTE(BARRIER_ELEV_CLEAR_TO_INDEX)","1"
RCOMMENT,"_03_BAR_ELEV","STATUS","ELEVATOR PART DETECTED SENSOR","OTE(BARRIER_ELEV_BAR_DETECT)","2"
RCOMMENT,"_03_BAR_ELEV","STATUS","BARRIER PRESENCE IN TOWER CHECK SENSOR DEBOUNCE","OTE(BARRIER_ELEV_PART_NOT_PRESENT)","3"
TYPE,SCOPE,ROUTINE,COMMENT,OWNING_ELEMENT,LOCATION
RCOMMENT,"_03_REG_EVENT_PROG","REG_EVENT","**************BARRIER ELEVATOR REGISTRATION MOVE OFFSET ROUTINE**********$N$NCONTROLS STOPPING OF THE DRIVE AT THE CORRECT OFFSET FOR THE BARRIER INFEED ELEVATOR DRIVE REGISTRATION INPUT 2","MAM(DRV03,BARRIER_ELEV_MOT_DRV_REG_PICK_POS_CONT,0,BARRIER_ELEV_PICK_OFFSET_POS,BARRIER_ELEV_MOT_DRV_REG_PICK_POS_SPD,Units per sec,1000,Units per sec2,1000,Units per sec2,S-Curve,100,100,% of Maximum,Disabled,Programmed,0,None,0,0)","0"
TYPE,SCOPE,ROUTINE,COMMENT,OWNING_ELEMENT,LOCATION
RCOMMENT,"_03_REG_INPUT_STATUS","REG_INPUT","**************DETECTION SENSOR DEBOUNCE ROUTINE**********$N$NCONTROLS BARRIER DETECTION SENSOR SIGNAL THROUGH I/O IN PLC TO BARRIER INFEED ELEVATOR DRIVE REGISTRATION INPUT","OTE(Local:2:O.Pt01.Data)","0"
TYPE,SCOPE,ROUTINE,COMMENT,OWNING_ELEMENT,LOCATION
RCOMMENT,"_04_BAR_PNC","AUTO","BARRIER PRESS-N-CURE STATION AUTO$N***************************************************************************$N$NSHUTDOWN REQUEST REQUIREMENTS$N$N","MOV(500,STEP_AUTO[4])","0"
RCOMMENT,"_04_BAR_PNC","AUTO","PART STATUS","OTE(PNC_GOOD_BARRIER_ON_DIAL)","1"
RCOMMENT,"_04_BAR_PNC","AUTO","CHECK TO SEE IF STATION CAN RUN BEFORE INITIAL INDEX AFTER STARTING CELL$N$NIF MANUAL CYCLE MOVE TO NEXT STEP","MOV(20,STEP_AUTO[4])","2"
RCOMMENT,"_04_BAR_PNC","AUTO"," REQUEST DIAL INDEX$N","MOV(8,STEP_AUTO[4])","3"
RCOMMENT,"_04_BAR_PNC","AUTO","VERIFY ROTATION OF PICK HEAD IS COMPLETE","MOV(10,STEP_AUTO[4])","4"
RCOMMENT,"_04_BAR_PNC","AUTO","ANALYZE PART DATA","MOV(150,STEP_AUTO[4])","5"
RCOMMENT,"_04_BAR_PNC","AUTO","START PICK AND CURE ROUTINES AS REQUIRED","MOV(30,STEP_AUTO[4])","6"
RCOMMENT,"_04_BAR_PNC","AUTO","WAIT FOR PICK AND CURE ROUTINES TO COMPLETE","MOV(0,STEP_AUTO[4])","7"
RCOMMENT,"_04_BAR_PNC","AUTO","SET PROCESS DONE$NMONITOR EMPTY STATUS","MOV(160,STEP_AUTO[4])","8"
RCOMMENT,"_04_BAR_PNC","AUTO","WAIT FOR MAIN DIAL TO TURN OFF INDEX DONE","MOV(5,STEP_AUTO[4])","9"
RCOMMENT,"_04_BAR_PNC","AUTO","STATION CYCLE TIME","DIV(TIMER_OPER[11].ACC,1000,CELL_CYCLE_TIME[0].PNC)","10"
RCOMMENT,"_04_BAR_PNC","AUTO","STATION CYCLE EXCESS TIME$NTHIS STATION HAS BECOME CRITICAL PATH$N$NSTATION NUMBERS$NBARRIER LOAD =1, BAG LOAD=2, PREHEAT 1=3, PREHEAT2=4,$NFORMING=5, PUNCH=6, PRINT=7,$NBAG GLUE=8, PNC=9, BAG OFFLOAD=10","MOV(CELL_CYCLE_TIME[0].PNC,CELL_CYCLE_TIME[0].ST_TIME_CRITICAL[1].CYCLE_TIME)","11"
RCOMMENT,"_04_BAR_PNC","AUTO_CURE","BARRIER PRESS-N-CURE STATION BAG CURE AUTO$N***************************************************************************$N$NEXTEND PICK CYLINDER AND PRESS CYLINDER","MOV(500,STEP_AUTO[25])","0"
RCOMMENT,"_04_BAR_PNC","AUTO_CURE","WAIT FOR CURE TIME AND VERIFY PRESSURE OK$NRELEASE VAC AFTER TIME","MOV(30,STEP_AUTO[25])","1"
RCOMMENT,"_04_BAR_PNC","AUTO_CURE","RETRACT PRESS CYLINDER","MOV(40,STEP_AUTO[25])","2"
RCOMMENT,"_04_BAR_PNC","AUTO_CURE","RETRACT PICK CYLINDER AS REQUIRED","MOV(500,STEP_AUTO[25])","3"
RCOMMENT,"_04_BAR_PNC","AUTO_PICK","BARRIER PRESS-N-CURE STATION PICK BARRIER AUTO$N***************************************************************************$NEXTEND SUPPORT CYLINDER AS REQUIRED BY RECIPE$N","MOV(5,STEP_AUTO[24])","0"
RCOMMENT,"_04_BAR_PNC","AUTO_PICK","EXTEND PICK CYLINDERS, AND TURN ON PRESS HEAD VACUUM AS REQUIRED$N","MOV(500,STEP_AUTO[24])","1"
RCOMMENT,"_04_BAR_PNC","AUTO_PICK","TURN OFF MAIN DIAL VACUUM, WAIT FOR VACUUM SWITCH","MOV(20,STEP_AUTO[24])","2"
RCOMMENT,"_04_BAR_PNC","AUTO_PICK","RETRACT PICK CYLINDER AS REQUIRED$NRETRACT SUPPORT CYLINDER IF REQUIRED","OTU(PNC_SUP_CYL_EXT_PB)","3"
RCOMMENT,"_04_BAR_PNC","AUTO_ROTATE","BARRIER PRESS-N-CURE STATION PRESS HEAD ROTATE AUTO$N********************************************************************************$NINTITATE PRESS HEAD INDEX$NWHEN DIAL INDEXES","MOV(0,STEP_AUTO[26])","0"
RCOMMENT,"_04_BAR_PNC","AUTO_ROTATE","INDEX PRESS HEAD","MOV(10,STEP_AUTO[26])","1"
RCOMMENT,"_04_BAR_PNC","AUTO_ROTATE","WAIT FOR POSITION MONITOR CALC COMPLETE","MOV(500,STEP_AUTO[26])","2"
RCOMMENT,"_04_BAR_PNC","ESTOP_RESET","BARRIER PRESS-N-CURE STATION ESTOP RESET$N***************************************************************************$N$NALARM","MOV(1000,STEP_ESTOP_RESET[4])","0"
RCOMMENT,"_04_BAR_PNC","ESTOP_RESET","CAPTURE INITIAL ALARM$NAND DETERMINE IF THIS IS THE PRIMARY ALARM FOR THE ENTIRE CELL","OTL(STEP_ALARM_TRIGGER_WORD_1.4)","1"
RCOMMENT,"_04_BAR_PNC","ESTOP_RESET","E-STOP SETTINGS","MOV(1000,STEP_AUTO[26])","2"
RCOMMENT,"_04_BAR_PNC","ESTOP_RESET","WAIT FOR RESET","MOV(10,STEP_ESTOP_RESET[4])","3"
RCOMMENT,"_04_BAR_PNC","ESTOP_RESET","GENERAL CELL SETTINGS UPON RESET","MOV(20,STEP_ESTOP_RESET[4])","4"
RCOMMENT,"_04_BAR_PNC","ESTOP_RESET","WAIT FOR RESET TO BE RELEASED$NWAIT FOR CELL PRESSURE OK$NRESET BASED ON MACHINE MODE","MOV(500,STEP_ESTOP_RESET[4])","5"
RCOMMENT,"_04_BAR_PNC","ESTOP_RESET","WAIT FOR RESET TO COMPLETE","MOV(500,STEP_ESTOP_RESET[4])","6"
RCOMMENT,"_04_BAR_PNC","HMI","BARRIER PRESS-N-CURE HMI$N***************************************************************************$N$NDRIVE INDEXING ANIMATION","OTE(PNC_INDEXING_IND)","0"
RCOMMENT,"_04_BAR_PNC","HMI","ANIMATION FOR HMI DURING PICK HEAD ROTATION","OTE(PNC_PICK_ROT_POS)","1"
RCOMMENT,"_04_BAR_PNC","HMI","AUTO READY ANIMATION","OTE(PNC_PICK_LOC_NOT_AUTO_READY)","2"
RCOMMENT,"_04_BAR_PNC","HMI","DRIVE PUSH BUTTONS VISIBILITY ON HMI","OTE(PNC_DRV_FAULT_PB_VIS)","3"
RCOMMENT,"_04_BAR_PNC","HMI","PICK HEAD AND SUPPORT PUSH BUTTONS ON HMI VISIBILITY","OTE(PNC_SUP_CYL_EXT_PB_VIS)","4"
RCOMMENT,"_04_BAR_PNC","HMI","MANUAL MODE CYCLES HMI VISIBILITY","OTE(PNC_CYCLE_PB_VIS)","5"
RCOMMENT,"_04_BAR_PNC","HMI","DRIVE POSITION FOR HMI","MUL(DRV04.ActualPosition,100,PNC_CUR_POS_HMI)","6"
RCOMMENT,"_04_BAR_PNC","HMI","BYPASS ANIMATION FOR HMI","OTE(PNC_BYPASS_ANIMATION)","7"
RCOMMENT,"_04_BAR_PNC","HOME","BARRIER PRESS-N-CURE STATION HOME ROUTINE$N***************************************************************************$N$NRESET FAULTS AND SHUTDOWN STATE OF DRIVE$N","MOV(10,STEP_HOME[4])","0"
RCOMMENT,"_04_BAR_PNC","HOME","WAIT FOR TORQUE SAFE INPUT TO ACTIVATE","MOV(309,STEP_ALARM[4])","1"
RCOMMENT,"_04_BAR_PNC","HOME","ENABLE DRIVE","MOV(25,STEP_HOME[4])","2"
RCOMMENT,"_04_BAR_PNC","HOME","VERIFY GLUE STATION HOME ROUTINE IS COMPLETE$NRETRACT ALL CYLINDERS AND CHECK VACUUM STATUS","MOV(30,STEP_HOME[4])","3"
RCOMMENT,"_04_BAR_PNC","HOME"," CHECK TO SEE IF DRIVE REQUIRES HOMING$N","MOV(38,STEP_HOME[4])","4"
RCOMMENT,"_04_BAR_PNC","HOME","START DRIVE HOMING ROUTINE AND WAIT FOR COMPLETION","MOV(38,STEP_HOME[4])","5"
RCOMMENT,"_04_BAR_PNC","HOME","VERIFY CALC COMPLETE","MOV(40,STEP_HOME[4])","6"
RCOMMENT,"_04_BAR_PNC","HOME","DECIDE IF PICK HEAD NEEDS ROTATING","MOV(80,STEP_HOME[4])","7"
RCOMMENT,"_04_BAR_PNC","HOME","COMPLETE MOVE TO CURE DESTINATION","MOV(310,STEP_ALARM[4])","8"
RCOMMENT,"_04_BAR_PNC","HOME","CHECK FOR PRESS HEAD IN POSITION","MOV(80,STEP_HOME[4])","9"
RCOMMENT,"_04_BAR_PNC","HOME","CHECK STATUS OF PARTS AND LOCATION OF PICK HEAD","MOV(50,STEP_HOME[4])","10"
RCOMMENT,"_04_BAR_PNC","MAIN","MAIN ROUTINE$N***************************************************************************","JSR(HMI,0)","0"
RCOMMENT,"_04_BAR_PNC","OUTPUTS","BARRIER PRESS-N-CURE STATION OUTPUTS$N***************************************************************************$N$NINITIATE INTERNAL DRIVE HOMING ROUTINE","MOV(311,STEP_ALARM[4])","0"
RCOMMENT,"_04_BAR_PNC","OUTPUTS","DRIVE MOVING DEBOUNCE TIMER","TON(TIMER_OPER[1],?,?)","1"
RCOMMENT,"_04_BAR_PNC","OUTPUTS","ROTARY POSITION INDEX CONTROL","RTO(TIMER_OPER[8],?,?)","2"
RCOMMENT,"_04_BAR_PNC","OUTPUTS","HOMING OFFSET CONTROL","MOV(308,STEP_ALARM[4])","3"
RCOMMENT,"_04_BAR_PNC","OUTPUTS","ABORT INDEX","MOV(312,STEP_ALARM[4])","4"
RCOMMENT,"_04_BAR_PNC","OUTPUTS","ZERO ENCODER","MOV(307,STEP_ALARM[4])","5"
RCOMMENT,"_04_BAR_PNC","OUTPUTS","RESET FAULTS AND SHUTDOWN STATE OF DRIVE$N","MOV(315,STEP_ALARM[4])","6"
RCOMMENT,"_04_BAR_PNC","OUTPUTS","ENABLE/DISABLE DRIVE","MOV(314,STEP_ALARM[4])","7"
RCOMMENT,"_04_BAR_PNC","OUTPUTS","PICK CYLINDER 1 CONTROL","MOV(317,STEP_ALARM[4])","8"
RCOMMENT,"_04_BAR_PNC","OUTPUTS","PICK CYLINDER 2 CONTROL","MOV(319,STEP_ALARM[4])","9"
RCOMMENT,"_04_BAR_PNC","OUTPUTS","PRESS CYLINDER CONTROL","MOV(321,STEP_ALARM[4])","10"
RCOMMENT,"_04_BAR_PNC","OUTPUTS","SUPPORT CYLINDER CONTROL","MOV(325,STEP_ALARM[4])","11"
RCOMMENT,"_04_BAR_PNC","OUTPUTS","VACUUM CONTROL","MOV(323,STEP_ALARM[4])","12"
RCOMMENT,"_04_BAR_PNC","POSITION_MONITOR","POSITION MONITOR BARRIER PRESS-N-CURE STATION$N***************************************************************************$NDETERMINE IF PRESS HEAD IS IN POSITION BY$N PRESS HEAD HAS REACHED IT$'S TARGET$N PRESS HEAD HASN$'T LEFT IT$'S LAST TARGET POSITION$N PRESS HEAD IS IN ONE OF THE PROCESS POSITIONS$N","MOV(306,STEP_ALARM[4])","0"
RCOMMENT,"_04_BAR_PNC","POSITION_MONITOR","INITIATE POSITION UPDATE AND PART DATA TRANSFER","MOV(20,STEP_POS_MONITOR[4])","1"
RCOMMENT,"_04_BAR_PNC","POSITION_MONITOR","CACULATE THE NEXT POSITION SO THE MACHINE CAN RESUME FROM WHERE IT LEFT OFF.$N","MOV(60,STEP_POS_MONITOR[4])","2"
RCOMMENT,"_04_BAR_PNC","POSITION_MONITOR","COMPLETE ROUTINE","MOV(500,STEP_POS_MONITOR[4])","3"
RCOMMENT,"_04_BAR_PNC","PRESSURE_REG","BARRIER PRESS-N-CURE STATION PRESSURE REGULATOR$N*******************************************************************************$N$NADD OPERATOR ADJUSTMENT TO PRESSURE SETPOINT","MOV(PRESSURE_SP_AUTO,PRESSURE_SP_GEN)","0"
RCOMMENT,"_04_BAR_PNC","PRESSURE_REG","CACULATE OPERATERS MAXIMUM  & MINIMUM ALLOWABLE SETPOINT ADJUSTMENT BASED ON RECIPE PRESSURE$N","MOV(PRESSURE_MAX_ALLOWED,PNC_PRESSURE_MAX)","1"
RCOMMENT,"_04_BAR_PNC","PRESSURE_REG","IF RECIPE VALUE CHANGES ZERO OUT OFFSET ADJUST","MOV(0,PNC_ADJ_PRESSURE)","2"
RCOMMENT,"_04_BAR_PNC","PRESSURE_REG","****MANUAL MODE****$N$NSET PRESSURE SETPOINT FOR MANUAL MODE","MOV(PRESSURE_SP_AUTO,PNC_PRESSURE_SP_MAN_DISPLAY)","3"
RCOMMENT,"_04_BAR_PNC","PRESSURE_REG","WHILE IN MANUAL MODE, ALLOW THE PRESSURE SLIDERS FULL SCALE OF OPERATION.","MOV(PRESSURE_SP_MAN,PRESSURE_SP_GEN)","4"
RCOMMENT,"_04_BAR_PNC","PRESSURE_REG","SEND REGULATOR PRESSURE INPUT COUNTS$N$NSCALE, TRUNCATE AND BYTE SWAP","TRN(SCALED_PRESSURE,MAN02:O.Data[0])","5"
RCOMMENT,"_04_BAR_PNC","PRESSURE_REG","CACULATE FEEDBACK PRESSURE FROM REGULATOR","DIV(REG_FEEDBACK_M,PNC_PRES_SCALE_PAR.IN_M,REG_FEEDBACK_SCALED)","6"
RCOMMENT,"_04_BAR_PNC","PRESSURE_REG","VERIFY PRESSURE USING REGULATOR FEEDBACK","OTE(PNC_PRESSURE_OK)","7"
RCOMMENT,"_04_BAR_PNC","SERVO_HOMING","BARRIER PRESS-N-CURE STATION DRIVE HOMING ROUTINE$N***************************************************************************$N$NSET HOMING REQUIREMENT DURING FIRST SCAN","OTL(DRV_HOMING_REQ)","0"
RCOMMENT,"_04_BAR_PNC","SERVO_HOMING","DETERMINE IF DRIVE IS HOMED$N","OTE(PNC_DRV_HOMED)","1"
RCOMMENT,"_04_BAR_PNC","SERVO_HOMING","START HOMING ROUTINE","OTL(PNC_DRV_HOMING_IND)","2"
RCOMMENT,"_04_BAR_PNC","SERVO_HOMING","REQUEST INTERNAL DRIVE HOMING ROUTINE","MOV(15,STEP_HOMING[4])","3"
RCOMMENT,"_04_BAR_PNC","SERVO_HOMING","COMPLETE INTERNAL DRIVE HOMING ROUTINE","MOV(30,STEP_HOMING[4])","4"
RCOMMENT,"_04_BAR_PNC","SERVO_HOMING","PAUSE BEFORE INITIATING THE NEXT MOVE","MOV(100,STEP_HOMING[4])","5"
RCOMMENT,"_04_BAR_PNC","SERVO_HOMING","REQUEST INDEX DRIVE TO HOME OFFSET POSITION","MOV(45,STEP_HOMING[4])","6"
RCOMMENT,"_04_BAR_PNC","SERVO_HOMING","COMPLETE INDEX DRIVE TO HOME OFFSET POSITION","MOV(50,STEP_HOMING[4])","7"
RCOMMENT,"_04_BAR_PNC","SERVO_HOMING","SET COUNTER TO ZERO","MOV(100,STEP_HOMING[4])","8"
RCOMMENT,"_04_BAR_PNC","SERVO_HOMING","FINISH ROUTINE","MOV(500,STEP_HOMING[4])","9"
RCOMMENT,"_04_BAR_PNC","STATUS","BARRIER PRESS-N-CURE STATION STATUS$N***************************************************************************$N$NAUTO READY REQUIREMENTS","OTE(CELL_AUTO_READY[4])","0"
RCOMMENT,"_04_BAR_PNC","STATUS","CHECK THAT EVERYTHING IS CLEAR BEFORE INDEXING","OTE(PNC_CLEAR_TO_INDEX)","1"
RCOMMENT,"_04_BAR_PNC","STATUS","STATUS OF BARRIER PICKED ON EACH SIDE OF PICK HEAD","OTE(PNC_BARRIER_PICKED)","2"
RCOMMENT,"_04_BAR_PNC","STATUS","BARRIER STATUS AT PRESS-N-CURE FOR GLUE REQUIREMENT","OTE(PNC_BARRIER_READY_FOR_GLUE)","3"
TYPE,SCOPE,ROUTINE,COMMENT,OWNING_ELEMENT,LOCATION
RCOMMENT,"_04_PNC_EXT_SENSORS","MAIN","MAIN ROUTINE$N***************************************************************************","JSR(STATUS,0)","0"
RCOMMENT,"_04_PNC_EXT_SENSORS","STATUS","STATUS ROUTINE$N***************************************************************************$N$NSTATUS OF PNC EXTEND CYLINDER SENSORS ARE DETERMINED IN EVENT TASK$N(THIS CODE ALLOWS THE SENSORS TO BE MADE ON THE WAY TO BEING EXTENDED TO ACCOMADATE DIFFERENT STOPPING POSITIONS)","OTE(PNC_PRESS_CYL_EXT_DETECTED)","0"
TYPE,SCOPE,ROUTINE,COMMENT,OWNING_ELEMENT,LOCATION
RCOMMENT,"_05_BAR_PNP_CORONA","AUTO","BARRIER PICK-N-PLACE/CORONA TREAT AUTO$N***************************************************************************$N$NCHECK FOR CELL SHUTDOWN REQUEST","MOV(500,STEP_AUTO[5])","0"
RCOMMENT,"_05_BAR_PNP_CORONA","AUTO","CHECK TO SEE IF PART IS ON PICK HEAD","MOV(90,STEP_AUTO[5])","1"
RCOMMENT,"_05_BAR_PNP_CORONA","AUTO","CHECK FOR MAGAZINE REQUEST AND EMPTY REQUEST","MOV(500,STEP_AUTO[5])","2"
RCOMMENT,"_05_BAR_PNP_CORONA","AUTO","SET INDEX","MOV(382,STEP_ALARM[5])","3"
RCOMMENT,"_05_BAR_PNP_CORONA","AUTO","RETRACT PICK CYLINDER IF LOOPING AROUND FOR ANOTHER PICK ATTEMPT","MOV(30,STEP_AUTO[5])","4"
RCOMMENT,"_05_BAR_PNP_CORONA","AUTO"," WAIT FOR ELEVATOR TO REACH POSITION$NTHEN EXTEND PICK CYLINDER$N","OTL(PNP_PICK_BAR_BLOW_PB)","5"
RCOMMENT,"_05_BAR_PNP_CORONA","AUTO","TURN ON VACUUM","MOV(50,STEP_AUTO[5])","6"
RCOMMENT,"_05_BAR_PNP_CORONA","AUTO","RETRACT PICK CYLINDER","MOV(170,STEP_AUTO[5])","7"
RCOMMENT,"_05_BAR_PNP_CORONA","AUTO","EXTEND PICK CYLINDER A NUMBER OF TIMES TO KNOCK OFF EXTRA BARRIERS IF ACTIVE","OTU(BARRIER_ELEV_BAR_READY_PICK)","8"
RCOMMENT,"_05_BAR_PNP_CORONA","AUTO","VERIFY BARRIER NOT PRESENT ON CORONA HEAD","MOV(414,STEP_ALARM[5])","9"
RCOMMENT,"_05_BAR_PNP_CORONA","AUTO","INDEX BASE TO CORONA POS$N","MOV(110,STEP_AUTO[5])","10"
RCOMMENT,"_05_BAR_PNP_CORONA","AUTO","ROTATE PART ON PICK HEAD","MOV(90,STEP_AUTO[5])","11"
RCOMMENT,"_05_BAR_PNP_CORONA","AUTO","WAIT FOR MOVE TO COMPLETE AND TURN OFF FLAME","MOV(419,STEP_ALARM[5])","12"
RCOMMENT,"_05_BAR_PNP_CORONA","AUTO","CHECK FOR BARRIER PLACE REQUEST FROM LIGHT TABLE","TON(TIMER_OPER[12],?,?)","13"
RCOMMENT,"_05_BAR_PNP_CORONA","AUTO","INDEX TO LIGHT TABLE POSITION","MOV(140,STEP_AUTO[5])","14"
RCOMMENT,"_05_BAR_PNP_CORONA","AUTO","EXTEND PICK CYLINDER$N","MOV(140,STEP_AUTO[5])","15"
RCOMMENT,"_05_BAR_PNP_CORONA","AUTO","TURN OFF VACUUM ON PNP$NACTIVATE LIGHT TABLE VACUUM IF REQUESTED","MOV(150,STEP_AUTO[5])","16"
RCOMMENT,"_05_BAR_PNP_CORONA","AUTO","RETRACT PICK CYLINDER","MOV(160,STEP_AUTO[5])","17"
RCOMMENT,"_05_BAR_PNP_CORONA","AUTO","ROTATE PICK HEAD BACK TO PICK POSITION IF REQUIRED","MOV(165,STEP_AUTO[5])","18"
RCOMMENT,"_05_BAR_PNP_CORONA","AUTO","CHECK IF THE MAGAZINE IS READY FOR PROCESS","MOV(170,STEP_AUTO[5])","19"
RCOMMENT,"_05_BAR_PNP_CORONA","AUTO","INDEX TO PARK POSITION","MOV(5,STEP_AUTO[5])","20"
RCOMMENT,"_05_BAR_PNP_CORONA","AUTO","MONITOR VACUUM SWITCH DURING AUTO ROUTINE","MOV(412,STEP_ALARM[5])","21"
RCOMMENT,"_05_BAR_PNP_CORONA","ESTOP_RESET","BARRIER PICK-N-PLACE/CORONA TREAT E-STOP RESET$N***************************************************************************$N$NALARM","MOV(1000,STEP_ESTOP_RESET[5])","0"
RCOMMENT,"_05_BAR_PNP_CORONA","ESTOP_RESET","CAPTURE INITIAL ALARM$NAND DETERMINE IF THIS IS THE PRIMARY ALARM FOR THE ENTIRE CELL","OTL(STEP_ALARM_TRIGGER_WORD_1.5)","1"
RCOMMENT,"_05_BAR_PNP_CORONA","ESTOP_RESET","E-STOP SETTINGS","MOV(1000,STEP_AUTO[5])","2"
RCOMMENT,"_05_BAR_PNP_CORONA","ESTOP_RESET","WAIT FOR RESET","MOV(10,STEP_ESTOP_RESET[5])","3"
RCOMMENT,"_05_BAR_PNP_CORONA","ESTOP_RESET","GENERAL CELL SETTINGS UPON RESET","MOV(20,STEP_ESTOP_RESET[5])","4"
RCOMMENT,"_05_BAR_PNP_CORONA","ESTOP_RESET","WAIT FOR RESET TO BE RELEASED$NWAIT FOR CELL PRESSURE OK$NRESET BASED ON MACHINE MODE","MOV(500,STEP_ESTOP_RESET[5])","5"
RCOMMENT,"_05_BAR_PNP_CORONA","ESTOP_RESET","WAIT FOR RESET TO COMPLETE","MOV(500,STEP_ESTOP_RESET[5])","6"
RCOMMENT,"_05_BAR_PNP_CORONA","HMI","BARRIER PICK-N-PLACE/CORONA TREAT HMI$N***************************************************************************$N$NBASE DRIVE INDEXING ANIMATION","MOV(TIMER_OPER[16].ACC,BASE_INDEXING_CYCLE_TIME)","0"
RCOMMENT,"_05_BAR_PNP_CORONA","HMI","BARRIER PICK-N-PLACE/CORONA TREAT HMI$N***************************************************************************$N$NPICK HEAD DRIVE INDEXING ANIMATION","MOV(TIMER_OPER[18].ACC,PICK_HEAD_INDEXING_CYCLE_TIME)","1"
RCOMMENT,"_05_BAR_PNP_CORONA","HMI","BASE DRIVE PUSH BUTTONS VISIBILITY ON HMI","OTE(PNP_PICK_HEAD_DRV_FAULT_PB_VIS)","2"
RCOMMENT,"_05_BAR_PNP_CORONA","HMI","PICK HEAD EXTEND PUSH BUTTON VISIBILITY ON HMI","OTE(PNP_PICK_HEAD_CYL_EXT_PB_VIS)","3"
RCOMMENT,"_05_BAR_PNP_CORONA","HMI","CORONA PUSH BUTTON ON HMI VISIBILITY","OTE(PNP_CORONA_ON_PB_VIS)","4"
RCOMMENT,"_05_BAR_PNP_CORONA","HMI","MANUAL MODE CYCLE HMI VISIBILITY","OTE(PNP_CORONA_CYCLE_PB_VIS)","5"
RCOMMENT,"_05_BAR_PNP_CORONA","HMI","BYPASS ANIMATION FOR HMI","OTE(PNP_CORONA_BYPASS_ANIMATION)","6"
RCOMMENT,"_05_BAR_PNP_CORONA","HMI","DRIVE POSITION FOR HMI","MUL(DRV06.ActualPosition,100.0,PNP_PICK_HEAD_CUR_POS_HMI)","7"
RCOMMENT,"_05_BAR_PNP_CORONA","HOME","BARRIER PICK-N-PLACE/CORONA TREAT HOME ROUTINE$N***************************************************************************$N$NRESET FAULTS AND SHUTDOWN STATE OF DRIVES$N","MOV(10,STEP_HOME[5])","0"
RCOMMENT,"_05_BAR_PNP_CORONA","HOME","WAIT FOR TORQUE SAFE INPUTS TO ACTIVATE","MOV(375,STEP_ALARM[5])","1"
RCOMMENT,"_05_BAR_PNP_CORONA","HOME","ENABLE DRIVES","MOV(25,STEP_HOME[5])","2"
RCOMMENT,"_05_BAR_PNP_CORONA","HOME","RESET COMPONENTS","MOV(30,STEP_HOME[5])","3"
RCOMMENT,"_05_BAR_PNP_CORONA","HOME","CHECK TO SEE IF DRIVES REQUIRE HOMING","MOV(40,STEP_HOME[5])","4"
RCOMMENT,"_05_BAR_PNP_CORONA","HOME","START BASE DRIVE HOMING ROUTINE AND WAIT FOR COMPLETION","MOV(30,STEP_HOME[5])","5"
RCOMMENT,"_05_BAR_PNP_CORONA","HOME","START PICK HEAD DRIVE HOMING ROUTINE AND WAIT FOR COMPLETION","MOV(40,STEP_HOME[5])","6"
RCOMMENT,"_05_BAR_PNP_CORONA","HOME","DETERMINE IF NEED TO MOVE THE PICK-N-PLACE TO THE PARK POSITION OR THE PICK HEAD TO THE PICK POSITION","MOV(100,STEP_HOME[5])","7"
RCOMMENT,"_05_BAR_PNP_CORONA","HOME","INDEX TO PARK POSITION","MOV(100,STEP_HOME[5])","8"
RCOMMENT,"_05_BAR_PNP_CORONA","HOME","INDEX PICK HEAD TO THE START POSITION","MOV(100,STEP_HOME[5])","9"
RCOMMENT,"_05_BAR_PNP_CORONA","HOME","COMPLETE ROUTINE","MOV(500,STEP_HOME[5])","10"
RCOMMENT,"_05_BAR_PNP_CORONA","MAIN","MAIN ROUTINE$N***************************************************************************$N","JSR(HMI,0)","0"
RCOMMENT,"_05_BAR_PNP_CORONA","OUTPUTS","BARRIER PICK-N-PLACE/CORONA TREAT OUTPUTS$N***************************************************************************$N$NINITIATE INTERNAL DRIVE HOMING ROUTINES","MOV(377,STEP_ALARM[5])","0"
RCOMMENT,"_05_BAR_PNP_CORONA","OUTPUTS","CONTROLS MANUAL MODE  HMI PICK-N-PLACE BASE DRIVE INDEXES","MOV(3,PICK_HEAD_DRV_INDEX_NUM)","1"
RCOMMENT,"_05_BAR_PNP_CORONA","OUTPUTS","DRIVE INDEX CONTROL","OTU(PNP_PICK_HEAD_INDEX_PB)","2"
RCOMMENT,"_05_BAR_PNP_CORONA","OUTPUTS","HOMING OFFSET CONTROL","MOV(374,STEP_ALARM[5])","3"
RCOMMENT,"_05_BAR_PNP_CORONA","OUTPUTS","MAGAZINE POSITION INDEX CONTROL","MOV(400,STEP_ALARM[5])","4"
RCOMMENT,"_05_BAR_PNP_CORONA","OUTPUTS","PARK POSITION INDEX CONTROL","MOV(403,STEP_ALARM[5])","5"
RCOMMENT,"_05_BAR_PNP_CORONA","OUTPUTS","CORONA POSITION INDEX CONTROL","MOV(404,STEP_ALARM[5])","6"
RCOMMENT,"_05_BAR_PNP_CORONA","OUTPUTS","LIGHT TABLE POSITION INDEX CONTROL","MOV(405,STEP_ALARM[5])","7"
RCOMMENT,"_05_BAR_PNP_CORONA","OUTPUTS","PICK HEAD PICK POSITION INDEX CONTROL","MOV(382,STEP_ALARM[5])","8"
RCOMMENT,"_05_BAR_PNP_CORONA","OUTPUTS","PICK HEAD CORONA POSITION INDEX CONTROL","MOV(383,STEP_ALARM[5])","9"
RCOMMENT,"_05_BAR_PNP_CORONA","OUTPUTS","PICK HEAD PLACE POSITION INDEX CONTROL","MOV(384,STEP_ALARM[5])","10"
RCOMMENT,"_05_BAR_PNP_CORONA","OUTPUTS","ABORT INDEX","MOV(378,STEP_ALARM[5])","11"
RCOMMENT,"_05_BAR_PNP_CORONA","OUTPUTS","ZERO ENCODER","MOV(373,STEP_ALARM[5])","12"
RCOMMENT,"_05_BAR_PNP_CORONA","OUTPUTS","RESET FAULTS AND SHUTDOWN STATE OF DRIVE$N","MOV(381,STEP_ALARM[5])","13"
RCOMMENT,"_05_BAR_PNP_CORONA","OUTPUTS","ENABLE/DISABLE DRIVE","MOV(380,STEP_ALARM[5])","14"
RCOMMENT,"_05_BAR_PNP_CORONA","OUTPUTS","PNP PICK HEAD DRIVE POSITION REDEFINE","MOV(385,STEP_ALARM[5])","15"
RCOMMENT,"_05_BAR_PNP_CORONA","OUTPUTS","PICK-N-PLACE PICK CYLINDER CONTROL","MOV(411,STEP_ALARM[5])","16"
RCOMMENT,"_05_BAR_PNP_CORONA","OUTPUTS","BARRIER PICK BLOW CONTROL","OTE(PNP_PICK_BAR_BLOW)","17"
RCOMMENT,"_05_BAR_PNP_CORONA","OUTPUTS","CORONA CONTROL","OTE(A:O.Data[3].9)","18"
RCOMMENT,"_05_BAR_PNP_CORONA","OUTPUTS","VACUUM CONTROL","OTE(MAN03:O.Data[0].2)","19"
RCOMMENT,"_05_BAR_PNP_CORONA","POSITION_MONITOR","POSITION MONITOR BARRIER PICK-N-PLACE/CORONA TREAT$N********************************************************************************$N$NBASE DRIVE POSITION VERIFICATION","MOV(407,STEP_ALARM[5])","0"
RCOMMENT,"_05_BAR_PNP_CORONA","POSITION_MONITOR","PICK HEAD DRIVE POSITION VERIFICATION","MOV(372,STEP_ALARM[5])","1"
RCOMMENT,"_05_BAR_PNP_CORONA","POSITION_MONITOR","PICK HEAD CORONA TURN COUNTER RESET","RES(PNP_CORONA_PICK_HEAD_DRV_COR_TURNS)","2"
RCOMMENT,"_05_BAR_PNP_CORONA","SERVO_HOMING_BASE","BARRIER PICK-N-PLACE/CORONA TREAT BASE DRIVE HOMING ROUTINE$N******************************************************************************************************$N$NSET HOMING REQUIREMENT DURING FIRST SCAN","OTL(BASE_DRV_HOMING_REQ)","0"
RCOMMENT,"_05_BAR_PNP_CORONA","SERVO_HOMING_BASE","DETERMINE IF DRIVE IS HOMED$N","OTE(PNP_BASE_DRV_HOMED)","1"
RCOMMENT,"_05_BAR_PNP_CORONA","SERVO_HOMING_BASE","START HOMING ROUTINE","OTL(PNP_BASE_DRV_HOMING_IND)","2"
RCOMMENT,"_05_BAR_PNP_CORONA","SERVO_HOMING_BASE","REQUEST INTERNAL DRIVE HOMING ROUTINE","MOV(15,STEP_HOMING[5])","3"
RCOMMENT,"_05_BAR_PNP_CORONA","SERVO_HOMING_BASE","COMPLETE INTERNAL DRIVE HOMING ROUTINE","MOV(20,STEP_HOMING[5])","4"
RCOMMENT,"_05_BAR_PNP_CORONA","SERVO_HOMING_BASE","VERIFY HOMED STATUS AND PAUSE BEFORE INITIATING THE NEXT MOVE$NIF FAULTED END ROUTINE","MOV(100,STEP_HOMING[5])","5"
RCOMMENT,"_05_BAR_PNP_CORONA","SERVO_HOMING_BASE","REQUEST INDEX DRIVE TO HOME OFFSET POSITION","MOV(35,STEP_HOMING[5])","6"
RCOMMENT,"_05_BAR_PNP_CORONA","SERVO_HOMING_BASE","COMPLETE INDEX DRIVE TO HOME OFFSET POSITION","MOV(40,STEP_HOMING[5])","7"
RCOMMENT,"_05_BAR_PNP_CORONA","SERVO_HOMING_BASE","SET COUNTER TO ZERO","MOV(100,STEP_HOMING[5])","8"
RCOMMENT,"_05_BAR_PNP_CORONA","SERVO_HOMING_BASE","FINISH ROUTINE","MOV(500,STEP_HOMING[5])","9"
RCOMMENT,"_05_BAR_PNP_CORONA","SERVO_HOMING_PICK_HEAD","BARRIER PICK-N-PLACE/CORONA TREAT PICK HEAD DRIVE HOMING ROUTINE$N******************************************************************************************************$N$NSET HOMING REQUIREMENT DURING FIRST SCAN","OTL(PICK_HEAD_DRV_HOMING_REQ)","0"
RCOMMENT,"_05_BAR_PNP_CORONA","SERVO_HOMING_PICK_HEAD","DETERMINE IF DRIVE IS HOMED$N","OTE(PNP_PICK_HEAD_DRV_HOMED)","1"
RCOMMENT,"_05_BAR_PNP_CORONA","SERVO_HOMING_PICK_HEAD","START HOMING ROUTINE","OTL(PNP_PICK_HEAD_DRV_HOMING_IND)","2"
RCOMMENT,"_05_BAR_PNP_CORONA","SERVO_HOMING_PICK_HEAD","REQUEST INTERNAL DRIVE HOMING ROUTINE","MOV(15,STEP_HOMING[6])","3"
RCOMMENT,"_05_BAR_PNP_CORONA","SERVO_HOMING_PICK_HEAD","COMPLETE INTERNAL DRIVE HOMING ROUTINE","MOV(20,STEP_HOMING[6])","4"
RCOMMENT,"_05_BAR_PNP_CORONA","SERVO_HOMING_PICK_HEAD","VERIFY HOMED STATUS AND PAUSE BEFORE INITIATING THE NEXT MOVE$NIF FAULTED END ROUTINE","MOV(100,STEP_HOMING[6])","5"
RCOMMENT,"_05_BAR_PNP_CORONA","SERVO_HOMING_PICK_HEAD","REQUEST INDEX DRIVE TO HOME OFFSET POSITION","MOV(35,STEP_HOMING[6])","6"
RCOMMENT,"_05_BAR_PNP_CORONA","SERVO_HOMING_PICK_HEAD","COMPLETE INDEX DRIVE TO HOME OFFSET POSITION","MOV(40,STEP_HOMING[6])","7"
RCOMMENT,"_05_BAR_PNP_CORONA","SERVO_HOMING_PICK_HEAD","SET COUNTER TO ZERO","MOV(100,STEP_HOMING[6])","8"
RCOMMENT,"_05_BAR_PNP_CORONA","SERVO_HOMING_PICK_HEAD","FINISH ROUTINE","MOV(500,STEP_HOMING[6])","9"
RCOMMENT,"_05_BAR_PNP_CORONA","STATUS","BARRIER PICK-N-PLACE/CORONA TREAT STATUS$N***************************************************************************$N$NAUTO READY REQUIREMENTS","OTE(CELL_AUTO_READY[5])","0"
RCOMMENT,"_05_BAR_PNP_CORONA","STATUS","CHECK THAT EVERYTHING IS CLEAR BEFORE INDEXING","OTE(PNP_CLEAR_TO_INDEX)","1"
RCOMMENT,"_05_BAR_PNP_CORONA","STATUS","CHECK IF PICK HEAD NEEDS TO CHANGE ORIENTATION FOR LIGHT TABLE","OTE(PNP_ORIENT_REQUIRED)","2"
TYPE,SCOPE,ROUTINE,COMMENT,OWNING_ELEMENT,LOCATION
RCOMMENT,"_05_PNP_CORONA_TURN_MONITOR","PICK_HEAD_TURN_MONITOR","HOME SENSOR DEBOUCE FOR COUNTING TURNS DURING CORONA","CTU(PNP_CORONA_PICK_HEAD_DRV_COR_TURNS,?,?)","0"
TYPE,SCOPE,ROUTINE,COMMENT,OWNING_ELEMENT,LOCATION
RCOMMENT,"_07_INFEED_CONV","AUTO","INFEED CONVEYOR AUTO ROUTINE$N*********************************************************************************$N$NSHUTDOWN REQUEST REQUIREMENTS","MOV(500,STEP_AUTO[7])","0"
RCOMMENT,"_07_INFEED_CONV","AUTO","REQUEST BAG VISION CHECK TO BAG LOAD ROBOT$N$NIF MANUAL CYCLE MOVE TO NEXT STEP","MOV(12,STEP_AUTO[7])","1"
RCOMMENT,"_07_INFEED_CONV","AUTO","VERIFY ROBOT HANDSHAKE IS OFF","MOV(12,STEP_AUTO[7])","2"
RCOMMENT,"_07_INFEED_CONV","AUTO","WAIT FOR BAG PICKED FROM CONVEYOR SIGNAL FROM ROBOT","MOV(15,STEP_AUTO[7])","3"
RCOMMENT,"_07_INFEED_CONV","AUTO","WAIT FOR ROBOT HANDSHAKES TO BE TURNED OFF","MOV(20,STEP_AUTO[7])","4"
RCOMMENT,"_07_INFEED_CONV","AUTO","WAIT FOR CLEAR OF CONVEYOR SIGNAL FROM ROBOT","MOV(30,STEP_AUTO[7])","5"
RCOMMENT,"_07_INFEED_CONV","AUTO","SET STARTING SPEED OF CONVEYOR","MOV(35,STEP_AUTO[7])","6"
RCOMMENT,"_07_INFEED_CONV","AUTO","INDEX CONVEYOR","OTU(INFEED_CONV_RUN_FORWARD_PB)","7"
RCOMMENT,"_07_INFEED_CONV","AUTO","SLOW DOWN AND STOP CONVEYOR","MOV(50,STEP_AUTO[7])","8"
RCOMMENT,"_07_INFEED_CONV","AUTO","RESTART CONVEYOR AFTER SAFETY FLAP INTERUPT","MOV(107,STEP_ALARM[7])","9"
RCOMMENT,"_07_INFEED_CONV","AUTO","STOP CONVEYOR","MOV(60,STEP_AUTO[7])","10"
RCOMMENT,"_07_INFEED_CONV","AUTO","WAIT FOR ROBOT HANDSHAKES TO BE TURNED OFF","MOV(0,STEP_AUTO[7])","11"
RCOMMENT,"_07_INFEED_CONV","AUTO","CONVEYOR INDEX TIME","TON(TIMER_OPER[3],?,?)","12"
RCOMMENT,"_07_INFEED_CONV","ESTOP_RESET","$NINFEED CONVEYOR E-STOP RESET$N***************************************************************************$N$NALARM","MOV(1000,STEP_ESTOP_RESET[7])","0"
RCOMMENT,"_07_INFEED_CONV","ESTOP_RESET","$NCAPTURE INITIAL ALARM$NAND DETERMINE IF THIS IS THE PRIMARY ALARM FOR THE ENTIRE CELL","OTL(STEP_ALARM_TRIGGER_WORD_1.7)","1"
RCOMMENT,"_07_INFEED_CONV","ESTOP_RESET","$NE-STOP SETTINGS","MOV(1000,STEP_AUTO[7])","2"
RCOMMENT,"_07_INFEED_CONV","ESTOP_RESET","$NWAIT FOR RESET","MOV(10,STEP_ESTOP_RESET[7])","3"
RCOMMENT,"_07_INFEED_CONV","ESTOP_RESET","$NGENERAL CELL SETTINGS UPON RESET","MOV(20,STEP_ESTOP_RESET[7])","4"
RCOMMENT,"_07_INFEED_CONV","ESTOP_RESET","$NWAIT FOR RESET TO BE RELEASED$NWAIT FOR CELL PRESSURE OK$NRESET BASED ON MACHINE MODE","MOV(500,STEP_ESTOP_RESET[7])","5"
RCOMMENT,"_07_INFEED_CONV","ESTOP_RESET","$NWAIT FOR RESET TO COMPLETE","MOV(500,STEP_ESTOP_RESET[7])","6"
RCOMMENT,"_07_INFEED_CONV","HMI","$NINFEED CONVEYOR HMI$N***************************************************************************$N$NDISPLAY ARROWS AND DIRECTION WHEN IN MOTION","OTE(INFEED_CONV_MOVING_FORWARD)","0"
RCOMMENT,"_07_INFEED_CONV","HMI","$NHMI CONVEYOR BUTTON AND INDICATOR VISIBILITY","RES(INFEED_CONV_EMPTY_COUNT)","1"
RCOMMENT,"_07_INFEED_CONV","HOME","$NINFEED CONVEYOR HOME ROUTINE$N***************************************************************************$N$NWAIT FOR DRIVE COMMS AND ROBOT HOME COMPLETE","MOV(10,STEP_HOME[7])","0"
RCOMMENT,"_07_INFEED_CONV","HOME","$NRESET DRIVE FAULT","MOV(500,STEP_HOME[7])","1"
RCOMMENT,"_07_INFEED_CONV","MAIN","MAIN ROUTINE$N***************************************************************************","JSR(HMI,0)","0"
RCOMMENT,"_07_INFEED_CONV","OUTPUTS","INFEED CONVEYOR OUTPUTS$N***************************************************************************$N$NCLEAR DRIVE FAULT","MOV(105,STEP_ALARM[7])","0"
RCOMMENT,"_07_INFEED_CONV","OUTPUTS","CONVEYOR MOTOR CONTROL$N","OTE(DRV07:O.Forward)","1"
RCOMMENT,"_07_INFEED_CONV","OUTPUTS","SET CONVEYOR SPEED EXCEPT WHEN IN AUTO","MUL(INFEED_CONV_FAST_SPEED_HZ,100,DRV07:O.FreqCommand)","2"
RCOMMENT,"_07_INFEED_CONV","STATUS","INFEED CONVEYOR STATUS$N***************************************************************************$N$NAUTO READY REQUIREMENTS","OTE(CELL_AUTO_READY[7])","0"
RCOMMENT,"_07_INFEED_CONV","STATUS","MONITOR BAG DROP CLEAR SENSOR","MOV(906,CELL_MESSAGE)","1"
RCOMMENT,"_07_INFEED_CONV","STATUS","MONITOR SAFETY FLAP SENSOR","MOV(908,CELL_MESSAGE)","2"
TYPE,SCOPE,ROUTINE,COMMENT,OWNING_ELEMENT,LOCATION
RCOMMENT,"_09_OFFLOAD_CONV","AUTO","OFFLOAD CONVEYOR AUTO ROUTINE$N*********************************************************************************$N$NSHUTDOWN REQUEST REQUIREMENTS","MOV(500,STEP_AUTO[9])","0"
RCOMMENT,"_09_OFFLOAD_CONV","AUTO","REQUEST PART FROM BARRIER LOAD/BAG OFFLOAD ROBOT$NWAIT FOR ASSY TO BE PLACED ON CONVEYOR","MOV(10,STEP_AUTO[9])","1"
RCOMMENT,"_09_OFFLOAD_CONV","AUTO","WAIT FOR ROBOT CLEAR OF CONVEYOR","MOV(20,STEP_AUTO[9])","2"
RCOMMENT,"_09_OFFLOAD_CONV","AUTO","HANDSHAKE DELAY TIMER","MOV(30,STEP_AUTO[9])","3"
RCOMMENT,"_09_OFFLOAD_CONV","AUTO","DETERMINE IF FINISHED PART STACK SIZE HAS BEEN REACHED","MOV(40,STEP_AUTO[9])","4"
RCOMMENT,"_09_OFFLOAD_CONV","AUTO","CHANGE LANES ON OFFLOAD CONVEYOR","MOV(0,STEP_AUTO[9])","5"
RCOMMENT,"_09_OFFLOAD_CONV","AUTO","RUN CONVEYOR FOR INDEX LENGTH$NRev 07 2014-03-24 DRB/GH Note that INDEX_SCALE_FACTOR should be about 17000.","MOV(50,STEP_AUTO[9])","6"
RCOMMENT,"_09_OFFLOAD_CONV","AUTO","WAIT FOR HANDSHAKE TO TURN OFF","MOV(0,STEP_AUTO[9])","7"
RCOMMENT,"_09_OFFLOAD_CONV","ESTOP_RESET","OFFLOAD CONVEYOR E-STOP RESET$N***************************************************************************$N$NALARM","MOV(1000,STEP_ESTOP_RESET[9])","0"
RCOMMENT,"_09_OFFLOAD_CONV","ESTOP_RESET","CAPTURE INITIAL ALARM$NAND DETERMINE IF THIS IS THE PRIMARY ALARM FOR THE ENTIRE CELL","OTL(STEP_ALARM_TRIGGER_WORD_1.9)","1"
RCOMMENT,"_09_OFFLOAD_CONV","ESTOP_RESET","E-STOP SETTINGS","MOV(1000,STEP_AUTO[9])","2"
RCOMMENT,"_09_OFFLOAD_CONV","ESTOP_RESET","WAIT FOR RESET","MOV(10,STEP_ESTOP_RESET[9])","3"
RCOMMENT,"_09_OFFLOAD_CONV","ESTOP_RESET","GENERAL CELL SETTINGS UPON RESET","MOV(20,STEP_ESTOP_RESET[9])","4"
RCOMMENT,"_09_OFFLOAD_CONV","ESTOP_RESET","WAIT FOR RESET TO BE RELEASED$NWAIT FOR CELL PRESSURE OK$NRESET BASED ON MACHINE MODE","MOV(500,STEP_ESTOP_RESET[9])","5"
RCOMMENT,"_09_OFFLOAD_CONV","ESTOP_RESET","WAIT FOR RESET TO COMPLETE","MOV(500,STEP_ESTOP_RESET[9])","6"
RCOMMENT,"_09_OFFLOAD_CONV","HMI","OFFLOAD CONVEYOR HMI$N***************************************************************************$N$NDISPLAY ARROWS AND DIRECTION WHEN IN MOTION","OTE(OFFLOAD_CONV_MOVING_FORWARD)","0"
RCOMMENT,"_09_OFFLOAD_CONV","HMI","HMI CONVEYOR BUTTON VISIBILITY","OTE(OFFLOAD_CONV_DRV_FAULT_PB_VIS)","1"
RCOMMENT,"_09_OFFLOAD_CONV","HOME","OFFLOAD CONVEYOR HOME ROUTINE$N***************************************************************************$N$NWAIT FOR DRIVE COMMS AND ROBOT HOME COMPLETE","MOV(10,STEP_HOME[9])","0"
RCOMMENT,"_09_OFFLOAD_CONV","HOME","RESET DRIVE FAULT","MOV(500,STEP_HOME[9])","1"
RCOMMENT,"_09_OFFLOAD_CONV","MAIN","MAIN ROUTINE$N***************************************************************************","JSR(HMI,0)","0"
RCOMMENT,"_09_OFFLOAD_CONV","OUTPUTS","OFFLOAD CONVEYOR OUTPUTS$N***************************************************************************$N$NCLEAR DRIVE FAULT","MOV(115,STEP_ALARM[9])","0"
RCOMMENT,"_09_OFFLOAD_CONV","OUTPUTS","CONVEYOR MOTOR CONTROL$N","OTE(DRV09:O.Reverse)","1"
RCOMMENT,"_09_OFFLOAD_CONV","OUTPUTS","SET CONVEYOR SPEED$NRev 07 2014-03-24 DRB/GH Added high speed jog. DRV09 parameter 35, max freq., increased from 60 to 120Hz.","MUL(OFFLOAD_CONV_JOG_SPEED_HZ,100,DRV09:O.FreqCommand)","2"
RCOMMENT,"_09_OFFLOAD_CONV","STATUS","OFFLOAD CONVEYOR STATUS$N***************************************************************************$N$NAUTO READY REQUIREMENTS","OTE(CELL_AUTO_READY[9])","0"
TYPE,SCOPE,ROUTINE,COMMENT,OWNING_ELEMENT,LOCATION
RCOMMENT,"_10_BAG_GLUE","AUTO","BAG GLUE STATION AUTO ROUTINE$N***************************************************************************$N$NSHUTDOWN REQUEST REQUIREMENTS","MOV(500,STEP_AUTO[10])","0"
RCOMMENT,"_10_BAG_GLUE","AUTO","CHECK TO SEE IF STATION CAN RUN BEFORE INITIAL INDEX AFTER STARTING CELL$N$NIF MANUAL CYCLE MOVE TO NEXT STEP","MOV(20,STEP_AUTO[10])","1"
RCOMMENT,"_10_BAG_GLUE","AUTO"," REQUEST DIAL INDEX$NAND MOVE TO BAG CHECK POSITION","MOV(10,STEP_AUTO[10])","2"
RCOMMENT,"_10_BAG_GLUE","AUTO","ANALYZE PART DATA","MOV(150,STEP_AUTO[10])","3"
RCOMMENT,"_10_BAG_GLUE","AUTO","MOVE TO BAG PRESENCE CHECK POSITION IF REQUIRED","MOV(167,STEP_ALARM[10])","4"
RCOMMENT,"_10_BAG_GLUE","AUTO","MOVE TO PART GLUE POSITION","MOV(40,STEP_AUTO[10])","5"
RCOMMENT,"_10_BAG_GLUE","AUTO","EXTEND Z-AXIS CYLINDER LOAD CAM PROFILE FOR PRIMARY GLUE PATH","MOV(60,STEP_AUTO[10])","6"
RCOMMENT,"_10_BAG_GLUE","AUTO","VERIFY NEXT STATION HAS PART ON BARRIER PRESS-N-CURE PICK HEAD","MOV(140,STEP_AUTO[10])","7"
RCOMMENT,"_10_BAG_GLUE","AUTO","VERIFY GOOD PART IS ON LIGHT TABLE OR ROBOT PICK HEAD IF APPLICABLE","MOV(140,STEP_AUTO[10])","8"
RCOMMENT,"_10_BAG_GLUE","AUTO","RUN PRIMARY GLUE PATH $N$N********************************************************$NNEXT STEP 80 IS IN THE HIGH PRIORITY TASK","MOV(80,STEP_AUTO[10])","9"
RCOMMENT,"_10_BAG_GLUE","AUTO","RETRACT Z-AXIS CYLINDER AND UNLOAD CAM GLUE PROFILE AND$NDECIDE IF SECONDARY GLUE BEAD IS REQUIRED","MOV(100,STEP_AUTO[10])","10"
RCOMMENT,"_10_BAG_GLUE","AUTO","MOVE TO SECONDARY BEAD START GLUE POSITION","MOV(105,STEP_AUTO[10])","11"
RCOMMENT,"_10_BAG_GLUE","AUTO","LOAD CAM PROFILE FOR SECONDARY GLUE PATH","MOV(110,STEP_AUTO[10])","12"
RCOMMENT,"_10_BAG_GLUE","AUTO","RUN SECONDARY GLUE PATH $N$N********************************************************$NNEXT STEP 120 IS IN THE HIGH PRIORITY TASK","MOV(120,STEP_AUTO[10])","13"
RCOMMENT,"_10_BAG_GLUE","AUTO","SET BAG GLUE COMPLETE IF REQUIRED","MOV(140,STEP_AUTO[10])","14"
RCOMMENT,"_10_BAG_GLUE","AUTO","RETRACT Z-AXIS CYLINDER AND UNLOAD CAM GLUE PROFILE","MOV(145,STEP_AUTO[10])","15"
RCOMMENT,"_10_BAG_GLUE","AUTO","FINISH ROUTINE","MOV(0,STEP_AUTO[10])","16"
RCOMMENT,"_10_BAG_GLUE","AUTO","SET PROCESS DONE$NMONITOR EMPTY STATUS","MOV(160,STEP_AUTO[10])","17"
RCOMMENT,"_10_BAG_GLUE","AUTO","WAIT FOR MAIN DIAL TO TURN OFF INDEX DONE","MOV(5,STEP_AUTO[10])","18"
RCOMMENT,"_10_BAG_GLUE","AUTO"," SAMPLE GLUE WEIGHT ROUTINE$N*************************************************$N$NWAIT FOR REQUEST$N$N","MOV(0,STEP_AUTO[11])","19"
RCOMMENT,"_10_BAG_GLUE","AUTO","MOVE TO SAMPLE GLUE POSITION IF NOT ALREADY THERE AND RETRACT GLUE GUN","MOV(5,STEP_AUTO[11])","20"
RCOMMENT,"_10_BAG_GLUE","AUTO","LOAD CAM PROFILE FOR GLUE PATH","MOV(10,STEP_AUTO[11])","21"
RCOMMENT,"_10_BAG_GLUE","AUTO","RUN GLUE PATH $N$N$N********************************************************$NNEXT STEP 20 IS IN THE HIGH PRIORITY TASK","MOV(20,STEP_AUTO[11])","22"
RCOMMENT,"_10_BAG_GLUE","AUTO","UNLOAD CAM GLUE PROFILE","MOV(35,STEP_AUTO[11])","23"
RCOMMENT,"_10_BAG_GLUE","AUTO","CAM GLUE PROFILE AND$NDECIDE IF SECONDARY GLUE BEAD IS REQUIRED","MOV(40,STEP_AUTO[11])","24"
RCOMMENT,"_10_BAG_GLUE","AUTO","MOVE TO SAMPLE GLUE POSITION IF NOT ALREADY THERE","MOV(45,STEP_AUTO[11])","25"
RCOMMENT,"_10_BAG_GLUE","AUTO","LOAD CAM PROFILE FOR GLUE PATH","MOV(50,STEP_AUTO[11])","26"
RCOMMENT,"_10_BAG_GLUE","AUTO","RUN SECONDARY GLUE PATH $N$N$N********************************************************$NNEXT STEP 60 IS IN THE HIGH PRIORITY TASK","MOV(60,STEP_AUTO[11])","27"
RCOMMENT,"_10_BAG_GLUE","AUTO","UNLOAD CAM GLUE PROFILE","MOV(100,STEP_AUTO[11])","28"
RCOMMENT,"_10_BAG_GLUE","AUTO","MOVE TO SAMPLE GLUE POSITION IF NOT ALREADY THERE","MOV(500,STEP_AUTO[11])","29"
RCOMMENT,"_10_BAG_GLUE","AUTO","AUTO GLUE PURGE ROUTINE$N*************************************************$N$NWAIT FOR REQUEST$N$N","MOV(0,STEP_AUTO[8])","30"
RCOMMENT,"_10_BAG_GLUE","AUTO","MOVE TO SAMPLE GLUE POSITION IF NOT ALREADY THERE AND RETRACT GLUE GUN","MOV(5,STEP_AUTO[8])","31"
RCOMMENT,"_10_BAG_GLUE","AUTO","TURN ON GLUE","MOV(10,STEP_AUTO[8])","32"
RCOMMENT,"_10_BAG_GLUE","AUTO","TIME GLUE PURGE","MOV(20,STEP_AUTO[8])","33"
RCOMMENT,"_10_BAG_GLUE","AUTO","TURN OFF GLUE GUN AND$N DECIDE IF SHORT OR EXTENDED PURGE REQUIRED","MOV(30,STEP_AUTO[8])","34"
RCOMMENT,"_10_BAG_GLUE","AUTO","FINISH ROUTINE","MOV(500,STEP_AUTO[8])","35"
RCOMMENT,"_10_BAG_GLUE","AUTO","GLUE CYCLE DELAY TIMER TO MINIMIZE OPEN AIR TIME","TON(TIMER_OPER[13],?,?)","36"
RCOMMENT,"_10_BAG_GLUE","AUTO","STATION CYCLE TIME","DIV(TIMER_OPER[14].ACC,1000,CELL_CYCLE_TIME[0].BAG_GLUE)","37"
RCOMMENT,"_10_BAG_GLUE","AUTO","STATION CYCLE EXCESS TIME$NTHIS STATION HAS BECOME CRITICAL PATH$N$NSTATION NUMBERS$NBARRIER LOAD =1, BAG LOAD=2, PREHEAT 1=3, PREHEAT2=4,$NFORMING=5, PUNCH=6, PRINT=7,$NBAG GLUE=8, PNC=9, BAG OFFLOAD=10","MOV(CELL_CYCLE_TIME[0].BAG_GLUE,CELL_CYCLE_TIME[0].ST_TIME_CRITICAL[1].CYCLE_TIME)","38"
RCOMMENT,"_10_BAG_GLUE","ESTOP_RESET","BAG GLUE STATION TREAT E-STOP RESET$N***************************************************************************$N$NALARM","MOV(1000,STEP_ESTOP_RESET[10])","0"
RCOMMENT,"_10_BAG_GLUE","ESTOP_RESET","CAPTURE INITIAL ALARM$NAND DETERMINE IF THIS IS THE PRIMARY ALARM FOR THE ENTIRE CELL","OTL(STEP_ALARM_TRIGGER_WORD_1.10)","1"
RCOMMENT,"_10_BAG_GLUE","ESTOP_RESET","E-STOP SETTINGS","MOV(1000,STEP_AUTO[11])","2"
RCOMMENT,"_10_BAG_GLUE","ESTOP_RESET","WAIT FOR RESET","MOV(10,STEP_ESTOP_RESET[10])","3"
RCOMMENT,"_10_BAG_GLUE","ESTOP_RESET","GENERAL CELL SETTINGS UPON RESET","MOV(20,STEP_ESTOP_RESET[10])","4"
RCOMMENT,"_10_BAG_GLUE","ESTOP_RESET","WAIT FOR RESET TO BE RELEASED$NWAIT FOR CELL PRESSURE OK$NRESET BASED ON MACHINE MODE","MOV(500,STEP_ESTOP_RESET[10])","5"
RCOMMENT,"_10_BAG_GLUE","ESTOP_RESET","WAIT FOR RESET TO COMPLETE","MOV(500,STEP_ESTOP_RESET[10])","6"
RCOMMENT,"_10_BAG_GLUE","HMI","BAG GLUE STATION HMI$N***************************************************************************$N$NDRIVES INDEXING ANIMATION","OTE(GLUE_X_Y_INDEXING_IND)","0"
RCOMMENT,"_10_BAG_GLUE","HMI","DRIVE PUSH BUTTONS VISIBILITY ON HMI","OTE(GLUE_Y_DRV_FAULT_PB_VIS)","1"
RCOMMENT,"_10_BAG_GLUE","HMI","GLUE HEAD PUSH BUTTONS ON HMI VISIBILITY","OTE(GLUE_Z_CYL_EXT_PB_VIS)","2"
RCOMMENT,"_10_BAG_GLUE","HMI","MANUAL MODE CYCLES HMI VISIBILITY","OTE(GLUE_PART_CYCLE_PB_VIS)","3"
RCOMMENT,"_10_BAG_GLUE","HMI","SECONDARY GLUE BEAD SETTINGS ON HMI VISIBILITY","OTE(GLUE_X_Y_PATH2_PARAM_VIS)","4"
RCOMMENT,"_10_BAG_GLUE","HMI","CONVERSION FOR GLUE HMI PARAMETER ADJUSTMENTS","MUL(GLUE_X_Y_PATH2_SPEED_RECIPE,25.4,GLUE_X_Y_PATH2_SPEED_MM)","5"
RCOMMENT,"_10_BAG_GLUE","HMI","GLUE LEVEL LOW INDICATOR ON HMI VISIBILITY","OTE(GLUE_MELT_LEVEL_OK_VIS)","6"
RCOMMENT,"_10_BAG_GLUE","HMI","BYPASS ANIMATION FOR HMI","OTE(GLUE_BYPASS_ANIMATION)","7"
RCOMMENT,"_10_BAG_GLUE","HOME","BAG GLUE STATION HOME ROUTINE$N***************************************************************************$N$NRESET DRIVE FAULTS$N","MOV(10,STEP_HOME[10])","0"
RCOMMENT,"_10_BAG_GLUE","HOME","WAIT FOR TORQUE SAFE INPUT TO ACTIVATE","MOV(174,STEP_ALARM[10])","1"
RCOMMENT,"_10_BAG_GLUE","HOME","ENABLE DRIVE","MOV(25,STEP_HOME[10])","2"
RCOMMENT,"_10_BAG_GLUE","HOME","RETRACT Z-AXIS CYLINDER AND UNLOAD CAM GLUE PROFILE","MOV(30,STEP_HOME[10])","3"
RCOMMENT,"_10_BAG_GLUE","HOME","CHECK TO SEE IF EITHER DRIVE REQUIRES HOMING","MOV(40,STEP_HOME[10])","4"
RCOMMENT,"_10_BAG_GLUE","HOME","START DRIVE HOMING ROUTINE AND WAIT FOR COMPLETION","MOV(40,STEP_HOME[10])","5"
RCOMMENT,"_10_BAG_GLUE","HOME","MOVE TO SAMPLE GLUE POSITION IF NOT ALREADY THERE","MOV(500,STEP_HOME[10])","6"
RCOMMENT,"_10_BAG_GLUE","MAIN","MAIN ROUTINE$N***************************************************************************","JSR(HMI,0)","0"
RCOMMENT,"_10_BAG_GLUE","OUTPUTS","BAG GLUE STATION OUTPUTS$N***************************************************************************$N$NINITIATE HOMING ROUTINE","MOV(179,STEP_ALARM[10])","0"
RCOMMENT,"_10_BAG_GLUE","OUTPUTS","CONTROLS MANUAL MODE  HMI GLUE X-Y DRIVE INDEXES","OTL(GLUE_PART_POS)","1"
RCOMMENT,"_10_BAG_GLUE","OUTPUTS","INDEX SAMPLE GLUE START POSITION","MOV(163,STEP_ALARM[10])","2"
RCOMMENT,"_10_BAG_GLUE","OUTPUTS","INDEX BAG PRESENCE CHECK POSITION","MOV(169,STEP_ALARM[10])","3"
RCOMMENT,"_10_BAG_GLUE","OUTPUTS","INDEX PART GLUE START POSITION","MOV(164,STEP_ALARM[10])","4"
RCOMMENT,"_10_BAG_GLUE","OUTPUTS","LOAD/UNLOAD CAM PROFILE FOR GLUE PATH COORDINATED MOTION","MOV(166,STEP_ALARM[10])","5"
RCOMMENT,"_10_BAG_GLUE","OUTPUTS","RUN GLUE PATH COORDINATED MOTION","MOV(162,STEP_ALARM[10])","6"
RCOMMENT,"_10_BAG_GLUE","OUTPUTS","ABORT INDEX","MOV(175,STEP_ALARM[10])","7"
RCOMMENT,"_10_BAG_GLUE","OUTPUTS","RESET FAULTS AND SHUTDOWN STATE OF DRIVE$N","MOV(173,STEP_ALARM[10])","8"
RCOMMENT,"_10_BAG_GLUE","OUTPUTS","ENABLE/DISABLE DRIVES","MOV(176,STEP_ALARM[10])","9"
RCOMMENT,"_10_BAG_GLUE","OUTPUTS","Z-AXIS CYLINDER CONTROL$N","OTU(GLUE_Z_CYL_EXT_PB)","10"
RCOMMENT,"_10_BAG_GLUE","OUTPUTS","GLUE SOLENOID CONTROL","OTU(GLUE_ON_PB)","11"
RCOMMENT,"_10_BAG_GLUE","POSITION_MONITOR","POSITION MONITOR BAG GLUE STATION$N***************************************************************************$N$NPOSITION VERIFICATION","OTE(GLUE_AT_SAMPLE_POS)","0"
RCOMMENT,"_10_BAG_GLUE","PRESSURE_IN_REG","BAG GLUE STATION PRESSURE REGULATOR$N*******************************************************************************$N$NSEND REGULATOR PRESSURE INPUT COUNTS$N$NSCALE, TRUNCATE AND BYTE SWAP","MOV(GLUE_IN_SCALED_PRESS_TRUNC,MAN01:O.Data[1])","0"
RCOMMENT,"_10_BAG_GLUE","PRESSURE_IN_REG","CACULATE FEEDBACK PRESSURE FROM REGULATOR","DIV(GLUE_IN_REG_FEEDBACK_M,GLUE_IN_PRES_SCALE_PAR.IN_M,GLUE_IN_PRESSURE_REG_FEEDBACK_SCALED)","1"
RCOMMENT,"_10_BAG_GLUE","PRESSURE_IN_REG","VERIFY PRESSURE USING REGULATOR FEEDBACK","OTE(GLUE_IN_PRESSURE_OK)","2"
RCOMMENT,"_10_BAG_GLUE","PRESSURE_OUT_PID","BAG GLUE STATION OUTPUT PRESSURE PID$N************************************************************************************$N$NLOAD RAW PRESSURE DATA INTO VARIABLES","MOV(157,STEP_ALARM[10])","0"
RCOMMENT,"_10_BAG_GLUE","PRESSURE_OUT_PID","VERIFY GLUE OUTPUT SIDE PRESSURE IS WITHIN REQUIREMENTS DURING PRE AND POST PROCESS","OTE(GLUE_OUT_PRESSURE_POST_OK)","1"
RCOMMENT,"_10_BAG_GLUE","PRESSURE_OUT_PID","GLUE OUTPUT SIDE PRESSURE CONTROL PID","MOV(0,MAN01:O.Data[1])","2"
RCOMMENT,"_10_BAG_GLUE","PRESSURE_OUT_PID","TEST PRESSURE SET POINT AGAINST MIN AND MAX SETTINGS","MOV(300,GLUE_OUT_PRESSURE_SP_MAN_DISPLAY)","3"
RCOMMENT,"_10_BAG_GLUE","PRESSURE_OUT_PID","IF RECIPE DOWNLOAD DETECTED$NSET X & Y OFFSETS TO ZERO$NRESET AUTO VALUE TO RECIPE VALUE$N","MOV(GLUE_OUT_PRESSURE_RECIPE_SP,GLUE_OUT_PRESSURE_SP_AUTO_DISPLAY)","4"
RCOMMENT,"_10_BAG_GLUE","PRESSURE_OUT_PID","WHILE IN AUTO MODE, SET AUTO DISPLAY VALUE TO PID SET POINT","MOV(GLUE_OUT_PRESSURE_SP_AUTO,GLUE_OUT_PRESSURE_PID_SP)","5"
RCOMMENT,"_10_BAG_GLUE","PRESSURE_OUT_PID","****MANUAL MODE****$N$NSET PRESSURE SETPOINT FOR MANUAL MODE","MOV(GLUE_OUT_PRESSURE_SP_AUTO_DISPLAY,GLUE_OUT_PRESSURE_SP_MAN_DISPLAY)","6"
RCOMMENT,"_10_BAG_GLUE","PRESSURE_OUT_PID","WHILE IN MANUAL MODE, SET MANUAL DISPLAY VALUE TO PID SET POINT","MOV(GLUE_OUT_PRESSURE_SP_MAN,GLUE_OUT_PRESSURE_PID_SP)","7"
RCOMMENT,"_10_BAG_GLUE","PRESSURE_OUT_PID","CONTROLS IF THE AUTO OR MANUAL SETPOINT IS DISPLAYED ON THE HMI PRESSURE GRAPH","MOV(GLUE_OUT_PRESSURE_SP_AUTO_DISPLAY,GLUE_OUT_PRESSURE_SP_TRACE_DISPLAY)","8"
RCOMMENT,"_10_BAG_GLUE","SERVO_HOMING","BAG GLUE STATION DRIVE HOMING ROUTINE$N***************************************************************************$N$NSET HOMING REQUIREMENT DURING FIRST SCAN","OTL(DRV_HOMING_REQ)","0"
RCOMMENT,"_10_BAG_GLUE","SERVO_HOMING","DETERMINE IF DRIVES ARE HOMED$N","OTE(GLUE_Y_DRV_HOMED)","1"
RCOMMENT,"_10_BAG_GLUE","SERVO_HOMING","START HOMING ROUTINE","OTL(GLUE_X_Y_DRV_HOMING_IND)","2"
RCOMMENT,"_10_BAG_GLUE","SERVO_HOMING","REQUEST INTERNAL DRIVE HOMING ROUTINES","MOV(20,STEP_HOMING[10])","3"
RCOMMENT,"_10_BAG_GLUE","SERVO_HOMING","COMPLETE INTERNAL DRIVE HOMING ROUTINES","MOV(100,STEP_HOMING[10])","4"
RCOMMENT,"_10_BAG_GLUE","SERVO_HOMING","FINISH ROUTINE","MOV(500,STEP_HOMING[10])","5"
RCOMMENT,"_10_BAG_GLUE","STATUS","BAG GLUE STATION STATUS$N************************************************************$N$NAUTO READY REQUIREMENTS","OTE(CELL_AUTO_READY[10])","0"
RCOMMENT,"_10_BAG_GLUE","STATUS","CHECK THAT EVERYTHING IS CLEAR BEFORE INDEXING LINEAR MOVES$NDOES NOT INCLUDE THE COORDINATED MOVES FOR GLUE PATHS","OTE(GLUE_CLEAR_TO_INDEX)","1"
RCOMMENT,"_10_BAG_GLUE","STATUS","********GLUE MELTER********$N$NTURN ON GLUE MELTER HEATERS AND PUMP MOTOR","OTU(GLUE_MELT_HOSE_DISABLE)","2"
RCOMMENT,"_10_BAG_GLUE","STATUS","GLUE MELTER STATUS","MOV(155,STEP_ALARM[10])","3"
RCOMMENT,"_10_BAG_GLUE","STATUS","GLUE MELTER INACTIVITY TIMER$NSTANDBY MODE","OTE(A:O.Data[6].16)","4"
RCOMMENT,"_10_BAG_GLUE","STATUS","MONITOR STATION INACTIVITY$NAND SEND GLUE PURGE REQUESTS$N","RES(RFID_CONTROL)","5"
TYPE,SCOPE,ROUTINE,COMMENT,OWNING_ELEMENT,LOCATION
RCOMMENT,"_10_BAG_GLUE_PRIORITY","AUTO","BAG GLUE STATION GLUE GUN ROUTINE$N***************************************************************************$N$NCONTROL GLUE GUN DURING AUTO ROUTINE","OTU(Local:2:O.Pt00.Data)","0"
RCOMMENT,"_10_BAG_GLUE_PRIORITY","AUTO","CONTROL GLUE GUN DURING GLUE SAMPLE WEIGHT ROUTINE","OTU(Local:2:O.Pt00.Data)","1"
RCOMMENT,"_10_BAG_GLUE_PRIORITY","AUTO","UPDATE LOCAL OUTPUT CARD","IOT(Local:2:O)","2"
RCOMMENT,"_10_BAG_GLUE_PRIORITY","MAIN","MAIN ROUTINE$N***************************************************************************","JSR(AUTO,0)","0"
TYPE,SCOPE,ROUTINE,COMMENT,OWNING_ELEMENT,LOCATION
RCOMMENT,"_12_BAG_LOAD","AUTO","BAG LOAD STATION AUTO ROUTINE$N***************************************************************************$N$NSHUTDOWN REQUEST REQUIREMENTS","MOV(500,STEP_AUTO[12])","0"
RCOMMENT,"_12_BAG_LOAD","AUTO","CHECK TO SEE IF STATION CAN RUN BEFORE INITIAL INDEX AFTER STARTING CELL$N$NIF MANUAL CYCLE MOVE TO NEXT STEP","MOV(20,STEP_AUTO[12])","1"
RCOMMENT,"_12_BAG_LOAD","AUTO","CHECK BAG CLAMPS DOWN SENSORS$N","MOV(205,STEP_ALARM[12])","2"
RCOMMENT,"_12_BAG_LOAD","AUTO","REQUEST DIAL INDEX$N","MOV(10,STEP_AUTO[12])","3"
RCOMMENT,"_12_BAG_LOAD","AUTO","ANALYZE PART DATA$NCHECK EMPTY REQUEST","MOV(150,STEP_AUTO[12])","4"
RCOMMENT,"_12_BAG_LOAD","AUTO","EXTEND BAG RELEASE CYLINDER","MOV(25,STEP_AUTO[12])","5"
RCOMMENT,"_12_BAG_LOAD","AUTO","WAIT FOR ROBOT TO BE READY TO PLACE BAG$NOR GLUE TIMERS FROM OTHER STATIONS TO RUN OUT$N","MOV(150,STEP_AUTO[12])","6"
RCOMMENT,"_12_BAG_LOAD","AUTO","REQUEST BAG LOAD$NWAIT FOR ROBOT REQUEST TO CLAMP BAG$NIF CELL EMPTY IN PROGRESS REQUEST ROBOT SHUTDOWN","MOV(150,STEP_AUTO[12])","7"
RCOMMENT,"_12_BAG_LOAD","AUTO","RETRACT BAG RELEASE CYLINDER","MOV(38,STEP_AUTO[12])","8"
RCOMMENT,"_12_BAG_LOAD","AUTO","WAIT FOR ROBOT TO PLACE BAG$NIF IN SINGLE PART MODE, INDEX COUNTER$NIF CELL EMPTY IN PROGRESS REQUEST ROBOT SHUTDOWN","MOV(202,STEP_ALARM[12])","9"
RCOMMENT,"_12_BAG_LOAD","AUTO","SET PROCESS DONE","MOV(160,STEP_AUTO[12])","10"
RCOMMENT,"_12_BAG_LOAD","AUTO","WAIT FOR MAIN DIAL TO TURN OFF INDEX DONE","MOV(5,STEP_AUTO[12])","11"
RCOMMENT,"_12_BAG_LOAD","AUTO","STATION CYCLE TIME","DIV(TIMER_OPER[2].ACC,1000,CELL_CYCLE_TIME[0].BAG_LOAD)","12"
RCOMMENT,"_12_BAG_LOAD","AUTO","STATION CYCLE EXCESS TIME$NTHIS STATION HAS BECOME CRITICAL PATH$N$NSTATION NUMBERS$NBARRIER LOAD =1, BAG LOAD=2, PREHEAT 1=3, PREHEAT2=4,$NFORMING=5, PUNCH=6, PRINT=7,$NBAG GLUE=8, PNC=9, BAG OFFLOAD=10","MOV(CELL_CYCLE_TIME[0].BAG_LOAD,CELL_CYCLE_TIME[0].ST_TIME_CRITICAL[1].CYCLE_TIME)","13"
RCOMMENT,"_12_BAG_LOAD","ESTOP_RESET","BAG LOAD STATION E-STOP RESET$N***************************************************************************$N$NALARM","MOV(1000,STEP_ESTOP_RESET[12])","0"
RCOMMENT,"_12_BAG_LOAD","ESTOP_RESET","CAPTURE INITIAL ALARM$NAND DETERMINE IF THIS IS THE PRIMARY ALARM FOR THE ENTIRE CELL","OTL(STEP_ALARM_TRIGGER_WORD_1.12)","1"
RCOMMENT,"_12_BAG_LOAD","ESTOP_RESET","E-STOP SETTINGS","MOV(1000,STEP_AUTO[12])","2"
RCOMMENT,"_12_BAG_LOAD","ESTOP_RESET","WAIT FOR RESET","MOV(10,STEP_ESTOP_RESET[12])","3"
RCOMMENT,"_12_BAG_LOAD","ESTOP_RESET","GENERAL CELL SETTINGS UPON RESET","MOV(20,STEP_ESTOP_RESET[12])","4"
RCOMMENT,"_12_BAG_LOAD","ESTOP_RESET","WAIT FOR RESET TO BE RELEASED$NWAIT FOR CELL PRESSURE OK$NRESET BASED ON MACHINE MODE","MOV(500,STEP_ESTOP_RESET[12])","5"
RCOMMENT,"_12_BAG_LOAD","ESTOP_RESET","WAIT FOR RESET TO COMPLETE","MOV(500,STEP_ESTOP_RESET[12])","6"
RCOMMENT,"_12_BAG_LOAD","HOME","BAG LOAD STATION HOME ROUTINE$N***************************************************************************$N$N$NSET COMPONENTS TO HOME STATE","MOV(500,STEP_HOME[12])","0"
RCOMMENT,"_12_BAG_LOAD","MAIN","MAIN ROUTINE$N***************************************************************************","JSR(OUTPUTS,0)","0"
RCOMMENT,"_12_BAG_LOAD","OUTPUTS","BAG LOAD STATION OUTPUTS$N***************************************************************************$N$NBAG RELEASE CYLINDER CONTROL","MOV(201,STEP_ALARM[12])","0"
RCOMMENT,"_12_BAG_LOAD","STATUS","BAG LOAD STATION STATUS$N***************************************************************************$N$NAUTO READY REQUIREMENTS","OTE(CELL_AUTO_READY[12])","0"
TYPE,SCOPE,ROUTINE,COMMENT,OWNING_ELEMENT,LOCATION
RCOMMENT,"_13_BAR_PREHEAT1","AUTO","BARRIER PREHEAT STATION 1 AUTO ROUTINE$N***************************************************************************$N$NSHUTDOWN REQUEST REQUIREMENTS$N$N","MOV(500,STEP_AUTO[13])","0"
RCOMMENT,"_13_BAR_PREHEAT1","AUTO","CHECK TO SEE IF STATION CAN RUN BEFORE INITIAL INDEX AFTER STARTING CELL$N$NIF MANUAL CYCLE MOVE TO NEXT STEP","MOV(20,STEP_AUTO[13])","1"
RCOMMENT,"_13_BAR_PREHEAT1","AUTO"," REQUEST DIAL INDEX$N","MOV(10,STEP_AUTO[13])","2"
RCOMMENT,"_13_BAR_PREHEAT1","AUTO","ANALYZE PART DATA","MOV(150,STEP_AUTO[13])","3"
RCOMMENT,"_13_BAR_PREHEAT1","AUTO","EXTEND UPPER CYLINDER","MOV(30,STEP_AUTO[13])","4"
RCOMMENT,"_13_BAR_PREHEAT1","AUTO","EXTEND LOWER CYLINDER","MOV(40,STEP_AUTO[13])","5"
RCOMMENT,"_13_BAR_PREHEAT1","AUTO","WAIT FOR PREHEAT TIME","MOV(50,STEP_AUTO[13])","6"
RCOMMENT,"_13_BAR_PREHEAT1","AUTO","RETRACT UPPER AND LOWER CYLINDERS","MOV(0,STEP_AUTO[13])","7"
RCOMMENT,"_13_BAR_PREHEAT1","AUTO","SET PROCESS DONE$NMONITOR EMPTY STATUS","MOV(160,STEP_AUTO[13])","8"
RCOMMENT,"_13_BAR_PREHEAT1","AUTO","WAIT FOR MAIN DIAL TO TURN OFF INDEX DONE","MOV(5,STEP_AUTO[13])","9"
RCOMMENT,"_13_BAR_PREHEAT1","AUTO","MONITOR OPEN AIR TIME FOR BARRIER THAT HAS BEEN PREHEATED","OTU(PREHEAT1_DATA_PREHEAT1_COMPLETE)","10"
RCOMMENT,"_13_BAR_PREHEAT1","AUTO","STATION CYCLE TIME","TON(TIMER_OPER[4],?,?)","11"
RCOMMENT,"_13_BAR_PREHEAT1","AUTO","STATION CYCLE EXCESS TIME$NTHIS STATION HAS BECOME CRITICAL PATH$N$NSTATION NUMBERS$NBARRIER LOAD =1, BAG LOAD=2, PREHEAT 1=3, PREHEAT2=4,$NFORMING=5, PUNCH=6, PRINT=7,$NBAG GLUE=8, PNC=9, BAG OFFLOAD=10","MOV(CELL_CYCLE_TIME[0].BARRIER_PREHEAT1,CELL_CYCLE_TIME[0].ST_TIME_CRITICAL[1].CYCLE_TIME)","12"
RCOMMENT,"_13_BAR_PREHEAT1","ESTOP_RESET","BARRIER PREHEAT STATION 1 ESTOP RESET$N***************************************************************************$N$NALARM","MOV(1000,STEP_ESTOP_RESET[13])","0"
RCOMMENT,"_13_BAR_PREHEAT1","ESTOP_RESET","CAPTURE INITIAL ALARM$NAND DETERMINE IF THIS IS THE PRIMARY ALARM FOR THE ENTIRE CELL","OTL(STEP_ALARM_TRIGGER_WORD_1.13)","1"
RCOMMENT,"_13_BAR_PREHEAT1","ESTOP_RESET","E-STOP SETTINGS","MOV(1000,STEP_AUTO[13])","2"
RCOMMENT,"_13_BAR_PREHEAT1","ESTOP_RESET","WAIT FOR RESET","MOV(10,STEP_ESTOP_RESET[13])","3"
RCOMMENT,"_13_BAR_PREHEAT1","ESTOP_RESET","GENERAL CELL SETTINGS UPON RESET","MOV(20,STEP_ESTOP_RESET[13])","4"
RCOMMENT,"_13_BAR_PREHEAT1","ESTOP_RESET","WAIT FOR RESET TO BE RELEASED$NWAIT FOR CELL PRESSURE OK$NRESET BASED ON MACHINE MODE","MOV(500,STEP_ESTOP_RESET[13])","5"
RCOMMENT,"_13_BAR_PREHEAT1","ESTOP_RESET","WAIT FOR RESET TO COMPLETE","MOV(500,STEP_ESTOP_RESET[13])","6"
RCOMMENT,"_13_BAR_PREHEAT1","HMI","BARRIER PREHEAT STATION 1 HMI$N***************************************************************************$N$NBYPASS ANIMATION FOR HMI","OTE(PREHEAT1_BYPASS_ANIMATION)","0"
RCOMMENT,"_13_BAR_PREHEAT1","HOME","BARRIER PREHEAT STATION 1 HOME ROUTINE$N*******************************************************************************$N$NSET COMPONENTS TO HOME STATE","MOV(500,STEP_HOME[13])","0"
RCOMMENT,"_13_BAR_PREHEAT1","MAIN","MAIN ROUTINE$N***************************************************************************","JSR(HMI,0)","0"
RCOMMENT,"_13_BAR_PREHEAT1","OUTPUTS","BARRIER PREHEAT STATION 1 OUTPUTS$N*******************************************************************************$N$NBARRIER PREHEAT STATION 1 UPPER CYLINDER CONTROL","MOV(245,STEP_ALARM[13])","0"
RCOMMENT,"_13_BAR_PREHEAT1","OUTPUTS","BARRIER PREHEAT STATION 1 LOWER CYLINDER CONTROL","MOV(234,STEP_ALARM[13])","1"
RCOMMENT,"_13_BAR_PREHEAT1","STATUS","BARRIER PREHEAT STATION 1 STATUS$N***************************************************************************$N$NAUTO READY REQUIREMENTS","OTE(CELL_AUTO_READY[13])","0"
RCOMMENT,"_13_BAR_PREHEAT1","TEMP_LOW_PID","BARRIER PREHEAT STATION 1 LOWER TOOL TEMPERATURE PID$N************************************************************************************$N$NLOAD LOWER RAW TEMPERATURE DATA INTO VARIABLES","OTU(PREHEAT_ACTIVATE_HEATERS_PB)","0"
RCOMMENT,"_13_BAR_PREHEAT1","TEMP_LOW_PID","VERIFY TOOLING TEMPERATURE IS WITHIN REQUIREMENTS","OTE(PREHEAT1_LOW_TEMP_OK)","1"
RCOMMENT,"_13_BAR_PREHEAT1","TEMP_LOW_PID","IF STATION DOESN$'T CYCLE, LOAD STATIC BIAS VALUE$NIF STATION IS CYCLING, LOAD DYNAMIC BIAS VALUE","MOV(PREHEAT1_LOW_TOOL_PID_DYN_BIAS_LG_SNF,PREHEAT1_UP_TOOL_PID.BIAS)","2"
RCOMMENT,"_13_BAR_PREHEAT1","TEMP_LOW_PID","TOOL TEMPERATURE CONTROL PID","PID(PREHEAT1_LOW_TOOL_PID,PREHEAT1_LOW_TOOL_TEMP_REAL,0,PREHEAT1_LOW_TOOL_TEMP_PID_CV,0,0,0)","3"
RCOMMENT,"_13_BAR_PREHEAT1","TEMP_LOW_PID","TEST TEMPERATURE SET POINT AND DON$'T ALLOW MAX LIMIT","MOV(1,PREHEAT1_LOW_TEMP_SP_MAN_DISPLAY)","4"
RCOMMENT,"_13_BAR_PREHEAT1","TEMP_LOW_PID","CONTROL OVERSHOOT TEMP BY CHECKING TEMPERATURE AND RATE OF TEMPERATURE CHANGE OF BLOCK","OTE(LOW_STOP_HEATER_OVER_SHOOT)","5"
RCOMMENT,"_13_BAR_PREHEAT1","TEMP_LOW_PID","CONVERT PERCENTAGE OUTPUT FROM PID CONTROLLER TO A PULSE TIME FOR THE HEATER","MOV(0,PREHEAT1_LOW_TOOL_TEMP_PID_CV)","6"
RCOMMENT,"_13_BAR_PREHEAT1","TEMP_LOW_PID","ADD OPERATOR ADJUSTMENT TO TEMPERATURE SETPOINT","MOV(PREHEAT1_LOW_TEMP_SP_AUTO,PREHEAT1_LOW_TOOL_PID_SP)","7"
RCOMMENT,"_13_BAR_PREHEAT1","TEMP_LOW_PID"," CACULATE OPERATERS MAXIMUM & MINIMUM ALLOWABLE SETPOINT ADJUSTMENT BASED ON RECIPE TEMPERATURE","MOV(LOW_TEMP_MAX_ALLOWED,PREHEAT1_LOW_TEMP_MAX)","8"
RCOMMENT,"_13_BAR_PREHEAT1","TEMP_LOW_PID","IF RECIPE VALUE CHANGES ZERO OUT OFFSET ADJUST","MOV(0,PREHEAT1_LOW_ADJ_TEMP)","9"
RCOMMENT,"_13_BAR_PREHEAT1","TEMP_LOW_PID","****MANUAL MODE****$N$NSET TEMPERATURE SETPOINT FOR MANUAL MODE","MOV(PREHEAT1_LOW_TEMP_SP_AUTO_DISPLAY,PREHEAT1_LOW_TEMP_SP_MAN_DISPLAY)","10"
RCOMMENT,"_13_BAR_PREHEAT1","TEMP_LOW_PID","WHILE IN MANUAL MODE, ALLOW THE TEMPERATURE SLIDERS FULL SCALE OF OPERATION.","MOV(PREHEAT1_LOW_TEMP_SP_MAN,PREHEAT1_LOW_TOOL_PID_SP)","11"
RCOMMENT,"_13_BAR_PREHEAT1","TEMP_LOW_PID","CONTROLS IF THE AUTO OR MANUAL SETPOINT IS DISPLAYED ON THE HMI TEMP GRAPH","MOV(PREHEAT1_LOW_TEMP_SP_AUTO_DISPLAY,PREHEAT1_LOW_TEMP_SP_TRACE_DISPLAY)","12"
RCOMMENT,"_13_BAR_PREHEAT1","TEMP_LOW_PID","MONITOR RTDS FOR RUNAWAY PROTECTION","MOV(241,STEP_ALARM[13])","13"
RCOMMENT,"_13_BAR_PREHEAT1","TEMP_LOW_PID","IF PID OUTPUT IS ABOVE CERTAIN LEVEL, MONITOR FOR TEMPERATURE CHANGES$NTO PROTECT AGAINST RUN AWAY$N","RES(LOW_TOOL_SAMPLE_TEMP_COUNTER)","14"
RCOMMENT,"_13_BAR_PREHEAT1","TEMP_UP_PID","BARRIER PREHEAT STATION 1 UPPER TOOL TEMPERATURE PID$N************************************************************************************$N$NLOAD UPPER RAW TEMPERATURE DATA INTO VARIABLES","OTU(PREHEAT_ACTIVATE_HEATERS_PB)","0"
RCOMMENT,"_13_BAR_PREHEAT1","TEMP_UP_PID","VERIFY TOOLING TEMPERATURE IS WITHIN REQUIREMENTS","OTE(PREHEAT1_UP_TEMP_OK)","1"
RCOMMENT,"_13_BAR_PREHEAT1","TEMP_UP_PID","IF STATION DOESN$'T CYCLE, LOAD STATIC BIAS VALUE$NIF STATION IS CYCLING, LOAD DYNAMIC BIAS VALUE","MOV(PREHEAT1_UP_TOOL_PID_DYN_BIAS_LG_SNF,PREHEAT1_UP_TOOL_PID.BIAS)","2"
RCOMMENT,"_13_BAR_PREHEAT1","TEMP_UP_PID","TOOL TEMPERATURE CONTROL PID","PID(PREHEAT1_UP_TOOL_PID,PREHEAT1_UP_TOOL_TEMP_REAL,0,PREHEAT1_UP_TOOL_TEMP_PID_CV,0,0,0)","3"
RCOMMENT,"_13_BAR_PREHEAT1","TEMP_UP_PID","TEST TEMPERATURE SET POINT AND DON$'T ALLOW ABOVE MAX LIMIT","MOV(1,PREHEAT1_UP_TEMP_SP_MAN_DISPLAY)","4"
RCOMMENT,"_13_BAR_PREHEAT1","TEMP_UP_PID","CONTROL OVERSHOOT TEMP BY CHECKING TEMPERATURE AND RATE OF TEMPERATURE CHANGE OF BLOCK","OTE(UP_STOP_HEATER_OVER_SHOOT)","5"
RCOMMENT,"_13_BAR_PREHEAT1","TEMP_UP_PID","CONVERT PERCENTAGE OUTPUT FROM PID CONTROLLER TO A PULSE TIME FOR THE HEATER","MOV(0,PREHEAT1_UP_TOOL_TEMP_PID_CV)","6"
RCOMMENT,"_13_BAR_PREHEAT1","TEMP_UP_PID","ADD OPERATOR ADJUSTMENT TO TEMPERATURE SETPOINT","MOV(PREHEAT1_UP_TEMP_SP_AUTO,PREHEAT1_UP_TOOL_PID_SP)","7"
RCOMMENT,"_13_BAR_PREHEAT1","TEMP_UP_PID"," CACULATE OPERATERS MAXIMUM & MINIMUM ALLOWABLE SETPOINT ADJUSTMENT BASED ON RECIPE TEMPERATURE","MOV(UP_TEMP_MAX_ALLOWED,PREHEAT1_UP_TEMP_MAX)","8"
RCOMMENT,"_13_BAR_PREHEAT1","TEMP_UP_PID","IF RECIPE VALUE CHANGES ZERO OUT OFFSET ADJUST","MOV(0,PREHEAT1_UP_ADJ_TEMP)","9"
RCOMMENT,"_13_BAR_PREHEAT1","TEMP_UP_PID","****MANUAL MODE****$N$NSET TEMPERATURE SETPOINT FOR MANUAL MODE","MOV(PREHEAT1_UP_TEMP_SP_AUTO_DISPLAY,PREHEAT1_UP_TEMP_SP_MAN_DISPLAY)","10"
RCOMMENT,"_13_BAR_PREHEAT1","TEMP_UP_PID","WHILE IN MANUAL MODE, ALLOW THE TEMPERATURE SLIDERS FULL SCALE OF OPERATION.","MOV(PREHEAT1_UP_TEMP_SP_MAN,PREHEAT1_UP_TOOL_PID_SP)","11"
RCOMMENT,"_13_BAR_PREHEAT1","TEMP_UP_PID","CONTROLS IF THE AUTO OR MANUAL SETPOINT IS DISPLAYED ON THE HMI TEMP GRAPH","MOV(PREHEAT1_UP_TEMP_SP_AUTO_DISPLAY,PREHEAT1_UP_TEMP_SP_TRACE_DISPLAY)","12"
RCOMMENT,"_13_BAR_PREHEAT1","TEMP_UP_PID","MONITOR RTDS FOR RUNAWAY PROTECTION","MOV(242,STEP_ALARM[13])","13"
RCOMMENT,"_13_BAR_PREHEAT1","TEMP_UP_PID","IF PID OUTPUT IS ABOVE CERTAIN LEVEL, MONITOR FOR TEMPERATURE CHANGES$NTO PROTECT AGAINST RUN AWAY$N","RES(UP_TOOL_SAMPLE_TEMP_COUNTER)","14"
TYPE,SCOPE,ROUTINE,COMMENT,OWNING_ELEMENT,LOCATION
RCOMMENT,"_14_BAR_PREHEAT2","AUTO","BARRIER PREHEAT STATION 2 AUTO ROUTINE$N***************************************************************************$N$NSHUTDOWN REQUEST REQUIREMENTS$N$N","MOV(500,STEP_AUTO[14])","0"
RCOMMENT,"_14_BAR_PREHEAT2","AUTO","CHECK TO SEE IF STATION CAN RUN BEFORE INITIAL INDEX AFTER STARTING CELL$N$NIF MANUAL CYCLE MOVE TO NEXT STEP","MOV(20,STEP_AUTO[14])","1"
RCOMMENT,"_14_BAR_PREHEAT2","AUTO"," REQUEST DIAL INDEX$N","MOV(10,STEP_AUTO[14])","2"
RCOMMENT,"_14_BAR_PREHEAT2","AUTO","ANALYZE PART DATA","MOV(150,STEP_AUTO[14])","3"
RCOMMENT,"_14_BAR_PREHEAT2","AUTO","EXTEND UPPER CYLINDER","MOV(30,STEP_AUTO[14])","4"
RCOMMENT,"_14_BAR_PREHEAT2","AUTO","EXTEND LOWER CYLINDER","MOV(40,STEP_AUTO[14])","5"
RCOMMENT,"_14_BAR_PREHEAT2","AUTO","WAIT FOR PREHEAT TIME","MOV(50,STEP_AUTO[14])","6"
RCOMMENT,"_14_BAR_PREHEAT2","AUTO","RETRACT UPPER AND LOWER CYLINDERS","MOV(0,STEP_AUTO[14])","7"
RCOMMENT,"_14_BAR_PREHEAT2","AUTO","SET PROCESS DONE$NMONITOR EMPTY STATUS","MOV(160,STEP_AUTO[14])","8"
RCOMMENT,"_14_BAR_PREHEAT2","AUTO","WAIT FOR MAIN DIAL TO TURN OFF INDEX DONE","MOV(5,STEP_AUTO[14])","9"
RCOMMENT,"_14_BAR_PREHEAT2","AUTO","MONITOR OPEN AIR TIME FOR BARRIER THAT HAS BEEN PREHEATED","OTU(PREHEAT2_DATA_PREHEAT2_COMPLETE)","10"
RCOMMENT,"_14_BAR_PREHEAT2","AUTO","STATION CYCLE TIME","TON(TIMER_OPER[4],?,?)","11"
RCOMMENT,"_14_BAR_PREHEAT2","AUTO","STATION CYCLE EXCESS TIME$NTHIS STATION HAS BECOME CRITICAL PATH$N$NSTATION NUMBERS$NBARRIER LOAD =1, BAG LOAD=2, PREHEAT 1=3, PREHEAT2=4,$NFORMING=5, PUNCH=6, PRINT=7,$NBAG GLUE=8, PNC=9, BAG OFFLOAD=10","MOV(CELL_CYCLE_TIME[0].BARRIER_PREHEAT2,CELL_CYCLE_TIME[0].ST_TIME_CRITICAL[1].CYCLE_TIME)","12"
RCOMMENT,"_14_BAR_PREHEAT2","ESTOP_RESET","BARRIER PREHEAT STATION 2 ESTOP RESET$N***************************************************************************$N$NALARM","MOV(1000,STEP_ESTOP_RESET[14])","0"
RCOMMENT,"_14_BAR_PREHEAT2","ESTOP_RESET","CAPTURE INITIAL ALARM$NAND DETERMINE IF THIS IS THE PRIMARY ALARM FOR THE ENTIRE CELL","OTL(STEP_ALARM_TRIGGER_WORD_1.14)","1"
RCOMMENT,"_14_BAR_PREHEAT2","ESTOP_RESET","E-STOP SETTINGS","MOV(1000,STEP_AUTO[14])","2"
RCOMMENT,"_14_BAR_PREHEAT2","ESTOP_RESET","WAIT FOR RESET","MOV(10,STEP_ESTOP_RESET[14])","3"
RCOMMENT,"_14_BAR_PREHEAT2","ESTOP_RESET","GENERAL CELL SETTINGS UPON RESET","MOV(20,STEP_ESTOP_RESET[14])","4"
RCOMMENT,"_14_BAR_PREHEAT2","ESTOP_RESET","WAIT FOR RESET TO BE RELEASED$NWAIT FOR CELL PRESSURE OK$NRESET BASED ON MACHINE MODE","MOV(500,STEP_ESTOP_RESET[14])","5"
RCOMMENT,"_14_BAR_PREHEAT2","ESTOP_RESET","WAIT FOR RESET TO COMPLETE","MOV(500,STEP_ESTOP_RESET[14])","6"
RCOMMENT,"_14_BAR_PREHEAT2","HMI","BARRIER PREHEAT STATION 2 HMI$N***************************************************************************$N$NBYPASS ANIMATION FOR HMI","OTE(PREHEAT2_BYPASS_ANIMATION)","0"
RCOMMENT,"_14_BAR_PREHEAT2","HOME","BARRIER PREHEAT STATION 2 HOME ROUTINE$N*******************************************************************************$N$NSET COMPONENTS TO HOME STATE","MOV(500,STEP_HOME[14])","0"
RCOMMENT,"_14_BAR_PREHEAT2","MAIN","MAIN ROUTINE$N***************************************************************************","JSR(HMI,0)","0"
RCOMMENT,"_14_BAR_PREHEAT2","OUTPUTS","BARRIER PREHEAT STATION 2 OUTPUTS$N*******************************************************************************$N$NBARRIER PREHEAT STATION 2 UPPER CYLINDER CONTROL","MOV(265,STEP_ALARM[14])","0"
RCOMMENT,"_14_BAR_PREHEAT2","OUTPUTS","BARRIER PREHEAT STATION 2 LOWER CYLINDER CONTROL","MOV(254,STEP_ALARM[14])","1"
RCOMMENT,"_14_BAR_PREHEAT2","STATUS","BARRIER PREHEAT STATION 2 STATUS$N***************************************************************************$N$NAUTO READY REQUIREMENTS","OTE(CELL_AUTO_READY[14])","0"
RCOMMENT,"_14_BAR_PREHEAT2","TEMP_LOW_PID","BARRIER PREHEAT STATION 2 LOWER TOOL TEMPERATURE PID$N************************************************************************************$N$NLOAD LOWER RAW TEMPERATURE DATA INTO VARIABLES","OTU(PREHEAT_ACTIVATE_HEATERS_PB)","0"
RCOMMENT,"_14_BAR_PREHEAT2","TEMP_LOW_PID","VERIFY TOOLING TEMPERATURE IS WITHIN REQUIREMENTS","OTE(PREHEAT2_LOW_TEMP_OK)","1"
RCOMMENT,"_14_BAR_PREHEAT2","TEMP_LOW_PID","IF STATION DOESN$'T CYCLE, LOAD STATIC BIAS VALUE$NIF STATION IS CYCLING, LOAD DYNAMIC BIAS VALUE","MOV(PREHEAT2_LOW_TOOL_PID_DYN_BIAS_LG_SNF,PREHEAT1_UP_TOOL_PID.BIAS)","2"
RCOMMENT,"_14_BAR_PREHEAT2","TEMP_LOW_PID","TOOL TEMPERATURE CONTROL PID","PID(PREHEAT2_LOW_TOOL_PID,PREHEAT2_LOW_TOOL_TEMP_REAL,0,PREHEAT2_LOW_TOOL_TEMP_PID_CV,0,0,0)","3"
RCOMMENT,"_14_BAR_PREHEAT2","TEMP_LOW_PID","TEST TEMPERATURE SET POINT AND DON$'T ALLOW MAX LIMIT","MOV(1,PREHEAT2_LOW_TEMP_SP_MAN_DISPLAY)","4"
RCOMMENT,"_14_BAR_PREHEAT2","TEMP_LOW_PID","CONTROL OVERSHOOT TEMP BY CHECKING TEMPERATURE AND RATE OF TEMPERATURE CHANGE OF BLOCK","OTE(LOW_STOP_HEATER_OVER_SHOOT)","5"
RCOMMENT,"_14_BAR_PREHEAT2","TEMP_LOW_PID","CONVERT PERCENTAGE OUTPUT FROM PID CONTROLLER TO A PULSE TIME FOR THE HEATER","MOV(0,PREHEAT2_LOW_TOOL_TEMP_PID_CV)","6"
RCOMMENT,"_14_BAR_PREHEAT2","TEMP_LOW_PID","ADD OPERATOR ADJUSTMENT TO TEMPERATURE SETPOINT","MOV(PREHEAT2_LOW_TEMP_SP_AUTO,PREHEAT2_LOW_TOOL_PID_SP)","7"
RCOMMENT,"_14_BAR_PREHEAT2","TEMP_LOW_PID"," CACULATE OPERATERS MAXIMUM & MINIMUM ALLOWABLE SETPOINT ADJUSTMENT BASED ON RECIPE TEMPERATURE","MOV(LOW_TEMP_MAX_ALLOWED,PREHEAT2_LOW_TEMP_MAX)","8"
RCOMMENT,"_14_BAR_PREHEAT2","TEMP_LOW_PID","IF RECIPE VALUE CHANGES ZERO OUT OFFSET ADJUST","MOV(0,PREHEAT2_LOW_ADJ_TEMP)","9"
RCOMMENT,"_14_BAR_PREHEAT2","TEMP_LOW_PID","****MANUAL MODE****$N$NSET TEMPERATURE SETPOINT FOR MANUAL MODE","MOV(PREHEAT2_LOW_TEMP_SP_AUTO_DISPLAY,PREHEAT2_LOW_TEMP_SP_MAN_DISPLAY)","10"
RCOMMENT,"_14_BAR_PREHEAT2","TEMP_LOW_PID","WHILE IN MANUAL MODE, ALLOW THE TEMPERATURE SLIDERS FULL SCALE OF OPERATION.","MOV(PREHEAT2_LOW_TEMP_SP_MAN,PREHEAT2_LOW_TOOL_PID_SP)","11"
RCOMMENT,"_14_BAR_PREHEAT2","TEMP_LOW_PID","CONTROLS IF THE AUTO OR MANUAL SETPOINT IS DISPLAYED ON THE HMI TEMP GRAPH","MOV(PREHEAT2_LOW_TEMP_SP_AUTO_DISPLAY,PREHEAT2_LOW_TEMP_SP_TRACE_DISPLAY)","12"
RCOMMENT,"_14_BAR_PREHEAT2","TEMP_LOW_PID","MONITOR RTDS FOR RUNAWAY PROTECTION","MOV(261,STEP_ALARM[14])","13"
RCOMMENT,"_14_BAR_PREHEAT2","TEMP_LOW_PID","IF PID OUTPUT IS ABOVE CERTAIN LEVEL, MONITOR FOR TEMPERATURE CHANGES$NTO PROTECT AGAINST RUN AWAY$N","RES(LOW_TOOL_SAMPLE_TEMP_COUNTER)","14"
RCOMMENT,"_14_BAR_PREHEAT2","TEMP_UP_PID","BARRIER PREHEAT STATION 2 UPPER TOOL TEMPERATURE PID$N************************************************************************************$N$NLOAD UPPER RAW TEMPERATURE DATA INTO VARIABLES","OTU(PREHEAT_ACTIVATE_HEATERS_PB)","0"
RCOMMENT,"_14_BAR_PREHEAT2","TEMP_UP_PID","VERIFY TOOLING TEMPERATURE IS WITHIN REQUIREMENTS","OTE(PREHEAT2_UP_TEMP_OK)","1"
RCOMMENT,"_14_BAR_PREHEAT2","TEMP_UP_PID","IF STATION DOESN$'T CYCLE, LOAD STATIC BIAS VALUE$NIF STATION IS CYCLING, LOAD DYNAMIC BIAS VALUE","MOV(PREHEAT2_UP_TOOL_PID_DYN_BIAS_LG_SNF,PREHEAT1_UP_TOOL_PID.BIAS)","2"
RCOMMENT,"_14_BAR_PREHEAT2","TEMP_UP_PID","TOOL TEMPERATURE CONTROL PID","PID(PREHEAT2_UP_TOOL_PID,PREHEAT2_UP_TOOL_TEMP_REAL,0,PREHEAT2_UP_TOOL_TEMP_PID_CV,0,0,0)","3"
RCOMMENT,"_14_BAR_PREHEAT2","TEMP_UP_PID","TEST TEMPERATURE SET POINT AND DON$'T ALLOW MAX LIMIT","MOV(1,PREHEAT2_UP_TEMP_SP_MAN_DISPLAY)","4"
RCOMMENT,"_14_BAR_PREHEAT2","TEMP_UP_PID","CONTROL OVERSHOOT TEMP BY CHECKING TEMPERATURE AND RATE OF TEMPERATURE CHANGE OF BLOCK","OTE(UP_STOP_HEATER_OVER_SHOOT)","5"
RCOMMENT,"_14_BAR_PREHEAT2","TEMP_UP_PID","CONVERT PERCENTAGE OUTPUT FROM PID CONTROLLER TO A PULSE TIME FOR THE HEATER","MOV(0,PREHEAT2_UP_TOOL_TEMP_PID_CV)","6"
RCOMMENT,"_14_BAR_PREHEAT2","TEMP_UP_PID","ADD OPERATOR ADJUSTMENT TO TEMPERATURE SETPOINT","MOV(PREHEAT2_UP_TEMP_SP_AUTO,PREHEAT2_UP_TOOL_PID_SP)","7"
RCOMMENT,"_14_BAR_PREHEAT2","TEMP_UP_PID"," CACULATE OPERATERS MAXIMUM & MINIMUM ALLOWABLE SETPOINT ADJUSTMENT BASED ON RECIPE TEMPERATURE","MOV(UP_TEMP_MAX_ALLOWED,PREHEAT2_UP_TEMP_MAX)","8"
RCOMMENT,"_14_BAR_PREHEAT2","TEMP_UP_PID","IF RECIPE VALUE CHANGES ZERO OUT OFFSET ADJUST","MOV(0,PREHEAT2_UP_ADJ_TEMP)","9"
RCOMMENT,"_14_BAR_PREHEAT2","TEMP_UP_PID","****MANUAL MODE****$N$NSET TEMPERATURE SETPOINT FOR MANUAL MODE","MOV(PREHEAT2_UP_TEMP_SP_AUTO_DISPLAY,PREHEAT2_UP_TEMP_SP_MAN_DISPLAY)","10"
RCOMMENT,"_14_BAR_PREHEAT2","TEMP_UP_PID","WHILE IN MANUAL MODE, ALLOW THE TEMPERATURE SLIDERS FULL SCALE OF OPERATION.","MOV(PREHEAT2_UP_TEMP_SP_MAN,PREHEAT2_UP_TOOL_PID_SP)","11"
RCOMMENT,"_14_BAR_PREHEAT2","TEMP_UP_PID","CONTROLS IF THE AUTO OR MANUAL SETPOINT IS DISPLAYED ON THE HMI TEMP GRAPH","MOV(PREHEAT2_UP_TEMP_SP_AUTO_DISPLAY,PREHEAT2_UP_TEMP_SP_TRACE_DISPLAY)","12"
RCOMMENT,"_14_BAR_PREHEAT2","TEMP_UP_PID","MONITOR RTDS FOR RUNAWAY PROTECTION","MOV(262,STEP_ALARM[14])","13"
RCOMMENT,"_14_BAR_PREHEAT2","TEMP_UP_PID","IF PID OUTPUT IS ABOVE CERTAIN LEVEL, MONITOR FOR TEMPERATURE CHANGES$NTO PROTECT AGAINST RUN AWAY$N","RES(UP_TOOL_SAMPLE_TEMP_COUNTER)","14"
TYPE,SCOPE,ROUTINE,COMMENT,OWNING_ELEMENT,LOCATION
RCOMMENT,"_15_BAR_FORMING","AUTO","BARRIER FORMING STATION AUTO ROUTINE$N***************************************************************************$N$NSHUTDOWN REQUEST REQUIREMENTS","MOV(500,STEP_AUTO[15])","0"
RCOMMENT,"_15_BAR_FORMING","AUTO","CHECK TO SEE IF STATION CAN RUN BEFORE INITIAL INDEX AFTER STARTING CELL$N$NIF MANUAL CYCLE MOVE TO NEXT STEP","MOV(20,STEP_AUTO[15])","1"
RCOMMENT,"_15_BAR_FORMING","AUTO"," REQUEST DIAL INDEX$N","MOV(10,STEP_AUTO[15])","2"
RCOMMENT,"_15_BAR_FORMING","AUTO","ANALYZE PART DATA","MOV(150,STEP_AUTO[15])","3"
RCOMMENT,"_15_BAR_FORMING","AUTO","EXTEND FORMING CYLINDER","MOV(30,STEP_AUTO[15])","4"
RCOMMENT,"_15_BAR_FORMING","AUTO","BLOW FOR TIME AND BLOW RELEASE FOR AMOUNT OF TIME AT END OF CYCLE","MOV(40,STEP_AUTO[15])","5"
RCOMMENT,"_15_BAR_FORMING","AUTO","RETRACT FORMING CYLINDER","MOV(0,STEP_AUTO[15])","6"
RCOMMENT,"_15_BAR_FORMING","AUTO","SET PROCESS DONE$NMONITOR EMPTY STATUS","MOV(160,STEP_AUTO[15])","7"
RCOMMENT,"_15_BAR_FORMING","AUTO","WAIT FOR MAIN DIAL TO TURN OFF INDEX DONE","MOV(5,STEP_AUTO[15])","8"
RCOMMENT,"_15_BAR_FORMING","AUTO","STATION CYCLE TIME","DIV(TIMER_OPER[4].ACC,1000,CELL_CYCLE_TIME[0].BARRIER_FORMING)","9"
RCOMMENT,"_15_BAR_FORMING","AUTO","STATION CYCLE EXCESS TIME$NTHIS STATION HAS BECOME CRITICAL PATH$N$NSTATION NUMBERS$NBARRIER LOAD =1, BAG LOAD=2, PREHEAT 1=3, PREHEAT2=4,$NFORMING=5, PUNCH=6, PRINT=7,$NBAG GLUE=8, PNC=9, BAG OFFLOAD=10","MOV(CELL_CYCLE_TIME[0].BARRIER_FORMING,CELL_CYCLE_TIME[0].ST_TIME_CRITICAL[1].CYCLE_TIME)","10"
RCOMMENT,"_15_BAR_FORMING","ESTOP_RESET","BARRIER FORMING STATION E-STOP RESET$N***************************************************************************$N$NALARM","MOV(1000,STEP_ESTOP_RESET[15])","0"
RCOMMENT,"_15_BAR_FORMING","ESTOP_RESET","CAPTURE INITIAL ALARM$NAND DETERMINE IF THIS IS THE PRIMARY ALARM FOR THE ENTIRE CELL","OTL(STEP_ALARM_TRIGGER_WORD_1.15)","1"
RCOMMENT,"_15_BAR_FORMING","ESTOP_RESET","E-STOP SETTINGS","MOV(1000,STEP_AUTO[15])","2"
RCOMMENT,"_15_BAR_FORMING","ESTOP_RESET","WAIT FOR RESET","MOV(10,STEP_ESTOP_RESET[15])","3"
RCOMMENT,"_15_BAR_FORMING","ESTOP_RESET","GENERAL CELL SETTINGS UPON RESET","MOV(20,STEP_ESTOP_RESET[15])","4"
RCOMMENT,"_15_BAR_FORMING","ESTOP_RESET","WAIT FOR RESET TO BE RELEASED$NWAIT FOR CELL PRESSURE OK$NRESET BASED ON MACHINE MODE","MOV(500,STEP_ESTOP_RESET[15])","5"
RCOMMENT,"_15_BAR_FORMING","ESTOP_RESET","WAIT FOR RESET TO COMPLETE","MOV(500,STEP_ESTOP_RESET[15])","6"
RCOMMENT,"_15_BAR_FORMING","HMI","BARRIER FORMING STATION HMI$N***************************************************************************$N$NBYPASS ANIMATION FOR HMI","OTE(FORMING_BYPASS_ANIMATION)","0"
RCOMMENT,"_15_BAR_FORMING","HMI","FORMING CYLINDER EXTEND PUSH BUTTON VISIBILITY ON HMI","OTE(FORMING_CYL_EXT_PB_VIS)","1"
RCOMMENT,"_15_BAR_FORMING","HOME","BARRIER FORMING STATION HOME ROUTINE$N***************************************************************************$N$N$NSET COMPONENTS TO HOME STATE","MOV(500,STEP_HOME[15])","0"
RCOMMENT,"_15_BAR_FORMING","MAIN","MAIN ROUTINE$N***************************************************************************$N$N","JSR(STOP_POS,0)","0"
RCOMMENT,"_15_BAR_FORMING","OUTPUTS","BARRIER FORMING STATION OUTPUTS$N***************************************************************************$N$NFORMING CYLINDER CONTROL","MOV(283,STEP_ALARM[15])","0"
RCOMMENT,"_15_BAR_FORMING","OUTPUTS","FORMING BLOW CONTROL","OTE(MAN01:O.Data[2].6)","1"
RCOMMENT,"_15_BAR_FORMING","OUTPUTS"," BARRIER RELEASE FROM FORM TOOL BLOW","OTE(MAN01:O.Data[2].7)","2"
RCOMMENT,"_15_BAR_FORMING","PRESSURE_REG","BARRIER FORMING STATION PRESSURE REGULATOR$N*******************************************************************************$N$NADD OPERATOR ADJUSTMENT TO PRESSURE SETPOINT","MOV(PRESSURE_SP_AUTO,PRESSURE_SP_GEN)","0"
RCOMMENT,"_15_BAR_FORMING","PRESSURE_REG","CACULATE OPERATERS MAXIMUM  & MINIMUM ALLOWABLE SETPOINT ADJUSTMENT BASED ON RECIPE PRESSURE$N","MOV(PRESSURE_MAX_ALLOWED,FORMING_PRESSURE_MAX)","1"
RCOMMENT,"_15_BAR_FORMING","PRESSURE_REG","IF RECIPE VALUE CHANGES ZERO OUT OFFSET ADJUST","MOV(0,FORMING_ADJ_PRESSURE)","2"
RCOMMENT,"_15_BAR_FORMING","PRESSURE_REG","****MANUAL MODE****$N$NSET PRESSURE SETPOINT FOR MANUAL MODE","MOV(PRESSURE_SP_AUTO,FORMING_PRESSURE_SP_MAN_DISPLAY)","3"
RCOMMENT,"_15_BAR_FORMING","PRESSURE_REG","WHILE IN MANUAL MODE, ALLOW THE PRESSURE SLIDERS FULL SCALE OF OPERATION.","MOV(PRESSURE_SP_MAN,PRESSURE_SP_GEN)","4"
RCOMMENT,"_15_BAR_FORMING","PRESSURE_REG","SEND REGULATOR PRESSURE INPUT COUNTS$N$NSCALE, TRUNCATE AND BYTE SWAP","MOV(SCALED_PRESS_TRUNC,MAN01:O.Data[0])","5"
RCOMMENT,"_15_BAR_FORMING","PRESSURE_REG","CACULATE FEEDBACK PRESSURE FROM REGULATOR","DIV(REG_FEEDBACK_M,FORM_PRES_SCALE_PAR.IN_M,REG_FEEDBACK_SCALED)","6"
RCOMMENT,"_15_BAR_FORMING","PRESSURE_REG","VERIFY PRESSURE USING REGULATOR FEEDBACK","OTE(FORMING_PRESSURE_OK)","7"
RCOMMENT,"_15_BAR_FORMING","STATUS","BARRIER FORMING STATION STATUS$N***************************************************************************$N$NAUTO READY REQUIREMENTS","OTE(CELL_AUTO_READY[15])","0"
RCOMMENT,"_15_BAR_FORMING","STATUS","MONITOR FOR FORM TOOLING SENSORS","MOV(285,STEP_ALARM[15])","1"
RCOMMENT,"_15_BAR_FORMING","STOP_POS","FORMING STATION STOP ANALOG POSITION$N************************************************************************************$N$NLOAD POSTION DATA INTO VARIABLES","MOV(282,STEP_ALARM[15])","0"
RCOMMENT,"_15_BAR_FORMING","STOP_POS","VERIFY FORMING CYLINDER POSITION IS WITHIN REQUIREMENTS","OTE(FORMING_CYL_STOP_POS_OK)","1"
TYPE,SCOPE,ROUTINE,COMMENT,OWNING_ELEMENT,LOCATION
RCOMMENT,"_16_BAR_PUNCH","AUTO","PUNCH AUTO ROUTINE$N***************************************************************************$N$NSHUTDOWN REQUEST REQUIREMENTS","MOV(500,STEP_AUTO[16])","0"
RCOMMENT,"_16_BAR_PUNCH","AUTO","CHECK TO SEE IF STATION CAN RUN BEFORE INITIAL INDEX AFTER STARTING CELL$N$NIF MANUAL CYCLE MOVE TO NEXT STEP","MOV(20,STEP_AUTO[16])","1"
RCOMMENT,"_16_BAR_PUNCH","AUTO"," REQUEST DIAL INDEX$N","MOV(10,STEP_AUTO[16])","2"
RCOMMENT,"_16_BAR_PUNCH","AUTO","ANALYZE PART DATA","MOV(150,STEP_AUTO[16])","3"
RCOMMENT,"_16_BAR_PUNCH","AUTO","EXTEND HOLD DOWN STRIPPERS AND SPRING PACK","MOV(30,STEP_AUTO[16])","4"
RCOMMENT,"_16_BAR_PUNCH","AUTO","EXTEND PUNCH CYLINDER","MOV(40,STEP_AUTO[16])","5"
RCOMMENT,"_16_BAR_PUNCH","AUTO","DELAY TIMER","MOV(50,STEP_AUTO[16])","6"
RCOMMENT,"_16_BAR_PUNCH","AUTO","EXTEND MOON CYLINDER","MOV(304,STEP_ALARM[16])","7"
RCOMMENT,"_16_BAR_PUNCH","AUTO","MOON BLOW","MOV(60,STEP_AUTO[16])","8"
RCOMMENT,"_16_BAR_PUNCH","AUTO","DELAY TIMER","MOV(80,STEP_AUTO[16])","9"
RCOMMENT,"_16_BAR_PUNCH","AUTO","EXTEND SPRING PACK CYLINDER AND RETRACT HOLD DOWN STRIPPERS","MOV(0,STEP_AUTO[16])","10"
RCOMMENT,"_16_BAR_PUNCH","AUTO","SET PROCESS DONE$NMONITOR EMPTY STATUS","MOV(160,STEP_AUTO[16])","11"
RCOMMENT,"_16_BAR_PUNCH","AUTO","WAIT FOR MAIN DIAL TO TURN OFF INDEX DONE","MOV(5,STEP_AUTO[16])","12"
RCOMMENT,"_16_BAR_PUNCH","AUTO","STATION CYCLE TIME","DIV(TIMER_OPER[4].ACC,1000,CELL_CYCLE_TIME[0].BARRIER_PUNCH)","13"
RCOMMENT,"_16_BAR_PUNCH","AUTO","STATION CYCLE EXCESS TIME$NTHIS STATION HAS BECOME CRITICAL PATH$N$NSTATION NUMBERS$NBARRIER LOAD =1, BAG LOAD=2, PREHEAT 1=3, PREHEAT2=4,$NFORMING=5, PUNCH=6, PRINT=7,$NBAG GLUE=8, PNC=9, BAG OFFLOAD=10","MOV(CELL_CYCLE_TIME[0].BARRIER_PUNCH,CELL_CYCLE_TIME[0].ST_TIME_CRITICAL[1].CYCLE_TIME)","14"
RCOMMENT,"_16_BAR_PUNCH","ESTOP_RESET","$NBARRIER PUNCH STATION E-STOP RESET$N***************************************************************************$N$NALARM","MOV(1000,STEP_ESTOP_RESET[16])","0"
RCOMMENT,"_16_BAR_PUNCH","ESTOP_RESET","$NCAPTURE INITIAL ALARM$NAND DETERMINE IF THIS IS THE PRIMARY ALARM FOR THE ENTIRE CELL","OTL(STEP_ALARM_TRIGGER_WORD_1.16)","1"
RCOMMENT,"_16_BAR_PUNCH","ESTOP_RESET","$NE-STOP SETTINGS","MOV(1000,STEP_AUTO[16])","2"
RCOMMENT,"_16_BAR_PUNCH","ESTOP_RESET","WAIT FOR RESET","MOV(10,STEP_ESTOP_RESET[16])","3"
RCOMMENT,"_16_BAR_PUNCH","ESTOP_RESET","GENERAL CELL SETTINGS UPON RESET","MOV(20,STEP_ESTOP_RESET[16])","4"
RCOMMENT,"_16_BAR_PUNCH","ESTOP_RESET","WAIT FOR RESET TO BE RELEASED$NWAIT FOR CELL PRESSURE OK$NRESET BASED ON MACHINE MODE","MOV(500,STEP_ESTOP_RESET[16])","5"
RCOMMENT,"_16_BAR_PUNCH","ESTOP_RESET","WAIT FOR RESET TO COMPLETE","MOV(500,STEP_ESTOP_RESET[16])","6"
RCOMMENT,"_16_BAR_PUNCH","HMI","$NBARRIER PUNCH STATION HMI$N***************************************************************************$N$NBYPASS ANIMATION FOR HMI","OTE(PUNCH_BYPASS_ANIMATION)","0"
RCOMMENT,"_16_BAR_PUNCH","HOME","BARRIER PUNCH STATION HOME ROUTINE$N***************************************************************************$N$N$NSET COMPONENTS TO HOME STATE","MOV(500,STEP_HOME[16])","0"
RCOMMENT,"_16_BAR_PUNCH","MAIN","MAIN ROUTINE$N***************************************************************************$N$N","JSR(HMI,0)","0"
RCOMMENT,"_16_BAR_PUNCH","OUTPUTS","BARRIER PUNCH STATION OUTPUTS$N***************************************************************************$N$NPUNCH CONTROL","MOV(268,STEP_ALARM[16])","0"
RCOMMENT,"_16_BAR_PUNCH","OUTPUTS","PUNCH SPRING PACK CYLINDER CONTROLS","MOV(274,STEP_ALARM[16])","1"
RCOMMENT,"_16_BAR_PUNCH","OUTPUTS","$NSTRIPPER CYLINDERS CONTROL","MOV(270,STEP_ALARM[16])","2"
RCOMMENT,"_16_BAR_PUNCH","OUTPUTS","$NMOON CYLINDER CONTROL","MOV(271,STEP_ALARM[16])","3"
RCOMMENT,"_16_BAR_PUNCH","OUTPUTS","$NMOON BLOW CONTROL","OTE(MAN01:O.Data[2].2)","4"
RCOMMENT,"_16_BAR_PUNCH","STATUS","$NBARRIER PUNCH STATION STATUS$N***************************************************************************$N$NAUTO READY REQUIREMENTS","OTE(CELL_AUTO_READY[16])","0"
TYPE,SCOPE,ROUTINE,COMMENT,OWNING_ELEMENT,LOCATION
RCOMMENT,"_17_BAR_PRINTING","AUTO","BARRIER PRINTING STATION AUTO ROUTINE$N***************************************************************************$N$NSHUTDOWN REQUEST REQUIREMENTS","MOV(500,STEP_AUTO[17])","0"
RCOMMENT,"_17_BAR_PRINTING","AUTO","CHECK TO SEE IF STATION CAN RUN BEFORE INITIAL INDEX AFTER STARTING CELL$N$NIF MANUAL CYCLE MOVE TO NEXT STEP","MOV(20,STEP_AUTO[17])","1"
RCOMMENT,"_17_BAR_PRINTING","AUTO"," REQUEST DIAL INDEX$N","MOV(10,STEP_AUTO[17])","2"
RCOMMENT,"_17_BAR_PRINTING","AUTO","ANALYZE PART DATA","MOV(150,STEP_AUTO[17])","3"
RCOMMENT,"_17_BAR_PRINTING","AUTO","INDEX TO GET INK POSITION","MOV(25,STEP_AUTO[17])","4"
RCOMMENT,"_17_BAR_PRINTING","AUTO","EXTEND BARRIER HOLD CYLINDER AND EXTEND BARRIER SUPPORT$NEXTEND CLICHE$N","MOV(30,STEP_AUTO[17])","5"
RCOMMENT,"_17_BAR_PRINTING","AUTO","GETTING INK$N-$NEXTEND MAIN PRINT PAD CYLINDER$NCYLINDER ON TIME DEPENDENT ON TIMER$NEXTEND SECONDARY PRINT PAD CYLINDER IF ACTIVE IN CURRENT RECIPE$N(ALSO DEPENDENT ON TIMER)","MOV(40,STEP_AUTO[17])","6"
RCOMMENT,"_17_BAR_PRINTING","AUTO","RETRACT PRINT HEADS","MOV(50,STEP_AUTO[17])","7"
RCOMMENT,"_17_BAR_PRINTING","AUTO","MOVE DRIVE TO PRINT APPLY POSITION$NRETRACT PRINT CLICHE CYLINDER","MOV(60,STEP_AUTO[17])","8"
RCOMMENT,"_17_BAR_PRINTING","AUTO","APPLYING TO BARRIER$N-$NEXTEND MAIN PRINT PAD CYLINDER$NCYLINDER ON TIME DEPENDENT ON TIMER$NEXTEND SECONDARY PRINT PAD CYLINDER IF ACTIVE IN CURRENT RECIPE$N(ALSO DEPENDENT ON TIMER)","MOV(70,STEP_AUTO[17])","9"
RCOMMENT,"_17_BAR_PRINTING","AUTO","RETRACT PRINT HEADS$NRETRACT SUPPORT CYLINDER","MOV(80,STEP_AUTO[17])","10"
RCOMMENT,"_17_BAR_PRINTING","AUTO","RETRACT BARRIER HOLD DOWN CYLINDER$NAND SEND PRINT HEAD MOVE TO GET INK POSITION REQUEST","MOV(90,STEP_AUTO[17])","11"
RCOMMENT,"_17_BAR_PRINTING","AUTO","WAIT FOR MOVE TO GET INK POSITION TO COMPLETE$NAT COMPLETION OF A MANUAL CYCLE","MOV(0,STEP_AUTO[17])","12"
RCOMMENT,"_17_BAR_PRINTING","AUTO","SET PROCESS DONE$NSEND PRINT DRIVE TO INK POS$NMONITOR EMPTY STATUS","MOV(0,STEP_AUTO[17])","13"
RCOMMENT,"_17_BAR_PRINTING","AUTO","WAIT FOR MAIN DIAL TO TURN OFF INDEX DONE","MOV(5,STEP_AUTO[17])","14"
RCOMMENT,"_17_BAR_PRINTING","AUTO","STATION CYCLE TIME","DIV(TIMER_OPER[4].ACC,1000,CELL_CYCLE_TIME[0].BARRIER_PRINT)","15"
RCOMMENT,"_17_BAR_PRINTING","AUTO","STATION CYCLE EXCESS TIME$NTHIS STATION HAS BECOME CRITICAL PATH$N$NSTATION NUMBERS$NBARRIER LOAD =1, BAG LOAD=2, PREHEAT 1=3, PREHEAT2=4,$NFORMING=5, PUNCH=6, PRINT=7,$NBAG GLUE=8, PNC=9, BAG OFFLOAD=10","MOV(CELL_CYCLE_TIME[0].BARRIER_PRINT,CELL_CYCLE_TIME[0].ST_TIME_CRITICAL[1].CYCLE_TIME)","16"
RCOMMENT,"_17_BAR_PRINTING","ESTOP_RESET","BARRIER PRINTING STATION E-STOP RESET$N***************************************************************************$N$NALARM","MOV(1000,STEP_ESTOP_RESET[17])","0"
RCOMMENT,"_17_BAR_PRINTING","ESTOP_RESET","CAPTURE INITIAL ALARM$NAND DETERMINE IF THIS IS THE PRIMARY ALARM FOR THE ENTIRE CELL","OTL(STEP_ALARM_TRIGGER_WORD_1.17)","1"
RCOMMENT,"_17_BAR_PRINTING","ESTOP_RESET","E-STOP SETTINGS","MOV(1000,STEP_AUTO[17])","2"
RCOMMENT,"_17_BAR_PRINTING","ESTOP_RESET","WAIT FOR RESET","MOV(10,STEP_ESTOP_RESET[17])","3"
RCOMMENT,"_17_BAR_PRINTING","ESTOP_RESET","GENERAL CELL SETTINGS UPON RESET","MOV(20,STEP_ESTOP_RESET[17])","4"
RCOMMENT,"_17_BAR_PRINTING","ESTOP_RESET","WAIT FOR RESET TO BE RELEASED$NWAIT FOR CELL PRESSURE OK$NRESET BASED ON MACHINE MODE","MOV(500,STEP_ESTOP_RESET[17])","5"
RCOMMENT,"_17_BAR_PRINTING","ESTOP_RESET","WAIT FOR RESET TO COMPLETE","MOV(500,STEP_ESTOP_RESET[17])","6"
RCOMMENT,"_17_BAR_PRINTING","HMI","BARRIER PRINTING STATION HMI$N***************************************************************************$N$NBARRIER PRINTING STATION ANIMATION","OTE(PRINT_INDEXING_IND)","0"
RCOMMENT,"_17_BAR_PRINTING","HMI","DRIVE PUSH BUTTONS VISIBILITY ON HMI","OTE(PRINT_DRV_FAULT_PB_VIS)","1"
RCOMMENT,"_17_BAR_PRINTING","HMI","CORRECT THE PAD CLICHE & PRINT POSITION BASED ON HMI OFFSET VALUE$N$NADJUSTMENTS ARE LOCATED ON THE HMI SCREEN FOR THE BARRIER PRINTER STATION","MUL(PRINT_Y_INK_POS_OFF_VAL,25.4,PRINT_Y_INK_POS_OFF_VAL_SCALED)","2"
RCOMMENT,"_17_BAR_PRINTING","HMI","CYLINDERS PUSH BUTTON VISIBILITY ON HMI","OTE(PRINT_SEC_PRINT_HEAD_CYL_RET_VIS)","3"
RCOMMENT,"_17_BAR_PRINTING","HMI","MANUAL MODE CYCLE HMI VISIBILITY","OTE(PRINT_CYCLE_PB_VIS)","4"
RCOMMENT,"_17_BAR_PRINTING","HMI","BYPASS ANIMATION FOR HMI","OTE(PRINT_BYPASS_ANIMATION)","5"
RCOMMENT,"_17_BAR_PRINTING","HMI","DRIVE POSITION FOR HMI","MUL(DRV17.ActualPosition,3.93700787402,PRINT_CUR_POS_HMI)","6"
RCOMMENT,"_17_BAR_PRINTING","HOME","BARRIER PRINTING STATION HOME ROUTINE$N***************************************************************************$N$NRESET FAULTS AND SHUTDOWN STATE OF DRIVE","MOV(10,STEP_HOME[17])","0"
RCOMMENT,"_17_BAR_PRINTING","HOME","WAIT FOR TORQUE SAFE INPUT TO ACTIVATE","MOV(555,STEP_ALARM[17])","1"
RCOMMENT,"_17_BAR_PRINTING","HOME","ENABLE DRIVE","MOV(25,STEP_HOME[17])","2"
RCOMMENT,"_17_BAR_PRINTING","HOME","RETRACT ALL CYLINDERS","MOV(30,STEP_HOME[17])","3"
RCOMMENT,"_17_BAR_PRINTING","HOME","CHECK TO SEE IF DRIVE REQUIRES HOMING","MOV(40,STEP_HOME[17])","4"
RCOMMENT,"_17_BAR_PRINTING","HOME","START DRIVE HOMING ROUTINE AND WAIT FOR COMPLETION","MOV(40,STEP_HOME[17])","5"
RCOMMENT,"_17_BAR_PRINTING","HOME","MOVE TO INK POSITION IF NOT ALREADY THERE","MOV(100,STEP_HOME[17])","6"
RCOMMENT,"_17_BAR_PRINTING","HOME","INDEX TO GET INK POSITION","MOV(100,STEP_HOME[17])","7"
RCOMMENT,"_17_BAR_PRINTING","HOME","COMPLETE ROUTINE","MOV(500,STEP_HOME[17])","8"
RCOMMENT,"_17_BAR_PRINTING","LIN_AXIS","BARRIER PRINTER STATION LINEAR X-AXIS ANALOG POSITION$N************************************************************************************$N$NLOAD POSTION DATA INTO VARIABLES","MOV(551,STEP_ALARM[17])","0"
RCOMMENT,"_17_BAR_PRINTING","LIN_AXIS","VERIFY X-AXIS POSITION IS WITHIN REQUIREMENTS","OTE(PRINT_X_POS_OK)","1"
RCOMMENT,"_17_BAR_PRINTING","MAIN","MAIN ROUTINE$N***************************************************************************$N","JSR(LIN_AXIS,0)","0"
RCOMMENT,"_17_BAR_PRINTING","OUTPUTS","BARRIER PRINTING STATION DRIVE OUTPUTS$N***************************************************************************$N$NINITIATE INTERNAL DRIVE HOMING ROUTINE","MOV(557,STEP_ALARM[17])","0"
RCOMMENT,"_17_BAR_PRINTING","OUTPUTS","CONTROLS MANUAL MODE  HMI BARRIER PRINT DRIVE INDEXES","MOV(2,DRV_INDEX_NUM)","1"
RCOMMENT,"_17_BAR_PRINTING","OUTPUTS","ABORT INDEX","MOV(558,STEP_ALARM[17])","2"
RCOMMENT,"_17_BAR_PRINTING","OUTPUTS","RESET FAULTS AND SHUTDOWN STATE OF DRIVE$N","MOV(561,STEP_ALARM[17])","3"
RCOMMENT,"_17_BAR_PRINTING","OUTPUTS","ENABLE/DISABLE DRIVE","MOV(560,STEP_ALARM[17])","4"
RCOMMENT,"_17_BAR_PRINTING","OUTPUTS","GET INK POSITION CONTROL","MOV(573,STEP_ALARM[17])","5"
RCOMMENT,"_17_BAR_PRINTING","OUTPUTS","PRINT APPLY POSITION CONTROL","MOV(574,STEP_ALARM[17])","6"
RCOMMENT,"_17_BAR_PRINTING","OUTPUTS","MAIN PRINT HEAD CYLINDER CONTROL","MOV(564,STEP_ALARM[17])","7"
RCOMMENT,"_17_BAR_PRINTING","OUTPUTS","SECONDARY PRINT HEAD CYLINDER CONTROL","MOV(566,STEP_ALARM[17])","8"
RCOMMENT,"_17_BAR_PRINTING","OUTPUTS","CLICHE TRAVERSE CYLINDER CONTROL","MOV(568,STEP_ALARM[17])","9"
RCOMMENT,"_17_BAR_PRINTING","OUTPUTS","BARRIER HOLD DOWN CYLINDER CONTROL","MOV(570,STEP_ALARM[17])","10"
RCOMMENT,"_17_BAR_PRINTING","OUTPUTS","PRINT SUPPORT CYLINDER CONTROL","MOV(572,STEP_ALARM[17])","11"
RCOMMENT,"_17_BAR_PRINTING","OUTPUTS","SKU PAD PRINT CONTROL$NOUTPUT ACTIVATED ENABLE SKU PAD PRINT","OTU(MAN02:O.Data[5].14)","12"
RCOMMENT,"_17_BAR_PRINTING","POSITION_MONITOR","POSITION MONITOR BARRIER PRINTING STATION$N***************************************************************************$N$NPOSITION VERIFICATION","MOV(552,STEP_ALARM[17])","0"
RCOMMENT,"_17_BAR_PRINTING","POSITION_MONITOR","INK POSITION RECIPE LIMIT CHECK$N","MOV(1.57,PRINT_INK_POS_RECIPE_LOADED)","1"
RCOMMENT,"_17_BAR_PRINTING","SERVO_HOMING","BARRIER PRINTING STATION DRIVE HOMING ROUTINE$N***************************************************************************$N$NSET HOMING REQUIREMENT DURING FIRST SCAN","OTL(DRV_HOMING_REQ)","0"
RCOMMENT,"_17_BAR_PRINTING","SERVO_HOMING","DETERMINE IF DRIVE IS HOMED$N","OTE(PRINT_DRV_HOMED)","1"
RCOMMENT,"_17_BAR_PRINTING","SERVO_HOMING","START HOMING ROUTINE","OTL(PRINT_DRV_HOMING_IND)","2"
RCOMMENT,"_17_BAR_PRINTING","SERVO_HOMING","REQUEST INTERNAL DRIVE HOMING ROUTINE","MOV(15,STEP_HOMING[17])","3"
RCOMMENT,"_17_BAR_PRINTING","SERVO_HOMING","COMPLETE INTERNAL DRIVE HOMING ROUTINE","MOV(100,STEP_HOMING[17])","4"
RCOMMENT,"_17_BAR_PRINTING","SERVO_HOMING","FINISH ROUTINE","MOV(500,STEP_HOMING[17])","5"
RCOMMENT,"_17_BAR_PRINTING","STATUS","BARRIER INFEED ELEVATOR STATUS$N***************************************************************************$N$NAUTO READY REQUIREMENTS","OTE(CELL_AUTO_READY[17])","0"
RCOMMENT,"_17_BAR_PRINTING","STATUS","CHECK THAT EVERYTHING IS CLEAR BEFORE INDEXING","OTE(PRINT_CLEAR_TO_INDEX)","1"
TYPE,SCOPE,ROUTINE,COMMENT,OWNING_ELEMENT,LOCATION
RCOMMENT,"_18_VISION","AUTO","VISION INSPECTION STATION AUTO ROUTINE$N***************************************************************************$N$NSHUTDOWN REQUEST REQUIREMENTS","MOV(500,STEP_AUTO[18])","0"
RCOMMENT,"_18_VISION","AUTO","CHECK TO SEE IF STATION CAN RUN BEFORE INITIAL INDEX AFTER STARTING CELL$N$NIF MANUAL CYCLE MOVE TO NEXT STEP","MOV(20,STEP_AUTO[18])","1"
RCOMMENT,"_18_VISION","AUTO"," REQUEST DIAL INDEX$N","MOV(10,STEP_AUTO[18])","2"
RCOMMENT,"_18_VISION","AUTO","ANALYZE PART DATA","MOV(150,STEP_AUTO[18])","3"
RCOMMENT,"_18_VISION","AUTO","TRIGGER CAMERA","MOV(220,STEP_ALARM[18])","4"
RCOMMENT,"_18_VISION","AUTO","WAIT FOR INSPECTION PROCESS TO COMPLETE AND DELAY","MOV(221,STEP_ALARM[18])","5"
RCOMMENT,"_18_VISION","AUTO","WAIT FOR VISION COMPLETE AND ANALYZE RESULTS","MOV(0,STEP_AUTO[18])","6"
RCOMMENT,"_18_VISION","AUTO","SET PROCESS DONE$NMONITOR EMPTY STATUS","MOV(160,STEP_AUTO[18])","7"
RCOMMENT,"_18_VISION","AUTO","WAIT FOR MAIN DIAL TO TURN OFF INDEX DONE","MOV(5,STEP_AUTO[18])","8"
RCOMMENT,"_18_VISION","AUTO","CAMERA TRIGGER ACK ALARM","MOV(220,STEP_ALARM[18])","9"
RCOMMENT,"_18_VISION","AUTO","VISION COMPLETE TIMEOUT ALARM","MOV(221,STEP_ALARM[18])","10"
RCOMMENT,"_18_VISION","AUTO","BLUE VISION LIGHT CONTROL","OTE(Local:2:O.Pt09.Data)","11"
RCOMMENT,"_18_VISION","ESTOP_RESET","VISION INSPECTION STATION E-STOP RESET$N***************************************************************************$N$NALARM","MOV(1000,STEP_ESTOP_RESET[18])","0"
RCOMMENT,"_18_VISION","ESTOP_RESET","CAPTURE INITIAL ALARM$NAND DETERMINE IF THIS IS THE PRIMARY ALARM FOR THE ENTIRE CELL","OTL(STEP_ALARM_TRIGGER_WORD_1.18)","1"
RCOMMENT,"_18_VISION","ESTOP_RESET","E-STOP SETTINGS","MOV(1000,STEP_AUTO[18])","2"
RCOMMENT,"_18_VISION","ESTOP_RESET","WAIT FOR RESET","MOV(10,STEP_ESTOP_RESET[18])","3"
RCOMMENT,"_18_VISION","ESTOP_RESET","GENERAL CELL SETTINGS UPON RESET","MOV(20,STEP_ESTOP_RESET[18])","4"
RCOMMENT,"_18_VISION","ESTOP_RESET","WAIT FOR RESET TO BE RELEASED$NWAIT FOR CELL PRESSURE OK$NRESET BASED ON MACHINE MODE","MOV(500,STEP_ESTOP_RESET[18])","5"
RCOMMENT,"_18_VISION","ESTOP_RESET","WAIT FOR RESET TO COMPLETE","MOV(500,STEP_ESTOP_RESET[18])","6"
RCOMMENT,"_18_VISION","HMI","VISION INSPECTION STATION HMI$N***************************************************************************$N$NPUSH BUTTONS ON HMI VISIBILITY","OTE(VISION_BLUE_LIGHT_VIS)","0"
RCOMMENT,"_18_VISION","HMI","VISION INSPECTION COMPLETE STATUS$N","OTE(VISION_COMPLETE)","1"
RCOMMENT,"_18_VISION","HMI","BYPASS ANIMATION FOR HMI","OTE(VISION_BYPASS_ANIMATION)","2"
RCOMMENT,"_18_VISION","HOME","VISION INSPECTION STATION HOME ROUTINE$N***************************************************************************$N$N$NSEE IF VISION IS ACTIVE OR BYPASSED","MOV(40,STEP_HOME[18])","0"
RCOMMENT,"_18_VISION","HOME","TRANSFER RECIPE HOLE AND PRINT SIZE TO CAMERA$N","MOV(10,STEP_HOME[18])","1"
RCOMMENT,"_18_VISION","HOME","PLACE CAMERA ONLINE","MOV(218,STEP_ALARM[18])","2"
RCOMMENT,"_18_VISION","HOME","LOAD JOB IN VISION CAMERA","MOV(217,STEP_ALARM[18])","3"
RCOMMENT,"_18_VISION","HOME","ENABLE VISION CAMERA TRIGGER","MOV(219,STEP_ALARM[18])","4"
RCOMMENT,"_18_VISION","HOME","FINISH ROUTINE$N","MOV(500,STEP_HOME[18])","5"
RCOMMENT,"_18_VISION","HOME","REMOVE DASH FROM RECIPE SKU FOR VISION OCR$N","STOD(VISION_PRINT_SKU_STRING,VISION_PRINT_SKU_DINT)","6"
RCOMMENT,"_18_VISION","MAIN","MAIN ROUTINE$N***************************************************************************$N$N","JSR(HMI,0)","0"
RCOMMENT,"_18_VISION","OUTPUTS","VISION INSPECTION STATION OUTPUTS$N***************************************************************************$N$NVISION CONTROL","MOV(215,STEP_ALARM[18])","0"
RCOMMENT,"_18_VISION","STATUS","VISION INSPECTION STATION STATUS$N***************************************************************************$N$NAUTO READY REQUIREMENTS","OTE(CELL_AUTO_READY[18])","0"
TYPE,SCOPE,ROUTINE,COMMENT,OWNING_ELEMENT,LOCATION
RCOMMENT,"_19_BAG_OFFLOAD","AUTO","BAG OFFLOAD STATION AUTO ROUTINE$N***************************************************************************$N$NSHUTDOWN REQUEST REQUIREMENTS","MOV(500,STEP_AUTO[19])","0"
RCOMMENT,"_19_BAG_OFFLOAD","AUTO","CHECK TO SEE IF STATION CAN RUN BEFORE INITIAL INDEX AFTER STARTING CELL$N$NIF MANUAL CYCLE MOVE TO NEXT STEP","MOV(20,STEP_AUTO[19])","1"
RCOMMENT,"_19_BAG_OFFLOAD","AUTO"," REQUEST DIAL INDEX$N","MOV(10,STEP_AUTO[19])","2"
RCOMMENT,"_19_BAG_OFFLOAD","AUTO","ANALYZE PART DATA","MOV(150,STEP_AUTO[19])","3"
RCOMMENT,"_19_BAG_OFFLOAD","AUTO","EXAMINE WHAT NEEDS TO BE DONE TO PARTS ON DIAL","MOV(60,STEP_AUTO[19])","4"
RCOMMENT,"_19_BAG_OFFLOAD","AUTO","EXTEND BAG RELEASE CYLINDER","MOV(38,STEP_AUTO[19])","5"
RCOMMENT,"_19_BAG_OFFLOAD","AUTO","START CLAMP OPEN TIMER DURING BAG LOAD MODE ONLY","MOV(50,STEP_AUTO[19])","6"
RCOMMENT,"_19_BAG_OFFLOAD","AUTO","VERIFY ROBOT HANDSHAKES ARE OFF","MOV(40,STEP_AUTO[19])","7"
RCOMMENT,"_19_BAG_OFFLOAD","AUTO","REQUEST BAG OFFLOAD$N","MOV(50,STEP_AUTO[19])","8"
RCOMMENT,"_19_BAG_OFFLOAD","AUTO","RETRACT BAG RELEASE CYLINDER","MOV(150,STEP_AUTO[19])","9"
RCOMMENT,"_19_BAG_OFFLOAD","AUTO","VERIFY ROBOT HANDSHAKES ARE OFF","MOV(70,STEP_AUTO[19])","10"
RCOMMENT,"_19_BAG_OFFLOAD","AUTO","REQUEST FAILED BARRIER OFFLOAD","MOV(99,STEP_ALARM[19])","11"
RCOMMENT,"_19_BAG_OFFLOAD","AUTO","SET PROCESS DONE","MOV(160,STEP_AUTO[19])","12"
RCOMMENT,"_19_BAG_OFFLOAD","AUTO","WAIT FOR MAIN DIAL TO TURN OFF INDEX DONE","MOV(5,STEP_AUTO[19])","13"
RCOMMENT,"_19_BAG_OFFLOAD","AUTO","STATION CYCLE TIME","DIV(TIMER_OPER[0].ACC,1000,CELL_CYCLE_TIME[0].BAG_OFFLOAD)","14"
RCOMMENT,"_19_BAG_OFFLOAD","AUTO","STATION CYCLE EXCESS TIME$NTHIS STATION HAS BECOME CRITICAL PATH$N$NSTATION NUMBERS$NBARRIER LOAD =1, BAG LOAD=2, PREHEAT 1=3, PREHEAT2=4,$NFORMING=5, PUNCH=6, PRINT=7,$NBAG GLUE=8, PNC=9, BAG OFFLOAD=10","MOV(CELL_CYCLE_TIME[0].BAG_OFFLOAD,CELL_CYCLE_TIME[0].ST_TIME_CRITICAL[1].CYCLE_TIME)","15"
RCOMMENT,"_19_BAG_OFFLOAD","ESTOP_RESET","BAG OFFLOAD STATION E-STOP RESET$N***************************************************************************$N$NALARM","MOV(1000,STEP_ESTOP_RESET[19])","0"
RCOMMENT,"_19_BAG_OFFLOAD","ESTOP_RESET","CAPTURE INITIAL ALARM$NAND DETERMINE IF THIS IS THE PRIMARY ALARM FOR THE ENTIRE CELL","OTL(STEP_ALARM_TRIGGER_WORD_1.19)","1"
RCOMMENT,"_19_BAG_OFFLOAD","ESTOP_RESET","E-STOP SETTINGS","MOV(1000,STEP_AUTO[19])","2"
RCOMMENT,"_19_BAG_OFFLOAD","ESTOP_RESET","WAIT FOR RESET","MOV(10,STEP_ESTOP_RESET[19])","3"
RCOMMENT,"_19_BAG_OFFLOAD","ESTOP_RESET","GENERAL CELL SETTINGS UPON RESET","MOV(20,STEP_ESTOP_RESET[19])","4"
RCOMMENT,"_19_BAG_OFFLOAD","ESTOP_RESET","WAIT FOR RESET TO BE RELEASED$NWAIT FOR CELL PRESSURE OK$NRESET BASED ON MACHINE MODE","MOV(500,STEP_ESTOP_RESET[19])","5"
RCOMMENT,"_19_BAG_OFFLOAD","ESTOP_RESET","WAIT FOR RESET TO COMPLETE","MOV(500,STEP_ESTOP_RESET[19])","6"
RCOMMENT,"_19_BAG_OFFLOAD","HOME","BAG OFFLOAD STATION HOME ROUTINE$N***************************************************************************$N$N$NSET COMPONENTS TO HOME STATE","MOV(500,STEP_HOME[19])","0"
RCOMMENT,"_19_BAG_OFFLOAD","MAIN","MAIN ROUTINE$N***************************************************************************$N$N","JSR(OUTPUTS,0)","0"
RCOMMENT,"_19_BAG_OFFLOAD","OUTPUTS","BAG OFFLOAD STATION OUTPUTS$N***************************************************************************$N$NBAG RELEASE CYLINDER CONTROL","MOV(211,STEP_ALARM[19])","0"
RCOMMENT,"_19_BAG_OFFLOAD","STATUS","BAG OFFLOAD STATION STATUS$N***************************************************************************$N$NAUTO READY REQUIREMENTS","OTE(CELL_AUTO_READY[19])","0"
RCOMMENT,"_19_BAG_OFFLOAD","STATUS","PART OFFLOADED TAG FOR CUSTOMER DATA COLLECTION","OTU(BAG_OFFLOAD_PART_PICKED)","1"
TYPE,SCOPE,ROUTINE,COMMENT,OWNING_ELEMENT,LOCATION
RCOMMENT,"_20_BAR_LOAD","AUTO","BARRIER LOAD STATION AUTO ROUTINE$N***************************************************************************$N$NSHUTDOWN REQUEST REQUIREMENTS","MOV(500,STEP_AUTO[20])","0"
RCOMMENT,"_20_BAR_LOAD","AUTO","CHECK TO SEE IF STATION CAN RUN BEFORE INITIAL INDEX AFTER STARTING CELL$N$NIF MANUAL CYCLE MOVE TO NEXT STEP","MOV(20,STEP_AUTO[20])","1"
RCOMMENT,"_20_BAR_LOAD","AUTO"," REQUEST DIAL INDEX","MOV(10,STEP_AUTO[20])","2"
RCOMMENT,"_20_BAR_LOAD","AUTO","ANALYZE PART DATA","MOV(150,STEP_AUTO[20])","3"
RCOMMENT,"_20_BAR_LOAD","AUTO","TURN OFF MAIN DIAL VACUUM$NVERIFY ROBOT HANDSHAKE RESET","MOV(25,STEP_AUTO[20])","4"
RCOMMENT,"_20_BAR_LOAD","AUTO","WAIT FOR TO SEE A BARRIER PICK REQUEST FROM LIGHT TABLE$NOR TIMERS FROM OTHER STATIONS TO RUN OUT$N","MOV(150,STEP_AUTO[20])","5"
RCOMMENT,"_20_BAR_LOAD","AUTO","WAIT FOR ROBOT TO BE READY TO PLACE BARRIER AND TURN ON MAIN DIAL VACUUM","MOV(150,STEP_AUTO[20])","6"
RCOMMENT,"_20_BAR_LOAD","AUTO","REQUEST BARRIER LOAD AND$NWAIT FOR ROBOT TO LOAD BARRIER$NIF IN SINGLE PART MODE, INDEX COUNTER","MOV(50,STEP_AUTO[20])","7"
RCOMMENT,"_20_BAR_LOAD","AUTO","CHECK FOR BARRIER PRESENCE$NAFTER ROBOT IS CLEAR","MOV(207,STEP_ALARM[20])","8"
RCOMMENT,"_20_BAR_LOAD","AUTO","SET PROCESS DONE","MOV(160,STEP_AUTO[20])","9"
RCOMMENT,"_20_BAR_LOAD","AUTO","WAIT FOR MAIN DIAL TO TURN OFF INDEX DONE","MOV(5,STEP_AUTO[20])","10"
RCOMMENT,"_20_BAR_LOAD","AUTO","STATION CYCLE TIME","DIV(TIMER_OPER[1].ACC,1000,CELL_CYCLE_TIME[0].BARRIER_LOAD)","11"
RCOMMENT,"_20_BAR_LOAD","AUTO","STATION CYCLE EXCESS TIME$NTHIS STATION HAS BECOME CRITICAL PATH$N$NSTATION NUMBERS$NBARRIER LOAD =1, BAG LOAD=2, PREHEAT 1=3, PREHEAT2=4,$NFORMING=5, PUNCH=6, PRINT=7,$NBAG GLUE=8, PNC=9, BAG OFFLOAD=10","MOV(CELL_CYCLE_TIME[0].BARRIER_LOAD,CELL_CYCLE_TIME[0].ST_TIME_CRITICAL[1].CYCLE_TIME)","12"
RCOMMENT,"_20_BAR_LOAD","ESTOP_RESET","BARRIER LOAD STATION E-STOP RESET$N***************************************************************************$N$NALARM","MOV(1000,STEP_ESTOP_RESET[20])","0"
RCOMMENT,"_20_BAR_LOAD","ESTOP_RESET","CAPTURE INITIAL ALARM$NAND DETERMINE IF THIS IS THE PRIMARY ALARM FOR THE ENTIRE CELL","OTL(STEP_ALARM_TRIGGER_WORD_1.20)","1"
RCOMMENT,"_20_BAR_LOAD","ESTOP_RESET","E-STOP SETTINGS","MOV(1000,STEP_AUTO[20])","2"
RCOMMENT,"_20_BAR_LOAD","ESTOP_RESET","WAIT FOR RESET","MOV(10,STEP_ESTOP_RESET[20])","3"
RCOMMENT,"_20_BAR_LOAD","ESTOP_RESET","GENERAL CELL SETTINGS UPON RESET","MOV(20,STEP_ESTOP_RESET[20])","4"
RCOMMENT,"_20_BAR_LOAD","ESTOP_RESET","WAIT FOR RESET TO BE RELEASED$NWAIT FOR CELL PRESSURE OK$NRESET BASED ON MACHINE MODE","MOV(500,STEP_ESTOP_RESET[20])","5"
RCOMMENT,"_20_BAR_LOAD","ESTOP_RESET","WAIT FOR RESET TO COMPLETE","MOV(500,STEP_ESTOP_RESET[20])","6"
RCOMMENT,"_20_BAR_LOAD","HOME","BARRIER LOAD STATION HOME ROUTINE$N***************************************************************************$N$N$NSET COMPONENTS TO HOME STATE","MOV(500,STEP_HOME[20])","0"
RCOMMENT,"_20_BAR_LOAD","MAIN","MAIN ROUTINE$N***************************************************************************$N$N","JSR(AUTO,0)","0"
RCOMMENT,"_20_BAR_LOAD","STATUS","BARRIER LOAD STATION STATUS$N***************************************************************************$N$NAUTO READY REQUIREMENTS","OTE(CELL_AUTO_READY[20])","0"
TYPE,SCOPE,ROUTINE,COMMENT,OWNING_ELEMENT,LOCATION
RCOMMENT,"_21_R1","AUTO","BAG LOAD ROBOT (R1) ROBOT AUTO$N***************************************************************************$N$NMONITOR CELL ENTRY REQUEST","MOV(500,STEP_AUTO[21])","0"
RCOMMENT,"_21_R1","AUTO","REQUEST STROBE OF PROGRAM","MOV(20,STEP_AUTO[21])","1"
RCOMMENT,"_21_R1","AUTO","VERIFY PNS TO PROGRAM MATCH","MOV(74,STEP_ALARM[21])","2"
RCOMMENT,"_21_R1","AUTO","EXECUTE ROBOT PROGRAM$N","MOV(75,STEP_ALARM[21])","3"
RCOMMENT,"_21_R1","AUTO_VIS","BAG LOAD ROBOT (R1) ROBOT IR VISION AUTO$N***************************************************************************$N$NCHECK BAG VISION REQUESTS FROM CONVEYOR TO ROBOT","MOV(20,STEP_AUTO[27])","0"
RCOMMENT,"_21_R1","AUTO_VIS","WAIT FOR VISION RESULTS FROM ROBOT FOR CONVEYOR BAG","MOV(30,STEP_AUTO[27])","1"
RCOMMENT,"_21_R1","AUTO_VIS","VERIFY ROBOT HANDSHAKE IS OFF","MOV(20,STEP_AUTO[27])","2"
RCOMMENT,"_21_R1","AUTO_VIS","REQUEST BAG PICK TO ROBOT FROM CONVEYOR","MOV(30,STEP_AUTO[27])","3"
RCOMMENT,"_21_R1","AUTO_VIS","VERIFY VISION REQUEST FROM CONVEYOR IS OFF","MOV(0,STEP_AUTO[27])","4"
RCOMMENT,"_21_R1","AUTO_VIS","R1 VISION LIGHTS$N*******************************************************************************$N$NUV VISION LIGHT CONTROL","OTE(Local:2:O.Pt08.Data)","5"
RCOMMENT,"_21_R1","AUTO_VIS","RED VISION LIGHT CONTROL","OTE(Local:2:O.Pt07.Data)","6"
RCOMMENT,"_21_R1","ESTOP_RESET","BAG LOAD ROBOT (R1) E-STOP RESET$N***************************************************************************$N$NROBOT ALARM","MOV(1000,STEP_ESTOP_RESET[21])","0"
RCOMMENT,"_21_R1","ESTOP_RESET","CAPTURE INITIAL ALARM$NAND DETERMINE IF THIS IS THE PRIMARY ALARM FOR THE ENTIRE CELL","OTL(STEP_ALARM_TRIGGER_WORD_1.21)","1"
RCOMMENT,"_21_R1","ESTOP_RESET","CAPTURE ROBOT FAULT ALARM AFTER RESET IS COMPLETED","MOV(76,STEP_ALARM[21])","2"
RCOMMENT,"_21_R1","ESTOP_RESET","E-STOP SETTINGS","MOV(1000,STEP_AUTO[27])","3"
RCOMMENT,"_21_R1","ESTOP_RESET","WAIT FOR RESET","MOV(10,STEP_ESTOP_RESET[21])","4"
RCOMMENT,"_21_R1","ESTOP_RESET","SETTINGS UPON RESET","MOV(20,STEP_ESTOP_RESET[21])","5"
RCOMMENT,"_21_R1","ESTOP_RESET","WAIT FOR RESET TO BE RELEASED$NWAIT FOR CELL PRESSURE OK$NRESET BASED ON MACHINE MODE","MOV(500,STEP_ESTOP_RESET[21])","6"
RCOMMENT,"_21_R1","ESTOP_RESET","WAIT FOR RESET TO COMPLETE","MOV(500,STEP_ESTOP_RESET[21])","7"
RCOMMENT,"_21_R1","HMI","BAG LOAD ROBOT (R1) HMI$N***************************************************************************$N$NGRIPPER DRIVE PUSH BUTTONS VISIBILITY ON HMI","OTE(R1_OFFSET_VIS)","0"
RCOMMENT,"_21_R1","HMI","HMI VISIBILITY FOR GRIPPER RELEASE CLEARANCES FOR SNF OR RIGID","OTE(R1_GRIPPER_REL_CLR_RIGID_DIS_VIS)","1"
RCOMMENT,"_21_R1","HMI","HMI INFORMATION FOR DEBUG VISIBILITY","OTE(R1_GRIPPER_HMI_DEBUG_VIS)","2"
RCOMMENT,"_21_R1","HOME","BAG LOAD ROBOT (R1) HOME ROUTINE$N***************************************************************************$N$NSTROBE ROBOT FOR PROGRAM SELECTION$NONCE ROBOT IS RESET","MOV(10,STEP_HOME[21])","0"
RCOMMENT,"_21_R1","HOME","WAIT FOR PNS MATCH","MOV(74,STEP_ALARM[21])","1"
RCOMMENT,"_21_R1","HOME","SEND ROBOT HOME","MOV(72,STEP_ALARM[21])","2"
RCOMMENT,"_21_R1","HOME","RESET GRIPPER IF REQUIRED","MOV(40,STEP_HOME[21])","3"
RCOMMENT,"_21_R1","HOME","ENABLE GRIPPER","MOV(50,STEP_HOME[21])","4"
RCOMMENT,"_21_R1","HOME","RUN GRIPPER INTERNAL HOME SEQUENCE","MOV(60,STEP_HOME[21])","5"
RCOMMENT,"_21_R1","HOME","MOVE GRIPPER TO RELEASED POSITION","MOV(500,STEP_HOME[21])","6"
RCOMMENT,"_21_R1","MAIN","MAIN ROUTINE$N***************************************************************************$N$N","JSR(STEPPER_CONTROL,0)","0"
RCOMMENT,"_21_R1","POSITION_MONITOR","POSITION MONITOR BAG LOAD ROBOT (R1)$N***************************************************************************$N$NPOSITION VERIFICATION","OTE(R1_GRIPPER_REL_POS)","0"
RCOMMENT,"_21_R1","PROG_SELECT","BAG LOAD ROBOT (R1) PROGRAM SELECT$N*******************************************************************************$N$NBROADCAST THE PROGRAM NUMBER$NTO BE RUN TO THE ROBOT","BTD(R1_PROG_NUM_FROM_PLC,0,R1:O.Data[0],9,7)","0"
RCOMMENT,"_21_R1","PROG_SELECT","STORE THE PROGRAM NUMBER CURRENTLY$NSELECTED IN THE ROBOT$N","MVM(R1:I.Data[0],127,R1_PROG_NUM_TO_PLC)","1"
RCOMMENT,"_21_R1","PROG_SELECT","VERIFY PROGRAM NUMBER TO BE RUN$NMATCHES ROBOT SELECTED PROGRAM","OTE(R1_PNS_MATCH)","2"
RCOMMENT,"_21_R1","PROG_SELECT","STROBE PNS ON$NROBOT","OTU(R1_AUTO_PNS_STROBE_REQUEST)","3"
RCOMMENT,"_21_R1","RESET_STATUS","BAG LOAD ROBOT (R1) RESET AND STATUS$N*********************************************************************************$N$NSEND THE RIGID INSERT SIZE VISION PROCESS$NTO BE RUN  BY THE ROBOT$N1 = A,B,C,D$N2 = E$N3 = F,G,H$N4 = I$N5 = J,K,L","OTE(R1:O.Data[1].26)","0"
RCOMMENT,"_21_R1","RESET_STATUS","SEND THE SOFT-N-FLEXIBLE VISION PROCESS$NTO BE RUN  BY THE ROBOT$N6 = CLOSED 35-45MM$N7 = DRAINABLE 25-30MM$N8 = DRAINABLE 35-45MM$N9 = DRAINABLE 50-60MM$N10 = CLOSED 50-60MM$N","OTE(R1:O.Data[1].20)","1"
RCOMMENT,"_21_R1","RESET_STATUS","SEND THE ROBOT LOADING BAG TYPE FROM THE RECIPE$NTO BE RUN  BY THE ROBOT$N(USED TO DETERMINE PATH FOR LOADING ON MAIN DIAL)$N1 = DRAINABLE","OTE(R1:O.Data[1].29)","2"
RCOMMENT,"_21_R1","RESET_STATUS","SEND THE BAG PLACEMENT ON THE MAIN DIAL OFFSET VALUE TO THE BAG LOAD ROBOT (R1)$N$NADJUSTMENTS ARE LOCATED ON THE HMI SCREEN FOR THE BAG LOAD ROBOT (R1)","BTD(R1_BAG_Y_POS_OFFSET_SCALED,0,R1:O.Data[2],7,6)","3"
RCOMMENT,"_21_R1","RESET_STATUS","SEND THE BAG PICK FROM CONVEYOR OFFSET VALUE TO THE BAG LOAD ROBOT (R1)$N$NADJUSTMENTS ARE LOCATED ON THE HMI SCREEN FOR THE BAG LOAD ROBOT (R1)","BTD(R1_BAG_Z_OFFSET_SCALED,0,R1:O.Data[3],0,6)","4"
RCOMMENT,"_21_R1","RESET_STATUS","ROBOT DIGITAL INPUTS","OTE(R1:O.Data[1].4)","5"
RCOMMENT,"_21_R1","RESET_STATUS","ROBOT STATUS","OTE(R1_IO_READY)","6"
RCOMMENT,"_21_R1","RESET_STATUS","RESET ROBOT ROUTINE","MOV(73,STEP_ALARM[21])","10"
RCOMMENT,"_21_R1","RESET_STATUS","CSTOP COMMAND TO ABORT ALL CURRENT PROGRAMS RUNNING","MOV(500,STEP_R1_RESET)","11"
RCOMMENT,"_21_R1","STEPPER_CONTROL","BAG LOAD ROBOT GRIPPER STEPPER CONTROL$N******************************************************************************$N$NRESET STEPPER MOTOR","OTU(R1_GRIPPER_RESET_PB)","0"
RCOMMENT,"_21_R1","STEPPER_CONTROL","DISABLE/ENABLE STEPPER MOTOR","MOV(60,STEP_ALARM[21])","1"
RCOMMENT,"_21_R1","STEPPER_CONTROL","R1 GRIPPER HOME","OTU(R1_GRIPPER_HOME_PB)","2"
RCOMMENT,"_21_R1","STEPPER_CONTROL","BAG GRIPPER PICK","MOV(58,STEP_ALARM[21])","3"
RCOMMENT,"_21_R1","STEPPER_CONTROL"," BAG GRIPPER RELEASE","MOV(64,STEP_ALARM[21])","4"
RCOMMENT,"_21_R1","STEPPER_CONTROL","BAG STEPPER GRIPPER PICK DIAMETER CALCULATIONS$N****************************************************************************$N$NCALCULATE CENTER DISTANCE BETWEEN DRIVE GEAR AND JAW GRIP PIN BASED ON CURRENT RECIPE PICK DIAMETER","CPT(GRIPPER_DRV_JAW_PIN_CD_PICK,(R1_GRIPPER_DIA_RECIPE_IN-GRIPPER_JAW_PIN_DIA)/2)","5"
RCOMMENT,"_21_R1","STEPPER_CONTROL","CALCULATE TOTAL OPEN ANGLE OF GRIPPER JAW","CPT(GRIPPER_JAW_TOT_PICK_ANGLE_DEG,GRIPPER_JAW_TOT_PICK_ANGLE_RAD*180/(22/7))","6"
RCOMMENT,"_21_R1","STEPPER_CONTROL","CALCULATE AMOUNT OF ANGLE TO OPEN THE GRIPPER$NAND THE ASSOCIATED MOTOR COUNTS","CPT(R1_GRIPPER_PICK_TARGET_POS,GRIPPER_DRV_DELTA_IN_PICK_ANGLE/360*R1_GRIPPER_STEP_CNT_TURN)","7"
RCOMMENT,"_21_R1","STEPPER_CONTROL","BAG STEPPER GRIPPER DIAMETER RELEASED CALCULATIONS$N*******************************************************************************$N$NCALCULATE CENTER DISTANCE BETWEEN DRIVE GEAR AND JAW GRIP PIN","CPT(GRIPPER_DRV_JAW_PIN_CD_REL,(R1_GRIPPER_DIA_REL_IN-GRIPPER_JAW_PIN_DIA)/2)","8"
RCOMMENT,"_21_R1","STEPPER_CONTROL","CALCULATE TOTAL OPEN ANGLE OF GRIPPER JAW","CPT(GRIPPER_JAW_TOT_REL_ANGLE_DEG,GRIPPER_JAW_TOT_REL_ANGLE_RAD*180/(22/7))","9"
RCOMMENT,"_21_R1","STEPPER_CONTROL","CALCULATE AMOUNT OF ANGLE TO OPEN THE GRIPPER$NAND THE ASSOCIATED MOTOR COUNTS","CPT(R1_GRIPPER_REL_TARGET_POS,GRIPPER_DRV_DELTA_IN_REL_ANGLE/360*R1_GRIPPER_STEP_CNT_TURN)","10"
RCOMMENT,"_21_R1","STEPPER_CONTROL","***********STEPPER MOTOR PARAMETERS**********$N$NBUILD STEPPER MOTOR VELOCITY FROM PANELVIEW","MUL(R1_GRIPPER_FWD_SPEED_PB,100,R1_GRIPPER_REL_PARAM[2])","11"
RCOMMENT,"_21_R1","STEPPER_CONTROL","R1 GRIPPER STOPPED STATUS","OTE(R1_GRIPPER_STOPPED)","12"
RCOMMENT,"_21_R1","STEPPER_CONTROL","R1 GRIPPER READY STATUS","OTE(R1_GRIPPER_READY)","13"
RCOMMENT,"_21_R1","STEPPER_CONTROL","R1 GRIPPER ERROR STATUS","OTL(R1_GRIPPER_ERROR_LATCH)","14"
TYPE,SCOPE,ROUTINE,COMMENT,OWNING_ELEMENT,LOCATION
RCOMMENT,"_22_R2","AUTO","BARRIER LOAD/BAG OFFLOAD ROBOT (R2) ROBOT AUTO$N***************************************************************************$N$NMONITOR CELL ENTRY REQUEST","MOV(500,STEP_AUTO[22])","0"
RCOMMENT,"_22_R2","AUTO","REQUEST STROBE OF PROGRAM","MOV(500,STEP_AUTO[22])","1"
RCOMMENT,"_22_R2","AUTO","VERIFY PNS TO PROGRAM MATCH","MOV(84,STEP_ALARM[22])","2"
RCOMMENT,"_22_R2","AUTO","EXECUTE ROBOT PROGRAM$N","MOV(85,STEP_ALARM[22])","3"
RCOMMENT,"_22_R2","ESTOP_RESET","BARRIER LOAD/BAG OFFLOAD ROBOT (R2) E-STOP RESET$N***************************************************************************$N$NROBOT ALARM","MOV(1000,STEP_ESTOP_RESET[22])","0"
RCOMMENT,"_22_R2","ESTOP_RESET","CAPTURE INITIAL ALARM$NAND DETERMINE IF THIS IS THE PRIMARY ALARM FOR THE ENTIRE CELL","OTL(STEP_ALARM_TRIGGER_WORD_1.22)","1"
RCOMMENT,"_22_R2","ESTOP_RESET","CAPTURE ROBOT FAULT ALARM AFTER RESET IS COMPLETED","MOV(86,STEP_ALARM[22])","2"
RCOMMENT,"_22_R2","ESTOP_RESET","E-STOP SETTINGS","MOV(1000,STEP_AUTO[22])","3"
RCOMMENT,"_22_R2","ESTOP_RESET","WAIT FOR RESET","MOV(10,STEP_ESTOP_RESET[22])","4"
RCOMMENT,"_22_R2","ESTOP_RESET","SETTINGS UPON RESET","MOV(20,STEP_ESTOP_RESET[22])","5"
RCOMMENT,"_22_R2","ESTOP_RESET","WAIT FOR RESET TO BE RELEASED$NWAIT FOR CELL PRESSURE OK$NRESET BASED ON MACHINE MODE","MOV(500,STEP_ESTOP_RESET[22])","6"
RCOMMENT,"_22_R2","ESTOP_RESET","WAIT FOR RESET TO COMPLETE","MOV(500,STEP_ESTOP_RESET[22])","7"
RCOMMENT,"_22_R2","HMI","BARRIER LOAD ROBOT (R2) HMI$N***************************************************************************$N$NOFFSET PUSH BUTTONS VISIBILITY ON HMI","OTE(R2_OFFSET_VIS)","0"
RCOMMENT,"_22_R2","HOME","BARRIER LOAD/BAG OFFLOAD ROBOT (R2) HOME ROUTINE$N***************************************************************************$N$NSTROBE ROBOT FOR PROGRAM SELECTION$NONCE ROBOT IS RESET AND BARRIER PICK-N-PLACE IS HOME","MOV(10,STEP_HOME[22])","0"
RCOMMENT,"_22_R2","HOME","WAIT FOR PNS MATCH","MOV(84,STEP_ALARM[22])","1"
RCOMMENT,"_22_R2","HOME","SEND ROBOT HOME","MOV(82,STEP_ALARM[22])","2"
RCOMMENT,"_22_R2","HOME","CHECK  FOR SEQUENCE ERROR$NIF SEQUENCE ERROR ALREADY LATCHED, JUMP OVER SEQUENCE ERROR ANALYSIS$N","MOV(50,STEP_HOME[22])","3"
RCOMMENT,"_22_R2","HOME","CHECK PROCESS STAGE COMING FROM ROBOT$N1= EMPTY$N 2 = GOOD BARRIER$N3=FAILED BARRIER","OTL(R2_SEQUENCE_ERROR)","4"
RCOMMENT,"_22_R2","HOME","COMPLETE HOME ROUTINE","MOV(500,STEP_HOME[22])","5"
RCOMMENT,"_22_R2","MAIN","MAIN ROUTINE$N***************************************************************************$N$N","JSR(HMI,0)","0"
RCOMMENT,"_22_R2","OUTPUTS","BARRIER LOAD ROBOT (R2) HMI$N***************************************************************************$N$NBARRIER VACUUM CONTROL","OTU(R2_BARRIER_VAC_ON_PB)","0"
RCOMMENT,"_22_R2","OUTPUTS","BARRIER BLOW CONTROL","OTU(R2_BARRIER_BLOW_ON_PB)","1"
RCOMMENT,"_22_R2","OUTPUTS","HMI ROBOT TOOL BUTTONS VISIBILITY","OTE(R2_TOOL_PB_VIS)","2"
RCOMMENT,"_22_R2","PROG_SELECT","BARRIER LOAD/BAG OFFLOAD ROBOT (R2) PROGRAM SELECT$N*******************************************************************************$N$NBROADCAST THE PROGRAM NUMBER$NTO BE RUN TO THE ROBOT","BTD(R2_PROG_NUM_FROM_PLC,0,R2:O.Data[0],9,7)","0"
RCOMMENT,"_22_R2","PROG_SELECT","STORE THE PROGRAM NUMBER CURRENTLY$NSELECTED IN THE ROBOT$N","MVM(R2:I.Data[0],127,R2_PROG_NUM_TO_PLC)","1"
RCOMMENT,"_22_R2","PROG_SELECT","VERIFY PROGRAM NUMBER TO BE RUN$NMATCHES ROBOT SELECTED PROGRAM","OTE(R2_PNS_MATCH)","2"
RCOMMENT,"_22_R2","PROG_SELECT","STROBE PNS ON$NROBOT","OTU(R2_AUTO_PNS_STROBE_REQUEST)","3"
RCOMMENT,"_22_R2","RESET_STATUS","BARRIER LOAD/BAG OFFLOAD ROBOT (R2) RESET AND STATUS$N*********************************************************************************$N$NSTORE THE PROCESS STAGE CURRENTLY $NBEING RUN BY THE ROBOT","OTE(R2_STAGE_NUMBER_FROM_ROBOT.3)","0"
RCOMMENT,"_22_R2","RESET_STATUS","SEND THE PROCESS STAGE CURRENTLY $NTO BE RUN  BY THE ROBOT","OTE(R2:O.Data[1].21)","1"
RCOMMENT,"_22_R2","RESET_STATUS","SEND THE BARRIER TYPE $NTO BE RUN  BY THE ROBOT$N1= SMALL, 4.25 X 4.25 CP$N2= LARGE, 4.75 X 5.00 CP$N3= SQUARE FOAM$N4=DIAMOND FOAM$N5= SMALL, 4.25 X 4.25 FT$N6= LARGE, 4.75 X 5.00 FT","OTE(R2:O.Data[1].27)","2"
RCOMMENT,"_22_R2","RESET_STATUS","SEND THE BARRIER PLACEMENT ON THE MAIN DIAL OFFSET VALUE TO THE BARRIER LOAD ROBOT (R2)$N$NADJUSTMENTS ARE LOCATED ON THE HMI SCREEN FOR THE BARRIER LOAD ROBOT (R2)","BTD(R2_BAR_Y_OFFSET_SCALED,0,R2:O.Data[2],7,6)","3"
RCOMMENT,"_22_R2","RESET_STATUS","ROBOT DIGITAL INPUTS","OTE(R2:O.Data[1].17)","4"
RCOMMENT,"_22_R2","RESET_STATUS","ROBOT STATUS","OTE(R2_IO_READY)","5"
RCOMMENT,"_22_R2","RESET_STATUS","RESET ROBOT ROUTINE","MOV(83,STEP_ALARM[22])","9"
RCOMMENT,"_22_R2","RESET_STATUS","CSTOP COMMAND TO ABORT ALL CURRENT PROGRAMS RUNNING","MOV(500,STEP_R2_RESET)","10"
TYPE,SCOPE,ROUTINE,COMMENT,OWNING_ELEMENT,LOCATION
RCOMMENT,"_23_LIGHT_TABLE","AUTO","BARRIER LIGHT TABLE AUTO$N******************************************************************************$N$NSHUTDOWN REQUEST REQUIREMENTS","MOV(500,STEP_AUTO[23])","0"
RCOMMENT,"_23_LIGHT_TABLE","AUTO","INITIATE LIGHT TABLE CHECK AT STARTUP","MOV(40,STEP_AUTO[23])","1"
RCOMMENT,"_23_LIGHT_TABLE","AUTO","WAIT FOR PICK-N-PLACE AND ROBOT TO CLEAR LIGHT TABLE","MOV(20,STEP_AUTO[23])","2"
RCOMMENT,"_23_LIGHT_TABLE","AUTO","VERIFY HANDSHAKES ARE OFF","MOV(30,STEP_AUTO[23])","3"
RCOMMENT,"_23_LIGHT_TABLE","AUTO","REQUEST LIGHT TABLE EMPTY CHECK TO BARRIER LOAD/ BAG OFFLOAD ROBOT (R2)","OTU(PNP_BAR_PRES_LT_CHECK)","4"
RCOMMENT,"_23_LIGHT_TABLE","AUTO","REQUEST BARRIER FROM PICK-N-PLACE$NCHECK FOR PICK-N-PLACE EMPTY COMPLETE","MOV(500,STEP_AUTO[23])","5"
RCOMMENT,"_23_LIGHT_TABLE","AUTO","WAIT FOR PICK-N-PLACE TO BE CLEAR OF LIGHT TABLE","MOV(55,STEP_AUTO[23])","6"
RCOMMENT,"_23_LIGHT_TABLE","AUTO","VERIFY HANDSHAKES ARE OFF","MOV(58,STEP_AUTO[23])","7"
RCOMMENT,"_23_LIGHT_TABLE","AUTO","REQUEST BARRIER PRESENCE VISION CHECK BARRIER LOAD/ BAG OFFLOAD ROBOT (R2)","OTU(PNP_BARRIER_PRESENT_ON_LT_TBL)","8"
RCOMMENT,"_23_LIGHT_TABLE","AUTO","VERIFY HANDSHAKES ARE OFF","MOV(70,STEP_AUTO[23])","9"
RCOMMENT,"_23_LIGHT_TABLE","AUTO","REQUEST BARRIER VISION CHECK BARRIER LOAD ROBOT (R2)","OTU(PNP_BARRIER_PRESENT_ON_LT_TBL)","10"
RCOMMENT,"_23_LIGHT_TABLE","AUTO","REQUEST BARRIER PICK TO ROBOT FROM LIGHT TABLE$NWHEN MAIN DIAL IS IN POSITION AND THERE IS NO BARRIER DETECTED","OTU(R2_BARRIER_PASSED)","11"
RCOMMENT,"_23_LIGHT_TABLE","AUTO","VERIFY HANDSHAKES ARE OFF","MOV(100,STEP_AUTO[23])","12"
RCOMMENT,"_23_LIGHT_TABLE","AUTO","REQUEST FAILED BARRIER VISION CHECK BARRIER LOAD/ BAG OFFLOAD ROBOT (R2)$NFOR BARRIER REMOVAL FROM LIGHT TABLE","MOV(425,STEP_ALARM[23])","13"
RCOMMENT,"_23_LIGHT_TABLE","AUTO","REQUEST FAILED BARRIER PICK TO ROBOT FROM LIGHT TABLE","MOV(10,STEP_AUTO[23])","14"
RCOMMENT,"_23_LIGHT_TABLE","ESTOP_RESET","BARRIER LIGHT TABLE E-STOP RESET$N***************************************************************************$N$NALARM","MOV(1000,STEP_ESTOP_RESET[23])","0"
RCOMMENT,"_23_LIGHT_TABLE","ESTOP_RESET","CAPTURE INITIAL ALARM$NAND DETERMINE IF THIS IS THE PRIMARY ALARM FOR THE ENTIRE CELL","OTL(STEP_ALARM_TRIGGER_WORD_1.23)","1"
RCOMMENT,"_23_LIGHT_TABLE","ESTOP_RESET","E-STOP SETTINGS","MOV(1000,STEP_AUTO[23])","2"
RCOMMENT,"_23_LIGHT_TABLE","ESTOP_RESET","WAIT FOR RESET","MOV(10,STEP_ESTOP_RESET[23])","3"
RCOMMENT,"_23_LIGHT_TABLE","ESTOP_RESET","GENERAL CELL SETTINGS UPON RESET","MOV(20,STEP_ESTOP_RESET[23])","4"
RCOMMENT,"_23_LIGHT_TABLE","ESTOP_RESET","WAIT FOR RESET TO BE RELEASED$NWAIT FOR CELL PRESSURE OK$NRESET BASED ON MACHINE MODE","MOV(500,STEP_ESTOP_RESET[23])","5"
RCOMMENT,"_23_LIGHT_TABLE","HMI","BARRIER LIGHT TABLE HMI$N***************************************************************************$N","OTE(LT_TBL_BLOW_OFF_PB_VIS)","0"
RCOMMENT,"_23_LIGHT_TABLE","MAIN","MAIN $N***************************************************************************","JSR(OUTPUTS,0)","0"
RCOMMENT,"_23_LIGHT_TABLE","OUTPUTS","LIGHT TABLE OUTPUTS$N*******************************************************************************$N$NLIGHT TABLE VACUUM CONTROL","OTU(LT_TBL_VAC_ON_PB)","0"
RCOMMENT,"_23_LIGHT_TABLE","OUTPUTS","INITIAL RECIPE SETTING OF LIGHT TABLE VACUUM FUNCTION","OTL(LT_TBL_VAC_ACTIVE_PB)","1"
RCOMMENT,"_23_LIGHT_TABLE","OUTPUTS","LIGHT TABLE MANUAL BARRIER BLOW OFF","OTE(MAN02:O.Data[4].8)","2"
RCOMMENT,"_23_LIGHT_TABLE","PRESSURE_REG","LIGHT TABLE VACUUM SUPPLY PRESSURE REGULATOR$N*******************************************************************************$N$NADD OPERATOR ADJUSTMENT TO PRESSURE SETPOINT","MOV(PRESSURE_SP_AUTO,PRESSURE_SP_GEN)","0"
RCOMMENT,"_23_LIGHT_TABLE","PRESSURE_REG","CACULATE OPERATERS MAXIMUM  & MINIMUM ALLOWABLE SETPOINT ADJUSTMENT BASED ON RECIPE PRESSURE$N","MOV(PRESSURE_MAX_ALLOWED,LT_TBL_VAC_PRESSURE_MAX)","1"
RCOMMENT,"_23_LIGHT_TABLE","PRESSURE_REG","IF RECIPE VALUE CHANGES ZERO OUT OFFSET ADJUST","MOV(0,LT_TBL_VAC_ADJ_PRESSURE)","2"
RCOMMENT,"_23_LIGHT_TABLE","PRESSURE_REG","****MANUAL MODE****$N$NSET PRESSURE SETPOINT FOR MANUAL MODE","MOV(PRESSURE_SP_AUTO,LT_TBL_VAC_PRESSURE_SP_MAN_DISPLAY)","3"
RCOMMENT,"_23_LIGHT_TABLE","PRESSURE_REG","WHILE IN MANUAL MODE, ALLOW THE PRESSURE SLIDERS FULL SCALE OF OPERATION.","MOV(PRESSURE_SP_MAN,PRESSURE_SP_GEN)","4"
RCOMMENT,"_23_LIGHT_TABLE","PRESSURE_REG","SEND REGULATOR PRESSURE INPUT COUNTS$N$NSCALE, TRUNCATE AND BYTE SWAP","MOV(0,MAN04:O.Data[0])","5"
RCOMMENT,"_23_LIGHT_TABLE","PRESSURE_REG","CACULATE FEEDBACK PRESSURE FROM REGULATOR","CPT(REG_FEEDBACK_SCALED,REG_FEEDBACK_M/LT_TBL_VAC_PRES_SCALE_PAR.IN_M)","6"
RCOMMENT,"_23_LIGHT_TABLE","PRESSURE_REG","VERIFY FORM PRESSURE USING REGULATOR FEEDBACK","OTE(LT_TBL_VAC_PRESSURE_OK)","7"
TYPE,SCOPE,ROUTINE,COMMENT,OWNING_ELEMENT,LOCATION
RCOMMENT,"_30_R3","AUTO","BAG OFFLOAD ROBOT (R3) ROBOT AUTO$N***************************************************************************$N$NMONITOR CELL ENTRY REQUEST","MOV(500,STEP_AUTO[30])","0"
RCOMMENT,"_30_R3","AUTO","REQUEST STROBE OF PROGRAM","MOV(500,STEP_AUTO[30])","1"
RCOMMENT,"_30_R3","AUTO","VERIFY PNS TO PROGRAM MATCH","MOV(96,STEP_ALARM[30])","2"
RCOMMENT,"_30_R3","AUTO","EXECUTE ROBOT PROGRAM$N","MOV(97,STEP_ALARM[30])","3"
RCOMMENT,"_30_R3","ESTOP_RESET","BAG OFFLOAD ROBOT (R3) E-STOP RESET$N***************************************************************************$N$NROBOT ALARM","MOV(1000,STEP_ESTOP_RESET[30])","0"
RCOMMENT,"_30_R3","ESTOP_RESET","CAPTURE INITIAL ALARM$NAND DETERMINE IF THIS IS THE PRIMARY ALARM FOR THE ENTIRE CELL","OTL(STEP_ALARM_TRIGGER_WORD_1.30)","1"
RCOMMENT,"_30_R3","ESTOP_RESET","CAPTURE ROBOT FAULT ALARM AFTER RESET IS COMPLETED","MOV(98,STEP_ALARM[30])","2"
RCOMMENT,"_30_R3","ESTOP_RESET","E-STOP SETTINGS","MOV(1000,STEP_AUTO[30])","3"
RCOMMENT,"_30_R3","ESTOP_RESET","WAIT FOR RESET","MOV(10,STEP_ESTOP_RESET[30])","4"
RCOMMENT,"_30_R3","ESTOP_RESET","SETTINGS UPON RESET","MOV(20,STEP_ESTOP_RESET[30])","5"
RCOMMENT,"_30_R3","ESTOP_RESET","WAIT FOR RESET TO BE RELEASED$NWAIT FOR CELL PRESSURE OK$NRESET BASED ON MACHINE MODE","MOV(500,STEP_ESTOP_RESET[30])","6"
RCOMMENT,"_30_R3","ESTOP_RESET","WAIT FOR RESET TO COMPLETE","MOV(500,STEP_ESTOP_RESET[30])","7"
RCOMMENT,"_30_R3","HOME","BAG OFFLOAD ROBOT (R3) HOME ROUTINE$N***************************************************************************$N$NSTROBE ROBOT FOR PROGRAM SELECTION$NONCE ROBOT IS RESET","MOV(10,STEP_HOME[30])","0"
RCOMMENT,"_30_R3","HOME","WAIT FOR PNS MATCH","MOV(96,STEP_ALARM[30])","1"
RCOMMENT,"_30_R3","HOME","SEND ROBOT HOME","MOV(94,STEP_ALARM[30])","2"
RCOMMENT,"_30_R3","HOME","CHECK  FOR SEQUENCE ERROR$NIF SEQUENCE ERROR ALREADY LATCHED, JUMP OVER SEQUENCE ERROR ANALYSIS$N","MOV(50,STEP_HOME[30])","3"
RCOMMENT,"_30_R3","HOME","CHECK PROCESS STAGE COMING FROM ROBOT$N1=EMPTY$N2 = PASSED BAG ASSY$N3= FAILED BAG ASSY","OTL(R3_SEQUENCE_ERROR)","4"
RCOMMENT,"_30_R3","HOME","COMPLETE HOME ROUTINE","MOV(500,STEP_HOME[30])","5"
RCOMMENT,"_30_R3","MAIN","MAIN ROUTINE$N***************************************************************************$N$N","JSR(OUTPUTS,0)","0"
RCOMMENT,"_30_R3","OUTPUTS","BAG OFFLOAD ROBOT (R3) ROBOT OUTPUTS$N*******************************************************************************$N$NBAG VACUUM CONTROL","OTU(R3_BAG_VAC_ON_PB)","0"
RCOMMENT,"_30_R3","OUTPUTS","BAG BLOW CONTROL","OTU(R3_BAG_BLOW_ON_PB)","1"
RCOMMENT,"_30_R3","OUTPUTS","HMI ROBOT TOOL BUTTONS VISIBILITY","OTE(R3_TOOL_PB_VIS)","2"
RCOMMENT,"_30_R3","PROG_SELECT","BAG OFFLOAD ROBOT (R3) PROGRAM SELECT$N*******************************************************************************$N$NBROADCAST THE PROGRAM NUMBER$NTO BE RUN TO THE ROBOT","BTD(R3_PROG_NUM_FROM_PLC,0,R3:O.Data[0],9,7)","0"
RCOMMENT,"_30_R3","PROG_SELECT","STORE THE PROGRAM NUMBER CURRENTLY$NSELECTED IN THE ROBOT$N","MVM(R3:I.Data[0],127,R3_PROG_NUM_TO_PLC)","1"
RCOMMENT,"_30_R3","PROG_SELECT","VERIFY PROGRAM NUMBER TO BE RUN$NMATCHES ROBOT SELECTED PROGRAM","OTE(R3_PNS_MATCH)","2"
RCOMMENT,"_30_R3","PROG_SELECT","STROBE PNS ON$NROBOT","OTU(R3_AUTO_PNS_STROBE_REQUEST)","3"
RCOMMENT,"_30_R3","RESET_STATUS","BAG OFFLOAD ROBOT (R3) RESET AND STATUS$N*********************************************************************************$N$NSTORE THE PROCESS STAGE CURRENTLY $NBEING RUN BY THE ROBOT","OTE(R3_STAGE_NUMBER_FROM_ROBOT.3)","0"
RCOMMENT,"_30_R3","RESET_STATUS","SEND THE PROCESS STAGE CURRENTLY $NTO BE RUN  BY THE ROBOT","OTE(R3:O.Data[1].21)","1"
RCOMMENT,"_30_R3","RESET_STATUS","SEND THE ROBOT LOADING BAG TYPE FROM THE RECIPE$NTO BE RUN  BY THE ROBOT$N(USED TO DETERMINE PATH FOR PLACING ON OUTFEED CONVEYOR)$N1 = CLOSED POUCH$N2 = DRAINABLE$N3 = LOCK-N-ROLL$N4 = UROSTOMY$N5=HIGH OUTPUT$N","OTE(R3:O.Data[1].29)","2"
RCOMMENT,"_30_R3","RESET_STATUS","ROBOT DIGITAL INPUTS","OTE(R3:O.Data[1].3)","3"
RCOMMENT,"_30_R3","RESET_STATUS","ROBOT STATUS","OTE(R3_IO_READY)","4"
RCOMMENT,"_30_R3","RESET_STATUS","RESET ROBOT ROUTINE","MOV(95,STEP_ALARM[30])","8"
RCOMMENT,"_30_R3","RESET_STATUS","CSTOP COMMAND TO ABORT ALL CURRENT PROGRAMS RUNNING","MOV(500,STEP_R3_RESET)","9"
TYPE,SCOPE,ROUTINE,COMMENT,OWNING_ELEMENT,LOCATION
RCOMMENT,"_31_INKJET_PRINTING","AUTO","INKJET STATION AUTO ROUTINE$N***************************************************************************$N$NSHUTDOWN REQUEST REQUIREMENTS","MOV(500,STEP_AUTO[31])","0"
RCOMMENT,"_31_INKJET_PRINTING","AUTO","ANALYZE PART DATA","MOV(20,STEP_AUTO[31])","1"
RCOMMENT,"_31_INKJET_PRINTING","AUTO","REQUEST INKJET PRINT","MOV(30,STEP_AUTO[31])","2"
RCOMMENT,"_31_INKJET_PRINTING","AUTO"," REQUEST DIAL INDEX$N","MOV(150,STEP_AUTO[31])","3"
RCOMMENT,"_31_INKJET_PRINTING","AUTO","MONITOR PRINT PROCESS","MOV(0,STEP_AUTO[31])","4"
RCOMMENT,"_31_INKJET_PRINTING","AUTO","SET PROCESS DONE$NMONITOR EMPTY STATUS","MOV(160,STEP_AUTO[31])","5"
RCOMMENT,"_31_INKJET_PRINTING","AUTO","WAIT FOR MAIN DIAL TO TURN ON INDEX DONE","MOV(0,STEP_AUTO[31])","6"
RCOMMENT,"_31_INKJET_PRINTING","ESTOP_RESET","INKJET STATION E-STOP RESET$N***************************************************************************$NALARM","MOV(1000,STEP_ESTOP_RESET[31])","0"
RCOMMENT,"_31_INKJET_PRINTING","ESTOP_RESET","CAPTURE INITIAL ALARM$NAND DETERMINE IF THIS IS THE PRIMARY ALARM FOR THE ENTIRE CELL","OTL(STEP_ALARM_TRIGGER_WORD_1.31)","1"
RCOMMENT,"_31_INKJET_PRINTING","ESTOP_RESET","E-STOP SETTINGS","MOV(1000,STEP_AUTO[31])","2"
RCOMMENT,"_31_INKJET_PRINTING","ESTOP_RESET","WAIT FOR RESET","MOV(10,STEP_ESTOP_RESET[31])","3"
RCOMMENT,"_31_INKJET_PRINTING","ESTOP_RESET","GENERAL CELL SETTINGS UPON RESET","MOV(20,STEP_ESTOP_RESET[31])","4"
RCOMMENT,"_31_INKJET_PRINTING","ESTOP_RESET","WAIT FOR RESET TO BE RELEASED$NWAIT FOR CELL PRESSURE OK$NRESET BASED ON MACHINE MODE","MOV(500,STEP_ESTOP_RESET[31])","5"
RCOMMENT,"_31_INKJET_PRINTING","ESTOP_RESET","WAIT FOR RESET TO COMPLETE","MOV(500,STEP_ESTOP_RESET[31])","6"
RCOMMENT,"_31_INKJET_PRINTING","HMI","INKJET STATION HMI$N***************************************************************************$N$NINKJET IAI INDEXING ANIMATION","MOV(TIMER_OPER[1].ACC,INKJET_DRV_INDEXING_CYCLE_TIME)","0"
RCOMMENT,"_31_INKJET_PRINTING","HMI","DRIVE PUSH BUTTONS VISIBILITY ON HMI","OTE(INKJET_PRINT_DRV_FAULT_PB_VIS)","1"
RCOMMENT,"_31_INKJET_PRINTING","HMI","INKJET PRINTER PUSH BUTTONS VISIBILITY ON HMI","OTE(INKJET_PRINTER_TRIGGER_PB_VIS)","2"
RCOMMENT,"_31_INKJET_PRINTING","HMI","INKJET STATION ANIMATION","OTE(INKJET_PRINT_BYPASS_ANIMATION)","3"
RCOMMENT,"_31_INKJET_PRINTING","HMI","CORRECT THE INKJET PRINT PLACEMENT ON THE MAIN DIAL BASED ON HMI OFFSET VALUE$N$NADJUSTMENTS ARE LOCATED ON THE HMI SCREEN FOR THE INKJET PRINTER STATION","CPT(INKJET_PRINT_Y_POS_OFF_VAL,((INKJET_PRINT_Y_OFFSET_PB*25.4)+INKJET_PRINT_Y_POS_RECIPE_LOADED)*100)","4"
RCOMMENT,"_31_INKJET_PRINTING","HMI","OFFSET PUSH BUTTONS VISIBILITY ON HMI","OTE(INKJET_PRINT_OFFSET_VIS)","5"
RCOMMENT,"_31_INKJET_PRINTING","HMI","INKJET LEVEL LOW INDICATOR ON HMI VISIBILITY","OTE(INKJET_PRINTER_LEVEL_OK_VIS)","6"
RCOMMENT,"_31_INKJET_PRINTING","HMI","DRIVE POSITION FOR HMI","DIV(INKJET_PRINT_DRV_INPUTS.Actual_Position,2540,INKJET_PRINT_DRV_CUR_POS_HMI)","7"
RCOMMENT,"_31_INKJET_PRINTING","HOME","INKJET STATION HOME ROUTINE$N***************************************************************************$NRESET DRIVE FAULT","MOV(10,STEP_HOME[31])","0"
RCOMMENT,"_31_INKJET_PRINTING","HOME","WAIT FOR ESTOP ACTIVE STATUS TO TURN OFF","MOV(511,STEP_ALARM[31])","1"
RCOMMENT,"_31_INKJET_PRINTING","HOME","ENABLE DRIVE","MOV(30,STEP_HOME[31])","2"
RCOMMENT,"_31_INKJET_PRINTING","HOME","CHECK TO SEE IF DRIVE REQUIRES HOMING","MOV(40,STEP_HOME[31])","3"
RCOMMENT,"_31_INKJET_PRINTING","HOME","START DRIVE HOMING ROUTINE AND WAIT FOR COMPLETION","MOV(40,STEP_HOME[31])","4"
RCOMMENT,"_31_INKJET_PRINTING","HOME","MOVE TO CORRECT POSITION BASED ON ACTIVE STATUS IF NOT ALREADY THERE","MOV(70,STEP_HOME[31])","5"
RCOMMENT,"_31_INKJET_PRINTING","HOME","INDEX TO PARK POSITION","MOV(100,STEP_HOME[31])","6"
RCOMMENT,"_31_INKJET_PRINTING","HOME","INDEX TO PRINT POSITION","MOV(70,STEP_HOME[31])","7"
RCOMMENT,"_31_INKJET_PRINTING","HOME","READ AND COMPARE LABEL VALUE FROM PRINTER","OTU(INKJET_PRINTER_CONTROL.CMD.print_command.command[10])","8"
RCOMMENT,"_31_INKJET_PRINTING","HOME","MOVE DYNAMIC LABEL TO PRINTER","MOV(70,STEP_HOME[31])","9"
RCOMMENT,"_31_INKJET_PRINTING","HOME","READ AND COMPARE SKU VALUE FROM PRINTER","OTU(INKJET_PRINTER_CONTROL.CMD.print_command.command[4])","10"
RCOMMENT,"_31_INKJET_PRINTING","HOME","WRITE SKU VALUE TO PRINTER","MOV(80,STEP_HOME[31])","11"
RCOMMENT,"_31_INKJET_PRINTING","HOME","READ AND COMPARE PRINT HEAD OFFSET FROM PRINTER","OTU(INKJET_PRINTER_CONTROL.CMD.print_command.command[8])","12"
RCOMMENT,"_31_INKJET_PRINTING","HOME","WRITE PRINT HEAD OFFSET VALUE TO PRINTER","MOV(90,STEP_HOME[31])","13"
RCOMMENT,"_31_INKJET_PRINTING","HOME","ENABLE PRINTER","MOV(514,STEP_ALARM[31])","14"
RCOMMENT,"_31_INKJET_PRINTING","HOME","COMPLETE ROUTINE","MOV(500,STEP_HOME[31])","15"
RCOMMENT,"_31_INKJET_PRINTING","MAIN","MAIN ROUTINE$N***************************************************************************$N","CPS(INKJET_PRINT_DRV_OUTPUTS,DRV31:O,1)","0"
RCOMMENT,"_31_INKJET_PRINTING","OUTPUTS","INKJET STATION DRIVE OUTPUTS$N***************************************************************************$N$NINITIATE INTERNAL DRIVE HOMING ROUTINE","MOV(510,STEP_ALARM[31])","0"
RCOMMENT,"_31_INKJET_PRINTING","OUTPUTS","CONTROLS MANUAL MODE HMI INKJET DRIVE INDEXES","MOV(2,DRV_INDEX_NUM)","1"
RCOMMENT,"_31_INKJET_PRINTING","OUTPUTS","DRIVE ALARM RESET","MOV(505,STEP_ALARM[31])","2"
RCOMMENT,"_31_INKJET_PRINTING","OUTPUTS","ENABLE/DISABLE DRIVE","MOV(502,STEP_ALARM[31])","3"
RCOMMENT,"_31_INKJET_PRINTING","OUTPUTS","PARK POSITION CONTROL","MOV(503,STEP_ALARM[31])","4"
RCOMMENT,"_31_INKJET_PRINTING","OUTPUTS","PRINT POSITION CONTROL","MOV(504,STEP_ALARM[31])","5"
RCOMMENT,"_31_INKJET_PRINTING","OUTPUTS","INKJET PRINT REQUEST","OTU(INKJET_PRINTER_PRINT_REQ_PB)","6"
RCOMMENT,"_31_INKJET_PRINTING","OUTPUTS","INKJET DRIVE ENCODER MOTION AXIS GEAR$NCONNECTS MAIN DIAL TO VIRTUAL ENCODER AXIS","MAG(ENC31_VIRTUAL_AXIS,DRV01,DRV31_MAG_MOTION_CONT,0,1,1,1,0,0,0,0,0)","7"
RCOMMENT,"_31_INKJET_PRINTING","POSITION_MONITOR","INKJET STATION DRIVE POSITION MONITORING$N***************************************************************$N$NDRIVE POSITION VERIFICATION","MOV(508,STEP_ALARM[31])","0"
RCOMMENT,"_31_INKJET_PRINTING","SERVO_HOMING","INKJET PRINTING STATION DRIVE HOMING ROUTINE$N***************************************************************************$N$NSET HOMING REQUIREMENT DURING FIRST SCAN","OTL(DRV_HOMING_REQ)","0"
RCOMMENT,"_31_INKJET_PRINTING","SERVO_HOMING","DETERMINE IF DRIVE IS HOMED$N","OTE(INKJET_PRINT_DRV_HOMED)","1"
RCOMMENT,"_31_INKJET_PRINTING","SERVO_HOMING","START HOMING ROUTINE","OTL(INKJET_PRINT_DRV_HOMING_IND)","2"
RCOMMENT,"_31_INKJET_PRINTING","SERVO_HOMING","REQUEST INTERNAL DRIVE HOMING ROUTINE","MOV(15,STEP_HOMING[31])","3"
RCOMMENT,"_31_INKJET_PRINTING","SERVO_HOMING","COMPLETE INTERNAL DRIVE HOMING ROUTINE","MOV(100,STEP_HOMING[31])","4"
RCOMMENT,"_31_INKJET_PRINTING","SERVO_HOMING","FINISH ROUTINE","MOV(500,STEP_HOMING[31])","5"
RCOMMENT,"_31_INKJET_PRINTING","STATUS","INKJET STATION STATUS$N***************************************************************************$N$NAUTO READY REQUIREMENTS","OTE(CELL_AUTO_READY[31])","0"
TYPE,SCOPE,ROUTINE,COMMENT,OWNING_ELEMENT,LOCATION
remark,"Comments for Program (Acyclic_commands_Read:AOI) Routine (EnableInFalse) not exported: source not available"
remark,"Comments for Program (Acyclic_commands_Read:AOI) Routine (Logic) not exported: source not available"
remark,"Comments for Program (Acyclic_commands_Read:AOI) Routine (Prescan) not exported: source not available"
TYPE,SCOPE,ROUTINE,COMMENT,OWNING_ELEMENT,LOCATION
remark,"Comments for Program (AOI_Eth_Path_Define:AOI) Routine (EnableInFalse) not exported: source not available"
remark,"Comments for Program (AOI_Eth_Path_Define:AOI) Routine (Logic) not exported: source not available"
TYPE,SCOPE,ROUTINE,COMMENT,OWNING_ELEMENT,LOCATION
remark,"Comments for Program (Dvc_2198ABQE_1CH:AOI) Routine (Logic) not exported: source not available"
TYPE,SCOPE,ROUTINE,COMMENT,OWNING_ELEMENT,LOCATION
remark,"Comments for Program (Dvc_2198ABQE_2CH:AOI) Routine (Logic) not exported: source not available"
TYPE,SCOPE,ROUTINE,COMMENT,OWNING_ELEMENT,LOCATION
RCOMMENT,"JVL_Comms:AOI","EnableInFalse","------------------------------------------------------------------------------------------------------------------------$Nxxxxx STATUS BITS xxxxx$N$NSet Status Bits$N------------------------------------------------------------------------------------------------------------------------$N$N","OTU(IP)","0"
RCOMMENT,"JVL_Comms:AOI","EnableInFalse","------------------------------------------------------------------------------------------------------------------------$Nxxxxx CONTROL BITS xxxxx$N$NClear Control Bits$N------------------------------------------------------------------------------------------------------------------------$N$N","OTU(Axis.Command.Velocity)","1"
RCOMMENT,"JVL_Comms:AOI","Logic","------------------------------------------------------------------------------------------------------------------------$Nxxxxx JVL_Comms Add-On Instruction xxxxx$N$NJVL Communication$NRead and Write Data to a JVL MIS Drive$N------------------------------------------------------------------------------------------------------------------------$N$N","NOP()","0"
RCOMMENT,"JVL_Comms:AOI","Logic","------------------------------------------------------------------------------------------------------------------------$Nxxxxx MODULE CONNECTION STATUS xxxxx$N$NCheck if Module is Running Properly$N------------------------------------------------------------------------------------------------------------------------$N$N","MOV(Module_FaultCode,EXERR)","1"
RCOMMENT,"JVL_Comms:AOI","Logic","------------------------------------------------------------------------------------------------------------------------$Nxxxxx INITIAL RUN MODE xxxxx$N$NReset Drive Control Mode$N------------------------------------------------------------------------------------------------------------------------$N$N","MOV(Axis.ActualPosition,Axis.CommandPosition)","2"
RCOMMENT,"JVL_Comms:AOI","Logic","------------------------------------------------------------------------------------------------------------------------$Nxxxxx STATUS BITS xxxxx$N$NSet Status Bits$N------------------------------------------------------------------------------------------------------------------------$N$N","TND()","3"
RCOMMENT,"JVL_Comms:AOI","Logic","------------------------------------------------------------------------------------------------------------------------$Nxxxxx CONVERT INPUTS xxxxx$N$NScale Inputs to Engineering Units$N------------------------------------------------------------------------------------------------------------------------$N$N","DIV(CyclicRead[7],Axis.Cfg.TravelConst,Axis.PositionError)","4"
RCOMMENT,"JVL_Comms:AOI","Logic","------------------------------------------------------------------------------------------------------------------------$Nxxxxx CONVERT OUTPUTS xxxxx$N$NScale Engineering Units to Outputs$N------------------------------------------------------------------------------------------------------------------------$N$N","CPT(CyclicWrite[4],Axis.CommandCurrent * (Axis.Cfg.FullScaleMotorCurrent / 100))","5"
RCOMMENT,"JVL_Comms:AOI","Logic","------------------------------------------------------------------------------------------------------------------------$Nxxxxx STATUS BIT ACCELERATING xxxxx$N$NSet the Accelerating bit$N------------------------------------------------------------------------------------------------------------------------$N$N","OTE(Axis.Status.Accelerating)","6"
RCOMMENT,"JVL_Comms:AOI","Logic","------------------------------------------------------------------------------------------------------------------------$Nxxxxx STATUS BIT DECELERATION xxxxx$N$NSet the Deceleration bit$N------------------------------------------------------------------------------------------------------------------------$N$N","OTE(Axis.Status.Decelerating)","7"
RCOMMENT,"JVL_Comms:AOI","Logic","------------------------------------------------------------------------------------------------------------------------$Nxxxxx STATUS BIT IN POSITION xxxxx$N$NSet the In Position bit$N------------------------------------------------------------------------------------------------------------------------$N$N","OTU(Axis.Status.IP)","8"
RCOMMENT,"JVL_Comms:AOI","Logic","------------------------------------------------------------------------------------------------------------------------$Nxxxxx STATUS BIT HOME xxxxx$N$NSet the Homing and Axis Homed bit$N------------------------------------------------------------------------------------------------------------------------$N$N","OTU(Axis.Status.AxisHomed)","9"
RCOMMENT,"JVL_Comms:AOI","Logic","------------------------------------------------------------------------------------------------------------------------$Nxxxxx STATUS BIT HOMING DONE xxxxx$N$NSet the Homing Done bit$N------------------------------------------------------------------------------------------------------------------------$N$N","OTL(Axis.Status.AxisHomed)","10"
RCOMMENT,"JVL_Comms:AOI","Logic","------------------------------------------------------------------------------------------------------------------------$Nxxxxx FAULT BITS xxxxx$N$NCopy All bits from Register 35 to the Axis Fault Structure$N------------------------------------------------------------------------------------------------------------------------$N$N","CPS(CyclicRead[3],Axis.AxisFaults,1)","11"
RCOMMENT,"JVL_Comms:AOI","Logic","------------------------------------------------------------------------------------------------------------------------$Nxxxxx DRIVE MODE HANDLING xxxxx$N$NHandling Drive Modes (Passive, Velocity, Position, ZeroSearchType1, ZeroSearchType2)$N$NObserve that in case Velocity goes from high to low the Drive$Nis put into Passive Mode before Position Mode so$NP_SOLL is Synchronized otherwise it Moves into Position Mode$N------------------------------------------------------------------------------------------------------------------------$N$N","MOV(Axis.ActualPosition,Axis.CommandPosition)","12"
RCOMMENT,"JVL_Comms:AOI","Logic","------------------------------------------------------------------------------------------------------------------------$Nxxxxx SET DRIVE IN PASSIVE MODE xxxxx$N$NSet Drive in Passive Mode$N------------------------------------------------------------------------------------------------------------------------$N$N","MOV(0,CyclicWrite[0])","13"
RCOMMENT,"JVL_Comms:AOI","Logic","------------------------------------------------------------------------------------------------------------------------$Nxxxxx ACTUAL MODE xxxxx$N$NRead Mode from Drive$N------------------------------------------------------------------------------------------------------------------------$N$N","OTE(Axis.Status.ZeroSearch2Mode)","14"
TYPE,SCOPE,ROUTINE,COMMENT,OWNING_ELEMENT,LOCATION
RCOMMENT,"JVL_MAM:AOI","EnableInFalse","------------------------------------------------------------------------------------------------------------------------$Nxxxxx CLEAR INTERNAL BITS xxxxx$N$NClear Internal Work Bits$N------------------------------------------------------------------------------------------------------------------------$N$N","OTU(OneShot_Error)","0"
RCOMMENT,"JVL_MAM:AOI","EnableInFalse","------------------------------------------------------------------------------------------------------------------------$Nxxxxx STATUS BITS xxxxx$N$NSet Status Bits$N------------------------------------------------------------------------------------------------------------------------$N$N","OTL(PC)","3"
RCOMMENT,"JVL_MAM:AOI","Logic","------------------------------------------------------------------------------------------------------------------------$Nxxxxx JVL_MAM Add-On Instruction xxxxx$N$NJVL Motion Axis Move$NStart a Move based on Input Parameters$N------------------------------------------------------------------------------------------------------------------------$N$N","NOP()","0"
RCOMMENT,"JVL_MAM:AOI","Logic","------------------------------------------------------------------------------------------------------------------------$Nxxxxx RESET xxxxx$N$NReset Status Bits and Error Code$N------------------------------------------------------------------------------------------------------------------------$N$N","MOV(0,EXERR)","1"
RCOMMENT,"JVL_MAM:AOI","Logic","------------------------------------------------------------------------------------------------------------------------$Nxxxxx VALIDATE xxxxx$N$NValidate All Input Parameters$NGenerate Error Code for Each Input$N------------------------------------------------------------------------------------------------------------------------$N$N","OTL(ER)","2"
RCOMMENT,"JVL_MAM:AOI","Logic","------------------------------------------------------------------------------------------------------------------------$Nxxxxx EXECUTE MOTION xxxxx$N$NStart the Motion$NIf the Instruction is allready Active then just modify the CommandPosition$N------------------------------------------------------------------------------------------------------------------------$N$N","OTL(Execute_Once)","3"
RCOMMENT,"JVL_MAM:AOI","Logic","------------------------------------------------------------------------------------------------------------------------$Nxxxxx STATUS BITS xxxxx$N$NSet Status Bits$N------------------------------------------------------------------------------------------------------------------------$N$N","OTL(PC)","6"
TYPE,SCOPE,ROUTINE,COMMENT,OWNING_ELEMENT,LOCATION
RCOMMENT,"JVL_MSO:AOI","EnableInFalse","------------------------------------------------------------------------------------------------------------------------$Nxxxxx STATUS BITS xxxxx$N$NSet Status Bits$N------------------------------------------------------------------------------------------------------------------------$N$N","OTU(OneShot_Enable)","0"
RCOMMENT,"JVL_MSO:AOI","Logic","------------------------------------------------------------------------------------------------------------------------$Nxxxxx JVL_MSO Add-On Instruction xxxxx$N$NJVL Motion Servo On$NEnable the Drive$N------------------------------------------------------------------------------------------------------------------------$N$N","NOP()","0"
RCOMMENT,"JVL_MSO:AOI","Logic","------------------------------------------------------------------------------------------------------------------------$Nxxxxx RESET xxxxx$N$NReset Status Bits and Error Code$N------------------------------------------------------------------------------------------------------------------------$N$N","MOV(0,ERR)","1"
RCOMMENT,"JVL_MSO:AOI","Logic","------------------------------------------------------------------------------------------------------------------------$Nxxxxx VALIDATE xxxxx$N$NValidate All Input Parameters$NGenerate Error Code for Each Input$N------------------------------------------------------------------------------------------------------------------------$N$N","OTL(ER)","2"
RCOMMENT,"JVL_MSO:AOI","Logic","------------------------------------------------------------------------------------------------------------------------$Nxxxxx ENABLE DRIVE xxxxx$N$NEnable the Drive$N------------------------------------------------------------------------------------------------------------------------$N$N","OTL(Axis.Command.Enable)","3"
RCOMMENT,"JVL_MSO:AOI","Logic","------------------------------------------------------------------------------------------------------------------------$Nxxxxx STATUS BITS xxxxx$N$NSet Status Bits$N------------------------------------------------------------------------------------------------------------------------$N$N","OTL(DN)","4"
TYPE,SCOPE,ROUTINE,COMMENT,OWNING_ELEMENT,LOCATION
RCOMMENT,"PCON_Moves:AOI","Logic","When The AOI is told to Go to Position all the data that relates to the move will be read in and the move request will be started","OTL(Map_Axis_Outputs.Start_Move)","6"
