remark,"CSV-Import-Export"
remark,"Date = Mon Jul 13 11:24:20 2026"
remark,"Version = RSLogix 5000 v17.00"
remark,"Owner = user"
remark,"Company = Hollister"
0.3
TYPE,SCOPE,NAME,DESCRIPTION,DATATYPE,SPECIFIER,ATTRIBUTES
TAG,,R2:C,"","AB:ETHERNET_MODULE:C:0","",""
TAG,,R2:I,"BARRIER LOAD/BAG OFFLOAD ROBOT (R2)$NOUTPUTS FROM ROBOT$NINPUTS TO PLC","AB:ETHERNET_MODULE_DINT_8Bytes:I:0","",""
COMMENT,,R2:I,"BARRIER LOAD/BAG OFFLOAD ROBOT (R2)$NOUTPUTS",,"R2:I.DATA"
COMMENT,,R2:I,"BARRIER LOAD/BAG OFFLOAD ROBOT (R2)$NOUTPUT WORD 1",,"R2:I.DATA[0]"
COMMENT,,R2:I,"SNO BIT 1 (UO 11)$NBARRIER LOAD/BAG OFFLOAD ROBOT (R2)",,"R2:I.DATA[0].0"
COMMENT,,R2:I,"SNO BIT 2 (UO 12)$NBARRIER LOAD/BAG OFFLOAD ROBOT (R2)",,"R2:I.DATA[0].1"
COMMENT,,R2:I,"SNO BIT 3 (UO 13)$NBARRIER LOAD/BAG OFFLOAD ROBOT (R2)",,"R2:I.DATA[0].2"
COMMENT,,R2:I,"SNO BIT 4 (UO 14)$NBARRIER LOAD/BAG OFFLOAD ROBOT (R2)",,"R2:I.DATA[0].3"
COMMENT,,R2:I,"SNO BIT 5 (UO 15)$NBARRIER LOAD/BAG OFFLOAD ROBOT (R2)",,"R2:I.DATA[0].4"
COMMENT,,R2:I,"SNO BIT 6 (UO 16)$NBARRIER LOAD/BAG OFFLOAD ROBOT (R2)",,"R2:I.DATA[0].5"
COMMENT,,R2:I,"SNO BIT 7 (UO 17)$NBARRIER LOAD/BAG OFFLOAD ROBOT (R2)",,"R2:I.DATA[0].6"
COMMENT,,R2:I,"FAULT$N(UO 6)$NBARRIER LOAD/BAG OFFLOAD ROBOT (R2)",,"R2:I.DATA[0].7"
COMMENT,,R2:I,"TP ENABLE$N(UO 8)$NBARRIER LOAD/BAG OFFLOAD ROBOT (R2)",,"R2:I.DATA[0].8"
COMMENT,,R2:I,"BATTERY LOW ALARM (UO 9)$NBARRIER LOAD/BAG OFFLOAD ROBOT (R2)",,"R2:I.DATA[0].9"
COMMENT,,R2:I,"COMMAND ENABLE$N(UO 1)$NBARRIER LOAD/BAG OFFLOAD ROBOT (R2)",,"R2:I.DATA[0].10"
COMMENT,,R2:I,"AT HOME$N(UO 7)$NBARRIER LOAD/BAG OFFLOAD ROBOT (R2)",,"R2:I.DATA[0].11"
COMMENT,,R2:I,"SPARE",,"R2:I.DATA[0].12"
COMMENT,,R2:I,"PNS STARTED (DO 13)$NBARRIER LOAD/BAG OFFLOAD ROBOT (R2)",,"R2:I.DATA[0].13"
COMMENT,,R2:I,"BARRIER READY TO LOAD ON MAIN DIAL$N(DO 14)$NBARRIER LOAD/BAG OFFLOAD ROBOT (R2)",,"R2:I.DATA[0].14"
COMMENT,,R2:I,"PNS DONE$N(DO 18)$NBARRIER LOAD/BAG OFFLOAD ROBOT (R2)",,"R2:I.DATA[0].18"
COMMENT,,R2:I,"FAILED BARRIER PICKED FROM$NMAIN DIAL$N(DO 19)$NBARRIER LOAD/BAG OFFLOAD ROBOT (R2)",,"R2:I.DATA[0].19"
COMMENT,,R2:I,"FINISHED BAG ASSY PICKED FROM$NMAIN DIAL$N(DO 20)$NBARRIER LOAD/BAG OFFLOAD ROBOT (R2)",,"R2:I.DATA[0].20"
COMMENT,,R2:I,"FINISHED BAG ASSY PLACED $NONTO OFFLOAD CONVEYOR$N(DO 21)$NBARRIER LOAD/BAG OFFLOAD ROBOT (R2)",,"R2:I.DATA[0].21"
COMMENT,,R2:I,"BARRIER PICKED FROM LIGHT TABLE$N(DO 22)$NBARRIER LOAD/BAG OFFLOAD ROBOT (R2)",,"R2:I.DATA[0].22"
COMMENT,,R2:I,"BARRIER LOADED $NONTO DIAL$NBARRIER LOAD/BAG OFFLOAD ROBOT (R2)$N(DO 23)",,"R2:I.DATA[0].23"
COMMENT,,R2:I,"OPERATOR BOX$NAUTO SWITCH$N(DO 24)$NBARRIER LOAD/BAG OFFLOAD ROBOT (R2)",,"R2:I.DATA[0].24"
COMMENT,,R2:I,"INPUTS SIMULATED$N(DO 25)$NBARRIER LOAD/BAG OFFLOAD ROBOT (R2)",,"R2:I.DATA[0].25"
COMMENT,,R2:I,"ROBOT IS CLEAR$NOF MAIN DIAL$N(DO 26)$NBARRIER LOAD/BAG OFFLOAD ROBOT (R2)",,"R2:I.DATA[0].26"
COMMENT,,R2:I,"ROBOT IS CLEAR$N OF LIGHT TABLE$N(DO 27)$NBARRIER LOAD/BAG OFFLOAD ROBOT (R2)",,"R2:I.DATA[0].27"
COMMENT,,R2:I,"ROBOT IS CLEAR$N OF OFFLOAD CONVEYOR$N(DO 28)$NBARRIER LOAD/BAG OFFLOAD ROBOT (R2)",,"R2:I.DATA[0].28"
COMMENT,,R2:I,"FAILED BAG PICKED FROM$NMAIN DIAL$N(DO 29)$NBARRIER LOAD/BAG OFFLOAD ROBOT (R2)",,"R2:I.DATA[0].29"
COMMENT,,R2:I,"ROBOT ESTOP$NTEACH PENDANT$NE-STOP PRESSED = 1$NE-STOP PULLED = 0$N(DO 30)$NBARRIER LOAD/BAG OFFLOAD ROBOT (R2)",,"R2:I.DATA[0].30"
COMMENT,,R2:I,"FAILED PART$NDROPPED AT REJECT$N(DO 31)$NBARRIER LOAD/BAG OFFLOAD ROBOT (R2)",,"R2:I.DATA[0].31"
COMMENT,,R2:I,"BARRIER LOAD/BAG OFFLOAD ROBOT (R2)$NOUTPUT WORD 2",,"R2:I.DATA[1]"
COMMENT,,R2:I,"BARRIER LOCATION VISION PASSED$N(DO 32)$NBARRIER LOAD/BAG OFFLOAD ROBOT (R2)",,"R2:I.DATA[1].0"
COMMENT,,R2:I,"BARRIER LOCATION VISION FAILED$N(DO 33)$NBARRIER LOAD/BAG OFFLOAD ROBOT (R2)",,"R2:I.DATA[1].1"
COMMENT,,R2:I,"BAG PICK VACUUM$NON TO PLC$N(DO 34)$NBARRIER LOAD/BAG OFFLOAD ROBOT (R2)",,"R2:I.DATA[1].2"
COMMENT,,R2:I,"BARRIER PICK VACUUM$NON TO PLC$N(DO 35)$NBARRIER LOAD/BAG OFFLOAD ROBOT (R2)",,"R2:I.DATA[1].3"
COMMENT,,R2:I,"BAG PICK CYLINDER EXTEND TO PLC$N(DO 36)$NBARRIER LOAD/BAG OFFLOAD ROBOT (R2)",,"R2:I.DATA[1].4"
COMMENT,,R2:I,"BARRIER BLOW$NTO PLC$N(DO 37)$NBARRIER LOAD/BAG OFFLOAD ROBOT (R2)",,"R2:I.DATA[1].5"
COMMENT,,R2:I,"BAG PICK CYLINDER EXTENDED SENSOR$N(RI 1, DO 38)$NBARRIER LOAD/BAG OFFLOAD ROBOT (R2)",,"R2:I.DATA[1].6"
COMMENT,,R2:I,"BAG PICK CYLINDER RETRACTED SENSOR$N(RI 2, DO 39)$NBARRIER LOAD/BAG OFFLOAD ROBOT (R2)",,"R2:I.DATA[1].7"
COMMENT,,R2:I,"BAG VACUUM$NON SWITCH$N(RI 3, DO 40)$NBARRIER LOAD/BAG OFFLOAD ROBOT (R2)",,"R2:I.DATA[1].8"
COMMENT,,R2:I,"BARRIER VACUUM$NON SWITCH$N(RI 4, DO 41)$NBARRIER LOAD/BAG OFFLOAD ROBOT (R2)",,"R2:I.DATA[1].9"
COMMENT,,R2:I,"VISION PASSED$NLIGHT TABLE EMPTY$N(DO 42)$NBARRIER LOAD/BAG OFFLOAD ROBOT (R2)",,"R2:I.DATA[1].10"
COMMENT,,R2:I,"VISION FAILED$NLIGHT TABLE EMPTY$N(DO 43)$NBARRIER LOAD/BAG OFFLOAD ROBOT (R2)",,"R2:I.DATA[1].11"
COMMENT,,R2:I,"LIGHT TABLE REMOVAL VISION PASSED$N(DO 44)$NBARRIER LOAD/BAG OFFLOAD ROBOT (R2)",,"R2:I.DATA[1].12"
COMMENT,,R2:I,"LIGHT TABLE REMOVAL VISION FAILED$N(DO 45)$NBARRIER LOAD/BAG OFFLOAD ROBOT (R2)",,"R2:I.DATA[1].13"
COMMENT,,R2:I,"BARRIER PRESENCE VISION PASSED$N(DO 46)$NBARRIER LOAD/BAG OFFLOAD ROBOT (R2)",,"R2:I.DATA[1].14"
COMMENT,,R2:I,"BARRIER PRESENCE VISION FAILED$N(DO 47)$NBARRIER LOAD/BAG OFFLOAD ROBOT (R2)",,"R2:I.DATA[1].15"
COMMENT,,R2:I,"STAGE BIT #1 FROM ROBOT TO PLC$N(DO 50)$N BARRIER LOAD/BAG OFFLOAD ROBOT (R2)",,"R2:I.DATA[1].18"
COMMENT,,R2:I,"STAGE BIT #2$NFROM ROBOT TO PLC$N(DO 51)$N BARRIER LOAD/BAG OFFLOAD ROBOT (R2)",,"R2:I.DATA[1].19"
COMMENT,,R2:I,"STAGE BIT #3$NFROM ROBOT TO PLC$N(DO 52)$N BARRIER LOAD/BAG OFFLOAD ROBOT (R2)",,"R2:I.DATA[1].20"
COMMENT,,R2:I,"STAGE BIT #4$NFROM ROBOT TO PLC$N(DO 53)$N BARRIER LOAD/BAG OFFLOAD ROBOT (R2)",,"R2:I.DATA[1].21"
TAG,,R2:O,"BARRIER LOAD/BAG OFFLOAD ROBOT (R2)$NINPUTS TO ROBOT$NOUTPUTS FROM PLC","AB:ETHERNET_MODULE_DINT_8Bytes:O:0","",""
COMMENT,,R2:O,"BARRIER LOAD/BAG OFFLOAD ROBOT (R2)$NINPUTS",,"R2:O.DATA"
COMMENT,,R2:O,"BARRIER LOAD/BAG OFFLOAD ROBOT (R2)$NINPUT WORD 1",,"R2:O.DATA[0]"
COMMENT,,R2:O,"IMSTD$N(UI 1)$NBARRIER LOAD/BAG OFFLOAD ROBOT (R2)",,"R2:O.DATA[0].1"
COMMENT,,R2:O,"HOLD$N(UI 2)$NBARRIER LOAD/BAG OFFLOAD ROBOT (R2)",,"R2:O.DATA[0].2"
COMMENT,,R2:O,"SFSPD$N(UI 3)$NBARRIER LOAD/BAG OFFLOAD ROBOT (R2)",,"R2:O.DATA[0].3"
COMMENT,,R2:O,"CSTOP$N(UI 4)$NBARRIER LOAD/BAG OFFLOAD ROBOT (R2)",,"R2:O.DATA[0].4"
COMMENT,,R2:O,"FAULT RESET$N(UI 5)$NBARRIER LOAD/BAG OFFLOAD ROBOT (R2)",,"R2:O.DATA[0].5"
COMMENT,,R2:O,"HOME$NBARRIER LOAD/BAG OFFLOAD ROBOT (R2)$N(UI 7)",,"R2:O.DATA[0].7"
COMMENT,,R2:O,"ENABLE$N(UI 8)$NBARRIER LOAD/BAG OFFLOAD ROBOT (R2)",,"R2:O.DATA[0].8"
COMMENT,,R2:O,"PNS STROBE 1$N(UI 9)$NBARRIER LOAD/BAG OFFLOAD ROBOT (R2)",,"R2:O.DATA[0].9"
COMMENT,,R2:O,"PNS STROBE 2$N(UI 10)$NBARRIER LOAD/BAG OFFLOAD ROBOT (R2)",,"R2:O.DATA[0].10"
COMMENT,,R2:O,"PNS STROBE 3$N(UI 11)$NBARRIER LOAD/BAG OFFLOAD ROBOT (R2)",,"R2:O.DATA[0].11"
COMMENT,,R2:O,"PNS STROBE 4$N(UI 12)$NBARRIER LOAD/BAG OFFLOAD ROBOT (R2)",,"R2:O.DATA[0].12"
COMMENT,,R2:O,"PNS STROBE 5$N(UI 13)$NBARRIER LOAD/BAG OFFLOAD ROBOT (R2)",,"R2:O.DATA[0].13"
COMMENT,,R2:O,"PNS STROBE 6$N(UI 14)$NBARRIER LOAD/BAG OFFLOAD ROBOT (R2)",,"R2:O.DATA[0].14"
COMMENT,,R2:O,"PNS STROBE 7$N(UI 15)$NBARRIER LOAD/BAG OFFLOAD ROBOT (R2)",,"R2:O.DATA[0].15"
COMMENT,,R2:O,"PNS STROBE$N(UI 17)$NBARRIER LOAD/BAG OFFLOAD ROBOT (R2)",,"R2:O.DATA[0].17"
COMMENT,,R2:O,"PRODUCTION START$N(UI 18)$NBARRIER LOAD/BAG OFFLOAD ROBOT (R2)",,"R2:O.DATA[0].18"
COMMENT,,R2:O,"CELL EMPTY$N(DI 19)$NBARRIER LOAD/BAG OFFLOAD ROBOT (R2)",,"R2:O.DATA[0].19"
COMMENT,,R2:O,"BARRIER PICK REQUEST$N(DI 20)$NFROM BARRIER LIGHT TABLE TO$NBARRIER LOAD/BAG OFFLOAD ROBOT (R2)",,"R2:O.DATA[0].20"
COMMENT,,R2:O,"BARRIER LOAD REQUEST (DI 21)$NFROM BARRIER LOAD STATION TO$NBARRIER LOAD/BAG OFFLOAD ROBOT (R2)",,"R2:O.DATA[0].21"
COMMENT,,R2:O,"PASSED BAG PICK REQUEST$N(DI 22)$NFROM BAG OFFLOAD STATION TO$NBARRIER LOAD/BAG OFFLOAD ROBOT (R2)",,"R2:O.DATA[0].22"
COMMENT,,R2:O,"FINISHED BAG ASSY PLACE REQUEST$N(DI 23)$NFROM BAG OFFLOAD CONVEYOR TO$NBARRIER LOAD/BAG OFFLOAD ROBOT (R2)",,"R2:O.DATA[0].23"
COMMENT,,R2:O,"ROBOT SHUTDOWN$NREQUEST$N(DI 24)$NBARRIER LOAD/BAG OFFLOAD ROBOT (R2)",,"R2:O.DATA[0].24"
COMMENT,,R2:O,"FAILED BAG PICK REQUEST$N(DI 25)$NFROM BAG OFFLOAD STATION TO$NBARRIER LOAD/BAG OFFLOAD ROBOT (R2)",,"R2:O.DATA[0].25"
COMMENT,,R2:O,"FAILED BARRIER PICK REQUEST$N(DI 26)$NFROM BAG OFFLOAD STATION TO$NBARRIER LOAD/BAG OFFLOAD ROBOT (R2)",,"R2:O.DATA[0].26"
COMMENT,,R2:O,"BARRIER LOCATION VISION REQUEST$N(DI 27)$NLIGHT TABLE TO$NBARRIER LOAD/BAG OFFLOAD ROBOT (R2)",,"R2:O.DATA[0].27"
COMMENT,,R2:O,"EMPTY VISION REQUEST$N(DI 28)$NLIGHT TABLE TO$NBARRIER LOAD/BAG OFFLOAD ROBOT (R2)",,"R2:O.DATA[0].28"
COMMENT,,R2:O,"BARRIER REMOVAL VISION REQUEST$N(DI 29)$NLIGHT TABLE TO$NBARRIER LOAD/BAG OFFLOAD ROBOT (R2)",,"R2:O.DATA[0].29"
COMMENT,,R2:O,"BARRIER PRESENCE VISION REQUEST$N(DI 30)$NLIGHT TABLE TO$NBARRIER LOAD/BAG OFFLOAD ROBOT (R2)",,"R2:O.DATA[0].30"
COMMENT,,R2:O,"REJECTED BARRIER PICK REQUEST$N(DI 31)$NFROM LIGHT TABLE TO$NBARRIER LOAD/BAG OFFLOAD ROBOT (R2)",,"R2:O.DATA[0].31"
COMMENT,,R2:O,"BARRIER LOAD/BAG OFFLOAD ROBOT (R2)$NINPUT WORD 2",,"R2:O.DATA[1]"
COMMENT,,R2:O,"OFFLOAD CONVEYOR$NLANE CHANGE$N(DI 31)$NBARRIER LOAD/BAG OFFLOAD ROBOT (R2)$N0=OUTSIDE LANE$N1=INSIDE LANE",,"R2:O.DATA[1].0"
COMMENT,,R2:O,"ROBOT SEQUENCE ERROR$N(DI 35)$NBARRIER LOAD/BAG OFFLOAD ROBOT (R2)",,"R2:O.DATA[1].3"
COMMENT,,R2:O,"BAG PICK CYLINDER EXTEND FROM PLC$N(RO 1, DI 36)$NBARRIER LOAD/BAG OFFLOAD ROBOT (R2)",,"R2:O.DATA[1].4"
COMMENT,,R2:O,"BARRIER BLOW$N FROM PLC$N(RO 3, DI 37)$NBARRIER LOAD/BAG OFFLOAD ROBOT (R2)",,"R2:O.DATA[1].5"
COMMENT,,R2:O,"STAGE BIT #1$NFROM PLC TO ROBOT$N(DI 50)$N BARRIER LOAD/BAG OFFLOAD ROBOT (R2)",,"R2:O.DATA[1].18"
COMMENT,,R2:O,"STAGE BIT #2$NFROM PLC TO ROBOT$N(DI 51)$N BARRIER LOAD/BAG OFFLOAD ROBOT (R2)",,"R2:O.DATA[1].19"
COMMENT,,R2:O,"STAGE BIT #3$NFROM PLC TO ROBOT$N(DI 52)$N BARRIER LOAD/BAG OFFLOAD ROBOT (R2)",,"R2:O.DATA[1].20"
COMMENT,,R2:O,"STAGE BIT #4$NFROM PLC TO ROBOT$N(DI 53)$N BARRIER LOAD/BAG OFFLOAD ROBOT (R2)",,"R2:O.DATA[1].21"
COMMENT,,R2:O,"BARRIER TYPE BIT #1$NFROM PLC TO ROBOT$N(DI 54)$N BARRIER LOAD/BAG OFFLOAD ROBOT (R2)",,"R2:O.DATA[1].22"
COMMENT,,R2:O,"BARRIER TYPE BIT #2$NFROM PLC TO ROBOT$N(DI 55)$N BARRIER LOAD/BAG OFFLOAD ROBOT (R2)",,"R2:O.DATA[1].23"
COMMENT,,R2:O,"BARRIER TYPE BIT #3$NFROM PLC TO ROBOT$N(DI 56)$N BARRIER LOAD/BAG OFFLOAD ROBOT (R2)",,"R2:O.DATA[1].24"
TAG,,DRV02:I,"BARRIER INFEED MAGAZINE SERVO","AB:K300:I:0","",""
COMMENT,,DRV02:I,"DRIVE ENABLED$NBARRIER INFEED MAGAZINE",,"DRV02:I.DRIVEEN"
COMMENT,,DRV02:I,"DRIVE FAULTED$NBARRIER INFEED MAGAZINE",,"DRV02:I.PHYSICALAXISFAULT"
COMMENT,,DRV02:I,"DRIVE IS INDEXING$NBARRIER INFEED MAGAZINE",,"DRV02:I.INDEXINGSTATUS"
COMMENT,,DRV02:I,"DRIVE HAS STOPPED MOVING$NBARRIER INFEED MAGAZINE",,"DRV02:I.MOTIONCOMPLETE"
COMMENT,,DRV02:I,"DRIVE IS HOMING$NBARRIER INFEED MAGAZINE",,"DRV02:I.HOMINGSTATUS"
COMMENT,,DRV02:I,"DRIVE HAS COMPLETED HOMING REGISTRATION$NBARRIER INFEED MAGAZINE",,"DRV02:I.AXISHOMEDSTATUS"
COMMENT,,DRV02:I,"HOME POSITION SENSOR$NBARRIER INFEED MAGAZINE",,"DRV02:I.DIGITALINPUTB1STATUS"
COMMENT,,DRV02:I,"TORQUE SAFE INPUT$NBARRIER INFEED MAGAZINE",,"DRV02:I.DIGITALINPUTB2STATUS"
COMMENT,,DRV02:I,"HOME SENSOR$NBARRIER INFEED MAGAZINE",,"DRV02:I.DIGITALINPUTC3STATUS"
COMMENT,,DRV02:I,"DRIVE VELOCITY$NBARRIER INFEED MAGAZINE",,"DRV02:I.ACTUALVELOCITY"
COMMENT,,DRV02:I,"CURRENT POSITION$NBARRIER INFEED MAGAZINE",,"DRV02:I.ACTUALPOSITION"
COMMENT,,DRV02:I,"RESET DRIVE STATUS$NINPUT BACK TO PLC$NBARRIER INFEED MAGAZINE",,"DRV02:I.USERDEFINEDINTEGERDATA0"
COMMENT,,DRV02:I,"SERVO INDEX NUMBER STATUS$NINPUT BACK TO PLC$NBARRIER INFEED MAGAZINE",,"DRV02:I.USERDEFINEDINTEGERDATA1"
TAG,,DRV02:O,"BARRIER INFEED MAGAZINE SERVO","AB:K300:O:0","",""
COMMENT,,DRV02:O,"ABORT MOVE$NBARRIER INFEED MAGAZINE",,"DRV02:O.ABORTINDEX"
COMMENT,,DRV02:O,"START MOVING$NBARRIER INFEED MAGAZINE",,"DRV02:O.STARTMOTION"
COMMENT,,DRV02:O,"DEFINE HOME$NBARRIER INFEED MAGAZINE",,"DRV02:O.DEFINEHOME"
COMMENT,,DRV02:O,"START HOMING SERVO BARRIER INFEED MAGAZINE",,"DRV02:O.STARTHOMING"
COMMENT,,DRV02:O,"ENABLE DRIVE$NBARRIER INFEED MAGAZINE",,"DRV02:O.DRIVEEN"
COMMENT,,DRV02:O,"SERVO START INDEX NUMBER $NBARRIER INFEED MAGAZINE$N$N0= HOME OFFSET$N5=INDEX POSITION",,"DRV02:O.STARTINGINDEX"
COMMENT,,DRV02:O,"1 =JOG 6 = INDEX BARRIER INFEED MAGAZINE",,"DRV02:O.REFERENCESOURCE"
COMMENT,,DRV02:O,"JOG SPEED BARRIER INFEED MAGAZINE",,"DRV02:O.COMMANDCURRENTORVELOCITY"
COMMENT,,DRV02:O,"RESET DRIVE$NBARRIER INFEED MAGAZINE",,"DRV02:O.USERDEFINEDINTEGERDATA0"
TAG,,R1:C,"","AB:ETHERNET_MODULE:C:0","",""
TAG,,R1:I,"BAG LOAD ROBOT (R1)$NOUTPUTS FROM ROBOT$NINPUTS TO PLC","AB:ETHERNET_MODULE_DINT_8Bytes:I:0","",""
COMMENT,,R1:I,"BAG LOAD ROBOT (R1)$NOUTPUTS",,"R1:I.DATA"
COMMENT,,R1:I,"BAG LOAD ROBOT (R1)$NOUTPUT WORD 1",,"R1:I.DATA[0]"
COMMENT,,R1:I,"SNO BIT 1$N(UO 11)$N BAG LOAD ROBOT (R1)",,"R1:I.DATA[0].0"
COMMENT,,R1:I,"SNO BIT 2$N(UO 12)$N BAG LOAD ROBOT (R1)",,"R1:I.DATA[0].1"
COMMENT,,R1:I,"SNO BIT 3 $N(UO 13)$NBAG LOAD ROBOT (R1)",,"R1:I.DATA[0].2"
COMMENT,,R1:I,"SNO BIT 4$N(UO 14)$N BAG LOAD ROBOT (R1)",,"R1:I.DATA[0].3"
COMMENT,,R1:I,"SNO BIT 5 $N(UO 15)$NBAG LOAD ROBOT (R1)",,"R1:I.DATA[0].4"
COMMENT,,R1:I,"SNO BIT 6 $N(UO 16)$NBAG LOAD ROBOT (R1)",,"R1:I.DATA[0].5"
COMMENT,,R1:I,"SNO BIT 7 $N(UO 17)$NBAG LOAD ROBOT (R1)",,"R1:I.DATA[0].6"
COMMENT,,R1:I,"FAULT $N(UO 6)$NBAG LOAD ROBOT (R1)",,"R1:I.DATA[0].7"
COMMENT,,R1:I,"TP ENABLE $N(UO 8)$NBAG LOAD ROBOT (R1)",,"R1:I.DATA[0].8"
COMMENT,,R1:I,"BATTERY LOW ALARM $N(UO 9)$NBAG LOAD ROBOT (R1)",,"R1:I.DATA[0].9"
COMMENT,,R1:I,"COMMAND ENABLE$N(UO 1)$NBAG LOAD ROBOT (R1)",,"R1:I.DATA[0].10"
COMMENT,,R1:I,"AT HOME$N(UO 7)$NBAG LOAD ROBOT (R1)",,"R1:I.DATA[0].11"
COMMENT,,R1:I,"PNS STARTED $N(DO 13)$NBAG LOAD ROBOT (R1)",,"R1:I.DATA[0].13"
COMMENT,,R1:I,"PNS DONE$N(DO 18)$NBAG LOAD ROBOT (R1)",,"R1:I.DATA[0].18"
COMMENT,,R1:I,"BAG PICKED FROM$NINFEED CONVEYOR$N(DO 20)$NBAG LOAD ROBOT (R1)",,"R1:I.DATA[0].20"
COMMENT,,R1:I,"BAG READY TO LOAD ON MAIN DIAL$N(DO 22)$NBAG LOAD ROBOT (R1)",,"R1:I.DATA[0].22"
COMMENT,,R1:I,"BAG LOADED ONTO$N MAIN DIAL$N(DO 23)$NBAG LOAD ROBOT (R1)",,"R1:I.DATA[0].23"
COMMENT,,R1:I,"OPERATOR BOX$NAUTO SWITCH$N(DO 24)$NBAG LOAD ROBOT (R1)",,"R1:I.DATA[0].24"
COMMENT,,R1:I,"INPUTS SIMULATED$N(DO 25)$NBAG LOAD ROBOT (R1)",,"R1:I.DATA[0].25"
COMMENT,,R1:I,"ROBOT IS CLEAR$NOF MAIN DIAL$N (DO 26) $NBAG LOAD ROBOT (R1)",,"R1:I.DATA[0].26"
COMMENT,,R1:I,"ROBOT IS CLEAR OF CONVEYOR (DO 27) BAG LOAD ROBOT (R1)",,"R1:I.DATA[0].27"
COMMENT,,R1:I,"ROBOT IS CLEAR OF VISION (DO 29)$NBAG LOAD ROBOT (R1)",,"R1:I.DATA[0].29"
COMMENT,,R1:I,"ROBOT ESTOP$NTEACH PENDANT$NE-STOP PRESSED = 1$NE-STOP PULLED = 0$N(DO 30)$NBAG LOAD ROBOT (R1)",,"R1:I.DATA[0].30"
COMMENT,,R1:I,"BAG LOAD ROBOT (R1)$NOUTPUT WORD 2",,"R1:I.DATA[1]"
COMMENT,,R1:I,"BAG VISION PASSED$NINFEED CONVEYOR$N(DO 32)$NBAG LOAD ROBOT (R1)",,"R1:I.DATA[1].0"
COMMENT,,R1:I,"BAG VISION FAILED$NINFEED CONVEYOR$N(DO 33)$NBAG LOAD ROBOT (R1)",,"R1:I.DATA[1].1"
COMMENT,,R1:I,"RELEASE BAG TO PLC$N(DO 36)$NBAG LOAD ROBOT (R1)",,"R1:I.DATA[1].4"
COMMENT,,R1:I,"PICK BAG TO PLC$N(DO 37)$NBAG LOAD ROBOT (R1)",,"R1:I.DATA[1].5"
COMMENT,,R1:I,"CLAMP BAG TO PLC$N(DO 40)$NBAG LOAD ROBOT (R1)",,"R1:I.DATA[1].8"
COMMENT,,R1:I,"TOOL CHANGE POSITION$N(DO 49)$NBAG LOAD ROBOT (R1)",,"R1:I.DATA[1].17"
TAG,,R1:O,"BAG LOAD ROBOT (R1)$NINPUTS TO ROBOT$NOUTPUTS FROM PLC","AB:ETHERNET_MODULE_DINT_8Bytes:O:0","",""
COMMENT,,R1:O,"BAG LOAD ROBOT (R1)$NINPUTS",,"R1:O.DATA"
COMMENT,,R1:O,"BAG LOAD ROBOT (R1)$NINPUT WORD 1",,"R1:O.DATA[0]"
COMMENT,,R1:O,"IMSTD$N(UI 1)$NBAG LOAD ROBOT (R1)",,"R1:O.DATA[0].1"
COMMENT,,R1:O,"HOLD$N(UI 2)$NBAG LOAD ROBOT (R1)",,"R1:O.DATA[0].2"
COMMENT,,R1:O,"SFSPD$N(UI 3)$NBAG LOAD ROBOT (R1)",,"R1:O.DATA[0].3"
COMMENT,,R1:O,"CSTOP$N(UI 4)$NBAG LOAD ROBOT (R1)",,"R1:O.DATA[0].4"
COMMENT,,R1:O,"FAULT RESET $N(UI 5)$NBAG LOAD ROBOT (R1)",,"R1:O.DATA[0].5"
COMMENT,,R1:O,"HOME (UI 7)$NBAG LOAD ROBOT (R1)",,"R1:O.DATA[0].7"
COMMENT,,R1:O,"ENABLE$N(UI 8)$NBAG LOAD ROBOT (R1)",,"R1:O.DATA[0].8"
COMMENT,,R1:O,"PNS STROBE 1 (UI 9)$NBAG LOAD ROBOT (R1)",,"R1:O.DATA[0].9"
COMMENT,,R1:O,"PNS STROBE 2 (UI 10)$NBAG LOAD ROBOT (R1)",,"R1:O.DATA[0].10"
COMMENT,,R1:O,"PNS STROBE 3 (UI 11)$NBAG LOAD ROBOT (R1)",,"R1:O.DATA[0].11"
COMMENT,,R1:O,"PNS STROBE 4 (UI 12)$NBAG LOAD ROBOT (R1)",,"R1:O.DATA[0].12"
COMMENT,,R1:O,"PNS STROBE 5 (UI 13)$NBAG LOAD ROBOT (R1)",,"R1:O.DATA[0].13"
COMMENT,,R1:O,"PNS STROBE 6 (UI 14)$NBAG LOAD ROBOT (R1)",,"R1:O.DATA[0].14"
COMMENT,,R1:O,"PNS STROBE 7 (UI 15)$NBAG LOAD ROBOT (R1)",,"R1:O.DATA[0].15"
COMMENT,,R1:O,"PNS STROBE$N(UI 17)$NBAG LOAD ROBOT (R1)",,"R1:O.DATA[0].17"
COMMENT,,R1:O,"PROD START$N(UI 18)$NBAG LOAD ROBOT (R1)",,"R1:O.DATA[0].18"
COMMENT,,R1:O,"(DI 19)$NBAG LOAD ROBOT (R1)",,"R1:O.DATA[0].19"
COMMENT,,R1:O,"BAG PICK REQUEST FROM INFEED $NCONVEYOR$N(DI 20)$NBAG LOAD ROBOT (R1)",,"R1:O.DATA[0].20"
COMMENT,,R1:O,"BAG GRIPPER IN $NBAG PICKED$NPOSITION$N(DI 21)$NBAG LOAD ROBOT (R1)",,"R1:O.DATA[0].21"
COMMENT,,R1:O,"BAG GRIPPER IN $NBAG RELEASED$NPOSITION$N(DI 22)$NBAG LOAD ROBOT (R1)",,"R1:O.DATA[0].22"
COMMENT,,R1:O,"BAG LOAD REQUEST FROM BAG LOAD STATION$N(DI 23)$NBAG LOAD ROBOT (R1)",,"R1:O.DATA[0].23"
COMMENT,,R1:O,"ROBOT SHUTDOWN$NREQUEST$N(DI 24)$NBAG LOAD ROBOT (R1)",,"R1:O.DATA[0].24"
COMMENT,,R1:O,"BAG VISION REQUEST FROM INFEED $NCONVEYOR$N(DI 26)$NBAG LOAD ROBOT (R1)",,"R1:O.DATA[0].26"
COMMENT,,R1:O,"TOOL CHANGE REQUEST $N(DI 31)$NBAG LOAD ROBOT (R1)",,"R1:O.DATA[0].31"
COMMENT,,R1:O,"INPUT WORD 2$NBAG LOAD ROBOT (R1)",,"R1:O.DATA[1]"
COMMENT,,R1:O,"ROBOT SEQUENCE ERROR$N(DI 35)$NBAG LOAD ROBOT (R1)",,"R1:O.DATA[1].3"
COMMENT,,R1:O,"BAG CLAMP RETRACTED$NFROM PLC TO ROBOT$N(DI 40)$NBAG LOAD ROBOT (R1)",,"R1:O.DATA[1].8"
COMMENT,,R1:O,"SNF TYPE VISION PROGRAM$NBIT #1$NFROM PLC TO ROBOT$N(DI 46)$NBAG LOAD ROBOT (R1)",,"R1:O.DATA[1].14"
COMMENT,,R1:O,"SNF TYPE VISION PROGRAM$NBIT #2$NFROM PLC TO ROBOT$N(DI 47)$NBAG LOAD ROBOT (R1)",,"R1:O.DATA[1].15"
COMMENT,,R1:O,"SNF TYPE VISION PROGRAM$NBIT #3$NFROM PLC TO ROBOT$N(DI 48)$NBAG LOAD ROBOT (R1)",,"R1:O.DATA[1].16"
COMMENT,,R1:O,"SNF TYPE VISION PROGRAM$NBIT #4$NFROM PLC TO ROBOT$N(DI 49)$NBAG LOAD ROBOT (R1)",,"R1:O.DATA[1].17"
COMMENT,,R1:O,"BAG LOAD ROBOT (R1)$NINPUTS TO ROBOT$NOUTPUTS FROM PLC INPUT WORD 2$NBAG LOAD ROBOT (R1)",,"R1:O.DATA[1].21"
COMMENT,,R1:O,"RIGID TYPE VISION PROGRAM$NBIT #1$NFROM PLC TO ROBOT$N(DI 54)$NBAG LOAD ROBOT (R1)",,"R1:O.DATA[1].22"
COMMENT,,R1:O,"RIGID TYPE VISION PROGRAM$NBIT #2$NFROM PLC TO ROBOT$N(DI 55)$NBAG LOAD ROBOT (R1)",,"R1:O.DATA[1].23"
COMMENT,,R1:O,"RIGID TYPE VISION PROGRAM$NBIT #3$NFROM PLC TO ROBOT$N(DI 56)$NBAG LOAD ROBOT (R1)",,"R1:O.DATA[1].24"
COMMENT,,R1:O,"RIGID TYPE VISION PROGRAM$NBIT #4$NFROM PLC TO ROBOT$N(DI 57)$NBAG LOAD ROBOT (R1)",,"R1:O.DATA[1].25"
COMMENT,,R1:O,"RIGID TYPE VISION PROGRAM$NBIT #5$NFROM PLC TO ROBOT$N(DI 58)$NBAG LOAD ROBOT (R1)",,"R1:O.DATA[1].26"
COMMENT,,R1:O,"ROBOT LOADING $NBAG TYPE$NBIT #1$NFROM PLC TO ROBOT$N(DI 59)$NBAG LOAD ROBOT (R1)",,"R1:O.DATA[1].27"
COMMENT,,R1:O,"ROBOT LOADING $NBAG TYPE$NBIT #2$NFROM PLC TO ROBOT$N(DI 60)$NBAG LOAD ROBOT (R1)",,"R1:O.DATA[1].28"
COMMENT,,R1:O,"ROBOT LOADING $NBAG TYPE$NBIT #3$NFROM PLC TO ROBOT$N(DI 61)$NBAG LOAD ROBOT (R1)",,"R1:O.DATA[1].29"
TAG,,DRV08:C,"","AB:ETHERNET_MODULE:C:0","",""
TAG,,DRV08:I,"NETWORK INPUT DATA$N$NBAG GRIPPER STEPPER","AB:ETHERNET_MODULE_INT_20Bytes:I:0","",""
COMMENT,,DRV08:I,"NETWORK INPUT DATA$N$NBAG GRIPPER STEPPER",,"DRV08:I.DATA"
COMMENT,,DRV08:I,"NETWORK INPUT DATA$NWORD 0$N$NBAG GRIPPER STEPPER",,"DRV08:I.DATA[0]"
COMMENT,,DRV08:I,"COMMAND: CW MOVE$N$NCONFIG: INPUT 1 CONFIG BIT 1$N$NBAG GRIPPER STEPPER",,"DRV08:I.DATA[0].0"
COMMENT,,DRV08:I,"COMMAND: CCW MOVE$N$NCONFIG: INPUT 1 CONFIG BIT 2$N$NBAG GRIPPER STEPPER",,"DRV08:I.DATA[0].1"
COMMENT,,DRV08:I,"COMMAND: HOLD STATE$N$NCONFIG: INPUT 1 CONFIG BIT 3$N$NBAG GRIPPER STEPPER",,"DRV08:I.DATA[0].2"
COMMENT,,DRV08:I,"COMMAND: AXIS STOPPED$N$NCONFIG: INPUT 2 CONFIG BIT 1$N$NBAG GRIPPER STEPPER",,"DRV08:I.DATA[0].3"
COMMENT,,DRV08:I,"COMMAND: HOMING COMPLETE$N$NCONFIG: INPUT 2 CONFIG BIT 2$N$NBAG GRIPPER STEPPER",,"DRV08:I.DATA[0].4"
COMMENT,,DRV08:I,"COMMAND: ACCELERATING BIT$N$NCONFIG: INPUT 2 CONFIG BIT 3$N$NBAG GRIPPER STEPPER",,"DRV08:I.DATA[0].5"
COMMENT,,DRV08:I,"COMMAND: DECELERATING BIT$N$NCONFIG: INPUT 3 CONFIG BIT 1$N$NBAG GRIPPER STEPPER",,"DRV08:I.DATA[0].6"
COMMENT,,DRV08:I,"COMMAND: MOVE COMPLETE $N$NCONFIG: INPUT 3 CONFIG BIT 2$N$NBAG GRIPPER STEPPER",,"DRV08:I.DATA[0].7"
COMMENT,,DRV08:I,"COMMAND: BLEND MOVE PROGRAM MODE$N$NCONFIG: INPUT 3 CONFIG BIT 3$N$NBAG GRIPPER STEPPER",,"DRV08:I.DATA[0].8"
COMMENT,,DRV08:I,"COMMAND: TRANSMIT BLEND MOVE SEGMENT$N$NCONFIG: MUST=0$N$NBAG GRIPPER STEPPER",,"DRV08:I.DATA[0].9"
COMMENT,,DRV08:I,"COMMAND: POSITION INVALID$N$NCONFIG: QUAD ENCODER ENABLE$N$NBAG GRIPPER STEPPER",,"DRV08:I.DATA[0].10"
COMMENT,,DRV08:I,"COMMAND:INPUT ERROR$N$NCONFIG: HOME PROX BIT ENABLE$N$NBAG GRIPPER STEPPER",,"DRV08:I.DATA[0].11"
COMMENT,,DRV08:I,"COMMAND: COMMAND ERROR$N$NCONFIG: MUST = 0$N$NBAG GRIPPER STEPPER",,"DRV08:I.DATA[0].12"
COMMENT,,DRV08:I,"COMMAND: CONFIGURATION ERROR$N$NCONFIG: STALL DETECTION ENABLE$N$NBAG GRIPPER STEPPER",,"DRV08:I.DATA[0].13"
COMMENT,,DRV08:I,"COMMAND: CONTROLLER OK$N$NCONFIG: ANTI RESONANCE ENABLE$N$NBAG GRIPPER STEPPER",,"DRV08:I.DATA[0].14"
COMMENT,,DRV08:I,"MODE FLAG$NCOMMAND MODE=0$N$N CONFIG MODE=1$N$NBAG GRIPPER STEPPER",,"DRV08:I.DATA[0].15"
COMMENT,,DRV08:I,"NETWORK INPUT DATA$NWORD 1$N$NBAG GRIPPER STEPPER",,"DRV08:I.DATA[1]"
COMMENT,,DRV08:I,"COMMAND: ESTOP ACTIVE STATE = 1$N$NCONFIG: ESTOP$NACTIVE STATE$N$NBAG GRIPPER STEPPER",,"DRV08:I.DATA[1].0"
COMMENT,,DRV08:I,"COMMAND: GRIPPER HOME $N$NCONFIG: INPUT 2 ACTIVE LEVEL$N$NBAG GRIPPER STEPPER",,"DRV08:I.DATA[1].1"
COMMENT,,DRV08:I,"COMMAND: INPUT 3 ACTIVE STATE$N$NCONFIG: INPUT 3 ACTIVE LEVEL$N$NBAG GRIPPER STEPPER",,"DRV08:I.DATA[1].2"
COMMENT,,DRV08:I,"COMMAND: MUST = 0$N$NCONFIG: MUST = 0$N$NBAG GRIPPER STEPPER",,"DRV08:I.DATA[1].3"
COMMENT,,DRV08:I,"COMMAND: MUST = 0$N$NCONFIG: MUST = 0$N$NBAG GRIPPER STEPPER",,"DRV08:I.DATA[1].4"
COMMENT,,DRV08:I,"COMMAND: PLC STATE BIT$N$NCONFIG: MUST = 0$N$NBAG GRIPPER STEPPER",,"DRV08:I.DATA[1].5"
COMMENT,,DRV08:I,"COMMAND: NETWORK LOST ERROR$N$NCONFIG: MUST = 0$N$NBAG GRIPPER STEPPER",,"DRV08:I.DATA[1].6"
COMMENT,,DRV08:I,"COMMAND: DRIVER FAULT$N$NCONFIG: MUST = 0$N$NBAG GRIPPER STEPPER",,"DRV08:I.DATA[1].7"
COMMENT,,DRV08:I,"COMMAND: MUST = 0$N$NCONFIG: MUST = 0$N$NBAG GRIPPER STEPPER",,"DRV08:I.DATA[1].8"
COMMENT,,DRV08:I,"COMMAND: INVALID PARAMETER CHANGE$N$NCONFIG: MUST = 0$N$NBAG GRIPPER STEPPER",,"DRV08:I.DATA[1].9"
COMMENT,,DRV08:I,"COMMAND: LIMIT CONDITION ACTIVE$N$NCONFIG: MUST = 0$N$NBAG GRIPPER STEPPER",,"DRV08:I.DATA[1].10"
COMMENT,,DRV08:I,"COMMAND: MUST = 0$N$NCONFIG: MUST = 0$N$NBAG GRIPPER STEPPER",,"DRV08:I.DATA[1].11"
COMMENT,,DRV08:I,"COMMAND: MUST = 0$N$NCONFIG: STATE OF OUTPUT 1 WHEN NETWORK COMM LOST$N$NBAG GRIPPER STEPPER",,"DRV08:I.DATA[1].12"
COMMENT,,DRV08:I,"COMMAND: OUTPUT 1 STATE$N$NCONFIG: OUTPUT 1 WHEN NETWORK COMM LOST$N$NBAG GRIPPER STEPPER",,"DRV08:I.DATA[1].13"
COMMENT,,DRV08:I,"COMMAND: MOTOR STALL DETECTED$N$NCONFIG: OUTPUT 1 FUNCTIONALITY BIT$N$NBAG GRIPPER STEPPER",,"DRV08:I.DATA[1].14"
COMMENT,,DRV08:I,"COMMAND: DRIVE ENABLED$N$NCONFIG: DRIVE$NENABLED$N$NBAG GRIPPER STEPPER",,"DRV08:I.DATA[1].15"
COMMENT,,DRV08:I,"COMMAND: MOTOR POSITION$NUPPER WORD$N$NCONFIG: START SPEED$NUPPER WORD$N$NBAG GRIPPER STEPPER",,"DRV08:I.DATA[2]"
COMMENT,,DRV08:I,"COMMAND: MOTOR POSITION$NLOWER WORD$N$NCONFIG: START SPEED$NLOWER WORD$N$NBAG GRIPPER STEPPER",,"DRV08:I.DATA[3]"
COMMENT,,DRV08:I,"COMMAND: ENCODER POSITION$NUPPER WORD$N$NCONFIG: MOTOR STEPS/TURN$N$NBAG GRIPPER STEPPER",,"DRV08:I.DATA[4]"
COMMENT,,DRV08:I,"COMMAND: ENCODER POSITION$NLOWER WORD$N$NCONFIG: MUST = 0000h$N$NBAG GRIPPER STEPPER",,"DRV08:I.DATA[5]"
COMMENT,,DRV08:I,"COMMAND: CAPTURED ENCODER POSITION$NUPPER WORD$N$NCONFIG: ENCODER PULSES/TURN$N$NBAG GRIPPER STEPPER",,"DRV08:I.DATA[6]"
COMMENT,,DRV08:I,"COMMAND: CAPTURED ENCODER POSITION$NLOWER WORD$N$NCONFIG: IDLE CURRENT 0-100%$N$NBAG GRIPPER STEPPER",,"DRV08:I.DATA[7]"
COMMENT,,DRV08:I,"COMMAND:MOTOR CURRENT(X10)$N10-60 EVEN ONLY$N$NCONFIG: MOTOR CURRENT(X10)$N10-60 EVEN ONLY$N$NBAG GRIPPER STEPPER",,"DRV08:I.DATA[8]"
COMMENT,,DRV08:I,"COMMAND:ACCEL JERK$N0-5000$N$NCONFIG: CURRENT LOOP GAIN 1-40$N$NBAG GRIPPER STEPPER",,"DRV08:I.DATA[9]"
TAG,,DRV08:O,"NETWORK OUTPUT DATA$N$NBAG GRIPPER STEPPER","AB:ETHERNET_MODULE_INT_20Bytes:O:0","",""
COMMENT,,DRV08:O,"NETWORK OUTPUT DATA$N$NBAG GRIPPER STEPPER",,"DRV08:O.DATA"
COMMENT,,DRV08:O,"NETWORK OUTPUT DATA$NWORD 0$N$NBAG GRIPPER STEPPER",,"DRV08:O.DATA[0]"
COMMENT,,DRV08:O,"COMMAND: ABSOULTE MOVE$N$NCONFIG: INPUT 1 CONFIG BIT 1$N$NBAG GRIPPER STEPPER",,"DRV08:O.DATA[0].0"
COMMENT,,DRV08:O,"COMMAND: RELATIVE MOVE$N$NCONFIG: INPUT 1 CONFIG BIT 2$N$NBAG GRIPPER STEPPER",,"DRV08:O.DATA[0].1"
COMMENT,,DRV08:O,"COMMAND: HOLD$N$NCONFIG: INPUT 1 CONFIG BIT 3$N$NBAG GRIPPER STEPPER",,"DRV08:O.DATA[0].2"
COMMENT,,DRV08:O,"COMMAND: RESUME$N$NCONFIG: INPUT 2 CONFIG BIT 1$N$NBAG GRIPPER STEPPER",,"DRV08:O.DATA[0].3"
COMMENT,,DRV08:O,"COMMAND: IMMEDIATE STOP$N$NCONFIG: INPUT 2 CONFIG BIT 2$N$NBAG GRIPPER STEPPER",,"DRV08:O.DATA[0].4"
COMMENT,,DRV08:O,"COMMAND: FIND HOME CW$N$NCONFIG: INPUT 2 CONFIG BIT 3$N$NBAG GRIPPER STEPPER",,"DRV08:O.DATA[0].5"
COMMENT,,DRV08:O,"COMMAND: FIND HOME CCW$N$NCONFIG: INPUT 3 CONFIG BIT 1$N$NBAG GRIPPER STEPPER",,"DRV08:O.DATA[0].6"
COMMENT,,DRV08:O,"COMMAND: CW$NMANUAL MOVE$N$NCONFIG: INPUT 3 CONFIG BIT 2$N$NBAG GRIPPER STEPPER",,"DRV08:O.DATA[0].7"
COMMENT,,DRV08:O,"COMMAND: CCW$NMANUAL MOVE$N$NCONFIG: INPUT 3 CONFIG BIT 3$N$NBAG GRIPPER STEPPER",,"DRV08:O.DATA[0].8"
COMMENT,,DRV08:O,"COMMAND: PRESET MOTOR POSITION TO WORDS 2 & 3$N$NCONFIG: MUST=0$N$NBAG GRIPPER STEPPER",,"DRV08:O.DATA[0].9"
COMMENT,,DRV08:O,"COMMAND:CLEAR ERRORS$N$NCONFIG: QUAD ENCODER ENABLE$N$NBAG GRIPPER STEPPER",,"DRV08:O.DATA[0].10"
COMMENT,,DRV08:O,"COMMAND:PROGRAM BLEND MOVE BIT 1$N$NCONFIG: HOME PROX BIT ENABLE$N$NBAG GRIPPER STEPPER",,"DRV08:O.DATA[0].11"
COMMENT,,DRV08:O,"COMMAND: READ BLEND DATA$N$NCONFIG: MUST = 0$N$NBAG GRIPPER STEPPER",,"DRV08:O.DATA[0].12"
COMMENT,,DRV08:O,"COMMAND:RUN BLEND MOVE$N$NCONFIG: STALL DETECTION ENABLE$N$NBAG GRIPPER STEPPER",,"DRV08:O.DATA[0].13"
COMMENT,,DRV08:O,"COMMAND: PRESET ENCODER POSITION TO WORDS 2 & 3$N$NCONFIG: ANTI RESONANCE ENABLE$N$NBAG GRIPPER STEPPER",,"DRV08:O.DATA[0].14"
COMMENT,,DRV08:O,"COMMAND MODE = 0$N$NCONFIG MODE = 1$N$NBAG GRIPPER STEPPER",,"DRV08:O.DATA[0].15"
COMMENT,,DRV08:O,"NETWORK OUTPUT DATA$NWORD 1$N$NBAG GRIPPER STEPPER",,"DRV08:O.DATA[1]"
COMMENT,,DRV08:O,"COMMAND: MOTOR CURRENT KEY 0$N$NCONFIG: INPUT 1 ACTIVE LEVEL$N$NBAG GRIPPER STEPPER",,"DRV08:O.DATA[1].0"
COMMENT,,DRV08:O,"COMMAND: MOTOR CURRENT KEY 1$N$NCONFIG: INPUT 2 ACTIVE LEVEL$N$NBAG GRIPPER STEPPER",,"DRV08:O.DATA[1].1"
COMMENT,,DRV08:O,"COMMAND: ENCODER MOVE$N$NCONFIG: INPUT 3 ACTIVE LEVEL$N$NBAG GRIPPER STEPPER",,"DRV08:O.DATA[1].2"
COMMENT,,DRV08:O,"COMMAND: MUST = 0$N$NCONFIG: MUST = 0$N$NBAG GRIPPER STEPPER",,"DRV08:O.DATA[1].3"
COMMENT,,DRV08:O,"COMMAND: BLEND MOVE DIRECTION$NCW = 0$NCCW=1$N$NCONFIG: MUST = 0$N$NBAG GRIPPER STEPPER",,"DRV08:O.DATA[1].4"
COMMENT,,DRV08:O,"COMMAND: MOTOR CURRENT KEY 2$N$NCONFIG: MUST = 0$N$NBAG GRIPPER STEPPER",,"DRV08:O.DATA[1].5"
COMMENT,,DRV08:O,"COMMAND: ENABLE ELECTRONIC GEARING MODE$N$NCONFIG: MUST = 0$N$NBAG GRIPPER STEPPER",,"DRV08:O.DATA[1].6"
COMMENT,,DRV08:O,"COMMAND: MUST = 0$N$NCONFIG: MUST = 0$N$NBAG GRIPPER STEPPER",,"DRV08:O.DATA[1].7"
COMMENT,,DRV08:O,"COMMAND: MUST = 0$N$NCONFIG: MUST = 0$N$NBAG GRIPPER STEPPER",,"DRV08:O.DATA[1].8"
COMMENT,,DRV08:O,"COMMAND: MUST = 0$N$NCONFIG: MUST = 0$N$NBAG GRIPPER STEPPER",,"DRV08:O.DATA[1].9"
COMMENT,,DRV08:O,"COMMAND: MUST = 0$N$NCONFIG: MUST = 0$N$NBAG GRIPPER STEPPER",,"DRV08:O.DATA[1].10"
COMMENT,,DRV08:O,"COMMAND: HOME PROX BIT$N$NCONFIG: MUST = 0$N$NBAG GRIPPER STEPPER",,"DRV08:O.DATA[1].11"
COMMENT,,DRV08:O,"COMMAND: MUST = 0$N$NCONFIG: STATE OF OUTPUT 1 WHEN NETWORK COMM LOST$N$NBAG GRIPPER STEPPER",,"DRV08:O.DATA[1].12"
COMMENT,,DRV08:O,"COMMAND: GEN PURPOSE OUTPUT BIT$N$NCONFIG: OUTPUT 1 WHEN NETWORK COMM LOST$N$NBAG GRIPPER STEPPER",,"DRV08:O.DATA[1].13"
COMMENT,,DRV08:O,"COMMAND: MUST = 0$N$NCONFIG: OUTPUT 1 FUNCTIONALITY BIT$N$NBAG GRIPPER STEPPER",,"DRV08:O.DATA[1].14"
COMMENT,,DRV08:O,"COMMAND: DRIVE ENABLE$N$NCONFIG: DRIVE$NENABLE$N$NBAG GRIPPER STEPPER",,"DRV08:O.DATA[1].15"
COMMENT,,DRV08:O,"COMMAND: TARGET POSITION$N UPPER WORD$N$NCONFIG: START SPEED$NUPPER WORD$N$NBAG GRIPPER STEPPER",,"DRV08:O.DATA[2]"
COMMENT,,DRV08:O,"COMMAND: TARGET POSITION$NLOWER WORD$N$NCONFIG: START SPEED$NLOWER WORD$N$NBAG GRIPPER STEPPER",,"DRV08:O.DATA[3]"
COMMENT,,DRV08:O,"COMMAND:PROG SPEED$NUPPER WORD$N$NCONFIG: MOTOR STEPS/TURN$N$NBAG GRIPPER STEPPER",,"DRV08:O.DATA[4]"
COMMENT,,DRV08:O,"COMMAND:PROG SPEED$NLOWER WORD$N$NCONFIG: MUST = 0000h$N$NBAG GRIPPER STEPPER",,"DRV08:O.DATA[5]"
COMMENT,,DRV08:O,"COMMAND:ACCELERATION 1-5000 STEPS/MS/SEC$N$NCONFIG: ENCODER PULSES/TURN$N$NBAG GRIPPER STEPPER",,"DRV08:O.DATA[6]"
COMMENT,,DRV08:O,"COMMAND:DECELERATION 1-5000 STEPS/MS/SEC$N$NCONFIG: IDLE CURRENT 0-100%$N$NBAG GRIPPER STEPPER",,"DRV08:O.DATA[7]"
COMMENT,,DRV08:O,"COMMAND:MOTOR CURRENT(X10)$N10-60 EVEN ONLY$N$NCONFIG: MOTOR CURRENT(X10)$N10-60 EVEN ONLY$N$NBAG GRIPPER STEPPER",,"DRV08:O.DATA[8]"
COMMENT,,DRV08:O,"COMMAND:ACCEL JERK$N0-5000$N$NCONFIG: CURRENT LOOP GAIN 1-40$N$NBAG GRIPPER STEPPER",,"DRV08:O.DATA[9]"
TAG,,DRV05:I,"BARRIER PICK-N-PLACE/CORONA TREAT SERVO","AB:K300:I:0","",""
COMMENT,,DRV05:I,"DRIVE ENABLED$NBARRIER PICK-N-PLACE/$NCORONA TREAT",,"DRV05:I.DRIVEEN"
COMMENT,,DRV05:I,"BASE DRIVE FAULTED$NBARRIER PICK-N-PLACE/$NCORONA TREAT",,"DRV05:I.PHYSICALAXISFAULT"
COMMENT,,DRV05:I,"BASE DRIVE IS INDEXING$NBARRIER PICK-N-PLACE/$NCORONA TREAT",,"DRV05:I.INDEXINGSTATUS"
COMMENT,,DRV05:I,"BASE DRIVE HAS STOPPED MOVING$NBARRIER PICK-N-PLACE/$NCORONA TREAT",,"DRV05:I.MOTIONCOMPLETE"
COMMENT,,DRV05:I,"DRIVE IS HOMING$NBARRIER PICK-N-PLACE/$NCORONA TREAT",,"DRV05:I.HOMINGSTATUS"
COMMENT,,DRV05:I,"DRIVE HAS COMPLETED HOMING REGISTRATION$NBARRIER PICK-N-PLACE/$NCORONA TREAT",,"DRV05:I.AXISHOMEDSTATUS"
COMMENT,,DRV05:I,"HOME POSITION SENSOR$NBASE DRIVE$NBARRIER PICK-N-PLACE/$NCORONA TREAT",,"DRV05:I.DIGITALINPUTB1STATUS"
COMMENT,,DRV05:I,"TORQUE SAFE INPUT$NBASE DRIVE$NBARRIER PICK-N-PLACE/$NCORONA TREAT",,"DRV05:I.DIGITALINPUTB2STATUS"
COMMENT,,DRV05:I,"HOME SENSOR$NBARRIER PICK-N-PLACE/CORONA TREAT",,"DRV05:I.DIGITALINPUTC3STATUS"
COMMENT,,DRV05:I,"CURRENT POSITION$NBASE DRIVE$NBARRIER PICK-N-PLACE/$NCORONA TREAT",,"DRV05:I.ACTUALPOSITION"
COMMENT,,DRV05:I,"RESET DRIVE STATUS$NINPUT BACK TO PLC$NPICK-N-PLACE/CORONA TREAT",,"DRV05:I.USERDEFINEDINTEGERDATA0"
COMMENT,,DRV05:I,"SERVO INDEX NUMBER STATUS$NINPUT BACK TO PLC$NPICK-N-PLACE/CORONA TREAT",,"DRV05:I.USERDEFINEDINTEGERDATA1"
TAG,,DRV05:O,"BARRIER PICK-N-PLACE/CORONA TREAT SERVO","AB:K300:O:0","",""
COMMENT,,DRV05:O,"ABORT MOVE$NBASE DRIVE$NBARRIER PICK-N-PLACE/$NCORONA TREAT",,"DRV05:O.ABORTINDEX"
COMMENT,,DRV05:O,"START MOVING$NBASE DRIVE$NBARRIER PICK-N-PLACE/CORONA TREAT",,"DRV05:O.STARTMOTION"
COMMENT,,DRV05:O,"DEFINE HOME$NBASE DRIVE$NBARRIER PICK-N-PLACE/$NCORONA TREAT",,"DRV05:O.DEFINEHOME"
COMMENT,,DRV05:O,"START HOMING DRIVE$NBARRIER PICK-N-PLACE/$NCORONA TREAT",,"DRV05:O.STARTHOMING"
COMMENT,,DRV05:O,"ENABLE BASE DRIVE$NBARRIER PICK-N-PLACE/CORONA TREAT",,"DRV05:O.DRIVEEN"
COMMENT,,DRV05:O,"SERVO START INDEX NUMBER$N BARRIER PICK-N-PLACE/CORONA TREAT$N$N0= HOME OFFSET$N4=MAGAZINE$N5=PARK$N6=CORONA$N7=LIGHT TABLE",,"DRV05:O.STARTINGINDEX"
COMMENT,,DRV05:O,"RESET DRIVE$NBARRIER PICK-N-PLACE/CORONA TREAT",,"DRV05:O.USERDEFINEDINTEGERDATA0"
TAG,,Local:1:C,"","AB:1769_DO16:C:0","",""
TAG,,Local:1:I,"","AB:1769_DO16:I:0","",""
TAG,,Local:1:O,"","AB:1769_DO16:O:0","",""
COMMENT,,Local:1:O,"GLUE ON SOLENOID$NBAG GLUE STATION",,"Local:1:O.DATA.0"
TAG,,DRV04:I,"BARRIER PRESS-N-CURE STATION SERVO","AB:K300:I:0","",""
COMMENT,,DRV04:I,"DRIVE ENABLED$NBARRIER PRESS-N-CURE STATION",,"DRV04:I.DRIVEEN"
COMMENT,,DRV04:I,"DRIVE FAULTED$NBARRIER PRESS-N-CURE STATION",,"DRV04:I.PHYSICALAXISFAULT"
COMMENT,,DRV04:I,"DRIVE IS INDEXING$NBARRIER PRESS-N-CURE STATION",,"DRV04:I.INDEXINGSTATUS"
COMMENT,,DRV04:I,"DRIVE HAS STOPPED MOVING $NBARRIER PRESS-N-CURE STATION",,"DRV04:I.MOTIONCOMPLETE"
COMMENT,,DRV04:I,"DRIVE IS HOMING$NBARRIER PRESS-N-CURE STATION",,"DRV04:I.HOMINGSTATUS"
COMMENT,,DRV04:I,"DRIVE HAS COMPLETED HOMING REGISTRATION$NBARRIER PRESS-N-CURE STATION",,"DRV04:I.AXISHOMEDSTATUS"
COMMENT,,DRV04:I,"HOME POSITION SENSOR$NBARRIER PRESS-N-CURE STATION",,"DRV04:I.DIGITALINPUTB1STATUS"
COMMENT,,DRV04:I,"TORQUE SAFE INPUT$NBARRIER PRESS-N-CURE STATION",,"DRV04:I.DIGITALINPUTB2STATUS"
COMMENT,,DRV04:I,"HOME SENSOR$NBARRIER PRESS-N-CURE STATION",,"DRV04:I.DIGITALINPUTC3STATUS"
COMMENT,,DRV04:I,"CURRENT POSITION$NBARRIER PRESS-N-CURE STATION",,"DRV04:I.ACTUALPOSITION"
COMMENT,,DRV04:I,"RESET DRIVE STATUS$NINPUT BACK TO PLC$NBARRIER PRESS-N-CURE STATION",,"DRV04:I.USERDEFINEDINTEGERDATA0"
COMMENT,,DRV04:I,"SERVO INDEX NUMBER STATUS$NINPUT BACK TO PLC$NBARRIER PRESS-N-CURE STATION",,"DRV04:I.USERDEFINEDINTEGERDATA1"
TAG,,DRV04:O,"BARRIER PRESS-N-CURE STATION SERVO","AB:K300:O:0","",""
COMMENT,,DRV04:O,"ABORT MOVE$NBARRIER PRESS-N-CURE STATION",,"DRV04:O.ABORTINDEX"
COMMENT,,DRV04:O,"START MOVING$NBARRIER PRESS-N-CURE STATION",,"DRV04:O.STARTMOTION"
COMMENT,,DRV04:O,"DEFINE HOME$NBARRIER PRESS-N-CURE STATION",,"DRV04:O.DEFINEHOME"
COMMENT,,DRV04:O,"START HOMING DRIVE$NBARRIER PRESS-N-CURE STATION",,"DRV04:O.STARTHOMING"
COMMENT,,DRV04:O,"ENABLE DRIVE$NBARRIER PRESS-N-CURE STATION",,"DRV04:O.DRIVEEN"
COMMENT,,DRV04:O,"SERVO START INDEX NUMBER$N0= HOMING OFFSET$N5= SIDE 1 CURE POS(180)$N6= SIDE 2 CURE POS(0)$N BARRIER PRESS-N-CURE STATION",,"DRV04:O.STARTINGINDEX"
COMMENT,,DRV04:O,"CLEAR FAULTS$NBARRIER PRESS-N-CURE STATION",,"DRV04:O.USERDEFINEDINTEGERDATA0"
TAG,,MAN02:C,"","AB:ETHERNET_MODULE:C:0","",""
TAG,,MAN02:I,"BARRIER PRESS-N-CURE, BAG OFFLOAD, BARRIER PRINTING INPUTS","AB:ETHERNET_MODULE_INT_8Bytes:I:0","",""
COMMENT,,MAN02:I,"ELECTRONIC ANALOG CURING PRESSURE REGULATOR FEEDBACK$NBARRIER PRESS-N-CURE STATION",,"MAN02:I.DATA[0]"
COMMENT,,MAN02:I,"SPARE ANALOG INPUT",,"MAN02:I.DATA[1]"
COMMENT,,MAN02:I,"BARRIER PRESS-N-CURE, BAG OFFLOAD, BARRIER PRINTING INPUTS",,"MAN02:I.DATA[2]"
COMMENT,,MAN02:I,"JOB FORWARD PUSH BUTTON$NOFFLOAD CONVEYOR",,"MAN02:I.DATA[2].0"
COMMENT,,MAN02:I,"EXTENDED POSITION SENSOR$NPRESS CYLINDER$NBARRIER PRESS-N-CURE STATION",,"MAN02:I.DATA[2].2"
COMMENT,,MAN02:I,"RETRACTED POSITION SENSOR$NPRESS CYLINDER$NBARRIER PRESS-N-CURE STATION",,"MAN02:I.DATA[2].3"
COMMENT,,MAN02:I,"EXTENDED POSITION SENSOR BAG RELEASE CYLINDER $NBAG OFFLOAD STATION",,"MAN02:I.DATA[2].4"
COMMENT,,MAN02:I,"RETRACTED POSITION SENSOR BAG RELEASE CYLINDER BAG OFFLOAD STATION",,"MAN02:I.DATA[2].5"
COMMENT,,MAN02:I,"EXTENDED POSITION SENSOR$NSUPPORT CYLINDER$NBARRIER PRINTING STATION",,"MAN02:I.DATA[2].6"
COMMENT,,MAN02:I,"RETRACTED POSITION SENSOR$NSUPPORT CYLINDER$NBARRIER PRINTING STATION",,"MAN02:I.DATA[2].7"
COMMENT,,MAN02:I,"BARRIER PRESENT SENSOR $NBARRIER LOAD STATION",,"MAN02:I.DATA[2].9"
COMMENT,,MAN02:I,"EXTENDED POSITION SENSOR$NPICK CYLINDER 1$NBARRIER PRESS-N-CURE STATION",,"MAN02:I.DATA[2].10"
COMMENT,,MAN02:I,"RETRACTED POSITION SENSOR$NPICK CYLINDER 1$NBARRIER PRESS-N-CURE STATION",,"MAN02:I.DATA[2].11"
COMMENT,,MAN02:I,"EXTENDED POSITION SENSOR$NPICK CYLINDER 2$NBARRIER PRESS-N-CURE STATION",,"MAN02:I.DATA[2].12"
COMMENT,,MAN02:I,"RETRACTED POSITION SENSOR$NPICK CYLINDER 2$NBARRIER PRESS-N-CURE STATION",,"MAN02:I.DATA[2].13"
COMMENT,,MAN02:I,"BARRIER PRESS-N-CURE INPUTS",,"MAN02:I.DATA[3]"
COMMENT,,MAN02:I,"VACUUM SWITCH 1$NBARRIER PRESS-N-CURE STATION",,"MAN02:I.DATA[3].12"
COMMENT,,MAN02:I,"VACUUM SWITCH 2$NBARRIER PRESS-N-CURE STATION",,"MAN02:I.DATA[3].13"
TAG,,MAN02:O,"BARRIER PRESS-N-CURE, BAG OFFLOAD, BARRIER PRINTING OUTPUTS","AB:ETHERNET_MODULE_INT_8Bytes:O:0","",""
COMMENT,,MAN02:O,"ELECTRONIC ANALOG CURING PRESSURE REGULATOR CONTROL$NBARRIER PRESS-N-CURE STATION",,"MAN02:O.DATA[0]"
COMMENT,,MAN02:O,"SPARE ANALOG OUTPUT",,"MAN02:O.DATA[1]"
COMMENT,,MAN02:O,"BARRIER PRESS-N-CURE, BAG OFFLOAD, BARRIER PRINTING OUTPUTS",,"MAN02:O.DATA[2]"
COMMENT,,MAN02:O,"PRESS CYLINDER$NEXTEND SOLENOID$NBARRIER PRESS-N-CURE STATION",,"MAN02:O.DATA[2].2"
COMMENT,,MAN02:O,"N/A",,"MAN02:O.DATA[2].3"
COMMENT,,MAN02:O,"BAG RELEASE CYLINDER EXTEND SOLENOID$NBAG OFFLOAD STATION",,"MAN02:O.DATA[2].4"
COMMENT,,MAN02:O,"BAG RELEASE CYLINDER RETRACT SOLENOID$NBAG OFFLOAD STATION",,"MAN02:O.DATA[2].5"
COMMENT,,MAN02:O,"SUPPORT CYLINDER EXTEND SOLENOID$NBARRIER PRINTING STATION",,"MAN02:O.DATA[2].6"
COMMENT,,MAN02:O,"N/A",,"MAN02:O.DATA[2].7"
COMMENT,,MAN02:O,"PICK CYLINDER 1$NEXTEND SOLENOID$NBARRIER PRESS-N-CURE STATION",,"MAN02:O.DATA[2].10"
COMMENT,,MAN02:O,"N/A",,"MAN02:O.DATA[2].11"
COMMENT,,MAN02:O,"PICK CYLINDER 2$NEXTEND SOLENOID$NBARRIER PRESS-N-CURE STATION",,"MAN02:O.DATA[2].12"
COMMENT,,MAN02:O,"N/A",,"MAN02:O.DATA[2].13"
COMMENT,,MAN02:O,"FILTER PRESS CYLINDER EXTEND SOLENOID$NBARRIER PRINTING STATION",,"MAN02:O.DATA[2].14"
COMMENT,,MAN02:O,"BARRIER PRESS-N-CURE OUTPUTS",,"MAN02:O.DATA[3]"
COMMENT,,MAN02:O,"VACUUM #1 ON$NMAIN DIAL",,"MAN02:O.DATA[3].0"
COMMENT,,MAN02:O,"VACUUM #2 ON$NMAIN DIAL",,"MAN02:O.DATA[3].1"
COMMENT,,MAN02:O,"VACUUM #3 ON$NMAIN DIAL",,"MAN02:O.DATA[3].2"
COMMENT,,MAN02:O,"VACUUM #4 ON$NMAIN DIAL",,"MAN02:O.DATA[3].3"
COMMENT,,MAN02:O,"VACUUM #5 ON$NMAIN DIAL",,"MAN02:O.DATA[3].4"
COMMENT,,MAN02:O,"VACUUM #6 ON$NMAIN DIAL",,"MAN02:O.DATA[3].5"
COMMENT,,MAN02:O,"VACUUM #7 ON$NMAIN DIAL",,"MAN02:O.DATA[3].6"
COMMENT,,MAN02:O,"VACUUM #8 ON$NMAIN DIAL",,"MAN02:O.DATA[3].7"
COMMENT,,MAN02:O,"VACUUM #9 ON$NMAIN DIAL",,"MAN02:O.DATA[3].8"
COMMENT,,MAN02:O,"VACUUM #10 ON$NMAIN DIAL",,"MAN02:O.DATA[3].9"
COMMENT,,MAN02:O,"VACUUM #11 ON$NMAIN DIAL",,"MAN02:O.DATA[3].10"
COMMENT,,MAN02:O,"VACUUM #12 ON$NMAIN DIAL",,"MAN02:O.DATA[3].11"
COMMENT,,MAN02:O,"PICK VACUUM 1 SOLENOID$NBARRIER PRESS-N-CURE STATION",,"MAN02:O.DATA[3].12"
COMMENT,,MAN02:O,"PICK VACUUM 2 SOLENOID$NBARRIER PRESS-N-CURE STATION",,"MAN02:O.DATA[3].13"
TAG,,DRV03:I,"BARRIER INFEED ELEVATOR SERVO","AB:K300:I:0","",""
COMMENT,,DRV03:I,"DRIVE ENABLED$NBARRIER INFEED ELEVATOR",,"DRV03:I.DRIVEEN"
COMMENT,,DRV03:I,"DRIVE FAULTED$NBARRIER INFEED ELEVATOR",,"DRV03:I.PHYSICALAXISFAULT"
COMMENT,,DRV03:I,"DRIVE IS INDEXING$NBARRIER INFEED ELEVATOR",,"DRV03:I.INDEXINGSTATUS"
COMMENT,,DRV03:I,"DRIVE HAS STOPPED MOVING$NBARRIER INFEED ELEVATOR",,"DRV03:I.MOTIONCOMPLETE"
COMMENT,,DRV03:I,"DRIVE IS HOMING$NBARRIER INFEED ELEVATOR",,"DRV03:I.HOMINGSTATUS"
COMMENT,,DRV03:I,"DRIVE HAS COMPLETED HOMING REGISTRATION$NBARRIER INFEED ELEVATOR",,"DRV03:I.AXISHOMEDSTATUS"
COMMENT,,DRV03:I,"HOME POSITION SENSOR$NBARRIER INFEED ELEVATOR",,"DRV03:I.DIGITALINPUTB1STATUS"
COMMENT,,DRV03:I,"TORQUE SAFE INPUT$NBARRIER INFEED ELEVATOR",,"DRV03:I.DIGITALINPUTB2STATUS"
COMMENT,,DRV03:I,"HOME SENSOR$NMAGAZINE ELEVATOR",,"DRV03:I.DIGITALINPUTC3STATUS"
COMMENT,,DRV03:I,"CURRENT SPEED$NBARRIER INFEED ELEVATOR",,"DRV03:I.ACTUALVELOCITY"
COMMENT,,DRV03:I,"CURRENT POSITION$NBARRIER INFEED ELEVATOR",,"DRV03:I.ACTUALPOSITION"
COMMENT,,DRV03:I,"RESET DRIVE STATUS$NINPUT BACK TO PLC$NBARRIER INFEED ELEVATOR",,"DRV03:I.USERDEFINEDINTEGERDATA0"
COMMENT,,DRV03:I,"SERVO INDEX NUMBER STATUS$NINPUT BACK TO PLC$NBARRIER INFEED ELEVATOR",,"DRV03:I.USERDEFINEDINTEGERDATA1"
TAG,,DRV03:O,"BARRIER INFEED ELEVATOR SERVO","AB:K300:O:0","",""
COMMENT,,DRV03:O,"ABORT MOVE$NBARRIER INFEED ELEVATOR",,"DRV03:O.ABORTINDEX"
COMMENT,,DRV03:O,"START MOVING$NBARRIER INFEED ELEVATOR",,"DRV03:O.STARTMOTION"
COMMENT,,DRV03:O,"DEFINE HOME$NBARRIER INFEED ELEVATOR",,"DRV03:O.DEFINEHOME"
COMMENT,,DRV03:O,"START HOMING SERVO BARRIER INFEED ELEVATOR",,"DRV03:O.STARTHOMING"
COMMENT,,DRV03:O,"ENABLE DRIVE$NBARRIER INFEED ELEVATOR",,"DRV03:O.DRIVEEN"
COMMENT,,DRV03:O,"SERVO START INDEX NUMBER OFFLOAD BARRIER INFEED MAGAZINE $NELEVATOR$N$N0= HOME OFFSET$N5=PICK POSITION$N7=OUT OF MAGAZINE",,"DRV03:O.STARTINGINDEX"
COMMENT,,DRV03:O,"1 =JOG 6 = INDEX MAGAZINE ELEVATOR",,"DRV03:O.REFERENCESOURCE"
COMMENT,,DRV03:O,"JOG SPEED MAGAZINE ELEVATOR",,"DRV03:O.COMMANDCURRENTORVELOCITY"
COMMENT,,DRV03:O,"RESET DRIVE$NBARRIER INFEED ELEVATOR",,"DRV03:O.USERDEFINEDINTEGERDATA0"
TAG,,MAN03:C,"","AB:ETHERNET_MODULE:C:0","",""
TAG,,MAN03:I,"BARRIER PNP, BARRIER MAG, BARRIER ELEV, BAG LOAD, INFEED CONV INPUTS","AB:ETHERNET_MODULE_INT_2Bytes:I:0","",""
COMMENT,,MAN03:I,"BARRIER PNP, BARRIER MAG, BARRIER ELEV, BAG LOAD, INFEED CONV INPUTS",,"MAN03:I.DATA"
COMMENT,,MAN03:I,"BARRIER PNP, BARRIER MAG, BARRIER ELEV, BAG LOAD, INFEED CONV INPUTS",,"MAN03:I.DATA[0]"
COMMENT,,MAN03:I,"EXTENDED POSITION SENSOR$NPICK CYLINDER$NBARRIER PICK-N-PLACE/CORONA TREAT STATION",,"MAN03:I.DATA[0].0"
COMMENT,,MAN03:I,"RETRACTED POSITION SENSOR$NPICK CYLINDER$NBARRIER PICK-N-PLACE/CORONA TREAT STATION",,"MAN03:I.DATA[0].1"
COMMENT,,MAN03:I,"VACUUM SWITCH$NBARRIER PICK-N-PLACE/CORONA TREAT STATION",,"MAN03:I.DATA[0].2"
COMMENT,,MAN03:I,"BAG CLAMP PRESENT 1$NBAG LOAD STATION",,"MAN03:I.DATA[0].4"
COMMENT,,MAN03:I,"BAG CLAMP PRESENT 2$NBAG LOAD STATION",,"MAN03:I.DATA[0].5"
COMMENT,,MAN03:I,"BAG DROP BIN CLEAR SENSOR$NBAG INFEED$NCONVEYOR",,"MAN03:I.DATA[0].6"
COMMENT,,MAN03:I,"LANE FULL SENSOR$NBAG INFEED$NCONVEYOR$N0=EMPTY$N1=FULL",,"MAN03:I.DATA[0].7"
COMMENT,,MAN03:I,"STOP INDEX $NINFEED CONVEYOR",,"MAN03:I.DATA[0].8"
COMMENT,,MAN03:I,"SLOW DOWN INDEX SENSOR$NINFEED CONVEYOR",,"MAN03:I.DATA[0].9"
COMMENT,,MAN03:I,"POSITION SENSOR$NBARRIER INFEED ELEVATOR$N0=HEIGHT ACHIEVED$N1= NOT ACHIEVED",,"MAN03:I.DATA[0].10"
COMMENT,,MAN03:I,"TOWER BARRIER CHECK SENSOR$NBARRIER INFEED MAGAZINE$N$N0=PART PRESENT$N1= EMPTY",,"MAN03:I.DATA[0].11"
COMMENT,,MAN03:I,"SAFETY FLAP CLOSED$NBAG INFEED CONVEYOR$N$N0=OPEN$N1= CLOSED",,"MAN03:I.DATA[0].12"
TAG,,MAN03:O,"BARRIER PNP, ROBOT 2 OUTPUTS","AB:ETHERNET_MODULE_INT_4Bytes:O:0","",""
COMMENT,,MAN03:O,"BARRIER PNP, ROBOT 2 OUTPUTS",,"MAN03:O.DATA"
COMMENT,,MAN03:O,"BARRIER PNP, ROBOT 2 OUTPUTS",,"MAN03:O.DATA[0]"
COMMENT,,MAN03:O,"PICK CYLINDER EXTEND SOLENOID$NBARRIER PICK-N-PLACE/CORONA TREAT STATION",,"MAN03:O.DATA[0].0"
COMMENT,,MAN03:O,"N/A",,"MAN03:O.DATA[0].1"
COMMENT,,MAN03:O,"PICK VACUUM SOLENOID$NBARRIER PICK-N-PLACE/$NCORONA TREAT STATION",,"MAN03:O.DATA[0].2"
COMMENT,,MAN03:O,"PICK BAG VACUUM SOLENOID$NBARRIER LOAD/BAG OFFLOAD ROBOT (R2)",,"MAN03:O.DATA[0].3"
COMMENT,,MAN03:O,"PICK BARRIER VACUUM SOLENOID$NBARRIER LOAD/BAG OFFLOAD ROBOT (R2)",,"MAN03:O.DATA[0].4"
TAG,,DRV01:I,"MAIN DIAL SERVO","AB:K300:I:0","",""
COMMENT,,DRV01:I,"DRIVE ENABLED$NMAIN DIAL",,"DRV01:I.DRIVEEN"
COMMENT,,DRV01:I,"DRIVE FAULTED$NMAIN DIAL",,"DRV01:I.PHYSICALAXISFAULT"
COMMENT,,DRV01:I,"DRIVE IS INDEXING$NMAIN DIAL",,"DRV01:I.INDEXINGSTATUS"
COMMENT,,DRV01:I,"DRIVE HAS STOPPED MOVING$NMAIN DIAL",,"DRV01:I.MOTIONCOMPLETE"
COMMENT,,DRV01:I,"DRIVE IS HOMING$NMAIN DIAL",,"DRV01:I.HOMINGSTATUS"
COMMENT,,DRV01:I,"DRIVE HAS COMPLETED HOMING REGISTRATION$NMAIN DIAL",,"DRV01:I.AXISHOMEDSTATUS"
COMMENT,,DRV01:I,"MAIN DIAL SERVO STOPPED",,"DRV01:I.VELOCITYSTANDSTILLSTATUS"
COMMENT,,DRV01:I,"HOME SENSOR$NMAIN DIAL",,"DRV01:I.DIGITALINPUTB1STATUS"
COMMENT,,DRV01:I,"TORQUE SAFE INPUT$NMAIN DIAL",,"DRV01:I.DIGITALINPUTB2STATUS"
COMMENT,,DRV01:I,"MAIN DIAL SERVO INDEX NUMBER",,"DRV01:I.ACTIVEINDEX"
COMMENT,,DRV01:I,"CURRENT POSITION$NMAIN DIAL",,"DRV01:I.ACTUALPOSITION"
COMMENT,,DRV01:I,"RESET DRIVE STATUS$NINPUT BACK TO PLC$NMAIN DIAL",,"DRV01:I.USERDEFINEDINTEGERDATA0"
COMMENT,,DRV01:I,"SERVO INDEX NUMBER STATUS$NINPUT BACK TO PLC$NMAIN DIAL",,"DRV01:I.USERDEFINEDINTEGERDATA1"
TAG,,DRV01:O,"MAIN DIAL SERVO","AB:K300:O:0","",""
COMMENT,,DRV01:O,"ABORT MOVE$NMAIN DIAL",,"DRV01:O.ABORTINDEX"
COMMENT,,DRV01:O,"START MOVING$NMAIN DIAL",,"DRV01:O.STARTMOTION"
COMMENT,,DRV01:O,"DEFINE HOME$NMAIN DIAL",,"DRV01:O.DEFINEHOME"
COMMENT,,DRV01:O,"START HOMING DRIVE$NMAIN DIAL",,"DRV01:O.STARTHOMING"
COMMENT,,DRV01:O,"ENABLE DRIVE$NMAIN DIAL",,"DRV01:O.DRIVEEN"
COMMENT,,DRV01:O,"SERVO START INDEX NUMBER MAIN DIAL$N$N0= NOTCH SEARCH$N1= HOME OFFSET$N5=INDEX POSITION",,"DRV01:O.STARTINGINDEX"
COMMENT,,DRV01:O,"RESET DRIVE$NMAIN DIAL",,"DRV01:O.USERDEFINEDINTEGERDATA0"
COMMENT,,DRV01:O,"DEFINE HOME OFFSET$NMAIN DIAL",,"DRV01:O.USERDEFINEDREALDATA0"
COMMENT,,DRV01:O,"PEAK CURRENT LIMIT (AMPS) FROM PLC TO DRIVE$NMAIN DIAL",,"DRV01:O.USERDEFINEDREALDATA1"
TAG,,VISION:I,"INPUTS$NVISION INSPECTION$NSTATION","CC:InSight4_DINT4:I:0","",""
COMMENT,,VISION:I,"ONLINE & READY$NVISION INSPECTION$NSTATION",,"VISION:I.STATUS.ONLINE"
TAG,,VISION:O,"OUTPUTS$NVISION INSPECTION$NSTATION","CC:InSight4_DINT4:O:0","",""
TAG,,MAN01:C,"","AB:ETHERNET_MODULE:C:0","",""
TAG,,MAN01:I,"BARRIER FORMING, BARRIER PUNCH, BARRIER PREHEAT 1 & 2, BAG GLUE, BAG LOAD INPUTS","AB:ETHERNET_MODULE_INT_8Bytes:I:0","",""
COMMENT,,MAN01:I,"ELECTRONIC ANALOG FORMING PRESSURE REGULATOR FEEDBACK$NBARRIER FORMING STATION",,"MAN01:I.DATA[0]"
COMMENT,,MAN01:I,"ELECTRONIC ANALOG$NGLUE MELTER INLET PRESSURE REGULATOR  FEEDBACK$NBAG GLUE STATION",,"MAN01:I.DATA[1]"
COMMENT,,MAN01:I,"BARRIER PUNCH, BAG GLUE INPUTS",,"MAN01:I.DATA[2]"
COMMENT,,MAN01:I,"EXTENDED POSITION SENSOR$NSTRIPPER CYLINDER 2$NBARRIER PUNCH STATION",,"MAN01:I.DATA[2].0"
COMMENT,,MAN01:I,"RETRACTED POSITION SENSOR$NSTRIPPER CYLINDER 2$NBARRIER PUNCH STATION",,"MAN01:I.DATA[2].1"
COMMENT,,MAN01:I,"EXTENDED POSITION SENSOR$NMOON PUNCH CYLINDER$NBARRIER PUNCH STATION",,"MAN01:I.DATA[2].2"
COMMENT,,MAN01:I,"RETRACTED POSITION SENSOR$NMOON PUNCH CYLINDER$NBARRIER PUNCH STATION",,"MAN01:I.DATA[2].3"
COMMENT,,MAN01:I,"BAG PRESENT SENSOR BAG LOAD STATION",,"MAN01:I.DATA[2].4"
COMMENT,,MAN01:I,"RETRACTED POSITION $NSENSOR $NLOWER CYLINDER$NBARRIER FORMING STATION",,"MAN01:I.DATA[2].5"
COMMENT,,MAN01:I,"EXTENDED POSITION SENSOR$NZ-AXIS $NBAG GLUE STATION",,"MAN01:I.DATA[2].6"
COMMENT,,MAN01:I,"RETRACTED POSITION SENSOR$NZ-AXIS $NBAG GLUE STATION",,"MAN01:I.DATA[2].7"
COMMENT,,MAN01:I,"BAG PRESENT SENSOR BAG GLUE STATION",,"MAN01:I.DATA[2].8"
COMMENT,,MAN01:I,"BAG GLUE PRESENT SENSOR BAG GLUE STATION",,"MAN01:I.DATA[2].9"
COMMENT,,MAN01:I,"PUNCH CYLINDER EXTEND PRESSURE MONITOR, BARRIER PUNCH STATION",,"MAN01:I.DATA[2].10"
COMMENT,,MAN01:I,"SPRING PACK CYLINDER RETRACTED, BARRIER PUNCH STATION",,"MAN01:I.DATA[2].14"
COMMENT,,MAN01:I,"EXTENDED POSITION SENSOR $NSPRING PACK CYLINDER, BARRIER PUNCH STATION",,"MAN01:I.DATA[2].15"
COMMENT,,MAN01:I,"BAG LOAD, BARRIER PREHEAT 1 & 2, BARRIER PUNCH, BARRIER FORMING INPUTS",,"MAN01:I.DATA[3]"
COMMENT,,MAN01:I,"EXTENDED POSITION SENSOR$NBAG RELEASE CYLINDER BAG LOAD STATION",,"MAN01:I.DATA[3].0"
COMMENT,,MAN01:I,"RETRACTED POSITION SENSOR$NBAG RELEASE CYLINDER BAG LOAD STATION",,"MAN01:I.DATA[3].1"
COMMENT,,MAN01:I,"EXTENDED POSITION SENSOR$NUPPER CYLINDER BARRIER PREHEAT STATION 1",,"MAN01:I.DATA[3].2"
COMMENT,,MAN01:I,"RETRACTED POSITION SENSOR$NUPPER CYLINDER BARRIER PREHEAT STATION 1",,"MAN01:I.DATA[3].3"
COMMENT,,MAN01:I,"EXTENDED POSITION SENSOR$NLOWER CYLINDER BARRIER PREHEAT STATION 1",,"MAN01:I.DATA[3].4"
COMMENT,,MAN01:I,"RETRACTED POSITION SENSOR$NLOWER CYLINDER BARRIER PREHEAT STATION 1",,"MAN01:I.DATA[3].5"
COMMENT,,MAN01:I,"EXTENDED POSITION SENSOR$NUPPER CYLINDER BARRIER PREHEAT STATION 2",,"MAN01:I.DATA[3].6"
COMMENT,,MAN01:I,"RETRACTED POSITION SENSOR$NUPPER CYLINDER BARRIER PREHEAT STATION 2",,"MAN01:I.DATA[3].7"
COMMENT,,MAN01:I,"EXTENDED POSITION SENSOR$NLOWER CYLINDER BARRIER PREHEAT STATION 2",,"MAN01:I.DATA[3].8"
COMMENT,,MAN01:I,"RETRACTED POSITION SENSOR$NLOWER CYLINDER BARRIER PREHEAT STATION 2",,"MAN01:I.DATA[3].9"
COMMENT,,MAN01:I,"EXTENDED POSITION SENSOR$NFORM CYLINDER$NBARRIER FORMING STATION",,"MAN01:I.DATA[3].10"
COMMENT,,MAN01:I,"RETRACTED POSITION SENSOR$NFORM CYLINDER$NBARRIER FORMING STATION",,"MAN01:I.DATA[3].11"
COMMENT,,MAN01:I,"EXTENDED POSITION SENSOR$NPUNCH CYLINDER$NBARRIER PUNCH STATION",,"MAN01:I.DATA[3].12"
COMMENT,,MAN01:I,"RETRACTED POSITION SENSOR$NPUNCH CYLINDER$NBARRIER PUNCH STATION",,"MAN01:I.DATA[3].13"
COMMENT,,MAN01:I,"EXTENDED POSITION SENSOR$NSTRIPPER CYLINDER 1$NBARRIER PUNCH STATION",,"MAN01:I.DATA[3].14"
COMMENT,,MAN01:I,"RETRACTED POSITION SENSOR$NSTRIPPER CYLINDER 1$NBARRIER PUNCH STATION",,"MAN01:I.DATA[3].15"
TAG,,MAN01:O,"BARRIER FORMING, BARRIER PUNCH, BARRIER PREHEAT 1 & 2, BAG GLUE, BAG LOAD OUTPUTS","AB:ETHERNET_MODULE_INT_8Bytes:O:0","",""
COMMENT,,MAN01:O,"ELECTRONIC ANALOG FORMING PRESSURE REGULATOR CONTROL$NBARRIER FORMING STATION",,"MAN01:O.DATA[0]"
COMMENT,,MAN01:O,"ELECTRONIC ANALOG GLUE MELTER INLET PRESSURE REGULATOR CONTROL$NBAG GLUE STATION",,"MAN01:O.DATA[1]"
COMMENT,,MAN01:O,"BARRIER PUNCH, BAG GLUE OUTPUTS",,"MAN01:O.DATA[2]"
COMMENT,,MAN01:O,"MOON CYLINDER $NEXTEND SOLENOID$NBARRIER PUNCH STATION",,"MAN01:O.DATA[2].0"
COMMENT,,MAN01:O,"N/A",,"MAN01:O.DATA[2].1"
COMMENT,,MAN01:O,"MOON BLOW$NSOLENOID$NBARRIER PUNCH STATION",,"MAN01:O.DATA[2].2"
COMMENT,,MAN01:O,"Z-AXIS EXTEND SOLENOID $NBAG GLUE STATION",,"MAN01:O.DATA[2].4"
COMMENT,,MAN01:O,"N/A",,"MAN01:O.DATA[2].5"
COMMENT,,MAN01:O,"FORM PRESSURE SOLENOID BARRIER FORMING STATION",,"MAN01:O.DATA[2].6"
COMMENT,,MAN01:O,"WHITE FILM BARRIER RELEASE FROM FORMING TOOL BLOW$NFORMING STATION",,"MAN01:O.DATA[2].7"
COMMENT,,MAN01:O,"SPRING PACK CYLINDER$NRETRACT SOLENOID BARRIER PUNCH STATION",,"MAN01:O.DATA[2].14"
COMMENT,,MAN01:O,"BAG LOAD ST, BARRIER PREHEAT 1 & 2, BARRIER FORMING OUTPUTS",,"MAN01:O.DATA[3]"
COMMENT,,MAN01:O,"BAG RELEASE CYLINDER EXTEND SOLENOID$NBAG LOAD STATION",,"MAN01:O.DATA[3].0"
COMMENT,,MAN01:O,"BAG RELEASE CYLINDER RETRACT SOLENOID$NBAG LOAD STATION",,"MAN01:O.DATA[3].1"
COMMENT,,MAN01:O,"UPPER CYLINDER$NEXTEND SOLENOID$NBARRIER PREHEAT STATION 1",,"MAN01:O.DATA[3].2"
COMMENT,,MAN01:O,"N/A",,"MAN01:O.DATA[3].3"
COMMENT,,MAN01:O,"LOWER CYLINDER$NEXTEND SOLENOID$NBARRIER PREHEAT STATION 1",,"MAN01:O.DATA[3].4"
COMMENT,,MAN01:O,"N/A",,"MAN01:O.DATA[3].5"
COMMENT,,MAN01:O,"UPPER CYLINDER$NEXTEND SOLENOID$NBARRIER PREHEAT STATION 2",,"MAN01:O.DATA[3].6"
COMMENT,,MAN01:O,"N/A",,"MAN01:O.DATA[3].7"
COMMENT,,MAN01:O,"LOWER CYLINDER$NEXTEND SOLENOID$NBARRIER PREHEAT STATION 2",,"MAN01:O.DATA[3].8"
COMMENT,,MAN01:O,"N/A",,"MAN01:O.DATA[3].9"
COMMENT,,MAN01:O,"FORM CYLINDER$NEXTEND SOLENOID$NBARRIER FORMING STATION",,"MAN01:O.DATA[3].10"
COMMENT,,MAN01:O,"FORM CYLINDER$NRETRACT SOLENOID$NBARRIER FORMING STATION",,"MAN01:O.DATA[3].11"
COMMENT,,MAN01:O,"PUNCH CYLINDER EXTEND SOLENOID BARRIER PUNCH STATION",,"MAN01:O.DATA[3].12"
COMMENT,,MAN01:O,"PUNCH CYLINDER RETRACT SOLENOID BARRIER PUNCH STATION",,"MAN01:O.DATA[3].13"
COMMENT,,MAN01:O,"STRIPPER CYLINDERS EXTEND SOLENOID$NBARRIER PUNCH STATION",,"MAN01:O.DATA[3].14"
COMMENT,,MAN01:O,"N/A",,"MAN01:O.DATA[3].15"
TAG,,A:C,"","AB:ETHERNET_MODULE:C:0","",""
TAG,,A:I,"","AB:ETHERNET_MODULE_DINT_152Bytes:I:0","",""
COMMENT,,A:I,"DOOR SWITCH 1 LOCKED$N1 PIECE BAG MACHINE",,"A:I.DATA[0].0"
COMMENT,,A:I,"DOOR SWITCH 1 LOCKED$N1 PIECE BAG MACHINE",,"A:I.DATA[0].1"
COMMENT,,A:I,"DOOR SWITCH 1 LOCKED$N1 PIECE BAG MACHINE",,"A:I.DATA[0].2"
COMMENT,,A:I,"DOOR SWITCH 1 LOCKED$N1 PIECE BAG MACHINE",,"A:I.DATA[0].3"
COMMENT,,A:I,"ASI GATEWAY$NCONFIG ERROR",,"A:I.DATA[0].4"
COMMENT,,A:I,"GATEWAY-APF",,"A:I.DATA[0].5"
COMMENT,,A:I,"GATEWAY-PERIPHERY FAULT",,"A:I.DATA[0].6"
COMMENT,,A:I,"GATEWAY CONFIGURATION ACTIVE",,"A:I.DATA[0].7"
COMMENT,,A:I,"DOOR SWITCH 2 LOCKED$N1 PIECE BAG MACHINE",,"A:I.DATA[0].8"
COMMENT,,A:I,"DOOR SWITCH 2 LOCKED$N1 PIECE BAG MACHINE",,"A:I.DATA[0].9"
COMMENT,,A:I,"DOOR SWITCH 2 LOCKED$N1 PIECE BAG MACHINE",,"A:I.DATA[0].10"
COMMENT,,A:I,"DOOR SWITCH 2 LOCKED$N1 PIECE BAG MACHINE",,"A:I.DATA[0].11"
COMMENT,,A:I,"DOOR SWITCH 3 LOCKED$N1 PIECE BAG MACHINE",,"A:I.DATA[0].12"
COMMENT,,A:I,"DOOR SWITCH 3 LOCKED$N1 PIECE BAG MACHINE",,"A:I.DATA[0].13"
COMMENT,,A:I,"DOOR SWITCH 3 LOCKED$N1 PIECE BAG MACHINE",,"A:I.DATA[0].14"
COMMENT,,A:I,"DOOR SWITCH 3 LOCKED$N1 PIECE BAG MACHINE",,"A:I.DATA[0].15"
COMMENT,,A:I,"DOOR SWITCH 4 LOCKED$N1 PIECE BAG MACHINE",,"A:I.DATA[0].16"
COMMENT,,A:I,"DOOR SWITCH 4 LOCKED$N1 PIECE BAG MACHINE",,"A:I.DATA[0].17"
COMMENT,,A:I,"DOOR SWITCH 4 LOCKED$N1 PIECE BAG MACHINE",,"A:I.DATA[0].18"
COMMENT,,A:I,"DOOR SWITCH 4 LOCKED$N1 PIECE BAG MACHINE",,"A:I.DATA[0].19"
COMMENT,,A:I,"DOOR SWITCH 5 LOCKED$N1 PIECE BAG MACHINE",,"A:I.DATA[0].20"
COMMENT,,A:I,"DOOR SWITCH 5 LOCKED$N1 PIECE BAG MACHINE",,"A:I.DATA[0].21"
COMMENT,,A:I,"DOOR SWITCH 5 LOCKED$N1 PIECE BAG MACHINE",,"A:I.DATA[0].22"
COMMENT,,A:I,"DOOR SWITCH 5 LOCKED$N1 PIECE BAG MACHINE",,"A:I.DATA[0].23"
COMMENT,,A:I,"DOOR SWITCH 6 LOCKED$N1 PIECE BAG MACHINE",,"A:I.DATA[0].24"
COMMENT,,A:I,"DOOR SWITCH 6 LOCKED$N1 PIECE BAG MACHINE",,"A:I.DATA[0].25"
COMMENT,,A:I,"DOOR SWITCH 6 LOCKED$N1 PIECE BAG MACHINE",,"A:I.DATA[0].26"
COMMENT,,A:I,"DOOR SWITCH 6 LOCKED$N1 PIECE BAG MACHINE",,"A:I.DATA[0].27"
COMMENT,,A:I,"E-STOP#1 PB$N1 PIECE BAG MACHINE",,"A:I.DATA[0].28"
COMMENT,,A:I,"E-STOP#1 PB$N1 PIECE BAG MACHINE",,"A:I.DATA[0].29"
COMMENT,,A:I,"E-STOP#1 PB$N1 PIECE BAG MACHINE",,"A:I.DATA[0].30"
COMMENT,,A:I,"E-STOP#1 PB$N1 PIECE BAG MACHINE",,"A:I.DATA[0].31"
COMMENT,,A:I,"E-STOP#2 PB$N1 PIECE BAG MACHINE",,"A:I.DATA[1].0"
COMMENT,,A:I,"E-STOP#2 PB$N1 PIECE BAG MACHINE",,"A:I.DATA[1].1"
COMMENT,,A:I,"E-STOP#2 PB$N1 PIECE BAG MACHINE",,"A:I.DATA[1].2"
COMMENT,,A:I,"E-STOP#2 PB$N1 PIECE BAG MACHINE",,"A:I.DATA[1].3"
COMMENT,,A:I,"E-STOP#3 PB$N1 PIECE BAG MACHINE",,"A:I.DATA[1].4"
COMMENT,,A:I,"E-STOP#3 PB$N1 PIECE BAG MACHINE",,"A:I.DATA[1].5"
COMMENT,,A:I,"E-STOP#3 PB$N1 PIECE BAG MACHINE",,"A:I.DATA[1].6"
COMMENT,,A:I,"E-STOP#3 PB$N1 PIECE BAG MACHINE",,"A:I.DATA[1].7"
COMMENT,,A:I,"E-STOP#4 PB$N1 PIECE BAG MACHINE",,"A:I.DATA[1].8"
COMMENT,,A:I,"E-STOP#4 PB$N1 PIECE BAG MACHINE",,"A:I.DATA[1].9"
COMMENT,,A:I,"E-STOP#4 PB$N1 PIECE BAG MACHINE",,"A:I.DATA[1].10"
COMMENT,,A:I,"E-STOP#4 PB$N1 PIECE BAG MACHINE",,"A:I.DATA[1].11"
COMMENT,,A:I,"E-STOP#5 PB$N1 PIECE BAG MACHINE",,"A:I.DATA[1].12"
COMMENT,,A:I,"E-STOP#5 PB$N1 PIECE BAG MACHINE",,"A:I.DATA[1].13"
COMMENT,,A:I,"E-STOP#5 PB$N1 PIECE BAG MACHINE",,"A:I.DATA[1].14"
COMMENT,,A:I,"E-STOP#5 PB$N1 PIECE BAG MACHINE",,"A:I.DATA[1].15"
COMMENT,,A:I,"RED PB 1$N1 PIECE BAG MACHINE",,"A:I.DATA[1].16"
COMMENT,,A:I,"GREEN PB 1$N1 PIECE BAG MACHINE",,"A:I.DATA[1].17"
COMMENT,,A:I,"BLUE PB 1$N1 PIECE BAG MACHINE",,"A:I.DATA[1].18"
COMMENT,,A:I,"PB 1 SPARE INPUT",,"A:I.DATA[1].19"
COMMENT,,A:I,"RED PB 2$N1 PIECE BAG MACHINE",,"A:I.DATA[1].20"
COMMENT,,A:I,"GREEN PB 2$N1 PIECE BAG MACHINE",,"A:I.DATA[1].21"
COMMENT,,A:I,"BLUE PB 2$N1 PIECE BAG MACHINE",,"A:I.DATA[1].22"
COMMENT,,A:I,"PB 2 SPARE INPUT",,"A:I.DATA[1].23"
COMMENT,,A:I,"RED PB 3$N1 PIECE BAG MACHINE",,"A:I.DATA[1].24"
COMMENT,,A:I,"GREEN PB 3$N1 PIECE BAG MACHINE",,"A:I.DATA[1].25"
COMMENT,,A:I,"BLUE PB 3$N1 PIECE BAG MACHINE",,"A:I.DATA[1].26"
COMMENT,,A:I,"PB 3 SPARE INPUT",,"A:I.DATA[1].27"
COMMENT,,A:I,"RED PB 4$N1 PIECE BAG MACHINE",,"A:I.DATA[1].28"
COMMENT,,A:I,"GREEN PB 4$N1 PIECE BAG MACHINE",,"A:I.DATA[1].29"
COMMENT,,A:I,"BLUE PB 4$N1 PIECE BAG MACHINE",,"A:I.DATA[1].30"
COMMENT,,A:I,"PB 4 SPARE INPUT",,"A:I.DATA[1].31"
COMMENT,,A:I,"E-STOP#6 PB$N1 PIECE BAG MACHINE",,"A:I.DATA[2].0"
COMMENT,,A:I,"E-STOP#6 PB$N1 PIECE BAG MACHINE",,"A:I.DATA[2].1"
COMMENT,,A:I,"E-STOP#6 PB$N1 PIECE BAG MACHINE",,"A:I.DATA[2].2"
COMMENT,,A:I,"E-STOP#6 PB$N1 PIECE BAG MACHINE",,"A:I.DATA[2].3"
COMMENT,,A:I,"UPPER HEATERS SSR01$NALARM (ON=NOT FAULTED)$NBARRIER PREHEAT STATION 1",,"A:I.DATA[2].8"
COMMENT,,A:I,"LOWER HEATERS SSR02$NALARM (ON=NOT FAULTED)$NBARRIER PREHEAT STATION 1",,"A:I.DATA[2].9"
COMMENT,,A:I,"UPPER HEATERS SSR03$NALARM (ON=NOT FAULTED)$NBARRIER PREHEAT STATION 2",,"A:I.DATA[2].10"
COMMENT,,A:I,"LOWER HEATERS SSR04$NALARM (ON=NOT FAULTED)$NBARRIER PREHEAT STATION 2",,"A:I.DATA[2].11"
COMMENT,,A:I,"DOOR SWITCH 8 LOCKED$N1 PIECE BAG MACHINE",,"A:I.DATA[2].12"
COMMENT,,A:I,"DOOR SWITCH 8 LOCKED$N1 PIECE BAG MACHINE",,"A:I.DATA[2].13"
COMMENT,,A:I,"DOOR SWITCH 8 LOCKED$N1 PIECE BAG MACHINE",,"A:I.DATA[2].14"
COMMENT,,A:I,"DOOR SWITCH 8 LOCKED$N1 PIECE BAG MACHINE",,"A:I.DATA[2].15"
COMMENT,,A:I,"CELL PRESSURE$NOK$N1 PIECE BAG MACHINE",,"A:I.DATA[2].16"
COMMENT,,A:I,"CELL ID NUMBER$NBIT #1$N1 PIECE BAG MACHINE",,"A:I.DATA[2].17"
COMMENT,,A:I,"CELL ID NUMBER$NBIT #2$N1 PIECE BAG MACHINE",,"A:I.DATA[2].18"
COMMENT,,A:I,"CELL ID NUMBER$NBIT #3$N1 PIECE BAG MACHINE",,"A:I.DATA[2].19"
COMMENT,,A:I,"CELL MANUAL MODE$NOPERATOR CONSOLE 1",,"A:I.DATA[2].20"
COMMENT,,A:I,"CELL MANUAL MODE$NOPERATOR CONSOLE 1",,"A:I.DATA[2].21"
COMMENT,,A:I,"CELL MANUAL MODE$NOPERATOR CONSOLE 1",,"A:I.DATA[2].22"
COMMENT,,A:I,"CELL MANUAL MODE$NOPERATOR CONSOLE 1",,"A:I.DATA[2].23"
COMMENT,,A:I,"CELL AUTO MODE$NOPERATOR CONSOLE 1",,"A:I.DATA[2].24"
COMMENT,,A:I,"CELL AUTO MODE$NOPERATOR CONSOLE 1",,"A:I.DATA[2].25"
COMMENT,,A:I,"CELL AUTO MODE$NOPERATOR CONSOLE 1",,"A:I.DATA[2].26"
COMMENT,,A:I,"CELL AUTO MODE$NOPERATOR CONSOLE 1",,"A:I.DATA[2].27"
COMMENT,,A:I,"CELL MANUAL MODE$NOPERATOR CONSOLE 2",,"A:I.DATA[2].28"
COMMENT,,A:I,"CELL MANUAL MODE$NOPERATOR CONSOLE 2",,"A:I.DATA[2].29"
COMMENT,,A:I,"CELL MANUAL MODE$NOPERATOR CONSOLE 2",,"A:I.DATA[2].30"
COMMENT,,A:I,"CELL MANUAL MODE$NOPERATOR CONSOLE 2",,"A:I.DATA[2].31"
COMMENT,,A:I,"CELL AUTO MODE$NOPERATOR CONSOLE 2",,"A:I.DATA[3].0"
COMMENT,,A:I,"CELL AUTO MODE$NOPERATOR CONSOLE 2",,"A:I.DATA[3].1"
COMMENT,,A:I,"CELL AUTO MODE$NOPERATOR CONSOLE 2",,"A:I.DATA[3].2"
COMMENT,,A:I,"CELL AUTO MODE$NOPERATOR CONSOLE 2",,"A:I.DATA[3].3"
COMMENT,,A:I,"LIGHT CURTAIN CLEAR$NBARRIER INFEED MAGAZINE",,"A:I.DATA[3].4"
COMMENT,,A:I,"LIGHT CURTAIN CLEAR$NBARRIER INFEED MAGAZINE",,"A:I.DATA[3].5"
COMMENT,,A:I,"LIGHT CURTAIN CLEAR$NBARRIER INFEED MAGAZINE",,"A:I.DATA[3].6"
COMMENT,,A:I,"LIGHT CURTAIN CLEAR$NBARRIER INFEED MAGAZINE",,"A:I.DATA[3].7"
COMMENT,,A:I,"CORONA TREATER FAULTED$NBARRIER PICK-N-PLACE/ $NCORONA TREAT",,"A:I.DATA[3].8"
COMMENT,,A:I,"CORONA TREATER RUNNING$NBARRIER PICK-N-PLACE/ $NCORONA TREAT",,"A:I.DATA[3].9"
COMMENT,,A:I,"DOOR SWITCH 7 LOCKED$N1 PIECE BAG MACHINE",,"A:I.DATA[3].12"
COMMENT,,A:I,"DOOR SWITCH 7 LOCKED$N1 PIECE BAG MACHINE",,"A:I.DATA[3].13"
COMMENT,,A:I,"DOOR SWITCH 7 LOCKED$N1 PIECE BAG MACHINE",,"A:I.DATA[3].14"
COMMENT,,A:I,"DOOR SWITCH 7 LOCKED$N1 PIECE BAG MACHINE",,"A:I.DATA[3].15"
COMMENT,,A:I,"GLUE MELTER READY$NBAG GLUE STATION",,"A:I.DATA[6].16"
COMMENT,,A:I,"GLUE MELTER NOT FAULTED$NBAG GLUE STATION",,"A:I.DATA[6].17"
COMMENT,,A:I,"GLUE MELTER$NLOW LEVEL INDICATOR$NBAG GLUE STATION$N$N0=LOW$N1=FULL",,"A:I.DATA[6].18"
COMMENT,,A:I,"PRINT CYCLE COMPLETE$NBARRIER PRINT STATION",,"A:I.DATA[7].8"
COMMENT,,A:I,"PRINTER READY$NBARRIER PRINT STATION",,"A:I.DATA[7].9"
COMMENT,,A:I,"PRINTER RUNNING$NBARRIER PRINT STATION",,"A:I.DATA[7].10"
COMMENT,,A:I,"N/A",,"A:I.DATA[8].4"
COMMENT,,A:I,"N/A",,"A:I.DATA[8].5"
COMMENT,,A:I,"N/A",,"A:I.DATA[8].6"
COMMENT,,A:I,"N/A",,"A:I.DATA[8].7"
COMMENT,,A:I,"N/A",,"A:I.DATA[8].8"
COMMENT,,A:I,"N/A",,"A:I.DATA[8].9"
COMMENT,,A:I,"N/A",,"A:I.DATA[8].10"
COMMENT,,A:I,"N/A",,"A:I.DATA[8].11"
COMMENT,,A:I,"SPARE INPUT FROM SAFETY E-STOP NODE$NBAG LOAD ROBOT (R1)",,"A:I.DATA[8].12"
COMMENT,,A:I,"SPARE INPUT FROM SAFETY E-STOP NODE$NBAG LOAD ROBOT (R1)",,"A:I.DATA[8].13"
COMMENT,,A:I,"SPARE INPUT FROM SAFETY E-STOP NODE$NBAG LOAD ROBOT (R1)",,"A:I.DATA[8].14"
COMMENT,,A:I,"SPARE INPUT FROM SAFETY E-STOP NODE$NBAG LOAD ROBOT (R1)",,"A:I.DATA[8].15"
COMMENT,,A:I,"N/A",,"A:I.DATA[8].16"
COMMENT,,A:I,"N/A",,"A:I.DATA[8].17"
COMMENT,,A:I,"N/A",,"A:I.DATA[8].18"
COMMENT,,A:I,"N/A",,"A:I.DATA[8].19"
COMMENT,,A:I,"E-STOP NOT PRESSED$NE-STOP PRESSED = 0$NE-STOP PULLED = 1$NBAG LOAD ROBOT (R1)",,"A:I.DATA[8].20"
COMMENT,,A:I,"E-STOP NOT PRESSED$NE-STOP PRESSED = 0$NE-STOP PULLED = 1$NBAG LOAD ROBOT (R1)",,"A:I.DATA[8].21"
COMMENT,,A:I,"E-STOP NOT PRESSED$NE-STOP PRESSED = 0$NE-STOP PULLED = 1$NBAG LOAD ROBOT (R1)",,"A:I.DATA[8].22"
COMMENT,,A:I,"E-STOP NOT PRESSED$NE-STOP PRESSED = 0$NE-STOP PULLED = 1$NBAG LOAD ROBOT (R1)",,"A:I.DATA[8].23"
COMMENT,,A:I,"STATUS OF GLOBAL ESTOP OSSD #4$N1 PIECE BAG MACHINE",,"A:I.DATA[8].24"
COMMENT,,A:I,"STATUS OF GLOBAL ESTOP OSSD #4$N1 PIECE BAG MACHINE",,"A:I.DATA[8].25"
COMMENT,,A:I,"STATUS OF GLOBAL ESTOP OSSD #4$N1 PIECE BAG MACHINE",,"A:I.DATA[8].26"
COMMENT,,A:I,"STATUS OF GLOBAL ESTOP OSSD #4$N1 PIECE BAG MACHINE",,"A:I.DATA[8].27"
COMMENT,,A:I,"SPARE INPUT FROM SAFETY E-STOP NODE$NBAG LOAD ROBOT (R1)",,"A:I.DATA[8].28"
COMMENT,,A:I,"SPARE INPUT FROM SAFETY E-STOP NODE$NBAG LOAD ROBOT (R1)",,"A:I.DATA[8].29"
COMMENT,,A:I,"SPARE INPUT FROM SAFETY E-STOP NODE$NBAG LOAD ROBOT (R1)",,"A:I.DATA[8].30"
COMMENT,,A:I,"SPARE INPUT FROM SAFETY E-STOP NODE$NBAG LOAD ROBOT (R1)",,"A:I.DATA[8].31"
COMMENT,,A:I,"N/A",,"A:I.DATA[9].0"
COMMENT,,A:I,"N/A",,"A:I.DATA[9].1"
COMMENT,,A:I,"N/A",,"A:I.DATA[9].2"
COMMENT,,A:I,"N/A",,"A:I.DATA[9].3"
COMMENT,,A:I,"E-STOP NOT PRESSED$NE-STOP PRESSED = 0$NE-STOP PULLED = 1$NBARRIER LOAD/BAG OFFLOAD ROBOT (R2)",,"A:I.DATA[9].4"
COMMENT,,A:I,"E-STOP NOT PRESSED$NE-STOP PRESSED = 0$NE-STOP PULLED = 1$NBARRIER LOAD/BAG OFFLOAD ROBOT (R2)",,"A:I.DATA[9].5"
COMMENT,,A:I,"E-STOP NOT PRESSED$NE-STOP PRESSED = 0$NE-STOP PULLED = 1$NBARRIER LOAD/BAG OFFLOAD ROBOT (R2)",,"A:I.DATA[9].6"
COMMENT,,A:I,"E-STOP NOT PRESSED$NE-STOP PRESSED = 0$NE-STOP PULLED = 1$NBARRIER LOAD/BAG OFFLOAD ROBOT (R2)",,"A:I.DATA[9].7"
COMMENT,,A:I,"SPARE INPUT FROM SAFETY FENCE $NSTOP NODE$NBARRIER LOAD/BAG OFFLOAD ROBOT (R2)",,"A:I.DATA[9].28"
COMMENT,,A:I,"SPARE INPUT FROM SAFETY FENCE $NSTOP NODE$NBARRIER LOAD/BAG OFFLOAD ROBOT (R2)",,"A:I.DATA[9].29"
COMMENT,,A:I,"SPARE INPUT FROM SAFETY FENCE $NSTOP NODE$NBARRIER LOAD/BAG OFFLOAD ROBOT (R2)",,"A:I.DATA[9].30"
COMMENT,,A:I,"SPARE INPUT FROM SAFETY FENCE $NSTOP NODE$NBARRIER LOAD/BAG OFFLOAD ROBOT (R2)",,"A:I.DATA[9].31"
COMMENT,,A:I,"SPARE INPUT FROM SAFETY FENCE$NSTOP NODE$NBAG LOAD ROBOT (R1)",,"A:I.DATA[12].12"
COMMENT,,A:I,"SPARE INPUT FROM SAFETY FENCE$NSTOP NODE$NBAG LOAD ROBOT (R1)",,"A:I.DATA[12].13"
COMMENT,,A:I,"SPARE INPUT FROM SAFETY FENCE$NSTOP NODE$NBAG LOAD ROBOT (R1)",,"A:I.DATA[12].14"
COMMENT,,A:I,"SPARE INPUT FROM SAFETY FENCE$NSTOP NODE$NBAG LOAD ROBOT (R1)",,"A:I.DATA[12].15"
COMMENT,,A:I,"SPARE INPUT FROM SAFETY FENCE$NSTOP NODE$NBARRIER LOAD/BAG OFFLOAD ROBOT (R2)",,"A:I.DATA[12].28"
COMMENT,,A:I,"SPARE INPUT FROM SAFETY FENCE$NSTOP NODE$NBARRIER LOAD/BAG OFFLOAD ROBOT (R2)",,"A:I.DATA[12].29"
COMMENT,,A:I,"SPARE INPUT FROM SAFETY FENCE$NSTOP NODE$NBARRIER LOAD/BAG OFFLOAD ROBOT (R2)",,"A:I.DATA[12].30"
COMMENT,,A:I,"SPARE INPUT FROM SAFETY FENCE$NSTOP NODE$NBARRIER LOAD/BAG OFFLOAD ROBOT (R2)",,"A:I.DATA[12].31"
COMMENT,,A:I,"UPPER TEMPERATURE SENSORS $NBARRIER PREHEAT STATION 1",,"A:I.DATA[16]"
COMMENT,,A:I,"UPPER BLOCK TEMPERATURE SENSOR$NBARRIER PREHEAT STATION 1$N(BITS 0-15)",,"A:I.DATA[16].0"
COMMENT,,A:I,"UPPER TOOL TEMPERATURE SENSOR$NBARRIER PREHEAT STATION 1$N(BITS 16-31)",,"A:I.DATA[16].16"
COMMENT,,A:I,"LOWER TEMPERATURE SENSORS $NBARRIER PREHEAT STATION 1",,"A:I.DATA[17]"
COMMENT,,A:I,"LOWER BLOCK TEMPERATURE SENSOR$NBARRIER PREHEAT STATION 1$N(BITS 0-15)",,"A:I.DATA[17].0"
COMMENT,,A:I,"LOWER TOOL TEMPERATURE SENSOR$NBARRIER PREHEAT STATION 1$N(BITS 16-31)",,"A:I.DATA[17].16"
COMMENT,,A:I,"UPPER TEMPERATURE SENSORS $NBARRIER PREHEAT STATION 2",,"A:I.DATA[18]"
COMMENT,,A:I,"UPPER BLOCK TEMPERATURE SENSOR$NBARRIER PREHEAT STATION 2$N(BITS 0-15)",,"A:I.DATA[18].0"
COMMENT,,A:I,"UPPER TOOL TEMPERATURE SENSOR$NBARRIER PREHEAT STATION 2$N(BITS 16-31)",,"A:I.DATA[18].16"
COMMENT,,A:I,"LOWER TEMPERATURE SENSORS $NBARRIER PREHEAT STATION 2",,"A:I.DATA[19]"
COMMENT,,A:I,"LOWER BLOCK TEMPERATURE SENSOR$NBARRIER PREHEAT STATION 2$N(BITS 0-15)",,"A:I.DATA[19].0"
COMMENT,,A:I,"LOWER TOOL TEMPERATURE SENSOR$NBARRIER PREHEAT STATION 2$N(BITS 16-31)",,"A:I.DATA[19].16"
COMMENT,,A:I,"GLUE MELTER OUTPUT PRESSURE CONTROL$NBAG GLUE STATION",,"A:I.DATA[20]"
COMMENT,,A:I,"GLUE MELTER OUTPUT PRESSURE CONTROL$NBAG GLUE STATION$N(BITS 0-15)",,"A:I.DATA[20].0"
TAG,,A:O,"","AB:ETHERNET_MODULE_DINT_152Bytes:O:0","",""
COMMENT,,A:O,"DOOR SWITCH 1 : LOCK ACTIVATION$N1 PIECE BAG MACHINE",,"A:O.DATA[0].0"
COMMENT,,A:O,"OFF-LINE",,"A:O.DATA[0].4"
COMMENT,,A:O,"LOSS-MASTER-BIT",,"A:O.DATA[0].5"
COMMENT,,A:O,"CONFIGURATION MODE",,"A:O.DATA[0].6"
COMMENT,,A:O,"PROTECTED MODE",,"A:O.DATA[0].7"
COMMENT,,A:O,"DOOR SWITCH 2 : LOCK ACTIVATION$N1 PIECE BAG MACHINE",,"A:O.DATA[0].8"
COMMENT,,A:O,"DOOR SWITCH 3 : LOCK ACTIVATION$N1 PIECE BAG MACHINE",,"A:O.DATA[0].12"
COMMENT,,A:O,"DOOR SWITCH 4 : LOCK ACTIVATION$N1 PIECE BAG MACHINE",,"A:O.DATA[0].16"
COMMENT,,A:O,"DOOR SWITCH 5 : LOCK ACTIVATION$N1 PIECE BAG MACHINE",,"A:O.DATA[0].20"
COMMENT,,A:O,"DOOR SWITCH 6 : LOCK ACTIVATION$N1 PIECE BAG MACHINE",,"A:O.DATA[0].24"
COMMENT,,A:O,"E-STOP#1 PB LIGHT$N1 PIECE BAG MACHINE",,"A:O.DATA[0].28"
COMMENT,,A:O,"E-STOP#2 PB LIGHT$N1 PIECE BAG MACHINE",,"A:O.DATA[1].0"
COMMENT,,A:O,"E-STOP#3 PB LIGHT$N1 PIECE BAG MACHINE",,"A:O.DATA[1].4"
COMMENT,,A:O,"E-STOP#4 PB LIGHT$N1 PIECE BAG MACHINE",,"A:O.DATA[1].8"
COMMENT,,A:O,"E-STOP#5 PB LIGHT$N1 PIECE BAG MACHINE",,"A:O.DATA[1].12"
COMMENT,,A:O,"RED PB 1 : STOP$N1 PIECE BAG MACHINE",,"A:O.DATA[1].16"
COMMENT,,A:O,"GREEN PB 1 : INITIATE AUTO$N1 PIECE BAG MACHINE",,"A:O.DATA[1].17"
COMMENT,,A:O,"BLUE PB 1 : INITIATE MACHINE RESET$N1 PIECE BAG MACHINE",,"A:O.DATA[1].18"
COMMENT,,A:O,"PB 1 SPARE OUTPUT",,"A:O.DATA[1].19"
COMMENT,,A:O,"RED PB 2 : STOP$N1 PIECE BAG MACHINE",,"A:O.DATA[1].20"
COMMENT,,A:O,"GREEN PB 2 : INITIATE AUTO$N1 PIECE BAG MACHINE",,"A:O.DATA[1].21"
COMMENT,,A:O,"BLUE PB 2 : INITIATE MACHINE RESET$N1 PIECE BAG MACHINE",,"A:O.DATA[1].22"
COMMENT,,A:O,"PB 2 SPARE OUTPUT",,"A:O.DATA[1].23"
COMMENT,,A:O,"RED PB 3 : STOP$N1 PIECE BAG MACHINE",,"A:O.DATA[1].24"
COMMENT,,A:O,"GREEN PB 3 : INITIATE AUTO$N1 PIECE BAG MACHINE",,"A:O.DATA[1].25"
COMMENT,,A:O,"BLUE PB 3 : INITIATE MACHINE RESET$N1 PIECE BAG MACHINE",,"A:O.DATA[1].26"
COMMENT,,A:O,"PB 3 SPARE OUTPUT",,"A:O.DATA[1].27"
COMMENT,,A:O,"RED PB 4 : STOP$N1 PIECE BAG MACHINE",,"A:O.DATA[1].28"
COMMENT,,A:O,"GREEN PB 4 : INITIATE AUTO$N1 PIECE BAG MACHINE",,"A:O.DATA[1].29"
COMMENT,,A:O,"BLUE PB 4 : INITIATE MACHINE RESET$N1 PIECE BAG MACHINE",,"A:O.DATA[1].30"
COMMENT,,A:O,"PB 4 SPARE OUTPUT",,"A:O.DATA[1].31"
COMMENT,,A:O,"E-STOP#6 PB LIGHT$N1 PIECE BAG MACHINE",,"A:O.DATA[2].0"
COMMENT,,A:O,"GREEN STACK LIGHT$N1 PIECE BAG MACHINE",,"A:O.DATA[2].4"
COMMENT,,A:O,"AMBER STACK LIGHT$N1 PIECE BAG MACHINE",,"A:O.DATA[2].5"
COMMENT,,A:O,"RED STACK LIGHT$N1 PIECE BAG MACHINE",,"A:O.DATA[2].6"
COMMENT,,A:O,"AUDIO ALARM : STACK LIGHT$N1 PIECE BAG MACHINE",,"A:O.DATA[2].7"
COMMENT,,A:O,"UPPER HEATERS$NPOWER ON$NBARRIER PREHEAT STATION 1",,"A:O.DATA[2].8"
COMMENT,,A:O,"LOWER HEATERS$NPOWER ON$NBARRIER PREHEAT STATION 1",,"A:O.DATA[2].9"
COMMENT,,A:O,"UPPER HEATERS$NPOWER ON$NBARRIER PREHEAT STATION 2",,"A:O.DATA[2].10"
COMMENT,,A:O,"LOWER HEATERS$NPOWER ON$NBARRIER PREHEAT STATION 2",,"A:O.DATA[2].11"
COMMENT,,A:O,"DOOR SWITCH 8 : LOCK ACTIVATION$N1 PIECE BAG MACHINE",,"A:O.DATA[2].12"
COMMENT,,A:O,"HMI #1 POWER OFF$N1 PIECE BAG MACHINE",,"A:O.DATA[2].17"
COMMENT,,A:O,"HMI #2 POWER OFF$N1 PIECE BAG MACHINE",,"A:O.DATA[2].18"
COMMENT,,A:O,"HEATERS POWER RELAY$NBARRIER PREHEAT STATIONS 1 & 2",,"A:O.DATA[2].19"
COMMENT,,A:O,"RED LIGHT: BARRIER INFEED MAGAZINE NOT IN MOTION",,"A:O.DATA[2].20"
COMMENT,,A:O,"GREEN  LIGHT: BARRIER INFEED MAGAZINE IN MOTION INDICATOR",,"A:O.DATA[2].21"
COMMENT,,A:O,"N/A",,"A:O.DATA[2].22"
COMMENT,,A:O,"N/A",,"A:O.DATA[2].23"
COMMENT,,A:O,"N/A",,"A:O.DATA[2].26"
COMMENT,,A:O,"N/A",,"A:O.DATA[2].27"
COMMENT,,A:O,"N/A",,"A:O.DATA[2].30"
COMMENT,,A:O,"N/A",,"A:O.DATA[2].31"
COMMENT,,A:O,"N/A",,"A:O.DATA[3].2"
COMMENT,,A:O,"N/A",,"A:O.DATA[3].3"
COMMENT,,A:O,"E-STOP RESET$N(NEEDED TO RESET OSSD3 SAFETY OUTPUT)$N1 PIECE BAG MACHINE",,"A:O.DATA[3].4"
COMMENT,,A:O,"N/A",,"A:O.DATA[3].5"
COMMENT,,A:O,"N/A",,"A:O.DATA[3].6"
COMMENT,,A:O,"N/A",,"A:O.DATA[3].7"
COMMENT,,A:O,"CORONA TREATER START$NBARRIER PICK-N-PLACE/ $NCORONA TREAT",,"A:O.DATA[3].8"
COMMENT,,A:O,"CORONA TREATER ENABLE$NBARRIER PICK-N-PLACE/ $NCORONA TREAT",,"A:O.DATA[3].9"
COMMENT,,A:O,"DOOR SWITCH 7 : LOCK ACTIVATION$N1 PIECE BAG MACHINE",,"A:O.DATA[3].12"
COMMENT,,A:O,"GLUE MELTER$NSTANDBY ON$NBAG GLUE STATION",,"A:O.DATA[6].16"
COMMENT,,A:O,"GLUE MELTER$NHEATERS ON$NBAG GLUE STATION",,"A:O.DATA[6].17"
COMMENT,,A:O,"GLUE MELTER$NPUMP MOTOR ENABLE$NBAG GLUE STATION",,"A:O.DATA[6].18"
COMMENT,,A:O,"GLUE MELTER$NHOSE/GUN DISABLE$NBAG GLUE STATION$NENABLE = 0$NDISABLE = 1",,"A:O.DATA[6].19"
COMMENT,,A:O,"PRINT CYCLE START$NBARRIER PRINT STATION",,"A:O.DATA[7].8"
COMMENT,,A:O,"PRINTER ENABLE$NBARRIER PRINT STATION",,"A:O.DATA[7].9"
COMMENT,,A:O,"PRINTER SEMI-AUTO MODE$NBARRIER PRINT STATION",,"A:O.DATA[7].10"
COMMENT,,A:O,"OFF-LINE",,"A:O.DATA[8].4"
COMMENT,,A:O,"LOSS-MASTER-BIT",,"A:O.DATA[8].5"
COMMENT,,A:O,"CONFIGURATION MODE",,"A:O.DATA[8].6"
COMMENT,,A:O,"PROTECTED MODE",,"A:O.DATA[8].7"
COMMENT,,A:O,"E-STOP OUTPUT$NBOTH ROBOTS",,"A:O.DATA[8].8"
COMMENT,,A:O,"E-STOP OUTPUT$NBOTH ROBOTS",,"A:O.DATA[8].9"
COMMENT,,A:O,"E-STOP OUTPUT$NBOTH ROBOTS",,"A:O.DATA[8].10"
COMMENT,,A:O,"E-STOP OUTPUT$NBOTH ROBOTS",,"A:O.DATA[8].11"
COMMENT,,A:O,"N/A",,"A:O.DATA[8].12"
COMMENT,,A:O,"N/A",,"A:O.DATA[8].13"
COMMENT,,A:O,"N/A",,"A:O.DATA[8].14"
COMMENT,,A:O,"N/A",,"A:O.DATA[8].15"
COMMENT,,A:O,"FENCE STOP OUTPUT$NBOTH ROBOTS",,"A:O.DATA[8].16"
COMMENT,,A:O,"FENCE STOP OUTPUT$NBOTH ROBOTS",,"A:O.DATA[8].17"
COMMENT,,A:O,"FENCE STOP OUTPUT$NBOTH ROBOTS",,"A:O.DATA[8].18"
COMMENT,,A:O,"FENCE STOP OUTPUT$NBOTH ROBOTS",,"A:O.DATA[8].19"
COMMENT,,A:O,"SPARE",,"A:O.DATA[8].20"
COMMENT,,A:O,"SPARE",,"A:O.DATA[8].21"
COMMENT,,A:O,"N/A",,"A:O.DATA[8].22"
COMMENT,,A:O,"N/A",,"A:O.DATA[8].23"
COMMENT,,A:O,"N/A",,"A:O.DATA[8].24"
COMMENT,,A:O,"N/A",,"A:O.DATA[8].25"
COMMENT,,A:O,"N/A",,"A:O.DATA[8].26"
COMMENT,,A:O,"N/A",,"A:O.DATA[8].27"
COMMENT,,A:O,"N/A",,"A:O.DATA[8].28"
COMMENT,,A:O,"N/A",,"A:O.DATA[8].29"
COMMENT,,A:O,"N/A",,"A:O.DATA[8].30"
COMMENT,,A:O,"N/A",,"A:O.DATA[8].31"
COMMENT,,A:O,"SPARE",,"A:O.DATA[9].4"
COMMENT,,A:O,"SPARE",,"A:O.DATA[9].5"
COMMENT,,A:O,"N/A",,"A:O.DATA[9].6"
COMMENT,,A:O,"N/A",,"A:O.DATA[9].7"
TAG,,DRV06:C,"","AB:ETHERNET_MODULE:C:0","",""
TAG,,DRV06:I,"NETWORK INPUT DATA$N$NBARRIER PICK-N-PLACE/ $NCORONA TREAT STEPPER","AB:ETHERNET_MODULE_INT_20Bytes:I:0","",""
COMMENT,,DRV06:I,"NETWORK INPUT DATA$N$NBARRIER PICK-N-PLACE/ $NCORONA TREAT STEPPER",,"DRV06:I.DATA"
COMMENT,,DRV06:I,"NETWORK INPUT DATA$NWORD 0$N$NBARRIER PICK-N-PLACE/ $NCORONA TREAT STEPPER",,"DRV06:I.DATA[0]"
COMMENT,,DRV06:I,"COMMAND: CW MOVE$N$NCONFIG: INPUT 1 CONFIG BIT 1$N$NBARRIER PICK-N-PLACE/ $NCORONA TREAT STEPPER",,"DRV06:I.DATA[0].0"
COMMENT,,DRV06:I,"COMMAND: CCW MOVE$N$NCONFIG: INPUT 1 CONFIG BIT 2$N$NBARRIER PICK-N-PLACE/ $NCORONA TREAT STEPPER",,"DRV06:I.DATA[0].1"
COMMENT,,DRV06:I,"COMMAND: HOLD STATE$N$NCONFIG: INPUT 1 CONFIG BIT 3$N$NBARRIER PICK-N-PLACE/ $NCORONA TREAT STEPPER",,"DRV06:I.DATA[0].2"
COMMENT,,DRV06:I,"COMMAND: AXIS STOPPED$N$NCONFIG: INPUT 2 CONFIG BIT 1$N$NBARRIER PICK-N-PLACE/ $NCORONA TREAT STEPPER",,"DRV06:I.DATA[0].3"
COMMENT,,DRV06:I,"COMMAND: HOMING COMPLETE$N$NCONFIG: INPUT 2 CONFIG BIT 2$N$NBARRIER PICK-N-PLACE/ $NCORONA TREAT STEPPER",,"DRV06:I.DATA[0].4"
COMMENT,,DRV06:I,"COMMAND: ACCELERATING BIT$N$NCONFIG: INPUT 2 CONFIG BIT 3$N$NBARRIER PICK-N-PLACE/ $NCORONA TREAT STEPPER",,"DRV06:I.DATA[0].5"
COMMENT,,DRV06:I,"COMMAND: DECELERATING BIT$N$NCONFIG: INPUT 3 CONFIG BIT 1$N$NBARRIER PICK-N-PLACE/ $NCORONA TREAT STEPPER",,"DRV06:I.DATA[0].6"
COMMENT,,DRV06:I,"COMMAND: MOVE COMPLETE $N$NCONFIG: INPUT 3 CONFIG BIT 2$N$NBARRIER PICK-N-PLACE/ $NCORONA TREAT STEPPER",,"DRV06:I.DATA[0].7"
COMMENT,,DRV06:I,"COMMAND: BLEND MOVE PROGRAM MODE$N$NCONFIG: INPUT 3 CONFIG BIT 3$N$NBARRIER PICK-N-PLACE/ $NCORONA TREAT STEPPER",,"DRV06:I.DATA[0].8"
COMMENT,,DRV06:I,"COMMAND: TRANSMIT BLEND MOVE SEGMENT$N$NCONFIG: MUST=0$N$NBARRIER PICK-N-PLACE/ $NCORONA TREAT STEPPER",,"DRV06:I.DATA[0].9"
COMMENT,,DRV06:I,"COMMAND: POSITION INVALID$N$NCONFIG: QUAD ENCODER ENABLE$N$NBARRIER PICK-N-PLACE/ $NCORONA TREAT STEPPER",,"DRV06:I.DATA[0].10"
COMMENT,,DRV06:I,"COMMAND:INPUT ERROR$N$NCONFIG: HOME PROX BIT ENABLE$N$NBARRIER PICK-N-PLACE/ $NCORONA TREAT STEPPER",,"DRV06:I.DATA[0].11"
COMMENT,,DRV06:I,"COMMAND: COMMAND ERROR$N$NCONFIG: MUST = 0$N$NBARRIER PICK-N-PLACE/ $NCORONA TREAT STEPPER",,"DRV06:I.DATA[0].12"
COMMENT,,DRV06:I,"COMMAND: CONFIGURATION ERROR$N$NCONFIG: STALL DETECTION ENABLE$N$NBARRIER PICK-N-PLACE/ $NCORONA TREAT STEPPER",,"DRV06:I.DATA[0].13"
COMMENT,,DRV06:I,"COMMAND: CONTROLLER OK$N$NCONFIG: ANTI RESONANCE ENABLE$N$NBARRIER PICK-N-PLACE/ $NCORONA TREAT STEPPER",,"DRV06:I.DATA[0].14"
COMMENT,,DRV06:I,"MODE FLAG$NCOMMAND MODE=0$N$N CONFIG MODE=1$N$NBARRIER PICK-N-PLACE/ $NCORONA TREAT STEPPER",,"DRV06:I.DATA[0].15"
COMMENT,,DRV06:I,"NETWORK INPUT DATA$NWORD 1$N$NBARRIER PICK-N-PLACE/ $NCORONA TREAT STEPPER",,"DRV06:I.DATA[1]"
COMMENT,,DRV06:I,"COMMAND: ESTOP ACTIVE STATE = 1$N$NCONFIG: ESTOP$NACTIVE STATE$N$NBARRIER PICK-N-PLACE/ $NCORONA TREAT STEPPER",,"DRV06:I.DATA[1].0"
COMMENT,,DRV06:I,"COMMAND: CORONA TREATER HOME $N$NCONFIG: INPUT 2 ACTIVE LEVEL$N$NBARRIER PICK-N-PLACE/ $NCORONA TREAT STEPPER",,"DRV06:I.DATA[1].1"
COMMENT,,DRV06:I,"COMMAND: INPUT 3 ACTIVE STATE$N$NCONFIG: INPUT 3 ACTIVE LEVEL$N$NBARRIER PICK-N-PLACE/ $NCORONA TREAT STEPPER",,"DRV06:I.DATA[1].2"
COMMENT,,DRV06:I,"COMMAND: MUST = 0$N$NCONFIG: MUST = 0$N$NBARRIER PICK-N-PLACE/ $NCORONA TREAT STEPPER",,"DRV06:I.DATA[1].3"
COMMENT,,DRV06:I,"COMMAND: MUST = 0$N$NCONFIG: MUST = 0$N$NBARRIER PICK-N-PLACE/ $NCORONA TREAT STEPPER",,"DRV06:I.DATA[1].4"
COMMENT,,DRV06:I,"COMMAND: PLC STATE BIT$N$NCONFIG: MUST = 0$N$NBARRIER PICK-N-PLACE/ $NCORONA TREAT STEPPER",,"DRV06:I.DATA[1].5"
COMMENT,,DRV06:I,"COMMAND: NETWORK LOST ERROR$N$NCONFIG: MUST = 0$N$NBARRIER PICK-N-PLACE/ $NCORONA TREAT STEPPER",,"DRV06:I.DATA[1].6"
COMMENT,,DRV06:I,"COMMAND: DRIVER FAULT$N$NCONFIG: MUST = 0$N$NBARRIER PICK-N-PLACE/ $NCORONA TREAT STEPPER",,"DRV06:I.DATA[1].7"
COMMENT,,DRV06:I,"COMMAND: MUST = 0$N$NCONFIG: MUST = 0$N$NBARRIER PICK-N-PLACE/ $NCORONA TREAT STEPPER",,"DRV06:I.DATA[1].8"
COMMENT,,DRV06:I,"COMMAND: INVALID PARAMETER CHANGE$N$NCONFIG: MUST = 0$N$NBARRIER PICK-N-PLACE/ $NCORONA TREAT STEPPER",,"DRV06:I.DATA[1].9"
COMMENT,,DRV06:I,"COMMAND: LIMIT CONDITION ACTIVE$N$NCONFIG: MUST = 0$N$NBARRIER PICK-N-PLACE/ $NCORONA TREAT STEPPER",,"DRV06:I.DATA[1].10"
COMMENT,,DRV06:I,"COMMAND: MUST = 0$N$NCONFIG: MUST = 0$N$NBARRIER PICK-N-PLACE/ $NCORONA TREAT STEPPER",,"DRV06:I.DATA[1].11"
COMMENT,,DRV06:I,"COMMAND: MUST = 0$N$NCONFIG: STATE OF OUTPUT 1 WHEN NETWORK COMM LOST$N$NBARRIER PICK-N-PLACE/ $NCORONA TREAT STEPPER",,"DRV06:I.DATA[1].12"
COMMENT,,DRV06:I,"COMMAND: OUTPUT 1 STATE$N$NCONFIG: OUTPUT 1 WHEN NETWORK COMM LOST$N$NBARRIER PICK-N-PLACE/ $NCORONA TREAT STEPPER",,"DRV06:I.DATA[1].13"
COMMENT,,DRV06:I,"COMMAND: MOTOR STALL DETECTED$N$NCONFIG: OUTPUT 1 FUNCTIONALITY BIT$N$NBARRIER PICK-N-PLACE/ $NCORONA TREAT STEPPER",,"DRV06:I.DATA[1].14"
COMMENT,,DRV06:I,"COMMAND: DRIVE ENABLED$N$NCONFIG: DRIVE$NENABLED$N$NBARRIER PICK-N-PLACE/ $NCORONA TREAT STEPPER",,"DRV06:I.DATA[1].15"
COMMENT,,DRV06:I,"COMMAND: MOTOR POSITION$NUPPER WORD$N$NCONFIG: START SPEED$NUPPER WORD$N$NBARRIER PICK-N-PLACE/ $NCORONA TREAT STEPPER",,"DRV06:I.DATA[2]"
COMMENT,,DRV06:I,"COMMAND: MOTOR POSITION$NLOWER WORD$N$NCONFIG: START SPEED$NLOWER WORD$N$NBARRIER PICK-N-PLACE/ $NCORONA TREAT STEPPER",,"DRV06:I.DATA[3]"
COMMENT,,DRV06:I,"COMMAND: ENCODER POSITION$NUPPER WORD$N$NCONFIG: MOTOR STEPS/TURN$N$NBARRIER PICK-N-PLACE/ $NCORONA TREAT STEPPER",,"DRV06:I.DATA[4]"
COMMENT,,DRV06:I,"COMMAND: ENCODER POSITION$NLOWER WORD$N$NCONFIG: MUST = 0000h$N$NBARRIER PICK-N-PLACE/ $NCORONA TREAT STEPPER",,"DRV06:I.DATA[5]"
COMMENT,,DRV06:I,"COMMAND: CAPTURED ENCODER POSITION$NUPPER WORD$N$NCONFIG: ENCODER PULSES/TURN$N$NBARRIER PICK-N-PLACE/ $NCORONA TREAT STEPPER",,"DRV06:I.DATA[6]"
COMMENT,,DRV06:I,"COMMAND: CAPTURED ENCODER POSITION$NLOWER WORD$N$NCONFIG: IDLE CURRENT 0-100%$N$NBARRIER PICK-N-PLACE/ $NCORONA TREAT STEPPER",,"DRV06:I.DATA[7]"
COMMENT,,DRV06:I,"COMMAND:MOTOR CURRENT(X10)$N10-60 EVEN ONLY$N$NCONFIG: MOTOR CURRENT(X10)$N10-60 EVEN ONLY$N$NBARRIER PICK-N-PLACE/ $NCORONA TREAT STEPPER",,"DRV06:I.DATA[8]"
COMMENT,,DRV06:I,"COMMAND:ACCEL JERK$N0-5000$N$NCONFIG: CURRENT LOOP GAIN 1-40$N$NBARRIER PICK-N-PLACE/ $NCORONA TREAT STEPPER",,"DRV06:I.DATA[9]"
TAG,,DRV06:O,"NETWORK OUTPUT DATA$N$NBARRIER PICK-N-PLACE/ $NCORONA TREAT STEPPER","AB:ETHERNET_MODULE_INT_20Bytes:O:0","",""
COMMENT,,DRV06:O,"NETWORK OUTPUT DATA$N$NBARRIER PICK-N-PLACE/ $NCORONA TREAT STEPPER",,"DRV06:O.DATA"
COMMENT,,DRV06:O,"NETWORK OUTPUT DATA$NWORD 0$N$NBARRIER PICK-N-PLACE/ $NCORONA TREAT STEPPER",,"DRV06:O.DATA[0]"
COMMENT,,DRV06:O,"COMMAND: ABSOULTE MOVE$N$NCONFIG: INPUT 1 CONFIG BIT 1$N$NBARRIER PICK-N-PLACE/ $NCORONA TREAT STEPPER",,"DRV06:O.DATA[0].0"
COMMENT,,DRV06:O,"COMMAND: RELATIVE MOVE$N$NCONFIG: INPUT 1 CONFIG BIT 2$N$NBARRIER PICK-N-PLACE/ $NCORONA TREAT STEPPER",,"DRV06:O.DATA[0].1"
COMMENT,,DRV06:O,"COMMAND: HOLD$N$NCONFIG: INPUT 1 CONFIG BIT 3$N$NBARRIER PICK-N-PLACE/ $NCORONA TREAT STEPPER",,"DRV06:O.DATA[0].2"
COMMENT,,DRV06:O,"COMMAND: RESUME$N$NCONFIG: INPUT 2 CONFIG BIT 1$N$NBARRIER PICK-N-PLACE/ $NCORONA TREAT STEPPER",,"DRV06:O.DATA[0].3"
COMMENT,,DRV06:O,"COMMAND: IMMEDIATE STOP$N$NCONFIG: INPUT 2 CONFIG BIT 2$N$NBARRIER PICK-N-PLACE/ $NCORONA TREAT STEPPER",,"DRV06:O.DATA[0].4"
COMMENT,,DRV06:O,"COMMAND: FIND HOME CW$N$NCONFIG: INPUT 2 CONFIG BIT 3$N$NBARRIER PICK-N-PLACE/ $NCORONA TREAT STEPPER",,"DRV06:O.DATA[0].5"
COMMENT,,DRV06:O,"COMMAND: FIND HOME CCW$N$NCONFIG: INPUT 3 CONFIG BIT 1$N$NBARRIER PICK-N-PLACE/ $NCORONA TREAT STEPPER",,"DRV06:O.DATA[0].6"
COMMENT,,DRV06:O,"COMMAND: CW$NMANUAL MOVE$N$NCONFIG: INPUT 3 CONFIG BIT 2$N$NBARRIER PICK-N-PLACE/ $NCORONA TREAT STEPPER",,"DRV06:O.DATA[0].7"
COMMENT,,DRV06:O,"COMMAND: CCW$NMANUAL MOVE$N$NCONFIG: INPUT 3 CONFIG BIT 3$N$NBARRIER PICK-N-PLACE/ $NCORONA TREAT STEPPER",,"DRV06:O.DATA[0].8"
COMMENT,,DRV06:O,"COMMAND: PRESET MOTOR POSITION TO WORDS 2 & 3$N$NCONFIG: MUST=0$N$NBARRIER PICK-N-PLACE/ $NCORONA TREAT STEPPER",,"DRV06:O.DATA[0].9"
COMMENT,,DRV06:O,"COMMAND:CLEAR ERRORS$N$NCONFIG: QUAD ENCODER ENABLE$N$NBARRIER PICK-N-PLACE/ $NCORONA TREAT STEPPER",,"DRV06:O.DATA[0].10"
COMMENT,,DRV06:O,"COMMAND:PROGRAM BLEND MOVE BIT 1$N$NCONFIG: HOME PROX BIT ENABLE$N$NBARRIER PICK-N-PLACE/ $NCORONA TREAT STEPPER",,"DRV06:O.DATA[0].11"
COMMENT,,DRV06:O,"COMMAND: READ BLEND DATA$N$NCONFIG: MUST = 0$N$NBARRIER PICK-N-PLACE/ $NCORONA TREAT STEPPER",,"DRV06:O.DATA[0].12"
COMMENT,,DRV06:O,"COMMAND:RUN BLEND MOVE$N$NCONFIG: STALL DETECTION ENABLE$N$NBARRIER PICK-N-PLACE/ $NCORONA TREAT STEPPER",,"DRV06:O.DATA[0].13"
COMMENT,,DRV06:O,"COMMAND: PRESET ENCODER POSITION TO WORDS 2 & 3$N$NCONFIG: ANTI RESONANCE ENABLE$N$NBARRIER PICK-N-PLACE/ $NCORONA TREAT STEPPER",,"DRV06:O.DATA[0].14"
COMMENT,,DRV06:O,"COMMAND MODE = 0$N$NCONFIG MODE = 1$N$NBARRIER PICK-N-PLACE/ $NCORONA TREAT STEPPER",,"DRV06:O.DATA[0].15"
COMMENT,,DRV06:O,"NETWORK OUTPUT DATA$NWORD 1$N$NBARRIER PICK-N-PLACE/ $NCORONA TREAT STEPPER",,"DRV06:O.DATA[1]"
COMMENT,,DRV06:O,"COMMAND: MOTOR CURRENT KEY 0$N$NCONFIG: INPUT 1 ACTIVE LEVEL$N$NBARRIER PICK-N-PLACE/ $NCORONA TREAT STEPPER",,"DRV06:O.DATA[1].0"
COMMENT,,DRV06:O,"COMMAND: MOTOR CURRENT KEY 1$N$NCONFIG: INPUT 2 ACTIVE LEVEL$N$NBARRIER PICK-N-PLACE/ $NCORONA TREAT STEPPER",,"DRV06:O.DATA[1].1"
COMMENT,,DRV06:O,"COMMAND: ENCODER MOVE$N$NCONFIG: INPUT 3 ACTIVE LEVEL$N$NBARRIER PICK-N-PLACE/ $NCORONA TREAT STEPPER",,"DRV06:O.DATA[1].2"
COMMENT,,DRV06:O,"COMMAND: MUST = 0$N$NCONFIG: MUST = 0$N$NBARRIER PICK-N-PLACE/ $NCORONA TREAT STEPPER",,"DRV06:O.DATA[1].3"
COMMENT,,DRV06:O,"COMMAND: BLEND MOVE DIRECTION$NCW = 0$NCCW=1$N$NCONFIG: MUST = 0$N$NBARRIER PICK-N-PLACE/ $NCORONA TREAT STEPPER",,"DRV06:O.DATA[1].4"
COMMENT,,DRV06:O,"COMMAND: MOTOR CURRENT KEY 2$N$NCONFIG: MUST = 0$N$NBARRIER PICK-N-PLACE/ $NCORONA TREAT STEPPER",,"DRV06:O.DATA[1].5"
COMMENT,,DRV06:O,"COMMAND: ENABLE ELECTRONIC GEARING MODE$N$NCONFIG: MUST = 0$N$NBARRIER PICK-N-PLACE/ $NCORONA TREAT STEPPER",,"DRV06:O.DATA[1].6"
COMMENT,,DRV06:O,"COMMAND: MUST = 0$N$NCONFIG: MUST = 0$N$NBARRIER PICK-N-PLACE/ $NCORONA TREAT STEPPER",,"DRV06:O.DATA[1].7"
COMMENT,,DRV06:O,"COMMAND: MUST = 0$N$NCONFIG: MUST = 0$N$NBARRIER PICK-N-PLACE/ $NCORONA TREAT STEPPER",,"DRV06:O.DATA[1].8"
COMMENT,,DRV06:O,"COMMAND: MUST = 0$N$NCONFIG: MUST = 0$N$NBARRIER PICK-N-PLACE/ $NCORONA TREAT STEPPER",,"DRV06:O.DATA[1].9"
COMMENT,,DRV06:O,"COMMAND: MUST = 0$N$NCONFIG: MUST = 0$N$NBARRIER PICK-N-PLACE/ $NCORONA TREAT STEPPER",,"DRV06:O.DATA[1].10"
COMMENT,,DRV06:O,"COMMAND: HOME PROX BIT$N$NCONFIG: MUST = 0$N$NBARRIER PICK-N-PLACE/ $NCORONA TREAT STEPPER",,"DRV06:O.DATA[1].11"
COMMENT,,DRV06:O,"COMMAND: MUST = 0$N$NCONFIG: STATE OF OUTPUT 1 WHEN NETWORK COMM LOST$N$NBARRIER PICK-N-PLACE/ $NCORONA TREAT STEPPER",,"DRV06:O.DATA[1].12"
COMMENT,,DRV06:O,"COMMAND: GEN PURPOSE OUTPUT BIT$N$NCONFIG: OUTPUT 1 WHEN NETWORK COMM LOST$N$NBARRIER PICK-N-PLACE/ $NCORONA TREAT STEPPER",,"DRV06:O.DATA[1].13"
COMMENT,,DRV06:O,"COMMAND: MUST = 0$N$NCONFIG: OUTPUT 1 FUNCTIONALITY BIT$N$NBARRIER PICK-N-PLACE/ $NCORONA TREAT STEPPER",,"DRV06:O.DATA[1].14"
COMMENT,,DRV06:O,"COMMAND: DRIVE ENABLE$N$NCONFIG: DRIVE$NENABLE$N$NBARRIER PICK-N-PLACE/ $NCORONA TREAT STEPPER",,"DRV06:O.DATA[1].15"
COMMENT,,DRV06:O,"COMMAND: TARGET POSITION$N UPPER WORD$N$NCONFIG: START SPEED$NUPPER WORD$N$NBARRIER PICK-N-PLACE/ $NCORONA TREAT STEPPER",,"DRV06:O.DATA[2]"
COMMENT,,DRV06:O,"COMMAND: TARGET POSITION$NLOWER WORD$N$NCONFIG: START SPEED$NLOWER WORD$N$NBARRIER PICK-N-PLACE/ $NCORONA TREAT STEPPER",,"DRV06:O.DATA[3]"
COMMENT,,DRV06:O,"COMMAND:PROG SPEED$NUPPER WORD$N$NCONFIG: MOTOR STEPS/TURN$N$NBARRIER PICK-N-PLACE/ $NCORONA TREAT STEPPER",,"DRV06:O.DATA[4]"
COMMENT,,DRV06:O,"COMMAND:PROG SPEED$NLOWER WORD$N$NCONFIG: MUST = 0000h$N$NBARRIER PICK-N-PLACE/ $NCORONA TREAT STEPPER",,"DRV06:O.DATA[5]"
COMMENT,,DRV06:O,"COMMAND:ACCELERATION 1-5000 STEPS/MS/SEC$N$NCONFIG: ENCODER PULSES/TURN$N$NBARRIER PICK-N-PLACE/ $NCORONA TREAT STEPPER",,"DRV06:O.DATA[6]"
COMMENT,,DRV06:O,"COMMAND:DECELERATION 1-5000 STEPS/MS/SEC$N$NCONFIG: IDLE CURRENT 0-100%$N$NBARRIER PICK-N-PLACE/ $NCORONA TREAT STEPPER",,"DRV06:O.DATA[7]"
COMMENT,,DRV06:O,"COMMAND:MOTOR CURRENT(X10)$N10-60 EVEN ONLY$N$NCONFIG: MOTOR CURRENT(X10)$N10-60 EVEN ONLY$N$NBARRIER PICK-N-PLACE/ $NCORONA TREAT STEPPER",,"DRV06:O.DATA[8]"
COMMENT,,DRV06:O,"COMMAND:ACCEL JERK$N0-5000$N$NCONFIG: CURRENT LOOP GAIN 1-40$N$NBARRIER PICK-N-PLACE/ $NCORONA TREAT STEPPER",,"DRV06:O.DATA[9]"
TAG,,COM01:I,"","AB:PowerFlex4_374BE5E3:I:0","",""
COMMENT,,COM01:I,"DRIVE STATUS$NINFEED CONVEYOR 1",,"COM01:I.DRV07_DRIVESTATUS"
COMMENT,,COM01:I,"DRIVE READY INFEED CONVEYOR 1",,"COM01:I.DRV07_READY"
COMMENT,,COM01:I,"DRIVE ACTIVE$NINFEED CONVEYOR",,"COM01:I.DRV07_ACTIVE"
COMMENT,,COM01:I,"DRIVE DIRECTION INFEED CONVEYOR 1",,"COM01:I.DRV07_ACTUALDIR"
COMMENT,,COM01:I,"DRIVE FAULTED$NINFEED CONVEYOR 1",,"COM01:I.DRV07_FAULTED"
COMMENT,,COM01:I,"DRIVE STATUS$NOUTFEED CONVEYOR",,"COM01:I.DRV09_DRIVESTATUS"
COMMENT,,COM01:I,"DRIVE READY$NOUTFEED CONVEYOR",,"COM01:I.DRV09_READY"
COMMENT,,COM01:I,"DRIVE ACTIVE$NOUTFEED CONVEYOR",,"COM01:I.DRV09_ACTIVE"
COMMENT,,COM01:I,"DRIVE DIRECTION$NOUTFEED CONVEYOR",,"COM01:I.DRV09_ACTUALDIR"
COMMENT,,COM01:I,"DRIVE FAULTED$NOFFLOAD CONVEYOR",,"COM01:I.DRV09_FAULTED"
TAG,,COM01:O,"","AB:PowerFlex4_AB87518A:O:0","",""
COMMENT,,COM01:O,"STOP DRIVE$NINFEED CONVEYOR",,"COM01:O.DRV07_STOP"
COMMENT,,COM01:O,"START DRIVE$NINFEED CONVEYOR",,"COM01:O.DRV07_START"
COMMENT,,COM01:O,"CLEAR DRIVE FAULTS$NINFEED CONVEYOR",,"COM01:O.DRV07_CLEARFAULTS"
COMMENT,,COM01:O,"FORWARD DRIVE DIRECTION$NINFEED CONVEYOR",,"COM01:O.DRV07_FORWARD"
COMMENT,,COM01:O,"DRIVE SPEED$NINFEED CONVEYOR",,"COM01:O.DRV07_FREQCOMMAND"
COMMENT,,COM01:O,"STOP DRIVE $NOFFLOAD CONVEYOR",,"COM01:O.DRV09_STOP"
COMMENT,,COM01:O,"START DRIVE $NOFFLOAD CONVEYOR",,"COM01:O.DRV09_START"
COMMENT,,COM01:O,"CLEAR DRIVE FAULTS OFFLOAD CONVEYOR",,"COM01:O.DRV09_CLEARFAULTS"
COMMENT,,COM01:O,"FORWARD DRIVE DIRECTION$NOFFLOAD CONVEYOR",,"COM01:O.DRV09_FORWARD"
COMMENT,,COM01:O,"DRIVE SPEED$NOFFLOAD CONVEYOR",,"COM01:O.DRV09_FREQCOMMAND"
TAG,,AUTO_READY,"AUTO READY ARRAY","BOOL[32]","","(RADIX := Decimal)"
COMMENT,,AUTO_READY,"AUTO READY $NCOMPONENTS ARE IN PLACE FOR STARTING$N1 PIECE BAG MACHINE",,"AUTO_READY[0]"
COMMENT,,AUTO_READY,"AUTO READY$N MAIN DIAL",,"AUTO_READY[1]"
COMMENT,,AUTO_READY,"AUTO READY$N BARRIER INFEED MAGAZINE",,"AUTO_READY[2]"
COMMENT,,AUTO_READY,"AUTO READY$N BARRIER INFEED ELEVATOR",,"AUTO_READY[3]"
COMMENT,,AUTO_READY,"AUTO READY$N BARRIER PRESS-N-CURE STATION",,"AUTO_READY[4]"
COMMENT,,AUTO_READY,"AUTO READY$N BARRIER PICK-N-PLACE/ $NCORONA TREAT",,"AUTO_READY[5]"
COMMENT,,AUTO_READY,"AUTO READY$N INFEED CONVEYOR",,"AUTO_READY[7]"
COMMENT,,AUTO_READY,"AUTO READY$NOFFLOAD CONVEYOR",,"AUTO_READY[9]"
COMMENT,,AUTO_READY,"AUTO READY$N GLUE STATION",,"AUTO_READY[10]"
COMMENT,,AUTO_READY,"AUTO READY$N BAG LOAD STATION",,"AUTO_READY[12]"
COMMENT,,AUTO_READY,"AUTO READY$N BARRIER PREHEAT STATION 1",,"AUTO_READY[13]"
COMMENT,,AUTO_READY,"AUTO READY$N BARRIER PREHEAT STATION 2",,"AUTO_READY[14]"
COMMENT,,AUTO_READY,"AUTO READY$N BARRIER FORMING STATION",,"AUTO_READY[15]"
COMMENT,,AUTO_READY,"AUTO READY$N BARRIER PUNCH STATION",,"AUTO_READY[16]"
COMMENT,,AUTO_READY,"AUTO READY$N BARRIER PRINTING STATION",,"AUTO_READY[17]"
COMMENT,,AUTO_READY,"AUTO READY$N VISION INSPECTION STATION",,"AUTO_READY[18]"
COMMENT,,AUTO_READY,"AUTO READY$N BAG OFFLOAD STATION",,"AUTO_READY[19]"
COMMENT,,AUTO_READY,"AUTO READY$N BARRIER LOAD STATION",,"AUTO_READY[20]"
COMMENT,,AUTO_READY,"AUTO READY$N BAG LOAD ROBOT (R1)",,"AUTO_READY[21]"
COMMENT,,AUTO_READY,"AUTO READY$N BARRIER LOAD/BAG OFFLOAD ROBOT (R2)",,"AUTO_READY[22]"
TAG,,BAG_FAILED_PICK_REQ,"FAILED BAG PICK REQUEST FROM BAG OFFLOAD STATION TO BARRIER LOAD/BAG OFFLOAD ROBOT (R2)","BOOL","","(RADIX := Decimal)"
TAG,,BAG_GLUE_CORRECT_GLUE_NOT_CONNECTED,"","BOOL","","(RADIX := Decimal)"
TAG,,BAG_GLUE_LOAD_ANALOG_MAN_SETTINGS,"LOAD ANALOG MANIFOLD SETTINGS$NBAG GLUE STATION","BOOL","","(RADIX := Decimal)"
TAG,,BAG_GLUE_PROCESS_FAILED,"PROCESS FAILED DUE TO MACHINE STOP$NBAG GLUE STATION","BOOL","","(RADIX := Decimal)"
ALIAS,,BAG_LOAD_BAG_CLAMP_PRESENT1,"ALIAS HMI ANIMATION$NBAG CLAMP PRESENT SENSOR 1$NBAG LOAD STATION","","MAN03:I.Data[0].4","(RADIX := Decimal)"
ALIAS,,BAG_LOAD_BAG_CLAMP_PRESENT2,"ALIAS HMI ANIMATION$NBAG CLAMP PRESENT SENSOR 2$NBAG LOAD STATION","","MAN03:I.Data[0].5","(RADIX := Decimal)"
ALIAS,,BAG_LOAD_BAG_PRESENT,"ALIAS HMI ANIMATION$NBAG PRESENT SENSOR$NBAG LOAD STATION","","MAN01:I.Data[2].4","(RADIX := Decimal)"
TAG,,BAG_LOAD_BARRIER_COUNTER,"BARRIER COUNTER$NDURING CELL SINGLE PART MODE$NBAG LOAD STATION","COUNTER","",""
ALIAS,,BAG_LOAD_DATA_BAG_LOADED,"ALIAS HMI ANIMATION$NBAG LOADED$NMAIN DIAL PART DATA STREAM$NBAG LOAD STATION","","MAIN_DIAL_DATA[3].BAG_LOADED","(RADIX := Decimal)"
ALIAS,,BAG_LOAD_DATA_BAG_REJECT,"ALIAS HMI ANIMATION$NBAG REJECTED$NMAIN DIAL PART DATA STREAM$NBAG LOAD STATION","","MAIN_DIAL_DATA[3].BAG_REJECT","(RADIX := Decimal)"
ALIAS,,BAG_LOAD_DATA_BAR_LOADED,"ALIAS HMI ANIMATION$NBARRIER LOADED$NMAIN DIAL PART DATA STREAM$NBAG LOAD STATION","","MAIN_DIAL_DATA[3].BARRIER_LOADED","(RADIX := Decimal)"
ALIAS,,BAG_LOAD_DATA_BAR_REJECT,"ALIAS HMI ANIMATION$NBARRIER REJECTED$NMAIN DIAL PART DATA STREAM$NBAG LOAD STATION","","MAIN_DIAL_DATA[3].BARRIER_REJECT","(RADIX := Decimal)"
ALIAS,,BAG_LOAD_DATA_CLEAR_PB,"HMI PUSH BUTTON$NCLEAR DATA REQUEST$NBAG LOAD STATION","","MAIN_DIAL_DATA_CLEAR_REQ_ARRAY.3","(RADIX := Decimal)"
ALIAS,,BAG_LOAD_DATA_EMPTY_LAST_BAG,"ALIAS HMI ANIMATION$NLAST BAG REQUEST FOR CELL EMPTY$NMAIN DIAL PART DATA STREAM$NBAG LOAD STATION","","MAIN_DIAL_DATA[3].CELL_EMPTY_LAST_BAG","(RADIX := Decimal)"
ALIAS,,BAG_LOAD_DATA_FORMING_COMPLETE,"ALIAS HMI ANIMATION$NFORMING STATION COMPLETE$NMAIN DIAL PART DATA STREAM$NBAG LOAD STATION","","MAIN_DIAL_DATA[3].FORMING_COMPLETE","(RADIX := Decimal)"
ALIAS,,BAG_LOAD_DATA_FORMING_PRESS_OK,"ALIAS HMI ANIMATION$NFORMING STATION PRESSURE OK$NMAIN DIAL PART DATA STREAM$NBAG LOAD STATION","","MAIN_DIAL_DATA[3].FORMING_PRESSURE_OK","(RADIX := Decimal)"
ALIAS,,BAG_LOAD_DATA_FORMING_STARTED,"ALIAS HMI ANIMATION$NFORMING STATION STARTED$NMAIN DIAL PART DATA STREAM$NBAG LOAD STATION","","MAIN_DIAL_DATA[3].FORMING_STARTED","(RADIX := Decimal)"
ALIAS,,BAG_LOAD_DATA_GLUE_COMPLETE,"ALIAS HMI ANIMATION$NBAG GLUE STATION COMPLETED$NMAIN DIAL PART DATA STREAM$NBAG LOAD STATION","","MAIN_DIAL_DATA[3].BAG_GLUE_COMPLETE","(RADIX := Decimal)"
ALIAS,,BAG_LOAD_DATA_GLUE_OPEN_REJECT,"ALIAS HMI ANIMATION$NBAG GLUE STATION OPEN TIME REJECT$NMAIN DIAL PART DATA STREAM$NBAG LOAD STATION","","MAIN_DIAL_DATA[3].BAG_GLUE_OPEN_TIME_REJECT","(RADIX := Decimal)"
ALIAS,,BAG_LOAD_DATA_GLUE_PRESS_OK,"ALIAS HMI ANIMATION$NBAG GLUE STATION PRESSURE OK$NMAIN DIAL PART DATA STREAM$NBAG LOAD STATION","","MAIN_DIAL_DATA[3].BAG_GLUE_PRESSURE_OK","(RADIX := Decimal)"
ALIAS,,BAG_LOAD_DATA_GLUE_STARTED,"ALIAS HMI ANIMATION$NBAG GLUE STATION STARTED$NMAIN DIAL PART DATA STREAM$NBAG LOAD STATION","","MAIN_DIAL_DATA[3].BAG_GLUE_STARTED","(RADIX := Decimal)"
ALIAS,,BAG_LOAD_DATA_PNC_COMPLETE,"ALIAS HMI ANIMATION$NPRESS-N-CURE STATION COMPLETED$NMAIN DIAL PART DATA STREAM$NBAG LOAD STATION","","MAIN_DIAL_DATA[3].BAG_CURE_COMPLETE","(RADIX := Decimal)"
ALIAS,,BAG_LOAD_DATA_PNC_PRESS_OK,"ALIAS HMI ANIMATION$NPRESS-N-CURE STATION PRESSURE OK$NMAIN DIAL PART DATA STREAM$NBAG LOAD STATION","","MAIN_DIAL_DATA[3].BAG_CURE_PRESSURE_OK","(RADIX := Decimal)"
ALIAS,,BAG_LOAD_DATA_PNC_STARTED,"ALIAS HMI ANIMATION$NPRESS-N-CURE STATION STARTED$NMAIN DIAL PART DATA STREAM$NBAG LOAD STATION","","MAIN_DIAL_DATA[3].BAG_CURE_STARTED","(RADIX := Decimal)"
ALIAS,,BAG_LOAD_DATA_POS_BAG_REJECT,"ALIAS HMI ANIMATION$NPOSITION BAG WAS REJECTED$NMAIN DIAL PART DATA STREAM$NBAG LOAD STATION","","MAIN_DIAL_DATA[3].STATION_POS_REJECT_BAG","(RADIX := Decimal)"
ALIAS,,BAG_LOAD_DATA_POS_BAR_REJECT,"ALIAS HMI ANIMATION$NPOSITION BARRIER WAS REJECTED$NMAIN DIAL PART DATA STREAM$NBAG LOAD STATION","","MAIN_DIAL_DATA[3].STATION_POS_REJECT_BARRIER","(RADIX := Decimal)"
ALIAS,,BAG_LOAD_DATA_PREHEAT1_COMPLETE,"ALIAS HMI ANIMATION$NPREHEAT STATION 1 COMPLETE$NMAIN DIAL PART DATA STREAM$NBAG LOAD STATION","","MAIN_DIAL_DATA[3].PREHEAT1_COMPLETE","(RADIX := Decimal)"
ALIAS,,BAG_LOAD_DATA_PREHEAT1_LOW_TEMP_OK,"ALIAS HMI ANIMATION$NPREHEAT STATION 1 LOWER TEMP OK$NMAIN DIAL PART DATA STREAM$NBAG LOAD STATION","","MAIN_DIAL_DATA[3].PREHEAT1_LOW_TEMP_OK","(RADIX := Decimal)"
ALIAS,,BAG_LOAD_DATA_PREHEAT1_UP_TEMP_OK,"ALIAS HMI ANIMATION$NPREHEAT STATION 1 UPPER TEMP OK$NMAIN DIAL PART DATA STREAM$NBAG LOAD STATION","","MAIN_DIAL_DATA[3].PREHEAT1_UP_TEMP_OK","(RADIX := Decimal)"
ALIAS,,BAG_LOAD_DATA_PREHEAT2_COMPLETE,"ALIAS HMI ANIMATION$NPREHEAT STATION 2 COMPLETE$NMAIN DIAL PART DATA STREAM$NBAG LOAD STATION","","MAIN_DIAL_DATA[3].PREHEAT2_COMPLETE","(RADIX := Decimal)"
ALIAS,,BAG_LOAD_DATA_PREHEAT2_LOW_TEMP_OK,"ALIAS HMI ANIMATION$NPREHEAT STATION 2 LOWER TEMP OK$NMAIN DIAL PART DATA STREAM$NBAG LOAD STATION","","MAIN_DIAL_DATA[3].PREHEAT2_LOW_TEMP_OK","(RADIX := Decimal)"
ALIAS,,BAG_LOAD_DATA_PREHEAT2_UP_TEMP_OK,"ALIAS HMI ANIMATION$NPREHEAT STATION 2 UPPER TEMP OK$NMAIN DIAL PART DATA STREAM$NBAG LOAD STATION","","MAIN_DIAL_DATA[3].PREHEAT2_UP_TEMP_OK","(RADIX := Decimal)"
ALIAS,,BAG_LOAD_DATA_PRINT_COMPLETE,"ALIAS HMI ANIMATION$NPRINTING STATION COMPLETED$NMAIN DIAL PART DATA STREAM$NBAG LOAD STATION","","MAIN_DIAL_DATA[3].PRINT_COMPLETE","(RADIX := Decimal)"
ALIAS,,BAG_LOAD_DATA_PRINT_REQUIRED,"ALIAS HMI ANIMATION$NPRINTING REQUIRED$NMAIN DIAL PART DATA STREAM$NBAG LOAD STATION","","MAIN_DIAL_DATA[3].PRINT_REQUIRED","(RADIX := Decimal)"
ALIAS,,BAG_LOAD_DATA_PRINT_STARTED,"ALIAS HMI ANIMATION$NPRINTING STATION STARTED$NMAIN DIAL PART DATA STREAM$NBAG LOAD STATION","","MAIN_DIAL_DATA[3].PRINT_STARTED","(RADIX := Decimal)"
ALIAS,,BAG_LOAD_DATA_PUNCH_COMPLETE,"ALIAS HMI ANIMATION$NPUNCH STATION COMPLETED$NMAIN DIAL PART DATA STREAM$NBAG LOAD STATION","","MAIN_DIAL_DATA[3].PUNCH_COMPLETE","(RADIX := Decimal)"
ALIAS,,BAG_LOAD_DATA_PUNCH_STARTED,"ALIAS HMI ANIMATION$NPUNCH STATION STARTED$NMAIN DIAL PART DATA STREAM$NBAG LOAD STATION","","MAIN_DIAL_DATA[3].PUNCH_STARTED","(RADIX := Decimal)"
ALIAS,,BAG_LOAD_DATA_VISION_COMPLETE,"ALIAS HMI ANIMATION$NVISION INSPECTION STATION COMPLETED$NMAIN DIAL PART DATA STREAM$NBAG LOAD STATION","","MAIN_DIAL_DATA[3].VISION_COMPLETE","(RADIX := Decimal)"
TAG,,BAG_LOAD_INDEX_DIAL_REQ,"INDEX REQUEST$NFROM BAG LOAD STATION$N TO MAIN DIAL","BOOL","","(RADIX := Decimal)"
TAG,,BAG_LOAD_PROCESS_DONE,"CYCLE DONE$NFROM BAG LOAD STATION TO MAIN DIAL","BOOL","","(RADIX := Decimal)"
ALIAS,,BAG_LOAD_REL_CYL_EXT,"ALIAS HMI ANIMATION$NBAG RELEASE CYLINDER EXTENDED SENSOR$NBAG LOAD STATION","","MAN01:I.Data[3].0","(RADIX := Decimal)"
TAG,,BAG_LOAD_REL_CYL_EXT_PB,"HMI PUSH BUTTON$NBAG RELEASE$NCYLINDER EXTEND$NBAG LOAD STATION","BOOL","","(RADIX := Decimal)"
ALIAS,,BAG_LOAD_REL_CYL_RET,"ALIAS HMI ANIMATION$NBAG RELEASE CYLINDER RETRACTED SENSOR$NBAG LOAD STATION","","MAN01:I.Data[3].1","(RADIX := Decimal)"
TAG,,BAG_LOAD_REQ,"BAG LOAD REQUEST FROM BAG LOAD STATION TO BAG LOAD ROBOT (R1)","BOOL","","(RADIX := Decimal)"
TAG,,BAG_LOAD_SCREEN_PB,"HMI PUSH BUTTON$NGOTO BAG $NLOAD STATION $NSCREEN","BOOL","","(RADIX := Decimal)"
TAG,,BAG_OFFLOAD_BAG_REJECT_CNT,"FAILURE COUNT FOR BAG REJECTED$NBAG OFFLOAD STATION","COUNTER","",""
TAG,,BAG_OFFLOAD_BARRIER_COR_REJECT_CNT,"FAILURE COUNT FOR BARRIER REJECTED$NDUE TO CORONA HEAD INCOMPLETE CYCLE$NBAG OFFLOAD STATION","COUNTER","",""
TAG,,BAG_OFFLOAD_BARRIER_REJECT_CNT,"FAILURE COUNT FOR BARRIER REJECTED$NDUE TO PROCESS$NBAG OFFLOAD STATION","COUNTER","",""
TAG,,BAG_OFFLOAD_BARRIER_VIS_REJECT_ALLOWED,"FAILURE COUNT ALLOWED FOR BARRIER REJECTED$NDUE TO VISION$NBAG OFFLOAD STATION","INT","","(RADIX := Decimal)"
TAG,,BAG_OFFLOAD_BARRIER_VIS_REJECT_CNT,"FAILURE COUNT FOR BARRIER REJECTED$NDUE TO VISION$NBAG OFFLOAD STATION","COUNTER","",""
TAG,,BAG_OFFLOAD_BARRIER_VIS_REJECT_MULTI_CNT,"MULTI FAILURE COUNT FOR BARRIER REJECTED$NDUE TO VISION$NBAG OFFLOAD STATION","COUNTER","",""
TAG,,BAG_OFFLOAD_CTR_BAG_REJECT,"HMI ANIMATION$NBAG REJECTED$NBAG OFFLOAD STATION$N0=GREEN$N1=YELLOW$N2=RED","INT","","(RADIX := Decimal)"
TAG,,BAG_OFFLOAD_CTR_BARRIER_REJECT,"HMI ANIMATION$NBARRIER REJECTED$NDUE TO PROCESS$NBAG OFFLOAD STATION$N0=GREEN$N1=YELLOW$N2=RED","INT","","(RADIX := Decimal)"
TAG,,BAG_OFFLOAD_CTR_BARRIER_VIS_REJECT,"HMI ANIMATION$NBARRIER REJECTED$NDUE TO VISION$NBAG OFFLOAD STATION$N0=GREEN$N1=YELLOW$N2=RED","INT","","(RADIX := Decimal)"
ALIAS,,BAG_OFFLOAD_DATA_BAG_LOADED,"ALIAS HMI ANIMATION$NBAG LOADED$NMAIN DIAL PART DATA STREAM$NBAG OFFLOAD STATION","","MAIN_DIAL_DATA[12].BAG_LOADED","(RADIX := Decimal)"
ALIAS,,BAG_OFFLOAD_DATA_BAG_REJECT,"ALIAS HMI ANIMATION$NBAG REJECTED$NMAIN DIAL PART DATA STREAM$NBAG OFFLOAD STATION","","MAIN_DIAL_DATA[12].BAG_REJECT","(RADIX := Decimal)"
ALIAS,,BAG_OFFLOAD_DATA_BAR_LOADED,"ALIAS HMI ANIMATION$NBARRIER LOADED$NMAIN DIAL PART DATA STREAM$NBAG OFFLOAD STATION","","MAIN_DIAL_DATA[12].BARRIER_LOADED","(RADIX := Decimal)"
ALIAS,,BAG_OFFLOAD_DATA_BAR_REJECT,"ALIAS HMI ANIMATION$NBARRIER REJECTED$NMAIN DIAL PART DATA STREAM$NBAG OFFLOAD STATION","","MAIN_DIAL_DATA[12].BARRIER_REJECT","(RADIX := Decimal)"
ALIAS,,BAG_OFFLOAD_DATA_CLEAR_PB,"HMI PUSH BUTTON$NCLEAR DATA REQUEST$NBAG OFFLOAD STATION","","MAIN_DIAL_DATA_CLEAR_REQ_ARRAY.12","(RADIX := Decimal)"
ALIAS,,BAG_OFFLOAD_DATA_EMPTY_LAST_BAG,"ALIAS HMI ANIMATION$NLAST BAG REQUEST FOR CELL EMPTY$NMAIN DIAL PART DATA STREAM$NBAG OFFLOAD STATION","","MAIN_DIAL_DATA[12].CELL_EMPTY_LAST_BAG","(RADIX := Decimal)"
ALIAS,,BAG_OFFLOAD_DATA_FORMING_COMPLETE,"ALIAS HMI ANIMATION$NFORMING STATION COMPLETE$NMAIN DIAL PART DATA STREAM$NBAG OFFLOAD STATION","","MAIN_DIAL_DATA[12].FORMING_COMPLETE","(RADIX := Decimal)"
ALIAS,,BAG_OFFLOAD_DATA_FORMING_PRESS_OK,"ALIAS HMI ANIMATION$NFORMING STATION PRESSURE OK$NMAIN DIAL PART DATA STREAM$NBAG OFFLOAD STATION","","MAIN_DIAL_DATA[12].FORMING_PRESSURE_OK","(RADIX := Decimal)"
ALIAS,,BAG_OFFLOAD_DATA_FORMING_STARTED,"ALIAS HMI ANIMATION$NFORMING STATION STARTED$NMAIN DIAL PART DATA STREAM$NBAG OFFLOAD STATION","","MAIN_DIAL_DATA[12].FORMING_STARTED","(RADIX := Decimal)"
ALIAS,,BAG_OFFLOAD_DATA_GLUE_COMPLETE,"ALIAS HMI ANIMATION$NBAG GLUE STATION COMPLETED$NMAIN DIAL PART DATA STREAM$NBAG OFFLOAD STATION","","MAIN_DIAL_DATA[12].BAG_GLUE_COMPLETE","(RADIX := Decimal)"
ALIAS,,BAG_OFFLOAD_DATA_GLUE_OPEN_REJECT,"ALIAS HMI ANIMATION$NBAG GLUE STATION OPEN TIME REJECT$NMAIN DIAL PART DATA STREAM$NBAG OFFLOAD STATION","","MAIN_DIAL_DATA[12].BAG_GLUE_OPEN_TIME_REJECT","(RADIX := Decimal)"
ALIAS,,BAG_OFFLOAD_DATA_GLUE_PRESS_OK,"ALIAS HMI ANIMATION$NBAG GLUE STATION PRESSURE OK$NMAIN DIAL PART DATA STREAM$NBAG OFFLOAD STATION","","MAIN_DIAL_DATA[12].BAG_GLUE_PRESSURE_OK","(RADIX := Decimal)"
ALIAS,,BAG_OFFLOAD_DATA_GLUE_STARTED,"ALIAS HMI ANIMATION$NBAG GLUE STATION STARTED$NMAIN DIAL PART DATA STREAM$NBAG OFFLOAD STATION","","MAIN_DIAL_DATA[12].BAG_GLUE_STARTED","(RADIX := Decimal)"
ALIAS,,BAG_OFFLOAD_DATA_PNC_COMPLETE,"ALIAS HMI ANIMATION$NPRESS-N-CURE STATION COMPLETED$NMAIN DIAL PART DATA STREAM$NBAG OFFLOAD STATION","","MAIN_DIAL_DATA[12].BAG_CURE_COMPLETE","(RADIX := Decimal)"
ALIAS,,BAG_OFFLOAD_DATA_PNC_PRESS_OK,"ALIAS HMI ANIMATION$NPRESS-N-CURE STATION PRESSURE OK$NMAIN DIAL PART DATA STREAM$NBAG OFFLOAD STATION","","MAIN_DIAL_DATA[12].BAG_CURE_PRESSURE_OK","(RADIX := Decimal)"
ALIAS,,BAG_OFFLOAD_DATA_PNC_STARTED,"ALIAS HMI ANIMATION$NPRESS-N-CURE STATION STARTED$NMAIN DIAL PART DATA STREAM$NBAG OFFLOAD STATION","","MAIN_DIAL_DATA[12].BAG_CURE_STARTED","(RADIX := Decimal)"
ALIAS,,BAG_OFFLOAD_DATA_POS_BAG_REJECT,"ALIAS HMI ANIMATION$NPOSITION BAG WAS REJECTED$NMAIN DIAL PART DATA STREAM$NBAG OFFLOAD STATION","","MAIN_DIAL_DATA[12].STATION_POS_REJECT_BAG","(RADIX := Decimal)"
ALIAS,,BAG_OFFLOAD_DATA_POS_BAR_REJECT,"ALIAS HMI ANIMATION$NPOSITION BARRIER WAS REJECTED$NMAIN DIAL PART DATA STREAM$NBAG OFFLOAD STATION","","MAIN_DIAL_DATA[12].STATION_POS_REJECT_BARRIER","(RADIX := Decimal)"
ALIAS,,BAG_OFFLOAD_DATA_PREHEAT1_COMPLETE,"ALIAS HMI ANIMATION$NPREHEAT STATION 1 COMPLETE$NMAIN DIAL PART DATA STREAM$NBAG OFFLOAD STATION","","MAIN_DIAL_DATA[12].PREHEAT1_COMPLETE","(RADIX := Decimal)"
ALIAS,,BAG_OFFLOAD_DATA_PREHEAT1_LOW_TEMP_OK,"ALIAS HMI ANIMATION$NPREHEAT STATION 1 LOWER TEMP OK$NMAIN DIAL PART DATA STREAM$NBAG OFFLOAD STATION","","MAIN_DIAL_DATA[12].PREHEAT1_LOW_TEMP_OK","(RADIX := Decimal)"
ALIAS,,BAG_OFFLOAD_DATA_PREHEAT1_UP_TEMP_OK,"ALIAS HMI ANIMATION$NPREHEAT STATION 1 UPPER TEMP OK$NMAIN DIAL PART DATA STREAM$NBAG OFFLOAD STATION","","MAIN_DIAL_DATA[12].PREHEAT1_UP_TEMP_OK","(RADIX := Decimal)"
ALIAS,,BAG_OFFLOAD_DATA_PREHEAT2_COMPLETE,"ALIAS HMI ANIMATION$NPREHEAT STATION 2 COMPLETE$NMAIN DIAL PART DATA STREAM$NBAG OFFLOAD STATION","","MAIN_DIAL_DATA[12].PREHEAT2_COMPLETE","(RADIX := Decimal)"
ALIAS,,BAG_OFFLOAD_DATA_PREHEAT2_LOW_TEMP_OK,"ALIAS HMI ANIMATION$NPREHEAT STATION 2 LOWER TEMP OK$NMAIN DIAL PART DATA STREAM$NBAG OFFLOAD STATION","","MAIN_DIAL_DATA[12].PREHEAT2_LOW_TEMP_OK","(RADIX := Decimal)"
ALIAS,,BAG_OFFLOAD_DATA_PREHEAT2_UP_TEMP_OK,"ALIAS HMI ANIMATION$NPREHEAT STATION 2 UPPER TEMP OK$NMAIN DIAL PART DATA STREAM$NBAG OFFLOAD STATION","","MAIN_DIAL_DATA[12].PREHEAT2_UP_TEMP_OK","(RADIX := Decimal)"
ALIAS,,BAG_OFFLOAD_DATA_PRINT_COMPLETE,"ALIAS HMI ANIMATION$NPRINTING STATION COMPLETED$NMAIN DIAL PART DATA STREAM$NBAG OFFLOAD STATION","","MAIN_DIAL_DATA[12].PRINT_COMPLETE","(RADIX := Decimal)"
ALIAS,,BAG_OFFLOAD_DATA_PRINT_REQUIRED,"ALIAS HMI ANIMATION$NPRINTING REQUIRED$NMAIN DIAL PART DATA STREAM$NBAG OFFLOAD STATION","","MAIN_DIAL_DATA[12].PRINT_REQUIRED","(RADIX := Decimal)"
ALIAS,,BAG_OFFLOAD_DATA_PRINT_STARTED,"ALIAS HMI ANIMATION$NPRINTING STATION STARTED$NMAIN DIAL PART DATA STREAM$NBAG OFFLOAD STATION","","MAIN_DIAL_DATA[12].PRINT_STARTED","(RADIX := Decimal)"
ALIAS,,BAG_OFFLOAD_DATA_PUNCH_COMPLETE,"ALIAS HMI ANIMATION$NPUNCH STATION COMPLETED$NMAIN DIAL PART DATA STREAM$NBAG OFFLOAD STATION","","MAIN_DIAL_DATA[12].PUNCH_COMPLETE","(RADIX := Decimal)"
ALIAS,,BAG_OFFLOAD_DATA_PUNCH_STARTED,"ALIAS HMI ANIMATION$NPUNCH STATION STARTED$NMAIN DIAL PART DATA STREAM$NBAG OFFLOAD STATION","","MAIN_DIAL_DATA[12].PUNCH_STARTED","(RADIX := Decimal)"
ALIAS,,BAG_OFFLOAD_DATA_VISION_COMPLETE,"ALIAS HMI ANIMATION$NVISION INSPECTION STATION COMPLETED$NMAIN DIAL PART DATA STREAM$NBAG OFFLOAD STATION","","MAIN_DIAL_DATA[12].VISION_COMPLETE","(RADIX := Decimal)"
TAG,,BAG_OFFLOAD_INDEX_DIAL_REQ,"INDEX REQUEST$NFROM BAG $NOFFLOAD STATION$N TO MAIN DIAL","BOOL","","(RADIX := Decimal)"
TAG,,BAG_OFFLOAD_PART_PICKED,"PART PICKED$NFROM BAG OFFLOAD STATION","BOOL","","(RADIX := Decimal)"
TAG,,BAG_OFFLOAD_PREV_BAG_REJECT_CNT,"PREVIOUS FAILURE COUNT FOR BAG REJECTED$NBAG OFFLOAD STATION","INT","","(RADIX := Decimal)"
TAG,,BAG_OFFLOAD_PREV_BARRIER_REJECT_CNT,"PREVIOUS FAILURE COUNT FOR BARRIER REJECTED DUE TO PROCESS$NBAG OFFLOAD STATION","INT","","(RADIX := Decimal)"
TAG,,BAG_OFFLOAD_PREV_BARRIER_VIS_REJECT_CNT,"PREVIOUS FAILURE COUNT FOR BARRIER REJECTED DUE TO VISION$NBAG OFFLOAD STATION","INT","","(RADIX := Decimal)"
TAG,,BAG_OFFLOAD_PROCESS_DONE,"CYCLE DONE$NFROM BAG OFFLOAD STATION TO MAIN DIAL","BOOL","","(RADIX := Decimal)"
ALIAS,,BAG_OFFLOAD_REL_CYL_EXT,"ALIAS HMI ANIMATION$NBAG RELEASE CYLINDER EXTENDED SENSOR$NBAG OFFLOAD STATION","","MAN02:I.Data[2].4","(RADIX := Decimal)"
TAG,,BAG_OFFLOAD_REL_CYL_EXT_PB,"HMI PUSH BUTTON$NEXTEND BAG RELEASE CYLINDER$NBAG OFFLOAD STATION","BOOL","","(RADIX := Decimal)"
ALIAS,,BAG_OFFLOAD_REL_CYL_RET,"ALIAS HMI ANIMATION$NBAG RELEASE CYLINDER RETRACTED SENSOR$NBAG OFFLOAD STATION","","MAN02:I.Data[2].5","(RADIX := Decimal)"
TAG,,BAG_OFFLOAD_SCREEN_PB,"HMI PUSH BUTTON$NGOTO BAG OFFLOAD STATION SCREEN","BOOL","","(RADIX := Decimal)"
TAG,,BAG_PASSED_PICK_REQ,"PASSED BAG PICK REQUEST FROM BAG OFFLOAD STATION TO BARRIER LOAD/BAG OFFLOAD ROBOT (R2)","BOOL","","(RADIX := Decimal)"
TAG,,BARRIER_FAILED_PICK_REQ,"FAILED BARRIER PICK REQUEST FROM BAG OFFLOAD STATION TO BARRIER LOAD/BAG OFFLOAD ROBOT (R2)","BOOL","","(RADIX := Decimal)"
TAG,,BARRIER_INFEED_ELEVATOR,"","COUNTER","",""
ALIAS,,BARRIER_LOAD_BARRIER_PRESENT,"ALIAS HMI ANIMATION$NBARRIER PRESENT SENSOR$NBARRIER LOAD STATION","","MAN02:I.Data[2].9","(RADIX := Decimal)"
ALIAS,,BARRIER_LOAD_DATA_BAG_LOADED,"ALIAS HMI ANIMATION$NBAG LOADED$NMAIN DIAL PART DATA STREAM$NBARRIER LOAD STATION","","MAIN_DIAL_DATA[1].BAG_LOADED","(RADIX := Decimal)"
ALIAS,,BARRIER_LOAD_DATA_BAG_REJECT,"ALIAS HMI ANIMATION$NBAG REJECTED$NMAIN DIAL PART DATA STREAM$NBARRIER LOAD STATION","","MAIN_DIAL_DATA[1].BAG_REJECT","(RADIX := Decimal)"
ALIAS,,BARRIER_LOAD_DATA_BAR_LOADED,"ALIAS HMI ANIMATION$NBARRIER LOADED$NMAIN DIAL PART DATA STREAM$NBARRIER LOAD STATION","","MAIN_DIAL_DATA[1].BARRIER_LOADED","(RADIX := Decimal)"
ALIAS,,BARRIER_LOAD_DATA_BAR_REJECT,"ALIAS HMI ANIMATION$NBARRIER REJECTED$NMAIN DIAL PART DATA STREAM$NBARRIER LOAD STATION","","MAIN_DIAL_DATA[1].BARRIER_REJECT","(RADIX := Decimal)"
ALIAS,,BARRIER_LOAD_DATA_CLEAR_PB,"HMI PUSH BUTTON$NCLEAR DATA REQUEST$N BARRIER LOAD STATION","","MAIN_DIAL_DATA_CLEAR_REQ_ARRAY.1","(RADIX := Decimal)"
ALIAS,,BARRIER_LOAD_DATA_EMPTY_LAST_BAG,"ALIAS HMI ANIMATION$NLAST BAG REQUEST FOR CELL EMPTY$NMAIN DIAL PART DATA STREAM$NBARRIER LOAD STATION","","MAIN_DIAL_DATA[1].CELL_EMPTY_LAST_BAG","(RADIX := Decimal)"
ALIAS,,BARRIER_LOAD_DATA_FORMING_COMPLETE,"ALIAS HMI ANIMATION$NFORMING STATION COMPLETE$NMAIN DIAL PART DATA STREAM$NBARRIER LOAD STATION","","MAIN_DIAL_DATA[1].FORMING_COMPLETE","(RADIX := Decimal)"
ALIAS,,BARRIER_LOAD_DATA_FORMING_PRESS_OK,"ALIAS HMI ANIMATION$NFORMING STATION PRESSURE OK$NMAIN DIAL PART DATA STREAM$NBARRIER LOAD STATION","","MAIN_DIAL_DATA[1].FORMING_PRESSURE_OK","(RADIX := Decimal)"
ALIAS,,BARRIER_LOAD_DATA_FORMING_STARTED,"ALIAS HMI ANIMATION$NFORMING STATION STARTED$NMAIN DIAL PART DATA STREAM$NBARRIER LOAD STATION","","MAIN_DIAL_DATA[1].FORMING_STARTED","(RADIX := Decimal)"
ALIAS,,BARRIER_LOAD_DATA_GLUE_COMPLETE,"ALIAS HMI ANIMATION$NBAG GLUE STATION COMPLETED$NMAIN DIAL PART DATA STREAM$NBARRIER LOAD STATION","","MAIN_DIAL_DATA[1].BAG_GLUE_COMPLETE","(RADIX := Decimal)"
ALIAS,,BARRIER_LOAD_DATA_GLUE_OPEN_REJECT,"ALIAS HMI ANIMATION$NBAG GLUE STATION OPEN TIME REJECT$NMAIN DIAL PART DATA STREAM$NBARRIER LOAD STATION","","MAIN_DIAL_DATA[1].BAG_GLUE_OPEN_TIME_REJECT","(RADIX := Decimal)"
ALIAS,,BARRIER_LOAD_DATA_GLUE_PRESS_OK,"ALIAS HMI ANIMATION$NBAG GLUE STATION PRESSURE OK$NMAIN DIAL PART DATA STREAM$NBARRIER LOAD STATION","","MAIN_DIAL_DATA[1].BAG_GLUE_PRESSURE_OK","(RADIX := Decimal)"
ALIAS,,BARRIER_LOAD_DATA_GLUE_STARTED,"ALIAS HMI ANIMATION$NBAG GLUE STATION STARTED$NMAIN DIAL PART DATA STREAM$NBARRIER LOAD STATION","","MAIN_DIAL_DATA[1].BAG_GLUE_STARTED","(RADIX := Decimal)"
ALIAS,,BARRIER_LOAD_DATA_PNC_COMPLETE,"ALIAS HMI ANIMATION$NPRESS-N-CURE STATION COMPLETED$NMAIN DIAL PART DATA STREAM$NBARRIER LOAD STATION","","MAIN_DIAL_DATA[1].BAG_CURE_COMPLETE","(RADIX := Decimal)"
ALIAS,,BARRIER_LOAD_DATA_PNC_PRESS_OK,"ALIAS HMI ANIMATION$NPRESS-N-CURE STATION PRESSURE OK$NMAIN DIAL PART DATA STREAM$NBARRIER LOAD STATION","","MAIN_DIAL_DATA[1].BAG_CURE_PRESSURE_OK","(RADIX := Decimal)"
ALIAS,,BARRIER_LOAD_DATA_PNC_STARTED,"ALIAS HMI ANIMATION$NPRESS-N-CURE STATION STARTED$NMAIN DIAL PART DATA STREAM$NBARRIER LOAD STATION","","MAIN_DIAL_DATA[1].BAG_CURE_STARTED","(RADIX := Decimal)"
ALIAS,,BARRIER_LOAD_DATA_POS_BAG_REJECT,"ALIAS HMI ANIMATION$NPOSITION BAG WAS REJECTED$NMAIN DIAL PART DATA STREAM$NBARRIER LOAD STATION","","MAIN_DIAL_DATA[1].STATION_POS_REJECT_BAG","(RADIX := Decimal)"
ALIAS,,BARRIER_LOAD_DATA_POS_BAR_REJECT,"ALIAS HMI ANIMATION$NPOSITION BARRIER WAS REJECTED$NMAIN DIAL PART DATA STREAM$NBARRIER LOAD STATION","","MAIN_DIAL_DATA[1].STATION_POS_REJECT_BARRIER","(RADIX := Decimal)"
ALIAS,,BARRIER_LOAD_DATA_PREHEAT1_COMPLETE,"ALIAS HMI ANIMATION$NPREHEAT STATION 1 COMPLETE$NMAIN DIAL PART DATA STREAM$NBARRIER LOAD STATION","","MAIN_DIAL_DATA[1].PREHEAT1_COMPLETE","(RADIX := Decimal)"
ALIAS,,BARRIER_LOAD_DATA_PREHEAT1_LOW_TEMP_OK,"ALIAS HMI ANIMATION$NPREHEAT STATION 1 LOWER TEMP OK$NMAIN DIAL PART DATA STREAM$NBARRIER LOAD STATION","","MAIN_DIAL_DATA[1].PREHEAT1_LOW_TEMP_OK","(RADIX := Decimal)"
ALIAS,,BARRIER_LOAD_DATA_PREHEAT1_UP_TEMP_OK,"ALIAS HMI ANIMATION$NPREHEAT STATION 1 UPPER TEMP OK$NMAIN DIAL PART DATA STREAM$NBARRIER LOAD STATION","","MAIN_DIAL_DATA[1].PREHEAT1_UP_TEMP_OK","(RADIX := Decimal)"
ALIAS,,BARRIER_LOAD_DATA_PREHEAT2_COMPLETE,"ALIAS HMI ANIMATION$NPREHEAT STATION 2 COMPLETE$NMAIN DIAL PART DATA STREAM$NBARRIER LOAD STATION","","MAIN_DIAL_DATA[1].PREHEAT2_COMPLETE","(RADIX := Decimal)"
ALIAS,,BARRIER_LOAD_DATA_PREHEAT2_LOW_TEMP_OK,"ALIAS HMI ANIMATION$NPREHEAT STATION 2 LOWER TEMP OK$NMAIN DIAL PART DATA STREAM$NBARRIER LOAD STATION","","MAIN_DIAL_DATA[1].PREHEAT2_LOW_TEMP_OK","(RADIX := Decimal)"
ALIAS,,BARRIER_LOAD_DATA_PREHEAT2_UP_TEMP_OK,"ALIAS HMI ANIMATION$NPREHEAT STATION 2 UPPER TEMP OK$NMAIN DIAL PART DATA STREAM$NBARRIER LOAD STATION","","MAIN_DIAL_DATA[1].PREHEAT2_UP_TEMP_OK","(RADIX := Decimal)"
ALIAS,,BARRIER_LOAD_DATA_PRINT_COMPLETE,"ALIAS HMI ANIMATION$NPRINTING STATION COMPLETED$NMAIN DIAL PART DATA STREAM$NBARRIER LOAD STATION","","MAIN_DIAL_DATA[1].PRINT_COMPLETE","(RADIX := Decimal)"
ALIAS,,BARRIER_LOAD_DATA_PRINT_REQUIRED,"ALIAS HMI ANIMATION$NPRINTING REQUIRED$NMAIN DIAL PART DATA STREAM$NBARRIER LOAD STATION","","MAIN_DIAL_DATA[1].PRINT_REQUIRED","(RADIX := Decimal)"
ALIAS,,BARRIER_LOAD_DATA_PRINT_STARTED,"ALIAS HMI ANIMATION$NPRINTING STATION STARTED$NMAIN DIAL PART DATA STREAM$NBARRIER LOAD STATION","","MAIN_DIAL_DATA[1].PRINT_STARTED","(RADIX := Decimal)"
ALIAS,,BARRIER_LOAD_DATA_PUNCH_COMPLETE,"ALIAS HMI ANIMATION$NPUNCH STATION COMPLETED$NMAIN DIAL PART DATA STREAM$NBARRIER LOAD STATION","","MAIN_DIAL_DATA[1].PUNCH_COMPLETE","(RADIX := Decimal)"
ALIAS,,BARRIER_LOAD_DATA_PUNCH_STARTED,"ALIAS HMI ANIMATION$NPUNCH STATION STARTED$NMAIN DIAL PART DATA STREAM$NBARRIER LOAD STATION","","MAIN_DIAL_DATA[1].PUNCH_STARTED","(RADIX := Decimal)"
ALIAS,,BARRIER_LOAD_DATA_VISION_COMPLETE,"ALIAS HMI ANIMATION$NVISION INSPECTION STATION COMPLETED$NMAIN DIAL PART DATA STREAM$NBARRIER LOAD STATION","","MAIN_DIAL_DATA[1].VISION_COMPLETE","(RADIX := Decimal)"
TAG,,BARRIER_LOAD_INDEX_DIAL_REQ,"INDEX REQUEST$NFROM BARRIER $NLOAD STATION$N TO MAIN DIAL","BOOL","","(RADIX := Decimal)"
TAG,,BARRIER_LOAD_PROCESS_DONE,"CYCLE DONE$NFROM BARRIER LOAD STATION TO MAIN DIAL","BOOL","","(RADIX := Decimal)"
TAG,,BARRIER_LOAD_REQ,"BARRIER LOAD REQUEST FROM BARRIER LOAD STATION TO BARRIER LOAD/BAG OFFLOAD ROBOT (R2)","BOOL","","(RADIX := Decimal)"
TAG,,BARRIER_MAG_INDEX_REQ_FROM_PNP,"INDEX REQUEST FROM BARRIER PICK-N-PLACE DUE TO FAILED PICK$NBARRIER INFEED MAGAZINE","BOOL","","(RADIX := Decimal)"
TAG,,CELL_ACTIVATE_DOOR_LOCKS,"POWER DOOR LOCKS$N1 PIECE BAG MACHINE","BOOL","","(RADIX := Decimal)"
TAG,,CELL_ACTIVATE_HEATERS_PB,"HMI PUSH BUTTON$NACTIVATE HEATERS$NBARRIER PREHEAT STATIONS 1 & 2","BOOL","","(RADIX := Decimal)"
TAG,,CELL_ACTIVATE_MANUAL_MODE,"HMI PUSH BUTTON$NACTIVATE MANUAL MODE$N1 PIECE BAG MACHINE","BOOL","","(RADIX := Decimal)"
TAG,,CELL_ALARMS_ACTIVE,"ALARMS ARE ACTIVATED$N1 PIECE BAG MACHINE","BOOL","","(RADIX := Decimal)"
TAG,,CELL_ALARM_RED_LIGHT,"SYSTEM ALARM$N1 PIECE BAG MACHINE","BOOL","","(RADIX := Decimal)"
TAG,,CELL_ASI_ETHERNET_COMMS_OK,"ASI ETHERNET COMMUNICATION OK$N1 PIECE BAG MACHINE","BOOL","","(RADIX := Decimal)"
TAG,,CELL_ASI_NODES_READY,"ASI NODES ARE READY$N1 PIECE BAG MACHINE","BOOL","","(RADIX := Decimal)"
TAG,,CELL_ASSY_TYPE_RECIPE,"ASSEMBLY TYPE$NUSED IN RECIPE$N1 PIECE BAG MACHINE","INT","","(RADIX := Decimal)"
TAG,,CELL_ASSY_TYPE_RECIPE_LOADED,"ASSEMBLY TYPE$NLOADED IN PLC AFTER RECIPE DOWNLOAD$N1 PIECE BAG MACHINE","INT","","(RADIX := Decimal)"
TAG,,CELL_AUDIBLE_ALARM_TEST_PB,"AUDIBLE TEST$NCONTROL BIT$NFROM PANELVIEW$N1 PIECE BAG MACHINE","BOOL","","(RADIX := Decimal)"
TAG,,CELL_AUDIBLE_ALERT_ON,"AUDIBLE$NALERT ON$N1 PIECE BAG MACHINE","BOOL","","(RADIX := Decimal)"
TAG,,CELL_AUDIBLE_SILENCE_PB,"HMI PUSHBUTTON$NSILENCE AUDIBLE ALERT$N1 PIECE BAG MACHINE","BOOL","","(RADIX := Decimal)"
TAG,,CELL_AUTO_ENABLED,"CELL ENABLED FOR $NAUTO CYCLE$NREADY FOR START$N1 PIECE BAG MACHINE","BOOL","","(RADIX := Decimal)"
TAG,,CELL_AUTO_NOT_READY_ANIMATION,"ANIMIATION FOR HMI$NAUTO NOT READY BUTTON$N1 PIECE BAG MACHINE","BOOL","","(RADIX := Decimal)"
TAG,,CELL_AUTO_READY_SCREEN_PB,"HMI PUSH BUTTON$NGOTO AUTO READY SCREEN","BOOL","","(RADIX := Decimal)"
TAG,,CELL_BAG_LOAD_ONLY_MODE,"LOAD ONLY BAGS$N1 PIECE BAG MACHINE","BOOL","","(RADIX := Decimal)"
TAG,,CELL_BAG_TEST_PICK_MODE,"TEST BAG PICK MODE$N1 PIECE BAG MACHINE","BOOL","","(RADIX := Decimal)"
TAG,,CELL_BARRIER_LOAD_ONLY_MODE,"LOAD ONLY BARRIERS$N1 PIECE BAG MACHINE","BOOL","","(RADIX := Decimal)"
TAG,,CELL_BARRIER_PROD_ONLY_MODE,"PRODUCE ONLY BARRIERS$N1 PIECE BAG MACHINE","BOOL","","(RADIX := Decimal)"
TAG,,CELL_BARRIER_TYPE_RECIPE,"BARRER VISION TYPE$NUSED IN RECIPE$N1 PIECE BAG MACHINE","INT","","(RADIX := Decimal)"
TAG,,CELL_CLEAR_MESSAGE_PB,"HMI PUSH BUTTON$NCLEAR MESSAGE$N1 PIECE BAG MACHINE","BOOL","","(RADIX := Decimal)"
TAG,,CELL_COMM_READY,"CELL COMMUNICATIONS$NARE READY$N1 PIECE BAG MACHINE","BOOL","","(RADIX := Decimal)"
TAG,,CELL_COUNTER_SCREEN_PB,"HMI PUSH BUTTON$NGOTO PART COUNTERS SCREEN","BOOL","","(RADIX := Decimal)"
TAG,,CELL_CYCLES,"DISPLAY TOTAL MACHINE CYCLES FROM START UP TO PRESENT$N1 PIECE BAG MACHINE","DINT","","(RADIX := Decimal)"
TAG,,CELL_CYCLE_CNT,"COUNT MACHINE CYCLES FROM MACHINE STARTUP$NTO PRESENT","COUNTER","",""
TAG,,CELL_CYCLE_TIME,"CELL CYCLE TIMES$N1 PIECE BAG MACHINE","CYCLE_TIME[15]","",""
COMMENT,,CELL_CYCLE_TIME,"CURRENT CYCLE TIMES$N1 PIECE BAG MACHINE",,"CELL_CYCLE_TIME[0]"
TAG,,CELL_CYCLE_TIMEOUT_INDEX_REQ,"INDEX REQUEST DUE TO CYCLE TIMEOUT$N1 PIECE BAG MACHINE","BOOL","","(RADIX := Decimal)"
TAG,,CELL_CYCLE_TIME_TEMP,"CELL CYCLE TIMES$NTEMP ARRAY$N1 PIECE BAG MACHINE","CYCLE_TIME[15]","",""
COMMENT,,CELL_CYCLE_TIME_TEMP,"CURRENT CYCLE TIMES$N1 PIECE BAG MACHINE",,"CELL_CYCLE_TIME_TEMP[0]"
TAG,,CELL_CYCLE_TIMING_BIT,"CELL CYCLE TIMING BIT TO HMI","BOOL","","(RADIX := Decimal)"
TAG,,CELL_CYCLE_TIMING_BIT_STOP,"CELL CYCLE TIMING BIT TO HMI$NSTOPPED","BOOL","","(RADIX := Decimal)"
TAG,,CELL_DATA_CLEAR_NO_PB,"HMI PUSH BUTTON$NDO NOT CLEAR DATA$N1 PIECE BAG MACHINE","BOOL","","(RADIX := Decimal)"
TAG,,CELL_DATA_CLEAR_VERIFY,"HMI VISIBILITY$NCLEAR DATA VERIFICATION$N1 PIECE BAG MACHINE","BOOL","","(RADIX := Decimal)"
TAG,,CELL_DATA_CLEAR_YES_PB,"HMI PUSH BUTTON$NCLEAR DATA$N1 PIECE BAG MACHINE","BOOL","","(RADIX := Decimal)"
TAG,,CELL_DISPLAY_MSG_RESET_PB,"HMI PUSH BUTTON$NMAKE MESSAGE RESET BUTTON VISIBLE$N1 PIECE BAG MACHINE","BOOL","","(RADIX := Decimal)"
TAG,,CELL_DISPLAY_PASSWORD_ENTRY,"DISPLAY NUMERIC ENTRY FOR PASSWORD INPUT$N1 PIECE BAG MACHINE","BOOL","","(RADIX := Decimal)"
TAG,,CELL_DMT_MODE,"DMT DEVELOPMENT MODE$N1 PIECE BAG MACHINE","BOOL","","(RADIX := Decimal)"
TAG,,CELL_DOOR_1_LOCKED,"DOOR 1 IS CLOSED AND LOCKED$N1 PIECE BAG MACHINE","BOOL","","(RADIX := Decimal)"
TAG,,CELL_DOOR_2_LOCKED,"DOOR 2 IS CLOSED AND LOCKED$N1 PIECE BAG MACHINE","BOOL","","(RADIX := Decimal)"
TAG,,CELL_DOOR_3_LOCKED,"DOOR 3 IS CLOSED AND LOCKED$N1 PIECE BAG MACHINE","BOOL","","(RADIX := Decimal)"
TAG,,CELL_DOOR_4_LOCKED,"DOOR 4 IS CLOSED AND LOCKED$N1 PIECE BAG MACHINE","BOOL","","(RADIX := Decimal)"
TAG,,CELL_DOOR_5_LOCKED,"DOOR 5 IS CLOSED AND LOCKED$N1 PIECE BAG MACHINE","BOOL","","(RADIX := Decimal)"
TAG,,CELL_DOOR_6_LOCKED,"DOOR 6 IS CLOSED AND LOCKED$N1 PIECE BAG MACHINE","BOOL","","(RADIX := Decimal)"
TAG,,CELL_DOOR_7_LOCKED,"DOOR 7 IS CLOSED AND LOCKED$N1 PIECE BAG MACHINE","BOOL","","(RADIX := Decimal)"
TAG,,CELL_DOOR_8_LOCKED,"DOOR 8 IS CLOSED AND LOCKED$N1 PIECE BAG MACHINE","BOOL","","(RADIX := Decimal)"
TAG,,CELL_EMPTY_ACTIVE,"CELL EMPTY ACTIVE$N1 PIECE BAG MACHINE","BOOL","","(RADIX := Decimal)"
TAG,,CELL_EMPTY_COMPLETE,"CELL EMPTY COMPLETE$NBIT ARRAY$N1 PIECE BAG MACHINE","INT","","(RADIX := Decimal)"
COMMENT,,CELL_EMPTY_COMPLETE,"EMPTY$NCOMPLETE$NPICK-N-PLACE/CORONA TREAT",,"CELL_EMPTY_COMPLETE.1"
COMMENT,,CELL_EMPTY_COMPLETE,"EMPTY$NCOMPLETE$NLIGHT TABLE",,"CELL_EMPTY_COMPLETE.2"
COMMENT,,CELL_EMPTY_COMPLETE,"EMPTY COMPLETE$NBARRIER LOAD STATION",,"CELL_EMPTY_COMPLETE.4"
COMMENT,,CELL_EMPTY_COMPLETE,"EMPTY COMPLETE$NBAG LOAD STATION",,"CELL_EMPTY_COMPLETE.5"
COMMENT,,CELL_EMPTY_COMPLETE,"EMPTY COMPLETE$NBARRIER PREHEAT STATION 1",,"CELL_EMPTY_COMPLETE.6"
COMMENT,,CELL_EMPTY_COMPLETE,"EMPTY COMPLETE$NBARRIER PREHEAT STATION 2",,"CELL_EMPTY_COMPLETE.7"
COMMENT,,CELL_EMPTY_COMPLETE,"EMPTY COMPLETE$NBARRIER FORMING STATION",,"CELL_EMPTY_COMPLETE.8"
COMMENT,,CELL_EMPTY_COMPLETE,"EMPTY COMPLETE$NBARRIER PUNCH STATION",,"CELL_EMPTY_COMPLETE.9"
COMMENT,,CELL_EMPTY_COMPLETE,"EMPTY COMPLETE$NBARRIER PRINT STATION",,"CELL_EMPTY_COMPLETE.10"
COMMENT,,CELL_EMPTY_COMPLETE,"EMPTY COMPLETE$NBAG GLUE STATION",,"CELL_EMPTY_COMPLETE.11"
COMMENT,,CELL_EMPTY_COMPLETE,"EMPTY COMPLETE$NBARRIER PRESS-N-CURE STATION",,"CELL_EMPTY_COMPLETE.12"
COMMENT,,CELL_EMPTY_COMPLETE,"EMPTY COMPLETE$NVISION INSPECTION STATION",,"CELL_EMPTY_COMPLETE.13"
COMMENT,,CELL_EMPTY_COMPLETE,"EMPTY COMPLETE$N1 PIECE BAG MACHINE",,"CELL_EMPTY_COMPLETE.15"
TAG,,CELL_EMPTY_LAST_BAG_REQUESTED,"LAST BAG HAS BEEN REQUESTED FOR CELL EMPTY$N1 PIECE BAG MACHINE","BOOL","","(RADIX := Decimal)"
TAG,,CELL_EMPTY_NO_PB,"HMI PUSH BUTTON$NNO BUTTON FOR$NCELL EMPTY$N1 PIECE BAG MACHINE","BOOL","","(RADIX := Decimal)"
TAG,,CELL_EMPTY_PB,"HMI PUSH BUTTON$NACTIVATE CELL EMPTY$N1 PIECE BAG MACHINE","BOOL","","(RADIX := Decimal)"
TAG,,CELL_EMPTY_PB_VIS,"HMI PUSH BUTTON$NVISIBILITY$NACTIVATE CELL EMPTY$N1 PIECE BAG MACHINE","BOOL","","(RADIX := Decimal)"
TAG,,CELL_EMPTY_STATUS,"CELL EMPTY STATUS$N1 PIECE BAG MACHINE","INT","","(RADIX := Decimal)"
TAG,,CELL_EMPTY_YES_PB,"HMI PUSH BUTTON$NYES BUTTON FOR$NCELL EMPTY$N1 PIECE BAG MACHINE","BOOL","","(RADIX := Decimal)"
TAG,,CELL_ESTOP_1,"HMI INDICATOR$NEGAURD E-STOP 1 ACTIVATED$N1 PIECE BAG MACHINE","BOOL","","(RADIX := Decimal)"
TAG,,CELL_ESTOP_2,"HMI INDICATOR$NEGAURD E-STOP 2 ACTIVATED$N1 PIECE BAG MACHINE","BOOL","","(RADIX := Decimal)"
TAG,,CELL_ESTOP_3,"HMI INDICATOR$NEGAURD E-STOP 3 ACTIVATED$N1 PIECE BAG MACHINE","BOOL","","(RADIX := Decimal)"
TAG,,CELL_ESTOP_4,"HMI INDICATOR$NEGAURD E-STOP 4 ACTIVATED$N1 PIECE BAG MACHINE","BOOL","","(RADIX := Decimal)"
TAG,,CELL_ESTOP_5,"HMI INDICATOR$NEGAURD E-STOP 5 ACTIVATED$N1 PIECE BAG MACHINE","BOOL","","(RADIX := Decimal)"
TAG,,CELL_ESTOP_6,"HMI INDICATOR$NEGAURD E-STOP 6 ACTIVATED$N1 PIECE BAG MACHINE","BOOL","","(RADIX := Decimal)"
TAG,,CELL_ESTOP_PRESSED,"AN ESTOP IS$NPRESSED ON$N1 PIECE BAG MACHINE","BOOL","","(RADIX := Decimal)"
TAG,,CELL_FAILURE_ALLOWED_COUNT,"NUMBER OF CONTINUOUS FAILURES ALLOWED COUNT$N1 PIECE BAG MACHINE","INT","","(RADIX := Decimal)"
TAG,,CELL_FAMILY_TYPE_LG,"FAMILY TYPE$NLARGE STRING$N1 PIECE BAG MACHINE","STRING","",""
TAG,,CELL_FAMILY_TYPE_LG_SNF,"FAMILY TYPE$NLARGE SOFT-N-FLEXIBLE STRING$N1 PIECE BAG MACHINE","STRING","",""
TAG,,CELL_FAMILY_TYPE_MED,"FAMILY TYPE$NMEDIUM STRING$N1 PIECE BAG MACHINE","STRING","",""
TAG,,CELL_FAMILY_TYPE_RECIPE,"FAMILY TYPE$NUSED IN RECIPE$N1 PIECE BAG MACHINE","STRING","",""
TAG,,CELL_FAMILY_TYPE_SMALL,"FAMILY TYPE$NSMALL STRING$N1 PIECE BAG MACHINE","STRING","",""
TAG,,CELL_FAMILY_TYPE_SMALL_SNF,"FAMILY TYPE$NSMALL SOFT-N-FLEXIBLE STRING$N1 PIECE BAG MACHINE","STRING","",""
TAG,,CELL_HMI_1_CURRENT_SCRN,"THE SCREEN BEING DISPLAYED BY HMI 1$N1 PIECE BAG MACHINE","INT","","(RADIX := Decimal)"
TAG,,CELL_HMI_1_PB,"HMI INDICATOR$NHMI 1 SELECTION FOR MANUAL MODE PB$N1 PIECE BAG MACHINE","BOOL","","(RADIX := Decimal)"
TAG,,CELL_HMI_2_PB,"HMI INDICATOR$NHMI 2 SELECTION FOR MANUAL MODE PB$N1 PIECE BAG MACHINE","BOOL","","(RADIX := Decimal)"
TAG,,CELL_HMI_MANUAL_CANCEL_PB,"HMI PUSH BUTTON$NCANCEL MANUAL MODE$N1 PIECE BAG MACHINE","BOOL","","(RADIX := Decimal)"
TAG,,CELL_HMI_MANUAL_POPUP,"HMI MANUAL MODE$NPOPUP$N1 PIECE BAG MACHINE","BOOL","","(RADIX := Decimal)"
TAG,,CELL_ID_NUM,"CELL ID NUMBER$NFOR SETTING CELL SPECIFIC PARAMETERS$N1= SD 1 PC AC#1$N2= SD 1 PC AC#2$N3= BAL 1 PC AC#3$N4= BAL 1 PC AC#4$N5= BAL 1 PC AC#5","INT","","(RADIX := Decimal)"
TAG,,CELL_IS_RESETTING,"CELL IS$NATTEMPTING$NTO RESET$N1 PIECE BAG MACHINE","BOOL","","(RADIX := Decimal)"
ALIAS,,CELL_KEY_AUTO1,"KEYSWITCH IN AUTO$NOPERATOR CONSOLE 1$N1 PIECE BAG MACHINE","","A:I.Data[2].24","(RADIX := Decimal)"
ALIAS,,CELL_KEY_AUTO2,"KEYSWITCH IN AUTO$NOPERATOR CONSOLE 2$N1 PIECE BAG MACHINE","","A:I.Data[3].0","(RADIX := Decimal)"
TAG,,CELL_KEY_AUTO_MODE,"CELL KEYSWITCH CONFIGURATION IS IN AUTO MODE$N1 PIECE BAG MACHINE","BOOL","","(RADIX := Decimal)"
TAG,,CELL_KEY_MAN_MODE,"CELL KEYSWITCH CONFIGURATION IS IN MANUAL MODE$N1 PIECE BAG MACHINE","BOOL","","(RADIX := Decimal)"
TAG,,CELL_LARGE_PART_FAMILY_LOADED,"LARGE PART DATA LOADED$N1 PIECE BAG MACHINE","BOOL","","(RADIX := Decimal)"
TAG,,CELL_LARGE_SNF_PART_FAMILY_LOADED,"LARGE SOFT-N-FLEXIBLE PART DATA LOADED$N1 PIECE BAG MACHINE","BOOL","","(RADIX := Decimal)"
TAG,,CELL_LIGHT_TEST_PB,"LIGHTS TEST$NCONTROL BIT$NFROM PANELVIEW$N1 PIECE BAG MACHINE","BOOL","","(RADIX := Decimal)"
TAG,,CELL_MAIN_DIAL_AUTO_NOT_READY_ANIMATION,"ANIMIATION FOR HMI$NMAIN DIAL STATIONS$NAUTO NOT READY BUTTON$N1 PIECE BAG MACHINE","BOOL","","(RADIX := Decimal)"
TAG,,CELL_MAIN_DIAL_AUTO_READY_SCREEN_PB,"HMI PUSH BUTTON$NGOTO MAIN DIAL AUTO READY SCREEN","BOOL","","(RADIX := Decimal)"
TAG,,CELL_MAIN_SCREEN_PB,"HMI PUSH BUTTON$NGOTO MAIN SCREEN$N1 PIECE BAG MACHINE","BOOL","","(RADIX := Decimal)"
TAG,,CELL_MANUAL_MODE,"SOFTWARE $NMANUAL MODE$N1 PIECE BAG MACHINE$N$N(REQUIRES PASSWORD)","BOOL","","(RADIX := Decimal)"
TAG,,CELL_MANUAL_MODE_PASSWORD,"PASSWORD USED TO ENTER MANUAL MODE$N1 PIECE BAG MACHINE","DINT","","(RADIX := Decimal)"
TAG,,CELL_MANUAL_MODE_PASSWORD_STORED,"PASSWORD STORED IN PLC FOR USER MANUAL MODE$N1 PIECE BAG MACHINE","DINT","","(RADIX := Decimal)"
TAG,,CELL_MAX_WAIT_FOR_INDEX_TIME,"MAXIMUM TIME TO WAIT BEFORE INDEXING AFTER PARTS HAVE BEEN COMPLETED WITH TIME CRITICAL PROCESSES$N1 PIECE BAG MACHINE","DINT","","(RADIX := Decimal)"
TAG,,CELL_MEDIUM_PART_FAMILY_LOADED,"MEDIUM PART DATA LOADED$N1 PIECE BAG MACHINE","BOOL","","(RADIX := Decimal)"
TAG,,CELL_MESSAGE,"HMI $NMESSAGE DISPLAY$N1 PIECE BAG MACHINE","INT","","(RADIX := Decimal)"
TAG,,CELL_MESSAGE_HIST_ARRAY,"CELL MESSAGE HISTORY ARRAY$N1 PIECE BAG MACHINE","INT[75]","","(RADIX := Decimal)"
TAG,,CELL_MESSAGE_HIST_SCREEN_PB,"HMI PUSH BUTTON$NGOTO CELL MESSAGE HISTORY SCREEN$N1 PIECE BAG MACHINE","BOOL","","(RADIX := Decimal)"
TAG,,CELL_MULTIPLE_FAILURES,"MULTIPLE CELL FAILURES DETECTED$N1 PIECE BAG MACHINE","BOOL","","(RADIX := Decimal)"
TAG,,CELL_PAR,"CELL SPECIFIC PARAMETERS","CELL_PARAM[9]","",""
COMMENT,,CELL_PAR,"CELL SPECIFIC PARMATERS$NAUTOCOINER #1$NSTUARTS DRAFT",,"CELL_PAR[1]"
COMMENT,,CELL_PAR,"CELL SPECIFIC PARMATERS$NAUTOCOINER #2$NSTUARTS DRAFT",,"CELL_PAR[2]"
COMMENT,,CELL_PAR,"CELL SPECIFIC PARMATERS$NAUTOCOINER #3$NBALLINA",,"CELL_PAR[3]"
COMMENT,,CELL_PAR,"CELL SPECIFIC PARMATERS$NAUTOCOINER #4$NBALLINA",,"CELL_PAR[4]"
COMMENT,,CELL_PAR,"CELL SPECIFIC PARMATERS$NAUTOCOINER #5$NBALLINA",,"CELL_PAR[5]"
COMMENT,,CELL_PAR,"CELL SPECIFIC PARMATERS$NAUTOCOINER #6$NBALLINA",,"CELL_PAR[6]"
TAG,,CELL_PARAM_SCREEN_PB,"HMI PUSH BUTTON$NGOTO CELL PARAMETERS SCREEN$N1 PIECE BAG MACHINE","BOOL","","(RADIX := Decimal)"
TAG,,CELL_PLC_DATE_STAMP,"PLC DATE & TIME$NSTAMP$N1 PIECE BAG MACHINE","STRING","",""
TAG,,CELL_PLC_DATE_STAMP_ARRAY,"PLC DATE & TIME$NSTAMP ARRAY$N1 PIECE BAG MACHINE","STRING[75]","",""
TAG,,CELL_PLC_DATE_TIME,"PLC DATE & TIME$NINFORMATION$N1 PIECE BAG MACHINE","DATE_TIME","",""
TAG,,CELL_PLC_SET_DATE_TIME,"SET PLC DATE AND TIME$N1 PIECE BAG MACHINE","DATE_TIME","",""
TAG,,CELL_PREHEAT_RUNAWAY_CHK_ENABLED,"RTD RUNAWAY CHECK$NENABLED$NBARRIER PREHEAT STATIONS","BOOL","","(RADIX := Decimal)"
TAG,,CELL_PRESSURE_OK,"CELL PRESSURE OK$N1 PIECE BAG MACHINE","BOOL","","(RADIX := Decimal)"
TAG,,CELL_PRODUCT_SKU,"PRODUCT SKU$NDISPLAYED ON HMI$N1 PIECE BAG MACHINE","STRING","",""
TAG,,CELL_PRODUCT_SKU_DEV,"PRODUCT SKU$NFOR DEVELOPMENT$NNO BAG ATTACHED TO INSERT$N1 PIECE BAG MACHINE","BOOL","","(RADIX := Decimal)"
TAG,,CELL_PRODUCT_SKU_DEV_LOADED,"PRODUCT SKU$NFOR DEVELOPMENT$NNO BAG ATTACHED TO INSERT$N1 PIECE BAG MACHINE","BOOL","","(RADIX := Decimal)"
TAG,,CELL_PRODUCT_SKU_END_RECORD,"PRODUCT SKU END RECORD$N1 PIECE BAG MACHINE","STRING","",""
TAG,,CELL_PRODUCT_SKU_LOADED,"PRODUCT SKU$NLOADED AND DISPLAYED ON HMI$N1 PIECE BAG MACHINE","STRING","",""
TAG,,CELL_PRODUCT_SKU_LOADED_NULL,"PRODUCT SKU$NLOADED AND DISPLAYED ON HMI NULL$N1 PIECE BAG MACHINE","STRING","",""
TAG,,CELL_PRODUCT_SKU_NULL,"PRODUCT SKU NULL$N1 PIECE BAG MACHINE","STRING","",""
TAG,,CELL_PRODUCT_SKU_PREV,"PREVIOUS PRODUCT SKU$NFROM RECIPE$N1 PIECE BAG MACHINE","STRING","",""
TAG,,CELL_PRODUCT_SKU_REQ,"PRODUCT SKU$NREQUEST  $N1 PIECE BAG MACHINE","STRING","",""
TAG,,CELL_PRODUCT_SKU_REQ_NULL,"PRODUCT SKU$NNULL REQUEST  $N1 PIECE BAG MACHINE","STRING","",""
TAG,,CELL_PRODUCT_SKU_REQ_VIS,"PRODUCT SKU$NLOAD REQUEST VISIBILITY$NON HMI$N1 PIECE BAG MACHINE","BOOL","","(RADIX := Decimal)"
TAG,,CELL_RECIPE_DATA,"SYNCHRONIZED RECIPE DATA  FROM HMI ARRAY$N1 PIECE BAG MACHINE","RECIPE_DATA[500]","",""
TAG,,CELL_RECIPE_DATA_ARRAY_SIZE,"RECIPE DATA ARRAY$NSIZE$N2 PIECE RIGID FILM MACHINE","DINT","","(RADIX := Decimal)"
TAG,,CELL_RECIPE_DATA_CONTROL_SEARCH,"RECIPE DATA ARRAY$NSEARCH CONTROL WORD$N2 PIECE RIGID FILM MACHINE","CONTROL","",""
TAG,,CELL_RECIPE_DOWNLOAD,"RECIPE DOWNLOAD$NFINISHED FROM HMI$N1 PIECE BAG MACHINE","BOOL","","(RADIX := Decimal)"
TAG,,CELL_RECIPE_DOWNLOAD_DETECTED,"RECIPED DOWNLOAD$NDETECTED$N1 PIECE BAG MACHINE","BOOL","","(RADIX := Decimal)"
TAG,,CELL_RECIPE_LOAD_COMPLETE,"PROCESS PARAMETERS$NRECIPE LOAD COMPLETE$N1 PIECE BAG MACHINE","BOOL","","(RADIX := Decimal)"
TAG,,CELL_RECIPE_PB_VIS,"HMI VISIBILITY$NRECIPE PUSH BUTTONS$N1 PIECE BAG MACHINE","BOOL","","(RADIX := Decimal)"
TAG,,CELL_RECIPE_PROCESS_LOAD,"PROCESS PARAMETERS$NRECIPE LOAD TRIGGER$N1 PIECE BAG MACHINE","BOOL","","(RADIX := Decimal)"
TAG,,CELL_RECIPE_SKU_LOAD,"SKU$NRECIPE LOAD TRIGGER$N1 PIECE BAG MACHINE","BOOL","","(RADIX := Decimal)"
TAG,,CELL_RECIPE_SKU_RECORD,"SKU RECIPE RECORD NUMBER TO LOAD$N1 PIECE BAG MACHINE","INT","","(RADIX := Decimal)"
TAG,,CELL_RECIPE_SYNC_CNT,"RECIPE SYNCHRONIZATION COUNTER$N1 PIECE BAG MACHINE","COUNTER","",""
TAG,,CELL_RECIPE_SYNC_DATA_NULL,"SYNCHRONIZED RECIPE NULL DATA  FROM HMI ARRAY$N1 PIECE BAG MACHINE","RECIPE_DATA[500]","",""
TAG,,CELL_RECIPE_SYNC_FAILED,"RECIPE SYNCRONIZATION FAILED$N1 PIECE BAG MACHINE","BOOL","","(RADIX := Decimal)"
TAG,,CELL_RECIPE_SYNC_RECORD,"RECIPE SYNCRONIZATION RECORD NUMBER$N1 PIECE BAG$NMACHINE","INT","","(RADIX := Decimal)"
TAG,,CELL_RECIPE_SYNC_RECORD_LOAD,"LOAD RECORD$NFOR RECIPE SYNCRONIZATION$N1 PIECE BAG$NMACHINE","BOOL","","(RADIX := Decimal)"
TAG,,CELL_RECIPE_SYNC_REQ_ACTIVE,"CELL RECIPE SYNCHRONIZATION REQUEST$NACTIVE$N1 PIECE BAG MACHINE","BOOL","","(RADIX := Decimal)"
TAG,,CELL_RECIPE_SYNC_REQ_NO_PB,"HMI PUSH BUTTON$NNO BUTTON FOR$NCELL RECIPE SYNCHRONIZATION REQUEST$N1 PIECE BAG MACHINE","BOOL","","(RADIX := Decimal)"
TAG,,CELL_RECIPE_SYNC_REQ_PB,"HMI PUSH BUTTON$NRECIPE SYNCHRONIZATION REQUEST$N1 PIECE BAG MACHINE","BOOL","","(RADIX := Decimal)"
TAG,,CELL_RECIPE_SYNC_REQ_POPUP,"CELL RECIPE SYNCHRONIZATION REQUEST$N POPUP SCREEN ON$N1 PIECE BAG MACHINE","BOOL","","(RADIX := Decimal)"
TAG,,CELL_RECIPE_SYNC_REQ_YES_PB,"HMI PUSH BUTTON$NYES BUTTON FOR$NCELL RECIPE SYNCHRONIZATION REQUEST$N1 PIECE BAG MACHINE","BOOL","","(RADIX := Decimal)"
TAG,,CELL_REHEAT_ENABLE_RECIPE,"","BOOL","","(RADIX := Decimal)"
TAG,,CELL_RESET_NOT_READY_ANIMATION,"ANIMIATION FOR HMI$NAUTO RESET NOT READY BUTTON$N1 PIECE BAG MACHINE","BOOL","","(RADIX := Decimal)"
TAG,,CELL_RESET_PB,"HMI PUSH BUTTON$NRESET CELL$N1 PIECE BAG MACHINE","BOOL","","(RADIX := Decimal)"
TAG,,CELL_RESET_PB_VIS,"HMI PUSH BUTTON$NVISIBILITY$NCELL RESET$N1 PIECE BAG MACHINE","BOOL","","(RADIX := Decimal)"
TAG,,CELL_RESET_PRESSED,"RESET BUTTON PRESSED$N1 PIECE BAG MACHINE","BOOL","","(RADIX := Decimal)"
TAG,,CELL_RESET_READY,"CELL IS  $NREADY FOR RESET$N1 PIECE BAG MACHINE","BOOL","","(RADIX := Decimal)"
TAG,,CELL_RESET_READY_SCREEN_PB,"HMI PUSH BUTTON$NGOTO RESET READY SCREEN","BOOL","","(RADIX := Decimal)"
TAG,,CELL_SAFETY_DOOR_OPEN,"A SAFETY DOOR IS$NOPEN$N1 PIECE BAG MACHINE","BOOL","","(RADIX := Decimal)"
TAG,,CELL_SCAN_DELAY_ARRAY,"PLC SCAN DELAY BIT ARRAY$N1 PIECE BAG$NMACHINE","BOOL[32]","","(RADIX := Decimal)"
COMMENT,,CELL_SCAN_DELAY_ARRAY,"PLC SCAN DELAY BIT",,"CELL_SCAN_DELAY_ARRAY[0]"
TAG,,CELL_SCREEN,"SCREEN CONTROL$NFOR BOTH HMI$'S$N1 PIECE BAG MACHINE","INT","","(RADIX := Decimal)"
TAG,,CELL_SET_DATE_TIME_PB,"HMI PUSH BUTTON$NSET DATE AND TIME$N1 PIECE BAG MACHINE","BOOL","","(RADIX := Decimal)"
TAG,,CELL_SET_DATE_TIME_SCREEN_PB,"HMI PUSH BUTTON$NGOTO TIME SET SCREEN$N1 PIECE BAG MACHINE","BOOL","","(RADIX := Decimal)"
TAG,,CELL_SHUTDOWN_REQ,"CELL SHUTDOWN$NREQUEST$N1 PIECE BAG MACHINE","BOOL","","(RADIX := Decimal)"
TAG,,CELL_SINGLE_PART_MODE_ACTIVE,"SINGLE PART MODE$NACTIVE$N1 PIECE BAG MACHINE","BOOL","","(RADIX := Decimal)"
TAG,,CELL_SINGLE_PART_MODE_BAG_COUNTER,"SINGLE PART MODE$NBAG COUNTER$N1 PIECE BAG MACHINE","COUNTER","",""
TAG,,CELL_SINGLE_PART_MODE_BARRIER_COUNTER,"SINGLE PART MODE BARRIER COUNTER$N1 PIECE BAG MACHINE","COUNTER","",""
TAG,,CELL_SINGLE_PART_MODE_NO_PB,"HMI PUSH BUTTON$NNO BUTTON FOR$NCELL SINGLE PART MODE$N1 PIECE BAG MACHINE","BOOL","","(RADIX := Decimal)"
TAG,,CELL_SINGLE_PART_MODE_PB,"HMI PUSH BUTTON$NCELL SINGLE PART MODE$N1 PIECE BAG$NMACHINE","BOOL","","(RADIX := Decimal)"
TAG,,CELL_SINGLE_PART_MODE_PB_VIS,"HMI PUSH BUTTON$NVISIBILITY$NCELL SINGLE PART MODE$N1 PIECE BAG MACHINE","BOOL","","(RADIX := Decimal)"
TAG,,CELL_SINGLE_PART_MODE_POPUP,"CELL SINGLE PART MODE POPUP SCREEN ON$N1 PIECE BAG MACHINE","BOOL","","(RADIX := Decimal)"
TAG,,CELL_SINGLE_PART_MODE_YES_PB,"HMI PUSH BUTTON$NYES BUTTON FOR$NCELL SINGLE PART MODE$N1 PIECE BAG MACHINE","BOOL","","(RADIX := Decimal)"
TAG,,CELL_SINGLE_PART_PROCESS_PB,"HMI PUSH BUTTON$NPROCESS SINGLE PART$N1 PIECE BAG MACHINE","BOOL","","(RADIX := Decimal)"
TAG,,CELL_SINGLE_PART_PROCESS_PB_VIS,"HMI PUSH BUTTON VISIBILITY$NPROCESS SINGLE PART$N1 PIECE BAG MACHINE","BOOL","","(RADIX := Decimal)"
TAG,,CELL_SMALL_PART_FAMILY_LOADED,"SMALL PART DATA LOADED$N1 PIECE BAG MACHINE","BOOL","","(RADIX := Decimal)"
TAG,,CELL_SMALL_SNF_PART_FAMILY_LOADED,"SMALL SOFT-N-FLEXIBLE PART DATA LOADED$N1 PIECE BAG MACHINE","BOOL","","(RADIX := Decimal)"
TAG,,CELL_STARTED,"CELL HAS BEEN$NSTARTED IN AUTO$N1 PIECE BAG MACHINE","BOOL","","(RADIX := Decimal)"
TAG,,CELL_START_PB,"HMI PUSH BUTTON$NCELL START$N1 PIECE BAG MACHINE","BOOL","","(RADIX := Decimal)"
TAG,,CELL_START_PB_VIS,"HMI PUSH BUTTON$NVISIBILITY$NCELL START$N1 PIECE BAG MACHINE","BOOL","","(RADIX := Decimal)"
TAG,,CELL_START_PRESSED,"START BUTTON PRESSED$N1 PIECE BAG MACHINE","BOOL","","(RADIX := Decimal)"
TAG,,CELL_STATUS,"CELL STATUS$NFOR HMI$N1 PIECE BAG MACHINE","INT","","(RADIX := Decimal)"
TAG,,CELL_STOP_PB,"HMI PUSH BUTTON$NCELL STOP$N1 PIECE BAG MACHINE","BOOL","","(RADIX := Decimal)"
TAG,,CELL_STOP_PB_VIS,"HMI PUSH BUTTON$NVISIBILITY$NCELL STOP$N1 PIECE BAG MACHINE","BOOL","","(RADIX := Decimal)"
TAG,,CELL_STOP_PRESSED,"STOP BUTTON PRESSED$N1 PIECE BAG MACHINE","BOOL","","(RADIX := Decimal)"
TAG,,CELL_TEST_DOOR_LOCKS_PB,"DOOR LOCKS TEST$NCONTROL BIT$NFROM PANELVIEW$N1 PIECE BAG MACHINE","BOOL","","(RADIX := Decimal)"
TAG,,CELL_TIMER_OPER,"OPERATIONAL TIMERS","TIMER[15]","",""
COMMENT,,CELL_TIMER_OPER,"SHUT DOWN REQUEST TIMER",,"CELL_TIMER_OPER[0]"
COMMENT,,CELL_TIMER_OPER,"TIMER BIT 100$NTIMER",,"CELL_TIMER_OPER[1]"
COMMENT,,CELL_TIMER_OPER,"TIMER BIT 150$NTIMER",,"CELL_TIMER_OPER[2]"
COMMENT,,CELL_TIMER_OPER,"TIMER BIT 250$NTIMER",,"CELL_TIMER_OPER[3]"
COMMENT,,CELL_TIMER_OPER,"TIMER BIT 500$NTIMER",,"CELL_TIMER_OPER[4]"
COMMENT,,CELL_TIMER_OPER,"TIMER BIT 1000$NTIMER",,"CELL_TIMER_OPER[5]"
COMMENT,,CELL_TIMER_OPER,"TIMER BIT 10$NTIMER",,"CELL_TIMER_OPER[6]"
COMMENT,,CELL_TIMER_OPER,"OPEN AIR GLUE TIMER BAG GLUE STATION",,"CELL_TIMER_OPER[7]"
COMMENT,,CELL_TIMER_OPER,"OPEN AIR GLUE TIMER PRESS-N-CURE STATION",,"CELL_TIMER_OPER[8]"
COMMENT,,CELL_TIMER_OPER,"OPEN AIR HEAT TIMER PREHEAT STATION 1",,"CELL_TIMER_OPER[9]"
COMMENT,,CELL_TIMER_OPER,"OPEN AIR HEAT TIMER PREHEAT STATION 2",,"CELL_TIMER_OPER[10]"
COMMENT,,CELL_TIMER_OPER,"SINGLE PART MODE$NINDEX TIMER",,"CELL_TIMER_OPER[11]"
COMMENT,,CELL_TIMER_OPER,"CELL CYCLE PULSE$NTO HMI TIMER",,"CELL_TIMER_OPER[12]"
COMMENT,,CELL_TIMER_OPER,"STOP CELL CYCLE PULSE$NTO HMI AFTER FIRST SCAN TIMER",,"CELL_TIMER_OPER[13]"
TAG,,CELL_TIMING_BIT_10,".010 SECOND$NTIMING BIT","BOOL","","(RADIX := Decimal)"
TAG,,CELL_TIMING_BIT_100,".100 SECOND$NTIMING BIT","BOOL","","(RADIX := Decimal)"
TAG,,CELL_TIMING_BIT_1000,"1 SECOND$NTIMING BIT","BOOL","","(RADIX := Decimal)"
TAG,,CELL_TIMING_BIT_1000_FLIP,"PULSES OPPOSIT OF TIMING_BIT_1000","BOOL","","(RADIX := Decimal)"
TAG,,CELL_TIMING_BIT_100_FLIP,"PULSES OPPOSIT OF TIMING_BIT_100","BOOL","","(RADIX := Decimal)"
TAG,,CELL_TIMING_BIT_10_FLIP,"PULSES OPPOSIT OF TIMING_BIT_10","BOOL","","(RADIX := Decimal)"
TAG,,CELL_TIMING_BIT_150,".150 SECOND$NTIMING BIT","BOOL","","(RADIX := Decimal)"
TAG,,CELL_TIMING_BIT_150_FLIP,"PULSES OPPOSIT OF TIMING_BIT_150","BOOL","","(RADIX := Decimal)"
TAG,,CELL_TIMING_BIT_250,".250 SECOND$NTIMING BIT","BOOL","","(RADIX := Decimal)"
TAG,,CELL_TIMING_BIT_250_FLIP,"PULSES OPPOSIT OF TIMING_BIT_250","BOOL","","(RADIX := Decimal)"
TAG,,CELL_TIMING_BIT_500,".500 SECOND$NTIMING BIT","BOOL","","(RADIX := Decimal)"
TAG,,CELL_TIMING_BIT_500_FLIP,"PULSES OPPOSIT OF TIMING_BIT_500","BOOL","","(RADIX := Decimal)"
TAG,,CELL_TOOL_CHANGE_REQ_PB,"HMI PUSH BUTTON$NTOOL CHANGE REQUEST$N1 PIECE BAG MACHINE","BOOL","","(RADIX := Decimal)"
TAG,,CELL_TOOL_CHANGE_REQ_PB_VIS,"HMI PUSH BUTTON VISIBILITY$NTOOL CHANGE REQUEST$N1 PIECE BAG MACHINE","BOOL","","(RADIX := Decimal)"
TAG,,CELL_ZERO_COUNTERS_PB,"HMI PUSH BUTTON$NRESELT ALL PART COUNTERS$N1 PIECE BAG MACHINE","BOOL","","(RADIX := Decimal)"
TAG,,COM01_ETHERNET_COMMS_OK,"COMMS OK$N AC FREQUENCY CONVEYOR DRIVES","BOOL","","(RADIX := Decimal)"
TAG,,DATA_ALARM_038_CAPTURE,"","DINT[12]","","(RADIX := Decimal)"
TAG,,DATA_COLLECTION,"DATA COLLECTION ARRAY FOR CUSTOMER","DINT[30]","","(RADIX := Decimal)"
COMMENT,,DATA_COLLECTION,"REMOTE CONTROL BITS",,"DATA_COLLECTION[0]"
COMMENT,,DATA_COLLECTION,"REMOTE COUNTERS RESET BIT",,"DATA_COLLECTION[0].0"
COMMENT,,DATA_COLLECTION,"CELL STATUS",,"DATA_COLLECTION[1]"
COMMENT,,DATA_COLLECTION,"CELL ALARM NUMBER$N(STEP_ALARM[0])",,"DATA_COLLECTION[2]"
COMMENT,,DATA_COLLECTION,"NUMBER OF MACHINE CYCLES",,"DATA_COLLECTION[3]"
COMMENT,,DATA_COLLECTION,"GOOD PARTS PLACED ON OFFLOAD CONVEYOR(OFFLOAD_CONV_GOOD_PARTS)",,"DATA_COLLECTION[4]"
COMMENT,,DATA_COLLECTION,"FAILURE COUNT FOR BAG REJECTED$NBAG OFFLOAD STATION$N(BAG_OFFLOAD_BAG_REJECT_CNT)",,"DATA_COLLECTION[5]"
COMMENT,,DATA_COLLECTION,"FAILURE COUNT FOR BARRIER REJECTED$NBAG OFFLOAD STATION$N(BAG_OFFLOAD_BARRIER_REJECT_CNT)",,"DATA_COLLECTION[6]"
COMMENT,,DATA_COLLECTION,"BARRIERS REJECTED DUE TO VISION (BAG_OFFLOAD_BARRIER_VIS_REJECT_CNT)",,"DATA_COLLECTION[7]"
COMMENT,,DATA_COLLECTION,"BARRIERS REJECTED DUE TO UPPER TEMPERATURE FAILURE BARRIER PREHEAT1 STATION (PREHEAT1_UP_TEMP_REJECT_CNT)",,"DATA_COLLECTION[8]"
COMMENT,,DATA_COLLECTION,"BARRIERS REJECTED DUE TO LOWER TEMPERATURE FAILURE BARRIER PREHEAT1 STATION (PREHEAT1_LOW_TEMP_REJECT_CNT)",,"DATA_COLLECTION[9]"
COMMENT,,DATA_COLLECTION,"BARRIERS REJECTED DUE TO UPPER TEMPERATURE FAILURE BARRIER PREHEAT2 STATION (PREHEAT2_UP_TEMP_REJECT_CNT)",,"DATA_COLLECTION[10]"
COMMENT,,DATA_COLLECTION,"BARRIERS REJECTED DUE TO LOWER TEMPERATURE FAILURE BARRIER PREHEAT2 STATION (PREHEAT2_LOW_TEMP_REJECT_CNT)",,"DATA_COLLECTION[11]"
COMMENT,,DATA_COLLECTION,"BARRIERS REJECTED DUE TO PRESSURE FAILURE  BARRIER FORMING STATION (FORMING_PRESSURE$N_REJECT_CNT)",,"DATA_COLLECTION[12]"
COMMENT,,DATA_COLLECTION,"BARRIERS REJECTED DUE TO INCOMPLETE CYCLE FAILURE  BARRIER PUNCH STATION (PUNCH_INC_CYCLE_REJECT_CNT)",,"DATA_COLLECTION[13]"
COMMENT,,DATA_COLLECTION,"BARRIERS REJECTED DUE TO INCOMPLETE CYCLE FAILURE  BARRIER PRINT STATION (PRINT_INC_CYCLE_REJECT_CNT)",,"DATA_COLLECTION[14]"
COMMENT,,DATA_COLLECTION,"BARRIERS REJECTED DUE TO GLUE OPEN TIME FAILURE  BAG GLUE STATION (GLUE_OPEN_TIME_REJECT_CNT)",,"DATA_COLLECTION[15]"
COMMENT,,DATA_COLLECTION,"BARRIERS REJECTED DUE TO INCOMPLETE CYCLE FAILURE  BAG GLUE STATION (GLUE_INC_CYCLE_REJECT_CNT)",,"DATA_COLLECTION[16]"
COMMENT,,DATA_COLLECTION,"BARRIERS REJECTED DUE TO PRESSURE FAILURE  BARRIER PRESS-N-CURE STATION (PNC_PRESSURE_REJECT_CNT)",,"DATA_COLLECTION[17]"
COMMENT,,DATA_COLLECTION,"BARRIERS REJECTED DUE TO VISION FAILURE VISION INSPECTION STATION (VISION_REJECT_CNT)",,"DATA_COLLECTION[18]"
COMMENT,,DATA_COLLECTION,"BARRIERS REJECTED DUE TO GLUE PRESSURE FAILURE  BAG GLUE STATION (GLUE_PRESSURE_REJECT_CNT)",,"DATA_COLLECTION[19]"
COMMENT,,DATA_COLLECTION,"DATA COLLECTION$NRun Status$N0 = Machine stopped$N1 = Machine running",,"DATA_COLLECTION[29]"
TAG,,DRV01_ETHERNET_COMMS_OK,"SERVO ETHERNET $NCOMMS OK$NMAIN DIAL","BOOL","","(RADIX := Decimal)"
TAG,,DRV02_ETHERNET_COMMS_OK,"SERVO DRIVE ETHERNET COMMS OK$NBARRIER INFEED MAGAZINE","BOOL","","(RADIX := Decimal)"
TAG,,DRV03_ETHERNET_COMMS_OK,"SERVO ETHERNET$NCOMMS OK$NBARRIER INFEED ELEVATOR","BOOL","","(RADIX := Decimal)"
TAG,,DRV04_ETHERNET_COMMS_OK,"SERVO ETHERNET$N COMMS OK$NBARRIER PRESS-N-CURE","BOOL","","(RADIX := Decimal)"
TAG,,DRV05_ETHERNET_COMMS_OK,"SERVO BASE DRIVE ETHERNET$N COMMS OK$NBARRIER PICK-N-PLACE/CORONA TREAT","BOOL","","(RADIX := Decimal)"
TAG,,DRV06_ETHERNET_COMMS_OK,"STEPPER ETHERNET$N COMMS OK$NBARRIER PICK-N-PLACE/$NCORONA TREAT","BOOL","","(RADIX := Decimal)"
TAG,,DRV08_ETHERNET_COMMS_OK,"STEPPER ETHERNET$N COMMS OK$NBAG GRIPPER$NBAG LOAD ROBOT (R1)","BOOL","","(RADIX := Decimal)"
TAG,,DRV10_COMMS_OK,"GLUE X-AXIS$NCOMMS OK$NBAG GLUE STATION","BOOL","","(RADIX := Decimal)"
TAG,,DRV11_COMMS_OK,"GLUE Y-AXIS$NCOMMS OK$NBAG GLUE STATION","BOOL","","(RADIX := Decimal)"
TAG,,ELEVATOR_ABORT_INDEX_PB,"HMI PUSH BUTTON$NSTOP DRIVE$NBARRIER INFEED ELEVATOR","BOOL","","(RADIX := Decimal)"
TAG,,ELEVATOR_BRAKE,"USED IN MESSAGE TO SET THE SECOND OUTPUT ON THE DRIVE$NBARRIER INFEED ELEVATOR","DINT","","(RADIX := Decimal)"
TAG,,ELEVATOR_BRAKE_PB,"HMI PUSH BUTTON$NENGAGE BRAKE$NBARRIER INFEED ELEVATOR","BOOL","","(RADIX := Decimal)"
TAG,,ELEVATOR_CLEAR_TO_INDEX,"EVERYTHING IS CLEAR OF BARRIER INFEED ELEVATOR","BOOL","","(RADIX := Decimal)"
TAG,,ELEVATOR_DRIVE_BRAKE_PB_VIS,"HMI VISIBILITY$NDRIVE BRAKE PUSH BUTTON$NBARRIER INFEED ELEVATOR","BOOL","","(RADIX := Decimal)"
TAG,,ELEVATOR_DRIVE_ENABLE_PB,"HMI PUSH BUTTON$NENABLE DRIVE$NBARRIER INFEED ELEVATOR","BOOL","","(RADIX := Decimal)"
TAG,,ELEVATOR_DRIVE_ENABLE_PB_VIS,"HMI VISIBILITY$NDRIVE ENABLE PUSH BUTTON$NBARRIER INFEED ELEVATOR","BOOL","","(RADIX := Decimal)"
ALIAS,,ELEVATOR_DRIVE_FAULT,"ALIAS HMI ANIMATION$NDRIVE FAULTED$NBARRIER INFEED ELEVATOR","","DRV03:I.PhysicalAxisFault","(RADIX := Decimal)"
TAG,,ELEVATOR_DRIVE_FAULT_PB_VIS,"HMI VISIBILITY$NDRIVE RESET FAULT PUSH BUTTON$NBARRIER INFEED ELEVATOR","BOOL","","(RADIX := Decimal)"
TAG,,ELEVATOR_DRIVE_HOMED,"DRIVE IS HOMED$NBARRIER INFEED ELEVATOR","BOOL","","(RADIX := Decimal)"
TAG,,ELEVATOR_DRIVE_HOME_PB,"HMI PUSH BUTTON$NHOME DRIVE$NBARRIER INFEED ELEVATOR","BOOL","","(RADIX := Decimal)"
TAG,,ELEVATOR_DRIVE_HOME_PB_VIS,"HMI VISIBILITY$NDRIVE HOME PUSH BUTTON$NBARRIER INFEED ELEVATOR","BOOL","","(RADIX := Decimal)"
TAG,,ELEVATOR_DRIVE_HOMING_IND,"HMI INDICATOR$NDRIVE IS HOMING$NBARRIER INFEED ELEVATOR","BOOL","","(RADIX := Decimal)"
TAG,,ELEVATOR_DRIVE_HOMING_REQ,"HOMING REQUEST$NDURING FIRST SCAN$NBARRIER INFEED$NELEVATOR","BOOL","","(RADIX := Decimal)"
TAG,,ELEVATOR_DRIVE_PB_VIS,"HMI VISIBILITY$NDRIVE PUSH BUTTONS$NBARRIER INFEED ELEVATOR","BOOL","","(RADIX := Decimal)"
ALIAS,,ELEVATOR_DRIVE_READY,"ALIAS HMI ANIMATION$NDRIVE READY$NBARRIER INFEED ELEVATOR","","DRV03:I.DriveEn","(RADIX := Decimal)"
TAG,,ELEVATOR_DRIVE_RESET_FAULT_PB,"HMI PUSH BUTTON$NRESET DRIVE$NBARRIER INFEED ELEVATOR","BOOL","","(RADIX := Decimal)"
TAG,,ELEVATOR_HOME_REQUEST,"HOME ELEVATOR REQUEST$NFROM BARRIER INFEED MAGAZINE","BOOL","","(RADIX := Decimal)"
ALIAS,,ELEVATOR_HOME_SENSOR,"ALIAS HMI ANIMATION","","DRV03:I.DigitalInputB1Status","(RADIX := Decimal)"
TAG,,ELEVATOR_INDEXING_IND,"HMI ANIMATION$NDRIVE INDEXING$NBARRIER INFEED ELEVATOR","BOOL","","(RADIX := Decimal)"
TAG,,ELEVATOR_INDEX_PB,"HMI PUSH BUTTON$NINDEX$NBARRIER INFEED ELEVATOR","BOOL","","(RADIX := Decimal)"
TAG,,ELEVATOR_IN_POSITION,"ELEVATOR IS IN POSITION AND READY FOR PROCESSING$NBARRIER INFEED ELEVATOR","BOOL","","(RADIX := Decimal)"
TAG,,ELEVATOR_OUT_OF_MAG_PB,"HMIE PUSH BUTTON$NINDEX OUT OF MAGAZINE POSITION$NBARRIER INFEED ELEVATOR","BOOL","","(RADIX := Decimal)"
TAG,,ELEVATOR_OUT_OF_MAG_POS,"ELEVATOR IS OUT OF THE AND CLEAR OF THE MAGAZINE$NBARRIER INFEED ELEVATOR","BOOL","","(RADIX := Decimal)"
TAG,,ELEVATOR_PART_NOT_PRESENT,"PARTS NOT PRESENT IN BARRIER TOWER SENSOR$NBARRIER INFEED ELEVATOR","BOOL","","(RADIX := Decimal)"
TAG,,ELEVATOR_PART_NOT_PRESENT_TIMING,"PARTS NOT PRESENT IN BARRIER TOWER SENSOR$NDEBOUNCE IS TIMING$NBARRIER INFEED ELEVATOR","BOOL","","(RADIX := Decimal)"
TAG,,ELEVATOR_PICK_POS,"THE ELEVATOR IS AT THE BARRIER PICK POSITION$NBARRIER INFEED ELEVATOR","BOOL","","(RADIX := Decimal)"
TAG,,ELEVATOR_PICK_POS_PB,"HMI PUSH BUTTON$NINDEX TO BARRIER PICK POSITION$NBARRIER INFEED ELEVATOR","BOOL","","(RADIX := Decimal)"
TAG,,ELEVATOR_POS_CHK,"VERTICAL POSITION CHECK SENSOR$NPART DETECTED$NBARRIER INFEED ELEVATOR","BOOL","","(RADIX := Decimal)"
TAG,,ELEVATOR_TOP_POS,"THE ELEVATOR IS AT THE TOP PROGRAMMED POSITION$NBARRIER INFEED ELEVATOR","BOOL","","(RADIX := Decimal)"
ALIAS,,EMPTY_DATA_BAG_LOADED,"ALIAS HMI ANIMATION$NBAG LOADED$NMAIN DIAL PART DATA STREAM$NEMPTY STATION","","MAIN_DIAL_DATA[2].BAG_LOADED","(RADIX := Decimal)"
ALIAS,,EMPTY_DATA_BAG_REJECT,"ALIAS HMI ANIMATION$NBAG REJECTED$NMAIN DIAL PART DATA STREAM$NEMPTY STATION","","MAIN_DIAL_DATA[2].BAG_REJECT","(RADIX := Decimal)"
ALIAS,,EMPTY_DATA_BAR_LOADED,"ALIAS HMI ANIMATION$NBARRIER LOADED$NMAIN DIAL PART DATA STREAM$NEMPTY STATION","","MAIN_DIAL_DATA[2].BARRIER_LOADED","(RADIX := Decimal)"
ALIAS,,EMPTY_DATA_BAR_REJECT,"ALIAS HMI ANIMATION$NBARRIER REJECTED$NMAIN DIAL PART DATA STREAM$NEMPTY STATION","","MAIN_DIAL_DATA[2].BARRIER_REJECT","(RADIX := Decimal)"
ALIAS,,EMPTY_DATA_CLEAR_PB,"HMI PUSH BUTTON$NCLEAR DATA REQUEST$NEMPTY STATION","","MAIN_DIAL_DATA_CLEAR_REQ_ARRAY.2","(RADIX := Decimal)"
ALIAS,,EMPTY_DATA_EMPTY_LAST_BAG,"ALIAS HMI ANIMATION$NLAST BAG REQUEST FOR CELL EMPTY$NMAIN DIAL PART DATA STREAM$NEMPTY STATION","","MAIN_DIAL_DATA[2].CELL_EMPTY_LAST_BAG","(RADIX := Decimal)"
ALIAS,,EMPTY_DATA_FORMING_COMPLETE,"ALIAS HMI ANIMATION$NFORMING STATION COMPLETE$NMAIN DIAL PART DATA STREAM$NEMPTY STATION","","MAIN_DIAL_DATA[2].FORMING_COMPLETE","(RADIX := Decimal)"
ALIAS,,EMPTY_DATA_FORMING_PRESS_OK,"ALIAS HMI ANIMATION$NFORMING STATION PRESSURE OK$NMAIN DIAL PART DATA STREAM$NEMPTY STATION","","MAIN_DIAL_DATA[2].FORMING_PRESSURE_OK","(RADIX := Decimal)"
ALIAS,,EMPTY_DATA_FORMING_STARTED,"ALIAS HMI ANIMATION$NFORMING STATION STARTED$NMAIN DIAL PART DATA STREAM$NEMPTY STATION","","MAIN_DIAL_DATA[2].FORMING_STARTED","(RADIX := Decimal)"
ALIAS,,EMPTY_DATA_GLUE_COMPLETE,"ALIAS HMI ANIMATION$NBAG GLUE STATION COMPLETED$NMAIN DIAL PART DATA STREAM$NEMPTY STATION","","MAIN_DIAL_DATA[2].BAG_GLUE_COMPLETE","(RADIX := Decimal)"
ALIAS,,EMPTY_DATA_GLUE_OPEN_REJECT,"ALIAS HMI ANIMATION$NBAG GLUE STATION OPEN TIME REJECT$NMAIN DIAL PART DATA STREAM$NEMPTY STATION","","MAIN_DIAL_DATA[2].BAG_GLUE_OPEN_TIME_REJECT","(RADIX := Decimal)"
ALIAS,,EMPTY_DATA_GLUE_PRESS_OK,"ALIAS HMI ANIMATION$NBAG GLUE STATION PRESSURE OK$NMAIN DIAL PART DATA STREAM$NEMPTY STATION","","MAIN_DIAL_DATA[2].BAG_GLUE_PRESSURE_OK","(RADIX := Decimal)"
ALIAS,,EMPTY_DATA_GLUE_STARTED,"ALIAS HMI ANIMATION$NBAG GLUE STATION STARTED$NMAIN DIAL PART DATA STREAM$NEMPTY STATION","","MAIN_DIAL_DATA[2].BAG_GLUE_STARTED","(RADIX := Decimal)"
ALIAS,,EMPTY_DATA_PNC_COMPLETE,"ALIAS HMI ANIMATION$NPRESS-N-CURE STATION COMPLETED$NMAIN DIAL PART DATA STREAM$NEMPTY STATION","","MAIN_DIAL_DATA[2].BAG_CURE_COMPLETE","(RADIX := Decimal)"
ALIAS,,EMPTY_DATA_PNC_PRESS_OK,"ALIAS HMI ANIMATION$NPRESS-N-CURE STATION PRESSURE OK$NMAIN DIAL PART DATA STREAM$NEMPTY STATION","","MAIN_DIAL_DATA[2].BAG_CURE_PRESSURE_OK","(RADIX := Decimal)"
ALIAS,,EMPTY_DATA_PNC_STARTED,"ALIAS HMI ANIMATION$NPRESS-N-CURE STATION STARTED$NMAIN DIAL PART DATA STREAM$NEMPTY STATION","","MAIN_DIAL_DATA[2].BAG_CURE_STARTED","(RADIX := Decimal)"
ALIAS,,EMPTY_DATA_POS_BAG_REJECT,"ALIAS HMI ANIMATION$NPOSITION BAG WAS REJECTED$NMAIN DIAL PART DATA STREAM$NEMPTY STATION","","MAIN_DIAL_DATA[2].STATION_POS_REJECT_BAG","(RADIX := Decimal)"
ALIAS,,EMPTY_DATA_POS_BAR_REJECT,"ALIAS HMI ANIMATION$NPOSITION BARRIER WAS REJECTED$NMAIN DIAL PART DATA STREAM$NEMPTY STATION","","MAIN_DIAL_DATA[2].STATION_POS_REJECT_BARRIER","(RADIX := Decimal)"
ALIAS,,EMPTY_DATA_PREHEAT1_COMPLETE,"ALIAS HMI ANIMATION$NPREHEAT STATION 1 COMPLETE$NMAIN DIAL PART DATA STREAM$NEMPTY STATION","","MAIN_DIAL_DATA[2].PREHEAT1_COMPLETE","(RADIX := Decimal)"
ALIAS,,EMPTY_DATA_PREHEAT1_LOW_TEMP_OK,"ALIAS HMI ANIMATION$NPREHEAT STATION 1 LOWER TEMP OK$NMAIN DIAL PART DATA STREAM$NEMPTY STATION","","MAIN_DIAL_DATA[2].PREHEAT1_LOW_TEMP_OK","(RADIX := Decimal)"
ALIAS,,EMPTY_DATA_PREHEAT1_UP_TEMP_OK,"ALIAS HMI ANIMATION$NPREHEAT STATION 1 UPPER TEMP OK$NMAIN DIAL PART DATA STREAM$NEMPTY STATION","","MAIN_DIAL_DATA[2].PREHEAT1_UP_TEMP_OK","(RADIX := Decimal)"
ALIAS,,EMPTY_DATA_PREHEAT2_COMPLETE,"ALIAS HMI ANIMATION$NPREHEAT STATION 2 COMPLETE$NMAIN DIAL PART DATA STREAM$NEMPTY STATION","","MAIN_DIAL_DATA[2].PREHEAT2_COMPLETE","(RADIX := Decimal)"
ALIAS,,EMPTY_DATA_PREHEAT2_LOW_TEMP_OK,"ALIAS HMI ANIMATION$NPREHEAT STATION 2 LOWER TEMP OK$NMAIN DIAL PART DATA STREAM$NEMPTY STATION","","MAIN_DIAL_DATA[2].PREHEAT2_LOW_TEMP_OK","(RADIX := Decimal)"
ALIAS,,EMPTY_DATA_PREHEAT2_UP_TEMP_OK,"ALIAS HMI ANIMATION$NPREHEAT STATION 2 UPPER TEMP OK$NMAIN DIAL PART DATA STREAM$NEMPTY STATION","","MAIN_DIAL_DATA[2].PREHEAT2_UP_TEMP_OK","(RADIX := Decimal)"
ALIAS,,EMPTY_DATA_PRINT_COMPLETE,"ALIAS HMI ANIMATION$NPRINTING STATION COMPLETED$NMAIN DIAL PART DATA STREAM$NEMPTY STATION","","MAIN_DIAL_DATA[2].PRINT_COMPLETE","(RADIX := Decimal)"
ALIAS,,EMPTY_DATA_PRINT_REQUIRED,"ALIAS HMI ANIMATION$NPRINTING REQUIRED$NMAIN DIAL PART DATA STREAM$NEMPTY STATION","","MAIN_DIAL_DATA[2].PRINT_REQUIRED","(RADIX := Decimal)"
ALIAS,,EMPTY_DATA_PRINT_STARTED,"ALIAS HMI ANIMATION$NPRINTING STATION STARTED$NMAIN DIAL PART DATA STREAM$NEMPTY STATION","","MAIN_DIAL_DATA[2].PRINT_STARTED","(RADIX := Decimal)"
ALIAS,,EMPTY_DATA_PUNCH_COMPLETE,"ALIAS HMI ANIMATION$NPUNCH STATION COMPLETED$NMAIN DIAL PART DATA STREAM$NEMPTY STATION","","MAIN_DIAL_DATA[2].PUNCH_COMPLETE","(RADIX := Decimal)"
ALIAS,,EMPTY_DATA_PUNCH_STARTED,"ALIAS HMI ANIMATION$NPUNCH STATION STARTED$NMAIN DIAL PART DATA STREAM$NEMPTY STATION","","MAIN_DIAL_DATA[2].PUNCH_STARTED","(RADIX := Decimal)"
ALIAS,,EMPTY_DATA_VISION_COMPLETE,"ALIAS HMI ANIMATION$NVISION INSPECTION STATION COMPLETED$NMAIN DIAL PART DATA STREAM$NEMPTY STATION","","MAIN_DIAL_DATA[2].VISION_COMPLETE","(RADIX := Decimal)"
TAG,,FORMING_ADJ_PRESSURE,"HMI OFFSET$NPRESSURE (PSI) ADJUSTMENT$NBARRIER FORMING STATION","REAL","","(RADIX := Float)"
TAG,,FORMING_ANALOG_SETUP_SOURCE_ELEMENT,"REGULATOR SETUP MESSAGE SOURCE WORD$NBARRIER FORMING STATION","DINT","","(RADIX := Decimal)"
TAG,,FORMING_BARRIER_RELEASE_BLOW_PB,"BARRIER RELEASE FROM FORM TOOLING BLOW PUSH BUTTON$NFORMING STATION","BOOL","","(RADIX := Decimal)"
TAG,,FORMING_BARRIER_RELEASE_BLOW_START_TIME,"BARRIER RELEASE FROM FORM TOOLING BLOW START TIME $NFORMING STATION","INT","","(RADIX := Decimal)"
TAG,,FORMING_BARRIER_RELEASE_BLOW_TIME,"BARRIER RELEASE FROM FORM TOOLING BLOW TIME FROM HMI $NFORMING STATION","INT","","(RADIX := Decimal)"
TAG,,FORMING_BLOW_PB,"HMI PUSH BUTTON$NBLOW ON$NBARRIER FORMING STATION","BOOL","","(RADIX := Decimal)"
TAG,,FORMING_BLOW_TIME_RECIPE,"BLOW TIME$NFROM RECIPE$NBARRIER FORMING STATION","INT","","(RADIX := Decimal)"
TAG,,FORMING_CTR_PRESSURE,"HMI ANIMATION$NFAILED PRESSURE FAILURE$NBARRIER FORMING STATION$N0=GREEN$N1=YELLOW$N2=RED","INT","","(RADIX := Decimal)"
TAG,,FORMING_CYCLE_PB,"HMI PUSH BUTTON$NRUN CYCLE$NBARRIER FORMING STATION","BOOL","","(RADIX := Decimal)"
TAG,,FORMING_CYL_EXT_PB,"HMI PUSH BUTTON$NEXTEND FORMING CYLINDER$NBARRIER FORMING STATION","BOOL","","(RADIX := Decimal)"
ALIAS,,FORMING_DATA_BAG_LOADED,"ALIAS HMI ANIMATION$NBAG LOADED$NMAIN DIAL PART DATA STREAM$NFORMING STATION","","MAIN_DIAL_DATA[6].BAG_LOADED","(RADIX := Decimal)"
ALIAS,,FORMING_DATA_BAG_REJECT,"ALIAS HMI ANIMATION$NBAG REJECTED$NMAIN DIAL PART DATA STREAM$NFORMING STATION","","MAIN_DIAL_DATA[6].BAG_REJECT","(RADIX := Decimal)"
ALIAS,,FORMING_DATA_BAR_LOADED,"ALIAS HMI ANIMATION$NBARRIER LOADED$NMAIN DIAL PART DATA STREAM$NFORMING STATION","","MAIN_DIAL_DATA[6].BARRIER_LOADED","(RADIX := Decimal)"
ALIAS,,FORMING_DATA_BAR_REJECT,"ALIAS HMI ANIMATION$NBARRIER REJECTED$NMAIN DIAL PART DATA STREAM$NFORMING STATION","","MAIN_DIAL_DATA[6].BARRIER_REJECT","(RADIX := Decimal)"
ALIAS,,FORMING_DATA_CLEAR_PB,"HMI PUSH BUTTON$NCLEAR DATA REQUEST$NBARRIER FORMING STATION","","MAIN_DIAL_DATA_CLEAR_REQ_ARRAY.6","(RADIX := Decimal)"
ALIAS,,FORMING_DATA_EMPTY_LAST_BAG,"ALIAS HMI ANIMATION$NLAST BAG REQUEST FOR CELL EMPTY$NMAIN DIAL PART DATA STREAM$NFORMING STATION","","MAIN_DIAL_DATA[6].CELL_EMPTY_LAST_BAG","(RADIX := Decimal)"
ALIAS,,FORMING_DATA_FORMING_COMPLETE,"ALIAS HMI ANIMATION$NFORMING STATION COMPLETE$NMAIN DIAL PART DATA STREAM$NFORMING STATION","","MAIN_DIAL_DATA[6].FORMING_COMPLETE","(RADIX := Decimal)"
ALIAS,,FORMING_DATA_FORMING_PRESS_OK,"ALIAS HMI ANIMATION$NFORMING STATION PRESSURE OK$NMAIN DIAL PART DATA STREAM$NFORMING STATION","","MAIN_DIAL_DATA[6].FORMING_PRESSURE_OK","(RADIX := Decimal)"
ALIAS,,FORMING_DATA_FORMING_STARTED,"ALIAS HMI ANIMATION$NFORMING STATION STARTED$NMAIN DIAL PART DATA STREAM$NFORMING STATION","","MAIN_DIAL_DATA[6].FORMING_STARTED","(RADIX := Decimal)"
ALIAS,,FORMING_DATA_GLUE_COMPLETE,"ALIAS HMI ANIMATION$NBAG GLUE STATION COMPLETED$NMAIN DIAL PART DATA STREAM$NFORMING STATION","","MAIN_DIAL_DATA[6].BAG_GLUE_COMPLETE","(RADIX := Decimal)"
ALIAS,,FORMING_DATA_GLUE_OPEN_REJECT,"ALIAS HMI ANIMATION$NBAG GLUE STATION OPEN TIME REJECT$NMAIN DIAL PART DATA STREAM$NFORMING STATION","","MAIN_DIAL_DATA[6].BAG_GLUE_OPEN_TIME_REJECT","(RADIX := Decimal)"
ALIAS,,FORMING_DATA_GLUE_PRESS_OK,"ALIAS HMI ANIMATION$NBAG GLUE STATION PRESSURE OK$NMAIN DIAL PART DATA STREAM$NFORMING STATION","","MAIN_DIAL_DATA[6].BAG_GLUE_PRESSURE_OK","(RADIX := Decimal)"
ALIAS,,FORMING_DATA_GLUE_STARTED,"ALIAS HMI ANIMATION$NBAG GLUE STATION STARTED$NMAIN DIAL PART DATA STREAM$NFORMING STATION","","MAIN_DIAL_DATA[6].BAG_GLUE_STARTED","(RADIX := Decimal)"
ALIAS,,FORMING_DATA_PNC_COMPLETE,"ALIAS HMI ANIMATION$NPRESS-N-CURE STATION COMPLETED$NMAIN DIAL PART DATA STREAM$NFORMING STATION","","MAIN_DIAL_DATA[6].BAG_CURE_COMPLETE","(RADIX := Decimal)"
ALIAS,,FORMING_DATA_PNC_PRESS_OK,"ALIAS HMI ANIMATION$NPRESS-N-CURE STATION PRESSURE OK$NMAIN DIAL PART DATA STREAM$NFORMING STATION","","MAIN_DIAL_DATA[6].BAG_CURE_PRESSURE_OK","(RADIX := Decimal)"
ALIAS,,FORMING_DATA_PNC_STARTED,"ALIAS HMI ANIMATION$NPRESS-N-CURE STATION STARTED$NMAIN DIAL PART DATA STREAM$NFORMING STATION","","MAIN_DIAL_DATA[6].BAG_CURE_STARTED","(RADIX := Decimal)"
ALIAS,,FORMING_DATA_POS_BAG_REJECT,"ALIAS HMI ANIMATION$NPOSITION BAG WAS REJECTED$NMAIN DIAL PART DATA STREAM$NFORMING STATION","","MAIN_DIAL_DATA[6].STATION_POS_REJECT_BAG","(RADIX := Decimal)"
ALIAS,,FORMING_DATA_POS_BAR_REJECT,"ALIAS HMI ANIMATION$NPOSITION BARRIER WAS REJECTED$NMAIN DIAL PART DATA STREAM$NFORMING STATION","","MAIN_DIAL_DATA[6].STATION_POS_REJECT_BARRIER","(RADIX := Decimal)"
ALIAS,,FORMING_DATA_PREHEAT1_COMPLETE,"ALIAS HMI ANIMATION$NPREHEAT STATION 1 COMPLETE$NMAIN DIAL PART DATA STREAM$NFORMING STATION","","MAIN_DIAL_DATA[6].PREHEAT1_COMPLETE","(RADIX := Decimal)"
ALIAS,,FORMING_DATA_PREHEAT1_LOW_TEMP_OK,"ALIAS HMI ANIMATION$NPREHEAT STATION 1 LOWER TEMP OK$NMAIN DIAL PART DATA STREAM$NFORMING STATION","","MAIN_DIAL_DATA[6].PREHEAT1_LOW_TEMP_OK","(RADIX := Decimal)"
ALIAS,,FORMING_DATA_PREHEAT1_UP_TEMP_OK,"ALIAS HMI ANIMATION$NPREHEAT STATION 1 UPPER TEMP OK$NMAIN DIAL PART DATA STREAM$NFORMING STATION","","MAIN_DIAL_DATA[6].PREHEAT1_UP_TEMP_OK","(RADIX := Decimal)"
ALIAS,,FORMING_DATA_PREHEAT2_COMPLETE,"ALIAS HMI ANIMATION$NPREHEAT STATION 2 COMPLETE$NMAIN DIAL PART DATA STREAM$NFORMING STATION","","MAIN_DIAL_DATA[6].PREHEAT2_COMPLETE","(RADIX := Decimal)"
ALIAS,,FORMING_DATA_PREHEAT2_LOW_TEMP_OK,"ALIAS HMI ANIMATION$NPREHEAT STATION 2 LOWER TEMP OK$NMAIN DIAL PART DATA STREAM$NFORMING STATION","","MAIN_DIAL_DATA[6].PREHEAT2_LOW_TEMP_OK","(RADIX := Decimal)"
ALIAS,,FORMING_DATA_PREHEAT2_UP_TEMP_OK,"ALIAS HMI ANIMATION$NPREHEAT STATION 2 UPPER TEMP OK$NMAIN DIAL PART DATA STREAM$NFORMING STATION","","MAIN_DIAL_DATA[6].PREHEAT2_UP_TEMP_OK","(RADIX := Decimal)"
ALIAS,,FORMING_DATA_PRINT_COMPLETE,"ALIAS HMI ANIMATION$NPRINTING STATION COMPLETED$NMAIN DIAL PART DATA STREAM$NFORMING STATION","","MAIN_DIAL_DATA[6].PRINT_COMPLETE","(RADIX := Decimal)"
ALIAS,,FORMING_DATA_PRINT_REQUIRED,"ALIAS HMI ANIMATION$NPRINTING REQUIRED$NMAIN DIAL PART DATA STREAM$NFORMING STATION","","MAIN_DIAL_DATA[6].PRINT_REQUIRED","(RADIX := Decimal)"
ALIAS,,FORMING_DATA_PRINT_STARTED,"ALIAS HMI ANIMATION$NPRINTING STATION STARTED$NMAIN DIAL PART DATA STREAM$NFORMING STATION","","MAIN_DIAL_DATA[6].PRINT_STARTED","(RADIX := Decimal)"
ALIAS,,FORMING_DATA_PUNCH_COMPLETE,"ALIAS HMI ANIMATION$NPUNCH STATION COMPLETED$NMAIN DIAL PART DATA STREAM$NFORMING STATION","","MAIN_DIAL_DATA[6].PUNCH_COMPLETE","(RADIX := Decimal)"
ALIAS,,FORMING_DATA_PUNCH_STARTED,"ALIAS HMI ANIMATION$NPUNCH STATION STARTED$NMAIN DIAL PART DATA STREAM$NFORMING STATION","","MAIN_DIAL_DATA[6].PUNCH_STARTED","(RADIX := Decimal)"
ALIAS,,FORMING_DATA_VISION_COMPLETE,"ALIAS HMI ANIMATION$NVISION INSPECTION STATION COMPLETED$NMAIN DIAL PART DATA STREAM$NFORMING STATION","","MAIN_DIAL_DATA[6].VISION_COMPLETE","(RADIX := Decimal)"
TAG,,FORMING_INDEX_DIAL_REQ,"INDEX REQUEST$NFROM BARRIER $NFORMING STATION$N TO MAIN DIAL","BOOL","","(RADIX := Decimal)"
TAG,,FORMING_LOAD_ANALOG_MAN_SETTINGS,"LOAD ANALOG MANIFOLD SETTINGS$NBARRIER FORMING STATION","BOOL","","(RADIX := Decimal)"
ALIAS,,FORMING_LOW_CYL_RET,"ALIAS HMI ANIMATION$NLOWER FORMING CYLINDER RETRACTED SENSOR$NBARRIER FORMING STATION","","MAN01:I.Data[2].5","(RADIX := Decimal)"
TAG,,FORMING_PREHEAT2_PROCESS_FAILED,"","BOOL","","(RADIX := Decimal)"
TAG,,FORMING_PRESSURE_MAX,"MAX ALLOWABLE PRESSURE (PSI)$NBARRIER FORMING STATION$NHMI DISPLAY","REAL","","(RADIX := Float)"
TAG,,FORMING_PRESSURE_MIN,"MIN ALLOWABLE PRESSURE (PSI)$NBARRIER FORMING STATION$NHMI DISPLAY","REAL","","(RADIX := Float)"
TAG,,FORMING_PRESSURE_OK,"PRESSURE WITHIN TOLERANCE$NBARRIER FORMING STATION","BOOL","","(RADIX := Decimal)"
TAG,,FORMING_PRESSURE_RECIPE_SP,"RECIPE$NPRESSURE (PSI)$NBARRIER FORMING STATION","REAL","","(RADIX := Float)"
TAG,,FORMING_PRESSURE_REJECT_CNT,"FAILURE COUNT FOR PRESSURE FAILURE$NBARRIER FORMING STATION","COUNTER","",""
TAG,,FORMING_PRESSURE_SCALING_PARAM,"PNEUMATIC SCALING PARAMTERS$NBARRIER FORMING STATION","PRES_SCALE_PARAM","",""
TAG,,FORMING_PRESSURE_SP_AUTO_DISPLAY,"PRESSURE (PSI)$NSET POINT$NDURING AUTO$NBARRIER FORMING STATION$NHMI DISPLAY","REAL","","(RADIX := Float)"
TAG,,FORMING_PRESSURE_SP_MAN_DISPLAY,"PRESSURE (PSI)$NSET POINT$NDURING MANUAL$NBARRIER FORMING STATION$NHMI DISPLAY","REAL","","(RADIX := Float)"
TAG,,FORMING_PROCESS_DONE,"CYCLE DONE$NFROM BARRIER FORMING STATION TO MAIN DIAL","BOOL","","(RADIX := Decimal)"
TAG,,FORMING_PROCESS_FAILED,"PROCESS FAILED DUE TO MACHINE STOP$NBARRIER FORMING STATION","BOOL","","(RADIX := Decimal)"
TAG,,FORMING_SCREEN_PB,"HMI PUSH BUTTON$NGOTO BARRIER FORMING STATION SCREEN","BOOL","","(RADIX := Decimal)"
ALIAS,,FORMING_UP_CYL_EXT,"ALIAS HMI ANIMATION$NUPPER FORMING CYLINDER EXTENDED SENSOR$NBARRIER FORMING STATION","","MAN01:I.Data[3].10","(RADIX := Decimal)"
ALIAS,,FORMING_UP_CYL_RET,"ALIAS HMI ANIMATION$NUPPER FORMING CYLINDER RETRACTED SENSOR$NBARRIER FORMING STATION","","MAN01:I.Data[3].11","(RADIX := Decimal)"
TAG,,GLUE_ANALOG_SETUP_SOURCE_ELEMENT,"INPUT PRESSURE REGULATOR SETUP MESSAGE SOURCE WORD$NBAG GLUE STATION","DINT","","(RADIX := Decimal)"
TAG,,GLUE_AT_PART_CHK_POS,"AXIS ARE AT$NBAG PRESENCE CHECK POSITION$NBAG GLUE STATION","BOOL","","(RADIX := Decimal)"
TAG,,GLUE_AT_SAMPLE_POS,"AXIS ARE AT$NGLUE SAMPLE POSITION$NBAG GLUE STATION","BOOL","","(RADIX := Decimal)"
TAG,,GLUE_AUTO_EXT_PURGE_REQ,"EXTENDED GLUE PURGE REQUEST$NAT BEGINNING OF AUTO CYCLE$NBAG GLUE STATION","BOOL","","(RADIX := Decimal)"
TAG,,GLUE_AUTO_PURGE_REQ,"SHORT GLUE PURGE REQUEST$NAT BEGINNING OF AUTO CYCLE$NBAG GLUE STATION","BOOL","","(RADIX := Decimal)"
ALIAS,,GLUE_BAG_PRESENT,"ALIAS HMI ANIMATION$NBAG PRESENT SENSOR$NBAG GLUE STATION","","MAN01:I.Data[2].8","(RADIX := Decimal)"
TAG,,GLUE_CTR_INC_CYCLE,"HMI ANIMATION$NFAILED INCOMPLETE CYCLE$NBAG GLUE STATION$N0=GREEN$N1=YELLOW$N2=RED","INT","","(RADIX := Decimal)"
TAG,,GLUE_CTR_OPEN_TIME,"HMI ANIMATION$NFAILED EXCEEDING OPEN TIME$NBAG GLUE STATION$N0=GREEN$N1=YELLOW$N2=RED","INT","","(RADIX := Decimal)"
ALIAS,,GLUE_DATA_BAG_LOADED,"ALIAS HMI ANIMATION$NBAG LOADED$NMAIN DIAL PART DATA STREAM$NBAG GLUE STATION","","MAIN_DIAL_DATA[9].BAG_LOADED","(RADIX := Decimal)"
ALIAS,,GLUE_DATA_BAG_REJECT,"ALIAS HMI ANIMATION$NBAG REJECTED$NMAIN DIAL PART DATA STREAM$NBAG GLUE STATION","","MAIN_DIAL_DATA[9].BAG_REJECT","(RADIX := Decimal)"
ALIAS,,GLUE_DATA_BAR_LOADED,"ALIAS HMI ANIMATION$NBARRIER LOADED$NMAIN DIAL PART DATA STREAM$NBAG GLUE STATION","","MAIN_DIAL_DATA[9].BARRIER_LOADED","(RADIX := Decimal)"
ALIAS,,GLUE_DATA_BAR_REJECT,"ALIAS HMI ANIMATION$NBARRIER REJECTED$NMAIN DIAL PART DATA STREAM$NBAG GLUE STATION","","MAIN_DIAL_DATA[9].BARRIER_REJECT","(RADIX := Decimal)"
ALIAS,,GLUE_DATA_CLEAR_PB,"HMI PUSH BUTTON$NCLEAR DATA REQUEST$NBAG GLUE STATION","","MAIN_DIAL_DATA_CLEAR_REQ_ARRAY.9","(RADIX := Decimal)"
ALIAS,,GLUE_DATA_EMPTY_LAST_BAG,"ALIAS HMI ANIMATION$NLAST BAG REQUEST FOR CELL EMPTY$NMAIN DIAL PART DATA STREAM$NBAG GLUE STATION","","MAIN_DIAL_DATA[9].CELL_EMPTY_LAST_BAG","(RADIX := Decimal)"
ALIAS,,GLUE_DATA_FORMING_COMPLETE,"ALIAS HMI ANIMATION$NFORMING STATION COMPLETE$NMAIN DIAL PART DATA STREAM$NBAG GLUE STATION","","MAIN_DIAL_DATA[9].FORMING_COMPLETE","(RADIX := Decimal)"
ALIAS,,GLUE_DATA_FORMING_PRESS_OK,"ALIAS HMI ANIMATION$NFORMING STATION PRESSURE OK$NMAIN DIAL PART DATA STREAM$NBAG GLUE STATION","","MAIN_DIAL_DATA[9].FORMING_PRESSURE_OK","(RADIX := Decimal)"
ALIAS,,GLUE_DATA_FORMING_STARTED,"ALIAS HMI ANIMATION$NFORMING STATION STARTED$NMAIN DIAL PART DATA STREAM$NBAG GLUE STATION","","MAIN_DIAL_DATA[9].FORMING_STARTED","(RADIX := Decimal)"
ALIAS,,GLUE_DATA_GLUE_COMPLETE,"ALIAS HMI ANIMATION$NBAG GLUE STATION COMPLETED$NMAIN DIAL PART DATA STREAM$NBAG GLUE STATION","","MAIN_DIAL_DATA[9].BAG_GLUE_COMPLETE","(RADIX := Decimal)"
ALIAS,,GLUE_DATA_GLUE_OPEN_REJECT,"ALIAS HMI ANIMATION$NBAG GLUE STATION OPEN TIME REJECT$NMAIN DIAL PART DATA STREAM$NBAG GLUE STATION","","MAIN_DIAL_DATA[9].BAG_GLUE_OPEN_TIME_REJECT","(RADIX := Decimal)"
ALIAS,,GLUE_DATA_GLUE_PRESS_OK,"ALIAS HMI ANIMATION$NBAG GLUE STATION PRESSURE OK$NMAIN DIAL PART DATA STREAM$NBAG GLUE STATION","","MAIN_DIAL_DATA[9].BAG_GLUE_PRESSURE_OK","(RADIX := Decimal)"
ALIAS,,GLUE_DATA_GLUE_STARTED,"ALIAS HMI ANIMATION$NBAG GLUE STATION STARTED$NMAIN DIAL PART DATA STREAM$NBAG GLUE STATION","","MAIN_DIAL_DATA[9].BAG_GLUE_STARTED","(RADIX := Decimal)"
ALIAS,,GLUE_DATA_PNC_COMPLETE,"ALIAS HMI ANIMATION$NPRESS-N-CURE STATION COMPLETED$NMAIN DIAL PART DATA STREAM$NBAG GLUE STATION","","MAIN_DIAL_DATA[9].BAG_CURE_COMPLETE","(RADIX := Decimal)"
ALIAS,,GLUE_DATA_PNC_PRESS_OK,"ALIAS HMI ANIMATION$NPRESS-N-CURE STATION PRESSURE OK$NMAIN DIAL PART DATA STREAM$NBAG GLUE STATION","","MAIN_DIAL_DATA[9].BAG_CURE_PRESSURE_OK","(RADIX := Decimal)"
ALIAS,,GLUE_DATA_PNC_STARTED,"ALIAS HMI ANIMATION$NPRESS-N-CURE STATION STARTED$NMAIN DIAL PART DATA STREAM$NBAG GLUE STATION","","MAIN_DIAL_DATA[9].BAG_CURE_STARTED","(RADIX := Decimal)"
ALIAS,,GLUE_DATA_POS_BAG_REJECT,"ALIAS HMI ANIMATION$NPOSITION BAG WAS REJECTED$NMAIN DIAL PART DATA STREAM$NBAG GLUE STATION","","MAIN_DIAL_DATA[9].STATION_POS_REJECT_BAG","(RADIX := Decimal)"
ALIAS,,GLUE_DATA_POS_BAR_REJECT,"ALIAS HMI ANIMATION$NPOSITION BARRIER WAS REJECTED$NMAIN DIAL PART DATA STREAM$NBAG GLUE STATION","","MAIN_DIAL_DATA[9].STATION_POS_REJECT_BARRIER","(RADIX := Decimal)"
ALIAS,,GLUE_DATA_PREHEAT1_COMPLETE,"ALIAS HMI ANIMATION$NPREHEAT STATION 1 COMPLETE$NMAIN DIAL PART DATA STREAM$NBAG GLUE STATION","","MAIN_DIAL_DATA[9].PREHEAT1_COMPLETE","(RADIX := Decimal)"
ALIAS,,GLUE_DATA_PREHEAT1_LOW_TEMP_OK,"ALIAS HMI ANIMATION$NPREHEAT STATION 1 LOWER TEMP OK$NMAIN DIAL PART DATA STREAM$NBAG GLUE STATION","","MAIN_DIAL_DATA[9].PREHEAT1_LOW_TEMP_OK","(RADIX := Decimal)"
ALIAS,,GLUE_DATA_PREHEAT1_UP_TEMP_OK,"ALIAS HMI ANIMATION$NPREHEAT STATION 1 UPPER TEMP OK$NMAIN DIAL PART DATA STREAM$NBAG GLUE STATION","","MAIN_DIAL_DATA[9].PREHEAT1_UP_TEMP_OK","(RADIX := Decimal)"
ALIAS,,GLUE_DATA_PREHEAT2_COMPLETE,"ALIAS HMI ANIMATION$NPREHEAT STATION 2 COMPLETE$NMAIN DIAL PART DATA STREAM$NBAG GLUE STATION","","MAIN_DIAL_DATA[9].PREHEAT2_COMPLETE","(RADIX := Decimal)"
ALIAS,,GLUE_DATA_PREHEAT2_LOW_TEMP_OK,"ALIAS HMI ANIMATION$NPREHEAT STATION 2 LOWER TEMP OK$NMAIN DIAL PART DATA STREAM$NBAG GLUE STATION","","MAIN_DIAL_DATA[9].PREHEAT2_LOW_TEMP_OK","(RADIX := Decimal)"
ALIAS,,GLUE_DATA_PREHEAT2_UP_TEMP_OK,"ALIAS HMI ANIMATION$NPREHEAT STATION 2 UPPER TEMP OK$NMAIN DIAL PART DATA STREAM$NBAG GLUE STATION","","MAIN_DIAL_DATA[9].PREHEAT2_UP_TEMP_OK","(RADIX := Decimal)"
ALIAS,,GLUE_DATA_PRINT_COMPLETE,"ALIAS HMI ANIMATION$NPRINTING STATION COMPLETED$NMAIN DIAL PART DATA STREAM$NBAG GLUE STATION","","MAIN_DIAL_DATA[9].PRINT_COMPLETE","(RADIX := Decimal)"
ALIAS,,GLUE_DATA_PRINT_REQUIRED,"ALIAS HMI ANIMATION$NPRINTING REQUIRED$NMAIN DIAL PART DATA STREAM$NBAG GLUE STATION","","MAIN_DIAL_DATA[9].PRINT_REQUIRED","(RADIX := Decimal)"
ALIAS,,GLUE_DATA_PRINT_STARTED,"ALIAS HMI ANIMATION$NPRINTING STATION STARTED$NMAIN DIAL PART DATA STREAM$NBAG GLUE STATION","","MAIN_DIAL_DATA[9].PRINT_STARTED","(RADIX := Decimal)"
ALIAS,,GLUE_DATA_PUNCH_COMPLETE,"ALIAS HMI ANIMATION$NPUNCH STATION COMPLETED$NMAIN DIAL PART DATA STREAM$NBAG GLUE STATION","","MAIN_DIAL_DATA[9].PUNCH_COMPLETE","(RADIX := Decimal)"
ALIAS,,GLUE_DATA_PUNCH_STARTED,"ALIAS HMI ANIMATION$NPUNCH STATION STARTED$NMAIN DIAL PART DATA STREAM$NBAG GLUE STATION","","MAIN_DIAL_DATA[9].PUNCH_STARTED","(RADIX := Decimal)"
ALIAS,,GLUE_DATA_VISION_COMPLETE,"ALIAS HMI ANIMATION$NVISION INSPECTION STATION COMPLETED$NMAIN DIAL PART DATA STREAM$NBAG GLUE STATION","","MAIN_DIAL_DATA[9].VISION_COMPLETE","(RADIX := Decimal)"
TAG,,GLUE_GUN_INACTIVITY_TIME,"GLUE GUN INACTIVITY TIME (MIN)$NBAG GLUE STATION","INT","","(RADIX := Decimal)"
TAG,,GLUE_GUN_PURGE_TIME,"GLUE GUN PURGE TIME (SEC)$NBAG GLUE STATION","INT","","(RADIX := Decimal)"
TAG,,GLUE_INC_CYCLE_REJECT_CNT,"FAILURE COUNT FOR INCOMPLETE CYCLE$NBAG GLUE STATION","COUNTER","",""
TAG,,GLUE_INDEX_DIAL_REQ,"INDEX REQUEST$NFROM BAG GLUE STATION$N TO MAIN DIAL","BOOL","","(RADIX := Decimal)"
TAG,,GLUE_IN_PRESSURE_CALIBRATE_MODE,"REGULATOR CALIBRATION MODE$NBAG GLUE STATION","BOOL","","(RADIX := Decimal)"
TAG,,GLUE_IN_PRESSURE_DISPLAY,"GLUE INPUT SIDE PRESSURE (PSI)$NBAG GLUE STATION$NHMI DISPLAY","REAL","","(RADIX := Float)"
TAG,,GLUE_IN_PRESSURE_OK,"GLUE MELTER INPUT SIDE PRESSURE (PSI)$NACCEPTABLE$NBAG GLUE STATION","BOOL","","(RADIX := Decimal)"
TAG,,GLUE_IN_PRESSURE_SCALING_PARAM,"PNEUMATIC SCALING PARAMTERS$NBAG GLUE STATION","PRES_SCALE_PARAM","",""
ALIAS,,GLUE_MELT_GLOW_GLUE_PRESENT,"","","A:I.Data[6].19","(RADIX := Decimal)"
ALIAS,,GLUE_MELT_HEATER_ON,"ALIAS HMI ANIMATION$NGLUE MELTER $NHEATERS ON$NBAG GLUE STATION","","A:O.Data[6].17","(RADIX := Decimal)"
ALIAS,,GLUE_MELT_HOSE_DISABLE,"ALIAS HMI ANIMATION$NGLUE MELTER $NHOSE DISABLED$NBAG GLUE STATION","","A:O.Data[6].19","(RADIX := Decimal)"
TAG,,GLUE_MELT_INACTIVE_TIME_PB,"HMI DATA ENTRY$NGLUE MELTER INACTIVITY TIMER$N(MIN)$NBAG GLUE STATION","INT","","(RADIX := Decimal)"
ALIAS,,GLUE_MELT_LEVEL_OK,"ALIAS HMI ANIMATION$NGLUE MELTER LEVEL OK$NBAG GLUE STATION","","A:I.Data[6].18","(RADIX := Decimal)"
TAG,,GLUE_MELT_LEVEL_OK_VIS,"HMI VISIBLILITY$NGLUE MELTER LEVEL OK$NBAG GLUE STATION","BOOL","","(RADIX := Decimal)"
ALIAS,,GLUE_MELT_NOT_FAULTED,"ALIAS HMI ANIMATION$NGLUE MELTER NOT FAULTED$NBAG GLUE STATION","","A:I.Data[6].17","(RADIX := Decimal)"
ALIAS,,GLUE_MELT_PUMP_ENABLE,"ALIAS HMI ANIMATION$NGLUE MELTER $NPUMP ENABLED$NBAG GLUE STATION","","A:O.Data[6].18","(RADIX := Decimal)"
ALIAS,,GLUE_MELT_READY,"ALIAS HMI ANIMATION$NGLUE MELTER READY$NBAG GLUE STATION","","A:I.Data[6].16","(RADIX := Decimal)"
TAG,,GLUE_ON_PB,"HMI PUSH BUTTON$NGLUE ON $NBAG GLUE STATION","BOOL","","(RADIX := Decimal)"
TAG,,GLUE_ON_PB_VIS,"HMI VISIBILITY$NGLUE DISPENSE$NPUSH BUTTON$NBAG GLUE STATION","BOOL","","(RADIX := Decimal)"
TAG,,GLUE_OPEN_TIME_REJECT_CNT,"FAILURE COUNT FOR EXCEEDING OPEN TIME$NBAG GLUE STATION","COUNTER","",""
TAG,,GLUE_OUT_CTR_PRESSURE,"HMI ANIMATION$NFAILED PRESSURE FAILURE$NBAG GLUE STATION$N0=GREEN$N1=YELLOW$N2=RED","INT","","(RADIX := Decimal)"
TAG,,GLUE_OUT_PRESSURE,"RAW OUTPUT SIDE GLUE PRESSURE$NBAG GLUE STATION","INT","","(RADIX := Decimal)"
TAG,,GLUE_OUT_PRESSURE_ADJ,"HMI GLUE OUTPUT SIDE PRESSURE OFFSET ADJUSTMENT$NBAG GLUE STATION","REAL","","(RADIX := Float)"
TAG,,GLUE_OUT_PRESSURE_DISPLAY,"OUTPUT SIDE GLUE PRESSURE (PSI)$NHMI DISPLAY$NBAG GLUE STATION","REAL","","(RADIX := Float)"
TAG,,GLUE_OUT_PRESSURE_MAX,"GLUE OUTPUT SIDE MAX ALLOWABLE$NPRESSURE (PSI)$NBAG GLUE STATION$NHMI DISPLAY","INT","","(RADIX := Decimal)"
TAG,,GLUE_OUT_PRESSURE_MAX_ALLOWED,"GLUE OUTPUT SIDE PRESSURE (PSI) $NMAX ALLOWED$NBAG GLUE STATION","REAL","","(RADIX := Float)"
TAG,,GLUE_OUT_PRESSURE_MIN,"GLUE OUTPUT SIDE MIN ALLOWABLE$NPRESSURE (PSI)$NBAG GLUE STATION$NHMI DISPLAY","INT","","(RADIX := Decimal)"
TAG,,GLUE_OUT_PRESSURE_MIN_ALLOWED,"GLUE OUTPUT SIDE PRESSURE (PSI) $NMIN ALLOWED$NBAG GLUE STATION","REAL","","(RADIX := Float)"
TAG,,GLUE_OUT_PRESSURE_PID,"OUTPUT SIDE GLUE PRESSURE (PSI)$NCONTROL PID$NBAG GLUE STATION","PID","",""
TAG,,GLUE_OUT_PRESSURE_PID_CV,"OUTPUT SIDE GLUE PRESSURE CONTROL VARIABLE$NBAG GLUE STATION","REAL","","(RADIX := Float)"
ALIAS,,GLUE_OUT_PRESSURE_PID_PV,"OUTPUT SIDE GLUE PRESSURE PROCESS VARIABLE$NBAG GLUE STATION","","GLUE_OUT_PRESSURE_PID.PV","(RADIX := Float)"
ALIAS,,GLUE_OUT_PRESSURE_PID_SP,"OUTPUT SIDE GLUE PRESSURE PID SET POINT$NBAG GLUE STATION","","GLUE_OUT_PRESSURE_PID.SP","(RADIX := Float)"
TAG,,GLUE_OUT_PRESSURE_POST_OK,"OUTPUT SIDE GLUE PRESSURE (PSI) AT POST PROCESS IS$NWITHIN TOLERANCE$NBAG GLUE STATION","BOOL","","(RADIX := Decimal)"
TAG,,GLUE_OUT_PRESSURE_PRE_OK,"OUTPUT SIDE GLUE PRESSURE (PSI) AT PRE PROCESS IS$NWITHIN TOLERANCE$NBAG GLUE STATION","BOOL","","(RADIX := Decimal)"
TAG,,GLUE_OUT_PRESSURE_REAL,"OUTPUT SIDE GLUE PRESSURE (PSI)$NREAL NUMBER TO PID LOOP$NBAG GLUE STATION","REAL","","(RADIX := Float)"
TAG,,GLUE_OUT_PRESSURE_RECIPE_SP,"RECIPE OUTPUT SIDE GLUE PRESSURE (PSI)$NBAG GLUE STATION","REAL","","(RADIX := Float)"
TAG,,GLUE_OUT_PRESSURE_REJECT_CNT,"FAILURE COUNT FOR PRESSURE FAILURE$NBAG GLUE STATION","COUNTER","",""
TAG,,GLUE_OUT_PRESSURE_SCREEN_PB,"HMI PUSH BUTTON$NGOTO GLUE OUTPUT PRESSURE TRENDING SCREEN","BOOL","","(RADIX := Decimal)"
TAG,,GLUE_OUT_PRESSURE_SP_AUTO,"OUTPUT SIDE GLUE PRESSURE (PSI) SET POINT GOING TO PID LOOP $NDURING AUTO$NBAG GLUE STATION","REAL","","(RADIX := Float)"
TAG,,GLUE_OUT_PRESSURE_SP_AUTO_DISPLAY,"OUTPUT SIDE GLUE PRESSURE (PSI) SET POINT$NDURING AUTO$NHMI DISPLAY$NBAG GLUE STATION","REAL","","(RADIX := Float)"
TAG,,GLUE_OUT_PRESSURE_SP_MAN,"LOWER TOOL GLUE OUTPUT SIDE PRESSURE (PSI) SET POINT GOING TO PID LOOP $NDURING MANUAL$NBAG GLUE STATION","REAL","","(RADIX := Float)"
TAG,,GLUE_OUT_PRESSURE_SP_MAN_DISPLAY,"OUTPUT SIDE GLUE PRESSURE (PSI) SET POINT$NDURING MANUAL$NHMI DISPLAY$NBAG GLUE STATION","REAL","","(RADIX := Float)"
TAG,,GLUE_OUT_PRESSURE_SP_TRACE_DISPLAY,"DISPLAYS THE SET POINT FOR MANUAL OR AUTO GLUE OUTPUT SIDE PRESSURE TRACING DISPLAY$NBAG GLUE STATION","REAL","","(RADIX := Float)"
TAG,,GLUE_PART_CYCLE_PB,"HMI PUSH BUTTON$NRUN GLUE $NPART CYCLE$NBAG GLUE STATION","BOOL","","(RADIX := Decimal)"
TAG,,GLUE_PART_CYCLE_PB_VIS,"HMI ANIMATION$NVISIBILITY$NFOR PART GLUE CYCLE BUTTON$NBAG GLUE STATION","BOOL","","(RADIX := Decimal)"
TAG,,GLUE_PROCESS_DONE,"CYCLE DONE$NFROM BAG GLUE STATION TO MAIN DIAL","BOOL","","(RADIX := Decimal)"
TAG,,GLUE_PURGE_TIME,"HMI GLUE PURGE RUN TIME","DINT","","(RADIX := Decimal)"
TAG,,GLUE_PURGE_TIME_REMAINING,"HMI GLUE PURGE REMAINING TIME","DINT","","(RADIX := Decimal)"
TAG,,GLUE_SAMPLE_CYCLE_PB,"HMI PUSH BUTTON$NRUN GLUE WEIGHT $NSAMPLE CYCLE$NBAG GLUE STATION","BOOL","","(RADIX := Decimal)"
TAG,,GLUE_SAMPLE_CYCLE_PB_VIS,"HMI ANIMATION$NVISIBILITY$NFOR SAMPLE GLUE CYCLE BUTTON$NBAG GLUE STATION","BOOL","","(RADIX := Decimal)"
TAG,,GLUE_SCREEN_PB,"HMI PUSH BUTTON$NGOTO BAG GLUE STATION SCREEN","BOOL","","(RADIX := Decimal)"
TAG,,GLUE_TEMP_DETECTED,"GLUE TEMPERATURE DETECTED AFTER PROCESSING PART$NBAG GLUE STATION","BOOL","","(RADIX := Decimal)"
ALIAS,,GLUE_TEMP_PRESENT,"ALIAS HMI ANIMATION$NGLUE PRESENT SENSOR$NBAG GLUE STATION","","MAN01:I.Data[2].9","(RADIX := Decimal)"
TAG,,GLUE_X_DRIVE_ENABLE_PB,"HMI PUSH BUTTON$NENABLE X-AXIS DRIVE$NBAG GLUE STATION","BOOL","","(RADIX := Decimal)"
ALIAS,,GLUE_X_DRIVE_FAULT,"ALIAS HMI ANIMATION$NX-AXIS DRIVE FAULTED$NBAG GLUE STATION","","GLUE_X.PhysicalAxisFault","(RADIX := Decimal)"
TAG,,GLUE_X_DRIVE_FAULT_PB_VIS,"HMI VISIBILITY$NGLUE X DRIVE RESET FAULT PUSH BUTTON$NBAG GLUE STATION","BOOL","","(RADIX := Decimal)"
ALIAS,,GLUE_X_DRIVE_HOMED,"ALIAS HMI ANIMATION$NX-AXIS DRIVE HAS COMPLETED HOMING$NBAG GLUE STATION","","GLUE_X.AxisHomedStatus","(RADIX := Decimal)"
ALIAS,,GLUE_X_DRIVE_READY,"ALIAS HMI ANIMATION$NX-AXIS DRIVE READY$NBAG GLUE STATION","","GLUE_X.DriveEnableStatus","(RADIX := Decimal)"
TAG,,GLUE_X_DRIVE_RESET_FAULT_PB,"HMI PUSH BUTTON$NRESET X-AXIS DRIVE$NBAG GLUE STATION","BOOL","","(RADIX := Decimal)"
ALIAS,,GLUE_X_HOME_SENSOR,"ALIAS HMI ANIMATION$NX-AXIS DRIVE HOME SENSOR$NBAG GLUE STATION","","GLUE_X.HomeInputStatus","(RADIX := Decimal)"
TAG,,GLUE_X_OFFSET,"HMI GLUE X OFFSET FROM RECIPE POSITION","REAL","","(RADIX := Float)"
TAG,,GLUE_X_PART_CENTER_POS_IN_RECIPE,"X-AXIS$NCENTER OF PART POSITION IN RECIPE$N(IN)$NBAG GLUE STATION","REAL","","(RADIX := Float)"
TAG,,GLUE_X_Y_ABORT_INDEX_PB,"HMI PUSH BUTTON$NSTOP COORDINATED AXIS DRIVES$NBAG GLUE STATION","BOOL","","(RADIX := Decimal)"
TAG,,GLUE_X_Y_CIRCLE_CONT,"COORDINATED GLUE PATH MOVE$NCONTROL WORD$NBAG GLUE STATION","MOTION_INSTRUCTION","",""
TAG,,GLUE_X_Y_CIRCLE_INDEX,"INDEX COORDINATED$NCIRCLE GLUE PATH $NBAG GLUE STATION","BOOL","","(RADIX := Decimal)"
TAG,,GLUE_X_Y_DRIVE_ENABLE_PB_VIS,"HMI VISIBILITY$NGLUE XY ENABLE DRIVE PUSH BUTTONS$NBAG GLUE STATION","BOOL","","(RADIX := Decimal)"
TAG,,GLUE_X_Y_DRIVE_HOME_PB,"HMI PUSH BUTTON$NHOME COORDINATED AXIS DRIVE$NBAG GLUE STATION","BOOL","","(RADIX := Decimal)"
TAG,,GLUE_X_Y_DRIVE_HOME_PB_VIS,"HMI VISIBILITY$NGLUE XY HOME DRIVE PUSH BUTTONS$NBAG GLUE STATION","BOOL","","(RADIX := Decimal)"
TAG,,GLUE_X_Y_DRIVE_HOMING_IND,"HMI INDICATOR$NCOORDINATED AXIS DRIVES ARE HOMING$NBAG GLUE STATION","BOOL","","(RADIX := Decimal)"
TAG,,GLUE_X_Y_DRIVE_HOMING_REQ,"HOMING REQUEST OF DRIVE AXIS$NDURING FIRST SCAN$NBAG GLUE STATION","BOOL","","(RADIX := Decimal)"
TAG,,GLUE_X_Y_DRIVE_PB_VIS,"HMI VISIBILITY$NGLUE XY DRIVE PUSH BUTTONS$NBAG GLUE STATION","BOOL","","(RADIX := Decimal)"
TAG,,GLUE_X_Y_INDEXING_IND,"HMI INDICATOR$NDRIVE IS INDEXING$NBAG GLUE STATION","BOOL","","(RADIX := Decimal)"
TAG,,GLUE_X_Y_INDEX_PB,"HMI PUSH BUTTON$NINDEX COORDINATED AXIS DRIVES$NBAG GLUE STATION","BOOL","","(RADIX := Decimal)"
TAG,,GLUE_X_Y_PATH2_ACTIVE_RECIPE,"SECONDARY GLUE PATH $NACTIVE FROM RECIPE$NBAG GLUE STATION","BOOL","","(RADIX := Decimal)"
TAG,,GLUE_X_Y_PATH2_ACTIVE_RECIPE_LOADED,"SECONDARY GLUE PATH ACTIVE LOADED TO PLC AFTER RECIPE DOWNLOAD$NBARRIER PRINTING STATION","BOOL","","(RADIX := Decimal)"
TAG,,GLUE_X_Y_PATH2_DIA_RECIPE,"SECONDARY GLUE PATH $NDIAMETER (IN)$NFROM RECIPE$NBAG GLUE STATION","REAL","","(RADIX := Float)"
TAG,,GLUE_X_Y_PATH2_RUN,"SECONDARY GLUE PATH $NRUNNING$NBAG GLUE STATION","BOOL","","(RADIX := Decimal)"
TAG,,GLUE_X_Y_PATH2_SPEED_RECIPE,"SECONDARY GLUE PATH $NSPEED (IN/SEC)$NFROM RECIPE$NBAG GLUE STATION","REAL","","(RADIX := Float)"
TAG,,GLUE_X_Y_PATH2_VIS,"HMI VISIBILITY$NSENCONDARY GLUE PATH SETTINGS$NBAG GLUE STATION","BOOL","","(RADIX := Decimal)"
TAG,,GLUE_X_Y_PATH_DIA_RECIPE,"GLUE PATH $NDIAMETER (IN)$NFROM RECIPE$NBAG GLUE STATION","REAL","","(RADIX := Float)"
TAG,,GLUE_X_Y_PATH_GLUE_START_DEG,"GLUE START POINT (DEGREES)$NAFTER COORDINATED AXIS MOVE BEGINS$NBAG GLUE STATION","REAL","","(RADIX := Float)"
TAG,,GLUE_X_Y_PATH_LENGTH_DEG,"COORDINATED AXIS$NGLUE PATH LENGTH$NIN DEGREES$NBAG GLUE STATION","DINT","","(RADIX := Decimal)"
TAG,,GLUE_X_Y_PATH_OVERLAP2_RECIPE,"SECONDARY GLUE PATH $NOVERLAP (IN)$NFROM RECIPE$NBAG GLUE STATION","REAL","","(RADIX := Float)"
TAG,,GLUE_X_Y_PATH_OVERLAP_RECIPE,"PRIMARY GLUE PATH $NOVERLAP (IN)$NFROM RECIPE$NBAG GLUE STATION","REAL","","(RADIX := Float)"
TAG,,GLUE_X_Y_PATH_SPEED_RECIPE,"GLUE PATH $NSPEED (IN/SEC)$NFROM RECIPE$NBAG GLUE STATION","REAL","","(RADIX := Float)"
TAG,,GLUE_X_Y_PATH_STOP_DELTA_DEG,"COORDINATED AXIS MOVE STOP POINT DELTA (DEGREES)$NAFTER GLUE TURNS OFF$NBAG GLUE STATION","REAL","","(RADIX := Float)"
TAG,,GLUE_X_Y_POS,"HMI PUSH BUTTON SERIES FOR $NX-Y POSITION CONTROL$NBAG GLUE STATION$N$N1=SAMPLE GLUE$N2=BAG PRES CHK$N4=BAG GLUE","INT","","(RADIX := Decimal)"
TAG,,GLUE_Y_DRIVE_ENABLE_PB,"HMI PUSH BUTTON$NENABLE Y-AXIS DRIVE$NBAG GLUE STATION","BOOL","","(RADIX := Decimal)"
ALIAS,,GLUE_Y_DRIVE_FAULT,"ALIAS HMI ANIMATION$NY-AXIS DRIVE FAULTED$NBAG GLUE STATION","","GLUE_Y.PhysicalAxisFault","(RADIX := Decimal)"
TAG,,GLUE_Y_DRIVE_FAULT_PB_VIS,"HMI VISIBILITY$NGLUE Y DRIVE RESET FAULT PUSH BUTTON$NBAG GLUE STATION","BOOL","","(RADIX := Decimal)"
ALIAS,,GLUE_Y_DRIVE_HOMED,"ALIAS HMI ANIMATION$NY-AXIS DRIVE HAS COMPLETED HOMING$NBAG GLUE STATION","","GLUE_Y.AxisHomedStatus","(RADIX := Decimal)"
ALIAS,,GLUE_Y_DRIVE_READY,"ALIAS HMI ANIMATION$NY-AXIS DRIVE READY$NBAG GLUE STATION","","GLUE_Y.DriveEnableStatus","(RADIX := Decimal)"
TAG,,GLUE_Y_DRIVE_RESET_FAULT_PB,"HMI PUSH BUTTON$NRESET Y-AXIS DRIVE$NBAG GLUE STATION","BOOL","","(RADIX := Decimal)"
ALIAS,,GLUE_Y_HOME_SENSOR,"ALIAS HMI ANIMATION$NY-AXIS DRIVE HOME SENSOR$NBAG GLUE STATION","","GLUE_Y.HomeInputStatus","(RADIX := Decimal)"
TAG,,GLUE_Y_OFFSET,"HMI GLUE Y OFFSET FROM RECIPE POSITION","REAL","","(RADIX := Float)"
TAG,,GLUE_Y_PART_CENTER_POS_IN_RECIPE,"Y-AXIS$NCENTER OF PART POSITION$NIN RECIPE$N(IN)$NBAG GLUE STATION","REAL","","(RADIX := Float)"
ALIAS,,GLUE_Z_CYL_EXT,"ALIAS HMI ANIMATION$NZ-AXIS CYLINDER EXTENDED$NBAG GLUE STATION","","MAN01:I.Data[2].6","(RADIX := Decimal)"
TAG,,GLUE_Z_CYL_EXT_PB,"HMI PUSH BUTTON$NEXTEND GLUE Z-AXIS CYLINDER$NBAG GLUE STATION","BOOL","","(RADIX := Decimal)"
TAG,,GLUE_Z_CYL_EXT_PB_VIS,"HMI VISIBILITY$NGLUE Z CYLINDER EXTEND$NPUSH BUTTON$NBAG GLUE STATION","BOOL","","(RADIX := Decimal)"
ALIAS,,GLUE_Z_CYL_RET,"ALIAS HMI ANIMATION$NZ-AXIS CYLINDER RETRACTED$NBAG GLUE STATION","","MAN01:I.Data[2].7","(RADIX := Decimal)"
TAG,,INDEX_MODE_VALUE,"THIS VARIABLE ALWAYS HAS THE VALUE OF SIX FOR USE IN SERVO INDEX MODE MESSAGES$N1 PIECE BAG MACHINE","DINT","","(RADIX := Decimal)"
TAG,,INFEED_CONV1_BAG_LANE_EMPTY_VIS,"HMI INDICATOR LANE EMPTY VISIBILITY$NINDEX$NINFEED CONVEYOR","BOOL","","(RADIX := Decimal)"
ALIAS,,INFEED_CONV1_BAG_LANE_FULL,"HMI ANIMATION$NBAG LANE FULL INFEED CONVEYOR","","MAN03:I.Data[0].7","(RADIX := Decimal)"
TAG,,INFEED_CONV1_BAG_PICK_REQ,"INFEED CONVEYOR BAG PICK REQUEST TO BAG LOAD ROBOT (R1)","BOOL","","(RADIX := Decimal)"
TAG,,INFEED_CONV1_BAG_VIS_REQ,"INFEED CONVEYOR BAG VISION REQUEST TO BAG LOAD ROBOT (R1)","BOOL","","(RADIX := Decimal)"
ALIAS,,INFEED_CONV1_DRIVE_FAULT,"ALIAS HMI ANIMATION$NDRIVE FAULTED$NINFEED CONVEYOR","","COM01:I.DRV07_Faulted","(RADIX := Decimal)"
TAG,,INFEED_CONV1_DRIVE_FAULT_PB_VIS,"HMI VISIBILITY$NDRIVE FAULT RESET PUSH BUTTON$NINFEED CONVEYOR","BOOL","","(RADIX := Decimal)"
ALIAS,,INFEED_CONV1_DRIVE_READY,"ALIAS HMI ANIMATION$NDRIVE READY$NINFEED CONVEYOR","","COM01:I.DRV07_Ready","(RADIX := Decimal)"
TAG,,INFEED_CONV1_DRIVE_RESET_FAULT_PB,"HMI PUSH BUTTON$NRESET DRIVE$NINFEED CONVEYOR","BOOL","","(RADIX := Decimal)"
TAG,,INFEED_CONV1_EMPTY_CT,"","DINT","","(RADIX := Decimal)"
TAG,,INFEED_CONV1_FAST_SPEED_HZ,"FAST SPEED (HZ)$NFROM RECIPE$NINFEED CONVEYOR 1","INT","","(RADIX := Decimal)"
TAG,,INFEED_CONV1_INDEX_PB,"HMI PUSH BUTTON$NINDEX$NINFEED CONVEYOR","BOOL","","(RADIX := Decimal)"
TAG,,INFEED_CONV1_INDEX_PB_VIS,"HMI PUSH BUTTON VISIBILITY$NINDEX$NINFEED CONVEYOR","BOOL","","(RADIX := Decimal)"
TAG,,INFEED_CONV1_MOVING_FORWARD,"HMI ANIMATION$NFORWARD DIRECTION$NINFEED CONVEYOR","BOOL","","(RADIX := Decimal)"
TAG,,INFEED_CONV1_RUN_FORWARD_PB,"`HMI PUSH BUTTON$NRUN DRIVE$NINFEED CONVEYOR","BOOL","","(RADIX := Decimal)"
TAG,,INFEED_CONV1_RUN_FORWARD_PB_VIS,"HMI PUSH BUTTON$NVISIBILITY$NRUN DRIVE$NINFEED CONVEYOR","BOOL","","(RADIX := Decimal)"
ALIAS,,INFEED_CONV1_SAFETY_FLAP_CLOSED,"ALIAS HMI ANIMATION$NSAFETY FLAP CLOSED$NINFEED CONVEYOR","","MAN03:I.Data[0].12","(RADIX := Decimal)"
ALIAS,,INFEED_CONV1_SLOW_POS,"ALIAS HMI ANIMATION$N SLOW DOWN POSITION$NINFEED CONVEYOR","","MAN03:I.Data[0].9","(RADIX := Decimal)"
TAG,,INFEED_CONV1_SLOW_SPEED_HZ,"SLOW SPEED (HZ)$NFROM RECIPE$NINFEED CONVEYOR 1","INT","","(RADIX := Decimal)"
ALIAS,,INFEED_CONV1_STOP_POS,"ALIAS HMI ANIMATION$N STOP POSITION$NINFEED CONVEYOR","","MAN03:I.Data[0].8","(RADIX := Decimal)"
ALIAS,,INFEED_CONV_BAG_DROP_BIN_CLEAR,"ALIAS HMI ANIMATION$NBAG DROP BIN CLEAR SENSOR$NINFEED CONVEYORS","","MAN03:I.Data[0].6","(RADIX := Decimal)"
TAG,,INFEED_CONV_INDEX_CNT,"","COUNTER","",""
TAG,,INFEED_CONV_SCREEN_PB,"HMI PUSH BUTTON$NGOTO INFEED CONVEYORS SCREEN","BOOL","","(RADIX := Decimal)"
TAG,,INFEED_CONV_TIME_OUT,"","BOOL","","(RADIX := Decimal)"
TAG,,LT_TABLE_VAC_ACTIVE_RECIPE,"","BOOL","","(RADIX := Decimal)"
TAG,,MAGAZINE_ABORT_INDEX_PB,"HMI PUSH BUTTON$NSTOP DRIVE$NBARRIER INFEED MAGAZINE","BOOL","","(RADIX := Decimal)"
TAG,,MAGAZINE_BRAKE,"USED AS A MESSAGE VARIABLE TO LOCK AND UNLOCK SERVO BRAKES$NBARRIER INFEED MAGAZINE","DINT","","(RADIX := Decimal)"
TAG,,MAGAZINE_BRAKE_PB,"HMI PUSH BUTTON$NENGAGE BRAKE$NBARRIER INFEED MAGAZINE","BOOL","","(RADIX := Decimal)"
TAG,,MAGAZINE_CLEAR_TO_INDEX,"CLEAR TO INDEX BARRIER INFEED MAGAZINE","BOOL","","(RADIX := Decimal)"
TAG,,MAGAZINE_CONFIG_INDEX_MSG_5,"INDEX MESSAGE$NBARRIER INFEED MAGAZINE","K300_IndexConfig","",""
TAG,,MAGAZINE_DRIVE_BRAKE_PB_VIS,"HMI VISIBILITY$NDRIVE BRAKE PUSH BUTTON$NBARRIER INFEED MAGAZINE","BOOL","","(RADIX := Decimal)"
TAG,,MAGAZINE_DRIVE_ENABLE_PB,"HMI PUSH BUTTON$NENABLE DRIVE$NBARRIER INFEED MAGAZINE","BOOL","","(RADIX := Decimal)"
TAG,,MAGAZINE_DRIVE_ENABLE_PB_VIS,"HMI VISIBILITY$NDRIVE ENABLE PUSH BUTTON$NBARRIER INFEED MAGAZINE","BOOL","","(RADIX := Decimal)"
ALIAS,,MAGAZINE_DRIVE_FAULT,"ALIAS HMI ANIMATION$NDRIVE FAULTED$NBARRIER INFEED MAGAZINE","","DRV02:I.PhysicalAxisFault","(RADIX := Decimal)"
TAG,,MAGAZINE_DRIVE_FAULT_PB_VIS,"HMI VISIBILITY$NDRIVE FAULT RESET PUSH BUTTON$NBARRIER INFEED MAGAZINE","BOOL","","(RADIX := Decimal)"
TAG,,MAGAZINE_DRIVE_HOMED,"DRIVE IS HOMED$NBARRIER INFEED MAGAZINE","BOOL","","(RADIX := Decimal)"
TAG,,MAGAZINE_DRIVE_HOME_PB,"HMI PUSH BUTTON$NHOME DRIVE$NBARRIER INFEED MAGAZINE","BOOL","","(RADIX := Decimal)"
TAG,,MAGAZINE_DRIVE_HOME_PB_VIS,"HMI VISIBILITY$NDRIVE HOME PUSH BUTTON$NBARRIER INFEED MAGAZINE","BOOL","","(RADIX := Decimal)"
TAG,,MAGAZINE_DRIVE_HOMING_IND,"HMI INDICATOR$NDRIVE IS HOMING$NBARRIER INFEED MAGAZINE","BOOL","","(RADIX := Decimal)"
TAG,,MAGAZINE_DRIVE_HOMING_REQ,"HOMING REQUEST$NDURING FIRST SCAN$NBARRIER INFEED MAGAZINE","BOOL","","(RADIX := Decimal)"
TAG,,MAGAZINE_DRIVE_PB_VIS,"HMI VISIBILITY$NDRIVE PUSH BUTTONS$NBARRIER INFEED MAGAZINE","BOOL","","(RADIX := Decimal)"
ALIAS,,MAGAZINE_DRIVE_READY,"ALIAS HMI ANIMATION$NDRIVE READY$NBARRIER INFEED MAGAZINE","","DRV02:I.DriveEn","(RADIX := Decimal)"
TAG,,MAGAZINE_DRIVE_RESET_FAULT_PB,"HMI PUSH BUTTON$NRESET DRIVE$NBARRIER INFEED MAGAZINE","BOOL","","(RADIX := Decimal)"
ALIAS,,MAGAZINE_HOME_SENSOR,"ALIAS HMI ANIMATION","","DRV02:I.DigitalInputB1Status","(RADIX := Decimal)"
TAG,,MAGAZINE_INDEXING_IND,"HMI INDICATOR$NDRIVE INDEXING$NBARRIER INFEED MAGAZINE","BOOL","","(RADIX := Decimal)"
TAG,,MAGAZINE_INDEX_PB,"HMI PUSH BUTTON$NINDEX$NBARRIER INFEED MAGAZINE","BOOL","","(RADIX := Decimal)"
TAG,,MAGAZINE_IN_POSITION,"MAGAZINE IS IN POSITION AND READY FOR PROCESSING$NBARRIER INFEED MAGAZINE","BOOL","","(RADIX := Decimal)"
TAG,,MAGAZINE_LIGHT_CURTAIN_CLEAR,"LIGHT CURTAIN IS CLEAR$NBARRIER INFEED MAGAZINE","BOOL","","(RADIX := Decimal)"
TAG,,MAGAZINE_PLACE_HOLDER_INDX_5,"WRITE DRIVE PARAMETERS$NBARRIER INFEED MAGAZINE","UDT_K300_Index","",""
TAG,,MAGAZINE_READY_FOR_PROCESS,"READY FOR PROCESS TO ALL STATIONS$NBARRIER INFEED MAGAZINE","BOOL","","(RADIX := Decimal)"
TAG,,MAGAZINE_SCREEN_PB,"HMI PUSH BUTTON$NGOTO BARRIER INFEED MAGAZINE SCREEN","BOOL","","(RADIX := Decimal)"
ALIAS,,MAGAZINE_TUBE_CHK,"ALIAS HMI ANIMATION$NTUBE CHECK SENSOR$NBARRIER INFEED MAGAZINE$N$N0=PARTS IN TOWER$N1= PARTS NOT IN TOWER","","MAN03:I.Data[0].11","(RADIX := Decimal)"
TAG,,MAIN_DIAL_ABORT_INDEX_PB,"HMI PUSH BUTTON$NABORT DRIVE$NMAIN DIAL","BOOL","","(RADIX := Decimal)"
TAG,,MAIN_DIAL_ACTUATION_VIS,"HMI ANIMATION$NACTUATION BUTTONS VISIBILITY$NFOR STATIONS ON MAIN DIAL","BOOL","","(RADIX := Decimal)"
TAG,,MAIN_DIAL_CLEAR_INDEX_SCREEN_PB,"HMI PUSH BUTTON$NGOTO MAIN DIAL CLEAR TO INDEX SCREEN$N1 PIECE DRUMHEAD MACHINE","BOOL","","(RADIX := Decimal)"
TAG,,MAIN_DIAL_CLEAR_TO_INDEX,"CLEAR TO INDEX$NMAIN DIAL","BOOL","","(RADIX := Decimal)"
TAG,,MAIN_DIAL_CONFIG_INDEX_MSG_5_AUTO,"WRITE CONFIGURATION INDEX MESSAGE DURING AUTO$NMAIN DIAL","K300_IndexConfig","",""
TAG,,MAIN_DIAL_CONFIG_INDEX_MSG_5_HOME,"WRITE CONFIGURATION INDEX MESSAGE DURING HOME$NMAIN DIAL","K300_IndexConfig","",""
TAG,,MAIN_DIAL_CYCLE_VIS,"HMI ANIMATION$NCYCLE BUTTONS VISIBILITY$NFOR STATIONS ON MAIN DIAL","BOOL","","(RADIX := Decimal)"
TAG,,MAIN_DIAL_DATA,"PART DATA TRACKING$NMAIN DIAL","DIAL_DATA[14]","",""
COMMENT,,MAIN_DIAL_DATA,"NULL DATA$NMAIN DIAL$NDO NOT CHANGE DATA",,"MAIN_DIAL_DATA[0]"
COMMENT,,MAIN_DIAL_DATA,"PART DATA$NBARRIER LOAD STATION",,"MAIN_DIAL_DATA[1]"
COMMENT,,MAIN_DIAL_DATA,"PART DATA $NEMPTY STATION",,"MAIN_DIAL_DATA[2]"
COMMENT,,MAIN_DIAL_DATA,"PART DATA $NBAG LOAD STATION",,"MAIN_DIAL_DATA[3]"
COMMENT,,MAIN_DIAL_DATA,"PART DATA BARRIER PREHEAT STATION 1",,"MAIN_DIAL_DATA[4]"
COMMENT,,MAIN_DIAL_DATA,"PART DATA$NBARRIER PREHEAT STATION 2",,"MAIN_DIAL_DATA[5]"
COMMENT,,MAIN_DIAL_DATA,"PART DATA $NBARRIER FORMING STATION",,"MAIN_DIAL_DATA[6]"
COMMENT,,MAIN_DIAL_DATA,"PART DATA $NBARRIER PUNCH STATION",,"MAIN_DIAL_DATA[7]"
COMMENT,,MAIN_DIAL_DATA,"PART DATA $NBARRIER PRINTER STATION",,"MAIN_DIAL_DATA[8]"
COMMENT,,MAIN_DIAL_DATA,"PART DATA $NBAG GLUE STATION",,"MAIN_DIAL_DATA[9]"
COMMENT,,MAIN_DIAL_DATA,"PART DATA PRESS-N-CURE STATION",,"MAIN_DIAL_DATA[10]"
COMMENT,,MAIN_DIAL_DATA,"PART DATA $NVISION INSPECTION STATION",,"MAIN_DIAL_DATA[11]"
COMMENT,,MAIN_DIAL_DATA,"PART DATA$NBAG OFFLOAD STATION",,"MAIN_DIAL_DATA[12]"
COMMENT,,MAIN_DIAL_DATA,"PART DATA$NTEMP LOCATION DURING DATA TRANSFER",,"MAIN_DIAL_DATA[13]"
ALIAS,,MAIN_DIAL_DATA_CLEAR_PB,"HMI PUSH BUTTON$NCLEAR DATA REQUEST$NALL STATIONS ON $NMAIN DIAL","","MAIN_DIAL_DATA_CLEAR_REQ_ARRAY.0","(RADIX := Decimal)"
TAG,,MAIN_DIAL_DATA_CLEAR_REQ_ARRAY,"CLEAR DATA REQUEST$NARRAY$NMAIN DIAL$N(BITS ALIASED FROM HMI PUSH BUTTON TAGS)","INT","","(RADIX := Decimal)"
COMMENT,,MAIN_DIAL_DATA_CLEAR_REQ_ARRAY,"HMI PUSH BUTTON CLEAR DATA REQUEST ALL STATIONS ON  MAIN DIAL",,"MAIN_DIAL_DATA_CLEAR_REQ_ARRAY.0"
COMMENT,,MAIN_DIAL_DATA_CLEAR_REQ_ARRAY,"HMI PUSH BUTTON CLEAR DATA REQUEST  BARRIER LOAD STATION",,"MAIN_DIAL_DATA_CLEAR_REQ_ARRAY.1"
COMMENT,,MAIN_DIAL_DATA_CLEAR_REQ_ARRAY,"HMI PUSH BUTTON CLEAR DATA REQUEST EMPTY STATION",,"MAIN_DIAL_DATA_CLEAR_REQ_ARRAY.2"
COMMENT,,MAIN_DIAL_DATA_CLEAR_REQ_ARRAY,"HMI PUSH BUTTON CLEAR DATA REQUEST BAG LOAD STATION",,"MAIN_DIAL_DATA_CLEAR_REQ_ARRAY.3"
COMMENT,,MAIN_DIAL_DATA_CLEAR_REQ_ARRAY,"HMI PUSH BUTTON CLEAR DATA REQUEST PREHEAT STATION 1",,"MAIN_DIAL_DATA_CLEAR_REQ_ARRAY.4"
COMMENT,,MAIN_DIAL_DATA_CLEAR_REQ_ARRAY,"HMI PUSH BUTTON CLEAR DATA REQUEST PREHEAT STATION 2",,"MAIN_DIAL_DATA_CLEAR_REQ_ARRAY.5"
COMMENT,,MAIN_DIAL_DATA_CLEAR_REQ_ARRAY,"HMI PUSH BUTTON CLEAR DATA REQUEST BARRIER FORMING STATION",,"MAIN_DIAL_DATA_CLEAR_REQ_ARRAY.6"
COMMENT,,MAIN_DIAL_DATA_CLEAR_REQ_ARRAY,"HMI PUSH BUTTON CLEAR DATA REQUEST BARRIER PUNCH STATION",,"MAIN_DIAL_DATA_CLEAR_REQ_ARRAY.7"
COMMENT,,MAIN_DIAL_DATA_CLEAR_REQ_ARRAY,"HMI PUSH BUTTON CLEAR DATA REQUEST BARRIER PRINTING STATION",,"MAIN_DIAL_DATA_CLEAR_REQ_ARRAY.8"
COMMENT,,MAIN_DIAL_DATA_CLEAR_REQ_ARRAY,"HMI PUSH BUTTON CLEAR DATA REQUEST BAG GLUE STATION",,"MAIN_DIAL_DATA_CLEAR_REQ_ARRAY.9"
COMMENT,,MAIN_DIAL_DATA_CLEAR_REQ_ARRAY,"HMI PUSH BUTTON CLEAR DATA REQUEST PRESS-N-CURE STATION",,"MAIN_DIAL_DATA_CLEAR_REQ_ARRAY.10"
COMMENT,,MAIN_DIAL_DATA_CLEAR_REQ_ARRAY,"HMI PUSH BUTTON CLEAR DATA REQUEST VISION INSPECTION STATION",,"MAIN_DIAL_DATA_CLEAR_REQ_ARRAY.11"
COMMENT,,MAIN_DIAL_DATA_CLEAR_REQ_ARRAY,"HMI PUSH BUTTON CLEAR DATA REQUEST BAG OFFLOAD STATION",,"MAIN_DIAL_DATA_CLEAR_REQ_ARRAY.12"
TAG,,MAIN_DIAL_DATA_SCREEN_PB,"HMI PUSH BUTTON$NGOTO PART DATA SCREEN$NMAIN DIAL","BOOL","","(RADIX := Decimal)"
TAG,,MAIN_DIAL_DRIVE_ACC_PB,"HMI PUSH BUTTON$NSERVO DRIVE ACCELERATION$NMAIN DIAL","REAL","","(RADIX := Float)"
TAG,,MAIN_DIAL_DRIVE_DEC_PB,"HMI PUSH BUTTON$NSERVO DRIVE DECELERATION$NMAIN DIAL","REAL","","(RADIX := Float)"
TAG,,MAIN_DIAL_DRIVE_ENABLE_PB,"HMI PUSH BUTTON$NENABLE DRIVE$NMAIN DIAL","BOOL","","(RADIX := Decimal)"
TAG,,MAIN_DIAL_DRIVE_ENABLE_PB_VIS,"HMI VISIBILITY$NDRIVE ENABLE PUSH BUTTON$NMAIN DIAL","BOOL","","(RADIX := Decimal)"
ALIAS,,MAIN_DIAL_DRIVE_FAULT,"ALIAS HMI ANIMATION$NMAIN DIAL FAULTED","","DRV01:I.PhysicalAxisFault","(RADIX := Decimal)"
TAG,,MAIN_DIAL_DRIVE_FAULT_PB_VIS,"HMI VISIBILITY$NDRIVE RESET FAULT PUSH BUTTON$NMAIN DIAL","BOOL","","(RADIX := Decimal)"
TAG,,MAIN_DIAL_DRIVE_HOMED,"DRIVE IS HOMED$NMAIN DIAL","BOOL","","(RADIX := Decimal)"
TAG,,MAIN_DIAL_DRIVE_HOME_PB,"HMI PUSH BUTTON$NHOME DRIVE$NMAIN DIAL","BOOL","","(RADIX := Decimal)"
TAG,,MAIN_DIAL_DRIVE_HOME_PB_VIS,"HMI VISIBILITY$NDRIVE HOME PUSH BUTTON$NMAIN DIAL","BOOL","","(RADIX := Decimal)"
TAG,,MAIN_DIAL_DRIVE_HOMING_IND,"HMI INDICATOR$NHOMING IN PROGRESS$NMAIN DIAL","BOOL","","(RADIX := Decimal)"
TAG,,MAIN_DIAL_DRIVE_HOMING_REQ,"HOMING REQUEST$NMAIN DIAL","BOOL","","(RADIX := Decimal)"
TAG,,MAIN_DIAL_DRIVE_PB_VIS,"HMI VISIBILITY$NDRIVE PUSH BUTTONS$NMAIN DIAL","BOOL","","(RADIX := Decimal)"
ALIAS,,MAIN_DIAL_DRIVE_READY,"ALIAS HMI ANIMATION$NMAIN DIAL ENABLED","","DRV01:I.DriveEn","(RADIX := Decimal)"
TAG,,MAIN_DIAL_DRIVE_RESET_FAULT_PB,"HMI PUSH BUTTON$NRESET DRIVE$NMAIN DIAL","BOOL","","(RADIX := Decimal)"
TAG,,MAIN_DIAL_EMPTY,"THERE ARE NO PARTS ON MAIN DIAL","BOOL","","(RADIX := Decimal)"
ALIAS,,MAIN_DIAL_HOME_SENSOR,"ALIAS HMI ANIMATION$NHOME SENSOR$NMAIN DIAL","","DRV01:I.DigitalInputB1Status","(RADIX := Decimal)"
TAG,,MAIN_DIAL_HOMING_COMPLETED,"HOMING ROUTINE COMPLETED$NMAIN DIAL","BOOL","","(RADIX := Decimal)"
TAG,,MAIN_DIAL_INDEXING_IND,"HMI INDICATOR$NDRIVE IS INDEXING$NMAIN DIAL","BOOL","","(RADIX := Decimal)"
TAG,,MAIN_DIAL_INDEX_DONE,"INDEX DONE$NMAIN DIAL HANDSHAKE TO ALL STATIONS","BOOL","","(RADIX := Decimal)"
TAG,,MAIN_DIAL_INDEX_PB,"HMI PUSH BUTTON$NINDEX DRIVE$NMAIN DIAL","BOOL","","(RADIX := Decimal)"
TAG,,MAIN_DIAL_IN_POSITION,"MAIN DIAL IS IN POSITION AND READY FOR PROCESSING$NMAIN DIAL","BOOL","","(RADIX := Decimal)"
TAG,,MAIN_DIAL_PLACE_HOLDER_INDX_5_AUTO,"OUTPUT VALUES FOR WRITING DRIVE PARAMETERS DURING AUTO$NMAIN DIAL","UDT_K300_Index","",""
TAG,,MAIN_DIAL_PLACE_HOLDER_INDX_5_HOME,"OUTPUT VALUES FOR WRITING DRIVE PARAMETERS DURING HOME$NMAIN DIAL","UDT_K300_Index","",""
TAG,,MAIN_DIAL_REG_INDEX_NEXT,"REGISTRATION INDEX IS NEXT$NMAIN DIAL$N(DO NOT MAKE ANY TIME SENSITIVE PROCESSES)","BOOL","","(RADIX := Decimal)"
TAG,,MAIN_DIAL_REG_INDEX_NEXT_2,"REGISTRATION INDEX IS 2 INDEXES AWAY$NMAIN DIAL$N(DO NOT MAKE ANY TIME SENSITIVE PROCESSES)","BOOL","","(RADIX := Decimal)"
TAG,,MAIN_DIAL_REG_POSITION_THEO,"THEORETICAL REGISTRATION POSITION FOR STATION ALIGNMENT$NMAIN DIAL","REAL","","(RADIX := Float)"
TAG,,MAIN_DIAL_ROLLOVER_ACTIVE,"ROLLOVER ROUTINE IN PROGRESS$NMAIN DIAL","BOOL","","(RADIX := Decimal)"
TAG,,MAIN_DIAL_ROLLOVER_CAL_COMP,"ROLLOVER ROUTINE COMPLETE$NMAIN DIAL","BOOL","","(RADIX := Decimal)"
TAG,,MAIN_DIAL_ROLLOVER_PB,"HMI PUSH BUTTON$NSET ROLLOVER$NMAIN DIAL","BOOL","","(RADIX := Decimal)"
TAG,,MAIN_DIAL_ROLLOVER_PB_VIS,"HMI ANIMATION$NROLLOVER CAL BUTTON VISIBILITY$NMAIN DIAL","BOOL","","(RADIX := Decimal)"
TAG,,MAIN_DIAL_ROLLOVER_REQ_NO_PB,"HMI PUSH BUTTON$NNO BUTTON FOR$NROLLOVER ROUTINE REQUEST$N1 PIECE BAG MACHINE","BOOL","","(RADIX := Decimal)"
TAG,,MAIN_DIAL_ROLLOVER_REQ_POPUP,"ROLLOVER ROUTINE REQUEST$N POPUP SCREEN ON$N1 PIECE BAG MACHINE","BOOL","","(RADIX := Decimal)"
TAG,,MAIN_DIAL_ROLLOVER_REQ_YES_PB,"HMI PUSH BUTTON$NYES BUTTON FOR$NROLLOVER ROUTINE REQUEST$N1 PIECE BAG MACHINE","BOOL","","(RADIX := Decimal)"
TAG,,MAIN_DIAL_SCREEN_PB,"HMI PUSH BUTTON$NGOTO MAIN DIAL$NSCREEN","BOOL","","(RADIX := Decimal)"
TAG,,MAIN_DIAL_SHIFT_DATA,"SHIFT THE  PART DATA$NMAIN DIAL","BOOL","","(RADIX := Decimal)"
TAG,,MAIN_DIAL_VAC_ALL_PB,"HMI PUSH BUTTON$NTURN ON ALL VACUUMS$NMAIN DIAL","BOOL","","(RADIX := Decimal)"
TAG,,MAIN_DIAL_VAC_PB,"VACUUM CONTROL ARRAY FOR HMI$NMAIN DIAL","DINT[1]","","(RADIX := Decimal)"
COMMENT,,MAIN_DIAL_VAC_PB,"VACUUM CONTROL ARRAY FOR HMI$NMAIN DIAL",,"MAIN_DIAL_VAC_PB[0]"
COMMENT,,MAIN_DIAL_VAC_PB,"USED FOR VACUUM CONTROL ARRAY BIT SHIFT $NTEMP LOCATION ONLY$NMAIN DIAL",,"MAIN_DIAL_VAC_PB[0].0"
COMMENT,,MAIN_DIAL_VAC_PB,"VACUUM CONTROL LOCATION ON MAIN DIAL FOR HMI$NBARRIER LOAD STATION",,"MAIN_DIAL_VAC_PB[0].1"
COMMENT,,MAIN_DIAL_VAC_PB,"VACUUM CONTROL LOCATION ON MAIN DIAL FOR HMI$NEMPTY STATION",,"MAIN_DIAL_VAC_PB[0].2"
COMMENT,,MAIN_DIAL_VAC_PB,"VACUUM CONTROL LOCATION ON MAIN DIAL FOR HMI$NBAG LOAD STATION",,"MAIN_DIAL_VAC_PB[0].3"
COMMENT,,MAIN_DIAL_VAC_PB,"VACUUM CONTROL LOCATION ON MAIN DIAL FOR HMI BARRIER PREHEAT STATION 1",,"MAIN_DIAL_VAC_PB[0].4"
COMMENT,,MAIN_DIAL_VAC_PB,"VACUUM CONTROL LOCATION ON MAIN DIAL FOR HMI BARRIER PREHEAT STATION 2",,"MAIN_DIAL_VAC_PB[0].5"
COMMENT,,MAIN_DIAL_VAC_PB,"VACUUM CONTROL LOCATION ON MAIN DIAL FOR HMI BARRIER FORMING STATION",,"MAIN_DIAL_VAC_PB[0].6"
COMMENT,,MAIN_DIAL_VAC_PB,"VACUUM CONTROL LOCATION ON MAIN DIAL FOR HMI BARRIER PUNCH STATION",,"MAIN_DIAL_VAC_PB[0].7"
COMMENT,,MAIN_DIAL_VAC_PB,"VACUUM CONTROL LOCATION ON MAIN DIAL FOR HMI BARRIER PRINTING STATION",,"MAIN_DIAL_VAC_PB[0].8"
COMMENT,,MAIN_DIAL_VAC_PB,"VACUUM CONTROL LOCATION ON MAIN DIAL FOR HMI BAG GLUE STATION",,"MAIN_DIAL_VAC_PB[0].9"
COMMENT,,MAIN_DIAL_VAC_PB,"VACUUM CONTROL LOCATION ON MAIN DIAL FOR HMI BARRIER PRESS-N-CURE STATION",,"MAIN_DIAL_VAC_PB[0].10"
COMMENT,,MAIN_DIAL_VAC_PB,"VACUUM CONTROL LOCATION ON MAIN DIAL FOR HMI VISION INSPECTION STATION",,"MAIN_DIAL_VAC_PB[0].11"
COMMENT,,MAIN_DIAL_VAC_PB,"VACUUM CONTROL LOCATION ON MAIN DIAL FOR HMI$NBAG OFFLOAD STATION",,"MAIN_DIAL_VAC_PB[0].12"
TAG,,MAJOR_FAULT,"MAJOR FAULT ARRAY","BOOL[32]","","(RADIX := Decimal)"
COMMENT,,MAJOR_FAULT,"MAJOR FAULT$NMAIN DIAL",,"MAJOR_FAULT[1]"
COMMENT,,MAJOR_FAULT,"MAJOR FAULT$NBARRIER INFEED MAGAZINE",,"MAJOR_FAULT[2]"
COMMENT,,MAJOR_FAULT,"MAJOR FAULT$NBARRIER INFEED ELEVATOR",,"MAJOR_FAULT[3]"
COMMENT,,MAJOR_FAULT,"MAJOR FAULT$NBARRIER PRESS-N-CURE STATION",,"MAJOR_FAULT[4]"
COMMENT,,MAJOR_FAULT,"MAJOR FAULT$NBARRIER PICK-N-PLACE/ $NCORONA TREAT",,"MAJOR_FAULT[5]"
COMMENT,,MAJOR_FAULT,"MAJOR FAULT$NINFEED CONVEYOR",,"MAJOR_FAULT[7]"
COMMENT,,MAJOR_FAULT,"MAJOR FAULT$NOFFLOAD CONVEYOR",,"MAJOR_FAULT[9]"
COMMENT,,MAJOR_FAULT,"MAJOR FAULT$NGLUE STATION",,"MAJOR_FAULT[10]"
COMMENT,,MAJOR_FAULT,"MAJOR FAULT$NBAG LOAD STATION",,"MAJOR_FAULT[12]"
COMMENT,,MAJOR_FAULT,"MAJOR FAULT$NBARRIER PREHEAT STATION 1",,"MAJOR_FAULT[13]"
COMMENT,,MAJOR_FAULT,"MAJOR FAUL$N BARRIER PREHEAT STATION 2",,"MAJOR_FAULT[14]"
COMMENT,,MAJOR_FAULT,"MAJOR FAULT BARRIER FORMING STATION",,"MAJOR_FAULT[15]"
COMMENT,,MAJOR_FAULT,"MAJOR FAULT$NBARRIER PUNCH STATION",,"MAJOR_FAULT[16]"
COMMENT,,MAJOR_FAULT,"MAJOR FAULT$NBARRIER PRINTING STATION",,"MAJOR_FAULT[17]"
COMMENT,,MAJOR_FAULT,"MAJOR FAULT$NVISION INSPECTION STATION",,"MAJOR_FAULT[18]"
COMMENT,,MAJOR_FAULT,"MAJOR FAULT$NBAG OFFLOAD STATION",,"MAJOR_FAULT[19]"
COMMENT,,MAJOR_FAULT,"MAJOR FAULT$NBARRIER LOAD STATION",,"MAJOR_FAULT[20]"
COMMENT,,MAJOR_FAULT,"MAJOR FAULT$NBAG LOAD ROBOT (R1)",,"MAJOR_FAULT[21]"
COMMENT,,MAJOR_FAULT,"MAJOR FAULT$NBARRIER LOAD/BAG OFFLOAD ROBOT (R2)",,"MAJOR_FAULT[22]"
COMMENT,,MAJOR_FAULT,"MAJOR FAULT$NBARRIER LIGHT TABLE",,"MAJOR_FAULT[23]"
TAG,,MAN01_ETHERNET_COMMS_OK,"ETHERNET COMMS OK$NMANIFOLD #1","BOOL","","(RADIX := Decimal)"
TAG,,MAN01_ETHERNET_STATUS,"ETHERNET CONNECTION STATUS$NMANIFOLD #1","DINT","","(RADIX := Decimal)"
TAG,,MAN02_ETHERNET_COMMS_OK,"ETHERNET COMMS OK$NMANIFOLD #2","BOOL","","(RADIX := Decimal)"
TAG,,MAN02_ETHERNET_STATUS,"ETHERNET CONNECTION STATUS$NMANIFOLD #2","DINT","","(RADIX := Decimal)"
TAG,,MAN03_ETHERNET_COMMS_OK,"ETHERNET COMMS OK$NMANIFOLD #3","BOOL","","(RADIX := Decimal)"
TAG,,MAN03_ETHERNET_STATUS,"ETHERNET CONNECTION STATUS$NMANIFOLE #3","DINT","","(RADIX := Decimal)"
TAG,,OFFLOAD_CONV_BAG_REQ,"FINISHED BAG ASSY PLACE REQUEST$NFROM BAG OFFLOAD CONVEYOR TO$NBARRIER LOAD/BAG OFFLOAD ROBOT (R2)","BOOL","","(RADIX := Decimal)"
ALIAS,,OFFLOAD_CONV_DRIVE_FAULT,"ALIAS HMI ANIMATION$NDRIVE FAULTED$NOFFLOAD CONVEYOR","","COM01:I.DRV09_Faulted","(RADIX := Decimal)"
TAG,,OFFLOAD_CONV_DRIVE_FAULT_PB_VIS,"HMI VISIBILITY$NDRIVE FAULT RESET PUSH BUTTON$NOFFLOAD CONVEYOR","BOOL","","(RADIX := Decimal)"
ALIAS,,OFFLOAD_CONV_DRIVE_READY,"ALIAS HMI ANIMATION$NDRIVE READY$NOFFLOAD CONVEYOR","","COM01:I.DRV09_Ready","(RADIX := Decimal)"
TAG,,OFFLOAD_CONV_DRIVE_RESET_FAULT_PB,"HMI PUSH BUTTON$NRESET DRIVE$NOFFLOAD CONVEYOR","BOOL","","(RADIX := Decimal)"
TAG,,OFFLOAD_CONV_GOOD_PARTS,"GOOD PARTS PLACED ON OFFLOAD CONVEYOR","DINT","","(RADIX := Decimal)"
TAG,,OFFLOAD_CONV_INDEX_LEN_RECIPE,"INDEX LENGTH (IN)$NFROM RECIPE$NOFFLOAD CONVEYOR","REAL","","(RADIX := Float)"
TAG,,OFFLOAD_CONV_INDEX_LEN_RECIPE_LOADED,"INDEX LENGTH (IN)$NLOADED FROM RECIPE$NOFFLOAD CONVEYOR","REAL","","(RADIX := Float)"
TAG,,OFFLOAD_CONV_INDEX_SCALE_FACTOR,"INDEX SCALE FACTOR$NOFFLOAD CONVEYOR","REAL","","(RADIX := Float)"
TAG,,OFFLOAD_CONV_JOG_SPEED_HZ,"","INT","","(RADIX := Decimal)"
TAG,,OFFLOAD_CONV_MAN_RUN_PB_VIS,"HMI INDEX BUTTON VISIBILITY$NFOR RUNNING MANUALLY$NOFFLOAD CONVEYOR ","BOOL","","(RADIX := Decimal)"
TAG,,OFFLOAD_CONV_MOVING_FORWARD,"HMI ANIMATION$NFORWARD DIRECTION$NOFFLOAD CONVEYOR","BOOL","","(RADIX := Decimal)"
TAG,,OFFLOAD_CONV_RUN_FORWARD_PB,"HMI PUSH BUTTON$NRUN DRIVE$NOFFLOAD CONVEYOR","BOOL","","(RADIX := Decimal)"
TAG,,OFFLOAD_CONV_SCREEN_PB,"HMI PUSH BUTTON$NGOTO OFFLOAD CONVEYOR SCREEN","BOOL","","(RADIX := Decimal)"
TAG,,OFFLOAD_CONV_SPEED_HZ,"SPEED (HZ)$NFROM RECIPE$NOFFLOAD CONVEYOR","INT","","(RADIX := Decimal)"
TAG,,OFFLOAD_CONV_STACK_COUNT,"FINISHED PART PLACE COUNT ON CURRENT STACK$NOFFLOAD CONVEYOR","COUNTER","",""
TAG,,OFFLOAD_CONV_STACK_SIZE_RECIPE,"FINISHED PART$NSTACK SIZE FROM RECIPE$NOFFLOAD CONVEYOR","INT","","(RADIX := Decimal)"
TAG,,OFFLOAD_CONV_STACK_SIZE_RECIPE_LOADED,"FINISHED PART$NSTACK SIZE LOADED FROM RECIPE$NOFFLOAD CONVEYOR","INT","","(RADIX := Decimal)"
TAG,,PNC_ABORT_INDEX_PB,"HMI PUSH BUTTON$NSTOP DRIVE$NBARRIER PRESS-N-CURE STATION","BOOL","","(RADIX := Decimal)"
TAG,,PNC_ADJ_PRESSURE,"HMI OFFSET$NPRESSURE (PSI) ADJUSTMENT$NBARRIER PRESS-N-CURE$NSTATION","REAL","","(RADIX := Float)"
TAG,,PNC_ANALOG_SETUP_SOURCE_ELEMENT,"PRESSURE REGULATOR SETUP MESSAGE SOURCE WORD$NBARRIER PRESS-N-CURE STATION","DINT","","(RADIX := Decimal)"
TAG,,PNC_BARRIER_AT_CURE,"BARRIER ON PICK HEAD$NAT CURE LOCATION$NBARRIER PRESS-N-CURE STATION","BOOL","","(RADIX := Decimal)"
TAG,,PNC_BARRIER_AT_PICK,"BARRIER ON PICK HEAD$NAT CURE LOCATION$NBARRIER PRESS-N-CURE STATION","BOOL","","(RADIX := Decimal)"
TAG,,PNC_BARRIER_ON_SIDE_1_AT_CURE,"BARRIER ON SIDE 1 OF PICK HEAD$NAT CURE LOCATION$NBARRIER PRESS-N-CURE STATION","BOOL","","(RADIX := Decimal)"
TAG,,PNC_BARRIER_ON_SIDE_1_AT_PICK,"BARRIER ON SIDE 1 OF PICK HEAD$NAT PICK LOCATION$NBARRIER PRESS-N-CURE STATION","BOOL","","(RADIX := Decimal)"
TAG,,PNC_BARRIER_ON_SIDE_2_AT_CURE,"BARRIER ON SIDE 2 OF PICK HEAD$NAT CURE LOCATION$NBARRIER PRESS-N-CURE STATION","BOOL","","(RADIX := Decimal)"
TAG,,PNC_BARRIER_ON_SIDE_2_AT_PICK,"BARRIER ON SIDE 2 OF PICK HEAD$NAT PICK LOCATION$NBARRIER PRESS-N-CURE STATION","BOOL","","(RADIX := Decimal)"
TAG,,PNC_BARRIER_PICKED,"BARRIER ON $NONE OF PICK HEADS$NAT CORRECT LOCATION$NBARRIER PRESS-N-CURE STATION","BOOL","","(RADIX := Decimal)"
TAG,,PNC_CTR_PRESSURE,"HMI ANIMATION$NFAILED PRESSURE FAILURE$NBARRIER PRESS-N-CURE STATION$N0=GREEN$N1=YELLOW$N2=RED","INT","","(RADIX := Decimal)"
TAG,,PNC_CURE_CYCLE_PB,"HMI PUSH BUTTON$NRUN CURE CYCLE$NBARRIER PRESS-N-CURE STATION","BOOL","","(RADIX := Decimal)"
TAG,,PNC_CURE_TIME_RECIPE,"CURE TIME$NFROM RECIPE$NBARRIER PRESS-N-CURE STATION","INT","","(RADIX := Decimal)"
TAG,,PNC_CYCLE_PB_VIS,"HMI ANIMATION$NVISIBILITY$NFOR CYCLE BUTTONS$NBARRIER PRESS-N-CURE STATION","BOOL","","(RADIX := Decimal)"
ALIAS,,PNC_DATA_BAG_LOADED,"ALIAS HMI ANIMATION$NBAG LOADED$NMAIN DIAL PART DATA STREAM$NPRESS-N-CURE STATION","","MAIN_DIAL_DATA[10].BAG_LOADED","(RADIX := Decimal)"
ALIAS,,PNC_DATA_BAG_REJECT,"ALIAS HMI ANIMATION$NBAG REJECTED$NMAIN DIAL PART DATA STREAM$NPRESS-N-CURE STATION","","MAIN_DIAL_DATA[10].BAG_REJECT","(RADIX := Decimal)"
ALIAS,,PNC_DATA_BAR_LOADED,"ALIAS HMI ANIMATION$NBARRIER LOADED$NMAIN DIAL PART DATA STREAM$NPRESS-N-CURE STATION","","MAIN_DIAL_DATA[10].BARRIER_LOADED","(RADIX := Decimal)"
ALIAS,,PNC_DATA_BAR_REJECT,"ALIAS HMI ANIMATION$NBARRIER REJECTED$NMAIN DIAL PART DATA STREAM$NPRESS-N-CURE STATION","","MAIN_DIAL_DATA[10].BARRIER_REJECT","(RADIX := Decimal)"
ALIAS,,PNC_DATA_CLEAR_PB,"HMI PUSH BUTTON$NCLEAR DATA REQUEST$NPRESS-N-CURE STATION","","MAIN_DIAL_DATA_CLEAR_REQ_ARRAY.10","(RADIX := Decimal)"
ALIAS,,PNC_DATA_EMPTY_LAST_BAG,"ALIAS HMI ANIMATION$NLAST BAG REQUEST FOR CELL EMPTY$NMAIN DIAL PART DATA STREAM$NPRESS-N-CURE STATION","","MAIN_DIAL_DATA[10].CELL_EMPTY_LAST_BAG","(RADIX := Decimal)"
ALIAS,,PNC_DATA_FORMING_COMPLETE,"ALIAS HMI ANIMATION$NFORMING STATION COMPLETE$NMAIN DIAL PART DATA STREAM$NPRESS-N-CURE STATION","","MAIN_DIAL_DATA[10].FORMING_COMPLETE","(RADIX := Decimal)"
ALIAS,,PNC_DATA_FORMING_PRESS_OK,"ALIAS HMI ANIMATION$NFORMING STATION PRESSURE OK$NMAIN DIAL PART DATA STREAM$NPRESS-N-CURE STATION","","MAIN_DIAL_DATA[10].FORMING_PRESSURE_OK","(RADIX := Decimal)"
ALIAS,,PNC_DATA_FORMING_STARTED,"ALIAS HMI ANIMATION$NFORMING STATION STARTED$NMAIN DIAL PART DATA STREAM$NPRESS-N-CURE STATION","","MAIN_DIAL_DATA[10].FORMING_STARTED","(RADIX := Decimal)"
ALIAS,,PNC_DATA_GLUE_COMPLETE,"ALIAS HMI ANIMATION$NBAG GLUE STATION COMPLETED$NMAIN DIAL PART DATA STREAM$NPRESS-N-CURE STATION","","MAIN_DIAL_DATA[10].BAG_GLUE_COMPLETE","(RADIX := Decimal)"
ALIAS,,PNC_DATA_GLUE_OPEN_REJECT,"ALIAS HMI ANIMATION$NBAG GLUE STATION OPEN TIME REJECT$NMAIN DIAL PART DATA STREAM$NPRESS-N-CURE STATION","","MAIN_DIAL_DATA[10].BAG_GLUE_OPEN_TIME_REJECT","(RADIX := Decimal)"
ALIAS,,PNC_DATA_GLUE_PRESS_OK,"ALIAS HMI ANIMATION$NBAG GLUE STATION PRESSURE OK$NMAIN DIAL PART DATA STREAM$NPRESS-N-CURE STATION","","MAIN_DIAL_DATA[10].BAG_GLUE_PRESSURE_OK","(RADIX := Decimal)"
ALIAS,,PNC_DATA_GLUE_STARTED,"ALIAS HMI ANIMATION$NBAG GLUE STATION STARTED$NMAIN DIAL PART DATA STREAM$NPRESS-N-CURE STATION","","MAIN_DIAL_DATA[10].BAG_GLUE_STARTED","(RADIX := Decimal)"
ALIAS,,PNC_DATA_PNC_COMPLETE,"ALIAS HMI ANIMATION$NPRESS-N-CURE STATION COMPLETED$NMAIN DIAL PART DATA STREAM$NPRESS-N-CURE STATION","","MAIN_DIAL_DATA[10].BAG_CURE_COMPLETE","(RADIX := Decimal)"
ALIAS,,PNC_DATA_PNC_PRESS_OK,"ALIAS HMI ANIMATION$NPRESS-N-CURE STATION PRESSURE OK$NMAIN DIAL PART DATA STREAM$NPRESS-N-CURE STATION","","MAIN_DIAL_DATA[10].BAG_CURE_PRESSURE_OK","(RADIX := Decimal)"
ALIAS,,PNC_DATA_PNC_STARTED,"ALIAS HMI ANIMATION$NPRESS-N-CURE STATION STARTED$NMAIN DIAL PART DATA STREAM$NPRESS-N-CURE STATION","","MAIN_DIAL_DATA[10].BAG_CURE_STARTED","(RADIX := Decimal)"
ALIAS,,PNC_DATA_POS_BAG_REJECT,"ALIAS HMI ANIMATION$NPOSITION BAG WAS REJECTED$NMAIN DIAL PART DATA STREAM$NPRESS-N-CURE STATION","","MAIN_DIAL_DATA[10].STATION_POS_REJECT_BAG","(RADIX := Decimal)"
ALIAS,,PNC_DATA_POS_BAR_REJECT,"ALIAS HMI ANIMATION$NPOSITION BARRIER WAS REJECTED$NMAIN DIAL PART DATA STREAM$NPRESS-N-CURE STATION","","MAIN_DIAL_DATA[10].STATION_POS_REJECT_BARRIER","(RADIX := Decimal)"
ALIAS,,PNC_DATA_PREHEAT1_COMPLETE,"ALIAS HMI ANIMATION$NPREHEAT STATION 1 COMPLETE$NMAIN DIAL PART DATA STREAM$NPRESS-N-CURE STATION","","MAIN_DIAL_DATA[10].PREHEAT1_COMPLETE","(RADIX := Decimal)"
ALIAS,,PNC_DATA_PREHEAT1_LOW_TEMP_OK,"ALIAS HMI ANIMATION$NPREHEAT STATION 1 LOWER TEMP OK$NMAIN DIAL PART DATA STREAM$NPRESS-N-CURE STATION","","MAIN_DIAL_DATA[10].PREHEAT1_LOW_TEMP_OK","(RADIX := Decimal)"
ALIAS,,PNC_DATA_PREHEAT1_UP_TEMP_OK,"ALIAS HMI ANIMATION$NPREHEAT STATION 1 UPPER TEMP OK$NMAIN DIAL PART DATA STREAM$NPRESS-N-CURE STATION","","MAIN_DIAL_DATA[10].PREHEAT1_UP_TEMP_OK","(RADIX := Decimal)"
ALIAS,,PNC_DATA_PREHEAT2_COMPLETE,"ALIAS HMI ANIMATION$NPREHEAT STATION 2 COMPLETE$NMAIN DIAL PART DATA STREAM$NPRESS-N-CURE STATION","","MAIN_DIAL_DATA[10].PREHEAT2_COMPLETE","(RADIX := Decimal)"
ALIAS,,PNC_DATA_PREHEAT2_LOW_TEMP_OK,"ALIAS HMI ANIMATION$NPREHEAT STATION 2 LOWER TEMP OK$NMAIN DIAL PART DATA STREAM$NPRESS-N-CURE STATION","","MAIN_DIAL_DATA[10].PREHEAT2_LOW_TEMP_OK","(RADIX := Decimal)"
ALIAS,,PNC_DATA_PREHEAT2_UP_TEMP_OK,"ALIAS HMI ANIMATION$NPREHEAT STATION 2 UPPER TEMP OK$NMAIN DIAL PART DATA STREAM$NPRESS-N-CURE STATION","","MAIN_DIAL_DATA[10].PREHEAT2_UP_TEMP_OK","(RADIX := Decimal)"
ALIAS,,PNC_DATA_PRINT_COMPLETE,"ALIAS HMI ANIMATION$NPRINTING STATION COMPLETED$NMAIN DIAL PART DATA STREAM$NPRESS-N-CURE STATION","","MAIN_DIAL_DATA[10].PRINT_COMPLETE","(RADIX := Decimal)"
ALIAS,,PNC_DATA_PRINT_REQUIRED,"ALIAS HMI ANIMATION$NPRINTING REQUIRED$NMAIN DIAL PART DATA STREAM$NPRESS-N-CURE STATION","","MAIN_DIAL_DATA[10].PRINT_REQUIRED","(RADIX := Decimal)"
ALIAS,,PNC_DATA_PRINT_STARTED,"ALIAS HMI ANIMATION$NPRINTING STATION STARTED$NMAIN DIAL PART DATA STREAM$NPRESS-N-CURE STATION","","MAIN_DIAL_DATA[10].PRINT_STARTED","(RADIX := Decimal)"
ALIAS,,PNC_DATA_PUNCH_COMPLETE,"ALIAS HMI ANIMATION$NPUNCH STATION COMPLETED$NMAIN DIAL PART DATA STREAM$NPRESS-N-CURE STATION","","MAIN_DIAL_DATA[10].PUNCH_COMPLETE","(RADIX := Decimal)"
ALIAS,,PNC_DATA_PUNCH_STARTED,"ALIAS HMI ANIMATION$NPUNCH STATION STARTED$NMAIN DIAL PART DATA STREAM$NPRESS-N-CURE STATION","","MAIN_DIAL_DATA[10].PUNCH_STARTED","(RADIX := Decimal)"
ALIAS,,PNC_DATA_VISION_COMPLETE,"ALIAS HMI ANIMATION$NVISION INSPECTION STATION COMPLETED$NMAIN DIAL PART DATA STREAM$NPRESS-N-CURE STATION","","MAIN_DIAL_DATA[10].VISION_COMPLETE","(RADIX := Decimal)"
TAG,,PNC_DRIVE_ENABLE_PB,"HMI PUSH BUTTON$NENABLE DRIVE$NBARRIER PRESS-N-CURE STATION","BOOL","","(RADIX := Decimal)"
TAG,,PNC_DRIVE_ENABLE_PB_VIS,"HMI VISIBILITY$NDRIVE ENABLE PUSH BUTTON$NBARRIER PRESS-N-CURE STATION","BOOL","","(RADIX := Decimal)"
ALIAS,,PNC_DRIVE_FAULT,"ALIAS HMI ANIMATION$NBARRIER PRESS-N-CURE FAULTED","","DRV04:I.PhysicalAxisFault","(RADIX := Decimal)"
TAG,,PNC_DRIVE_FAULT_PB_VIS,"HMI VISIBILITY$NDRIVE RESET FAULT PUSH BUTTON$NBARRIER PRESS-N-CURE STATION","BOOL","","(RADIX := Decimal)"
TAG,,PNC_DRIVE_HOMED,"DRIVE IS HOMED$NBARRIER PRESS-N-CURE STATION","BOOL","","(RADIX := Decimal)"
TAG,,PNC_DRIVE_HOME_PB,"HMI PUSH BUTTON$NHOME DRIVE$NBARRIER PRESS-N-CURE STATION","BOOL","","(RADIX := Decimal)"
TAG,,PNC_DRIVE_HOME_PB_VIS,"HMI VISIBILITY$NDRIVE HOME PUSH BUTTON$NBARRIER PRESS-N-CURE STATION","BOOL","","(RADIX := Decimal)"
TAG,,PNC_DRIVE_HOMING_IND,"HMI INDICATOR$NDRIVE IS HOMING$NBARRIER PRESS-N-CURE STATION","BOOL","","(RADIX := Decimal)"
TAG,,PNC_DRIVE_HOMING_REQ,"HOMING REQUEST$NDURING FIRST SCAN$NBARRIER PRESS-N-CURE STATION","BOOL","","(RADIX := Decimal)"
TAG,,PNC_DRIVE_PB_VIS,"HMI VISIBILITY$NDRIVE PUSH BUTTONS$NBARRIER PRESS-N-CURE STATION","BOOL","","(RADIX := Decimal)"
ALIAS,,PNC_DRIVE_READY,"ALIAS HMI ANIMATION","","DRV04:I.DriveEn","(RADIX := Decimal)"
TAG,,PNC_DRIVE_RESET_FAULT_PB,"HMI PUSH BUTTON$NRESET DRIVE$NBARRIER PRESS-N-CURE STATION","BOOL","","(RADIX := Decimal)"
TAG,,PNC_GOOD_BARRIER_ON_DIAL,"PROCESSED BARRIER PRESENT ON MAIN DIAL AT PRESS-N-CURE STATION","BOOL","","(RADIX := Decimal)"
ALIAS,,PNC_HOME_SENSOR,"ALIAS HMI ANIMATION$NHOME SENSOR$NBARRIER PRESS-N-CURE STATION","","DRV04:I.DigitalInputB1Status","(RADIX := Decimal)"
TAG,,PNC_INDEXING_IND,"HMI INDICATOR$NDRIVE IS INDEXING$NBARRIER PRESS-N-CURE STATION","BOOL","","(RADIX := Decimal)"
TAG,,PNC_INDEX_DIAL_REQ,"INDEX REQUEST$NFROM BARRIER $NPRESS-N-CURE STATION$N TO MAIN DIAL","BOOL","","(RADIX := Decimal)"
TAG,,PNC_INDEX_PB,"HMI PUSH BUTTON$NINDEX$NBARRIER PRESS-N-CURE STATION","BOOL","","(RADIX := Decimal)"
TAG,,PNC_IN_POSITION,"PRESS HEAD IS IN POSITION AND READY FOR PROCESSING$NBARRIER PRESS-N-CURE STATION","BOOL","","(RADIX := Decimal)"
TAG,,PNC_LOAD_ANALOG_MAN_SETTINGS,"LOAD ANALOG MANIFOLD SETTINGS$NBARRIER PRESS-N-CURE STATION","BOOL","","(RADIX := Decimal)"
TAG,,PNC_PICK_CYCLE_PB,"HMI PUSH BUTTON$NRUN PICK CYCLE$NBARRIER PRESS-N-CURE STATION","BOOL","","(RADIX := Decimal)"
ALIAS,,PNC_PICK_CYL1_EXT,"ALIAS HMI ANIMATION$NPICK CYLINDER 1 EXTENDED SENSOR$NBARRIER PRESS-N-CURE STATION","","MAN02:I.Data[2].10","(RADIX := Decimal)"
TAG,,PNC_PICK_CYL1_EXT_DETECTED,"PICK CYLINDER 1 EXTENDED SENSOR$NDETECTED DURING CYLINDER MOVEMENT$NBARRIER PRESS-N-CURE STATION","BOOL","","(RADIX := Decimal)"
TAG,,PNC_PICK_CYL1_EXT_PB,"HMI PUSH BUTTON$NEXTEND $NPICK CYLINDER 1$NBARRIER PRESS-N-CURE STATION","BOOL","","(RADIX := Decimal)"
TAG,,PNC_PICK_CYL1_EXT_PB_VIS,"HMI VISIBILITY$NPICK CYLINDER 1 EXTEND PUSH BUTTON$NBARRIER PRESS-N-CURE STATION","BOOL","","(RADIX := Decimal)"
ALIAS,,PNC_PICK_CYL1_RET,"ALIAS HMI ANIMATION$NPICK CYLINDER 1 RETRACTED SENSOR$NBARRIER PRESS-N-CURE STATION","","MAN02:I.Data[2].11","(RADIX := Decimal)"
ALIAS,,PNC_PICK_CYL2_EXT,"ALIAS HMI ANIMATION$NPICK CYLINDER 2 EXTENDED SENSOR$NBARRIER PRESS-N-CURE STATION","","MAN02:I.Data[2].12","(RADIX := Decimal)"
TAG,,PNC_PICK_CYL2_EXT_DETECTED,"PICK CYLINDER 2 EXTENDED SENSOR$NDETECTED DURING CYLINDER MOVEMENT$NBARRIER PRESS-N-CURE STATION","BOOL","","(RADIX := Decimal)"
TAG,,PNC_PICK_CYL2_EXT_PB,"HMI PUSH BUTTON$NEXTEND $NPICK CYLINDER 2$NBARRIER PRESS-N-CURE STATION","BOOL","","(RADIX := Decimal)"
TAG,,PNC_PICK_CYL2_EXT_PB_VIS,"HMI VISIBILITY$NPICK CYLINDER 2 EXTEND PUSH BUTTON$NBARRIER PRESS-N-CURE STATION","BOOL","","(RADIX := Decimal)"
ALIAS,,PNC_PICK_CYL2_RET,"ALIAS HMI ANIMATION$NPICK CYLINDER 2 RETRACTED SENSOR$NBARRIER PRESS-N-CURE STATION","","MAN02:I.Data[2].13","(RADIX := Decimal)"
TAG,,PNC_PICK_LOC_NOT_AUTO_READY,"BARRIER LOCATION ON PICK HEAD IN NOT AUTO READY$NBARRIER PRESS-N-CURE STATION","BOOL","","(RADIX := Decimal)"
TAG,,PNC_PICK_ROT_POS,"HMI ANIMATION$NPICK HEAD ROTATION$NBARRIER PRESS-N-CURE STATION","BOOL","","(RADIX := Decimal)"
TAG,,PNC_PRESSURE_MAX,"MAX ALLOWABLE PRESSURE (PSI)$NBARRIER PRESS-N-CURE STATION$NHMI DISPLAY","REAL","","(RADIX := Float)"
TAG,,PNC_PRESSURE_MIN,"MIN ALLOWABLE PRESSURE (PSI)$NBARRIER PRESS-N-CURE STATION$NHMI DISPLAY","REAL","","(RADIX := Float)"
TAG,,PNC_PRESSURE_OK,"PRESSURE WITHIN TOLERANCE$NBARRIER PRESS-N-CURE STATION","BOOL","","(RADIX := Decimal)"
TAG,,PNC_PRESSURE_RECIPE_SP,"RECIPE$NPRESSURE (PSI)$NBARRIER PRESS-N-CURE STATION","REAL","","(RADIX := Float)"
TAG,,PNC_PRESSURE_REJECT_CNT,"FAILURE COUNT FOR PRESSURE FAILURE$NBARRIER PRESS-N-CURE STATION","COUNTER","",""
TAG,,PNC_PRESSURE_SCALING_PARAM,"PNEUMATIC SCALING PARAMTERS$NBARRIER PRESS-N-CURE STATION","PRES_SCALE_PARAM","",""
TAG,,PNC_PRESSURE_SP_AUTO_DISPLAY,"PRESSURE (PSI)$NSET POINT$NDURING AUTO$NBARRIER PRESS-N-CURE STATION$NHMI DISPLAY","REAL","","(RADIX := Float)"
TAG,,PNC_PRESSURE_SP_MAN_DISPLAY,"PRESSURE (PSI)$NSET POINT$NDURING MANUAL$NBARRIER PRESS-N-CURE STATION$NHMI DISPLAY","REAL","","(RADIX := Float)"
TAG,,PNC_PRESS_CYL_BYPASS_RECIPE,"HMI  PUSH BUTTON$NPRESS CYLINDER BYPASS IN RECIPE$NBARRIER PRESS-N-CURE STATION","BOOL","","(RADIX := Decimal)"
TAG,,PNC_PRESS_CYL_BYPASS_RECIPE_LOADED,"PRESS CYLINDER BYPASS ACTIVE LOADED TO PLC AFTER RECIPE DOWNLOAD$NBARRIER PRINTING STATION","BOOL","","(RADIX := Decimal)"
ALIAS,,PNC_PRESS_CYL_EXT,"ALIAS HMI ANIMATION$NPRESS CYLINDER EXTENDED SENSOR$NBARRIER PRESS-N-CURE STATION","","MAN02:I.Data[2].2","(RADIX := Decimal)"
TAG,,PNC_PRESS_CYL_EXT_DETECTED,"PRESS CYLINDER EXTENDED SENSOR$NDETECTED DURING CYLINDER MOVEMENT$NBARRIER PRESS-N-CURE STATION","BOOL","","(RADIX := Decimal)"
TAG,,PNC_PRESS_CYL_EXT_PB,"HMI PUSH BUTTON$NEXTEND $NPRESS CYLINDER$NBARRIER PRESS-N-CURE STATION","BOOL","","(RADIX := Decimal)"
TAG,,PNC_PRESS_CYL_EXT_PB_VIS,"HMI VISIBILITY$NPRESS CYLINDER EXTEND PUSH BUTTON$NBARRIER PRESS-N-CURE STATION","BOOL","","(RADIX := Decimal)"
ALIAS,,PNC_PRESS_CYL_RET,"ALIAS HMI ANIMATION$NPRESS CYLINDER RETRACTED SENSOR$NBARRIER PRESS-N-CURE STATION","","MAN02:I.Data[2].3","(RADIX := Decimal)"
TAG,,PNC_PROCESS_DONE,"CYCLE DONE$NFROM BARRIER PRESS-N-CURE STATION TO MAIN DIAL","BOOL","","(RADIX := Decimal)"
TAG,,PNC_PROCESS_FAILED,"PROCESS FAILED DUE TO MACHINE STOP$NBARRIER PRESS-N-CURE STATION","BOOL","","(RADIX := Decimal)"
TAG,,PNC_SCREEN_PB,"HMI PUSH BUTTON$NGOTO BARRIER PRESS-N-CURE STATION SCREEN","BOOL","","(RADIX := Decimal)"
TAG,,PNC_SIDE_1_AT_CURE_POS,"PRESS HEAD IS ROTATIONALLY IN THE FIRST HALF OF ROTATION$NPICK 1 = CURE$NPICK 2 = PICK $NBARRIER PRESS-N-CURE STATION","BOOL","","(RADIX := Decimal)"
TAG,,PNC_SIDE_2_AT_CURE_POS,"PRESS HEAD IS ROTATIONALLY IN THE SECOND HALF OF ROTATION$NPICK 2 = CURE$NPICK 1 = PICK $NBARRIER PRESS-N-CURE STATION","BOOL","","(RADIX := Decimal)"
ALIAS,,PNC_VAC1_ON,"ALIAS HMI ANIMATION$NVACUUM SWITCH 1$NBARRIER PRESS-N-CURE STATION","","MAN02:I.Data[3].12","(RADIX := Decimal)"
TAG,,PNC_VAC1_ON_PB,"HMI PUSH BUTTON$NVACUUM 1 ON$NBARRIER PRESS-N-CURE STATION","BOOL","","(RADIX := Decimal)"
ALIAS,,PNC_VAC2_ON,"ALIAS HMI ANIMATION$NVACUUM SWITCH 2$NBARRIER PRESS-N-CURE STATION","","MAN02:I.Data[3].13","(RADIX := Decimal)"
TAG,,PNC_VAC2_ON_PB,"HMI PUSH BUTTON$NVACUUM 2 ON$NBARRIER PRESS-N-CURE STATION","BOOL","","(RADIX := Decimal)"
TAG,,PNP_BARRIER_ON_LIGHT_TABLE_COR_REJECT,"BARRIER ON $NLIGHT TABLE$NFAILED CORONA$N BARRIER PICK-N-PLACE/$NCORONA TREAT","BOOL","","(RADIX := Decimal)"
TAG,,PNP_BARRIER_PICK_REQ,"BARRIER PICK REQUEST FROM LIGHT TABLE TO BARRIER LOAD/BAG OFFLOAD ROBOT (R2)","BOOL","","(RADIX := Decimal)"
TAG,,PNP_BARRIER_PLACE_REQ,"BARRIER PLACE REQUEST FROM LIGHT TABLE TO BARRIER PICK-N-PLACE/$NCORONA TREAT","BOOL","","(RADIX := Decimal)"
TAG,,PNP_BARRIER_PRESENT_ON_LIGHT_TABLE,"BARRIER ON $NLIGHT TABLE$N BARRIER PICK-N-PLACE/$NCORONA TREAT","BOOL","","(RADIX := Decimal)"
TAG,,PNP_BAR_PRES_LT_CHECK,"BARRIER ON$NLIGHT TABLE CHECK REQUEST$N BARRIER PICK-N-PLACE/$NCORONA TREAT","BOOL","","(RADIX := Decimal)"
TAG,,PNP_BASE_ABORT_INDEX_PB,"HMI PUSH BUTTON$NSTOP BASE DRIVE$NBARRIER PICK-N-PLACE/$NCORONA TREAT","BOOL","","(RADIX := Decimal)"
TAG,,PNP_BASE_CONFIG_INDEX_MSG_6_HOME,"WRITE CONFIGURATION INDEX MESSAGE DURING HOME$NBARRIER PICK-N-PLACE/CORONA TREAT","K300_IndexConfig","",""
TAG,,PNP_BASE_DRIVE_ENABLE_PB,"HMI PUSH BUTTON$NENABLE BASE DRIVE$NBARRIER PICK-N-PLACE/$NCORONA TREAT","BOOL","","(RADIX := Decimal)"
TAG,,PNP_BASE_DRIVE_ENABLE_PB_VIS,"HMI VISIBILITY$NBASE DRIVE ENABLE PUSH BUTTON$NBARRIER PICK-N-PLACE/$NCORONA TREAT","BOOL","","(RADIX := Decimal)"
ALIAS,,PNP_BASE_DRIVE_FAULT,"ALIAS HMI ANIMATION$NBASE DRIVE FAULTED$NBARRIER PICK-N-PLACE/$NCORONA TREAT","","DRV05:I.PhysicalAxisFault","(RADIX := Decimal)"
TAG,,PNP_BASE_DRIVE_FAULT_PB_VIS,"HMI VISIBILITY$NDRIVE FAULT RESET PUSH BUTTON$NBARRIER PICK-N-PLACE/$NCORONA TREAT","BOOL","","(RADIX := Decimal)"
TAG,,PNP_BASE_DRIVE_HOMED,"BASE DRIVE IS HOME$NBARRIER PICK-N-PLACE/$NCORONA TREAT","BOOL","","(RADIX := Decimal)"
TAG,,PNP_BASE_DRIVE_HOME_PB,"HMI PUSH BUTTON$NHOME BASE DRIVE$NBARRIER PICK-N-PLACE/$NCORONA TREAT","BOOL","","(RADIX := Decimal)"
TAG,,PNP_BASE_DRIVE_HOME_PB_VIS,"HMI VISIBILITY$NBASE DRIVE HOME$NPUSH BUTTON$NBARRIER PICK-N-PLACE/$NCORONA TREAT","BOOL","","(RADIX := Decimal)"
TAG,,PNP_BASE_DRIVE_HOMING_IND,"HMI INDICATOR$NBASE DRIVE IS HOMING$NBARRIER PICK-N-PLACE/$NCORONA TREAT","BOOL","","(RADIX := Decimal)"
TAG,,PNP_BASE_DRIVE_HOMING_REQ,"HOMING REQUEST OF BASE DRIVE$NDURING FIRST SCAN$NBARRIER PICK-N-PLACE/$NCORONA TREAT","BOOL","","(RADIX := Decimal)"
TAG,,PNP_BASE_DRIVE_PB_VIS,"HMI VISIBILITY$NBASE DRIVE PUSH BUTTONS$NBARRIER PICK-N-PLACE/$NCORONA TREAT","BOOL","","(RADIX := Decimal)"
ALIAS,,PNP_BASE_DRIVE_READY,"ALIAS HMI ANIMATION$NBASE DRIVE READY$NBARRIER PICK-N-PLACE/$NCORONA TREAT","","DRV05:I.DriveEn","(RADIX := Decimal)"
TAG,,PNP_BASE_DRIVE_RESET_FAULT_PB,"HMI PUSH BUTTON$NRESET BASE DRIVE$NBARRIER PICK-N-PLACE/$NCORONA TREAT","BOOL","","(RADIX := Decimal)"
ALIAS,,PNP_BASE_HOME_SENSOR,"ALIAS HMI ANIMATION$NBASE DRIVE HOME SENSOR$NBARRIER PICK-N-PLACE/$NCORONA TREAT","","DRV05:I.DigitalInputB1Status","(RADIX := Decimal)"
TAG,,PNP_BASE_INDEXING_IND,"HMI INDICATOR$NBASE DRIVE IS INDEXING$NBARRIER PICK-N-PLACE/$NCORONA TREAT","BOOL","","(RADIX := Decimal)"
TAG,,PNP_BASE_INDEX_PB,"HMI PUSH BUTTON$NINDEX BASE DRIVE$NBARRIER PICK-N-PLACE/CORONA TREAT","BOOL","","(RADIX := Decimal)"
TAG,,PNP_BASE_PLACE_HOLDER_INDX_6_HOME,"OUTPUT VALUES FOR WRITING DRIVE PARAMETERS DURING HOME$NBARRIER PICK-N-PLACE/CORONA TREAT","UDT_K300_Index","",""
TAG,,PNP_CLEAR_LIGHT_TABLE,"PICK-N-PLACE IS CLEAR OF THE LIGHT TABLE BARRIER PICK-N-PLACE/CORONA TREAT","BOOL","","(RADIX := Decimal)"
TAG,,PNP_CORONA_ENABLE_PB,"HMI PUSH BUTTON$NCORONA TREATER ENABLE$NBARRIER PICK-N-PLACE/$NCORONA TREAT","BOOL","","(RADIX := Decimal)"
ALIAS,,PNP_CORONA_FAULTED,"HMI ANIMATION$NCORONA TREATER FAULTED$NBARRIER PICK-N-PLACE/$NCORONA TREAT","","A:I.Data[3].8","(RADIX := Decimal)"
TAG,,PNP_CORONA_ON_PB,"HMI PUSH BUTTON$NCORONA TREATER ON$NBARRIER PICK-N-PLACE/$NCORONA TREAT","BOOL","","(RADIX := Decimal)"
TAG,,PNP_CORONA_POS,"PICK-N-PLACE BASE DRIVE IS AT THE CORONA TREAT POSITION$NBARRIER PICK-N-PLACE/CORONA TREAT","BOOL","","(RADIX := Decimal)"
TAG,,PNP_CORONA_POS_RECIPE,"BASE DRIVE CORONA TREAT POSITION$NFROM RECIPE$NBARRIER PICK-N-PLACE/CORONA TREAT","REAL","","(RADIX := Float)"
TAG,,PNP_FAILED_BARRIER_PICK_REQ,"FAILED BARRIER PICK REQUEST FROM LIGHT TABLE TO BARRIER LOAD/BAG OFFLOAD ROBOT (R2)","BOOL","","(RADIX := Decimal)"
TAG,,PNP_IN_POSITION,"BASE DRIVE IS IN POSITION AND READY FOR PROCESSING$NBARRIER PICK-N-PLACE/CORONA TREAT STATION","BOOL","","(RADIX := Decimal)"
TAG,,PNP_LIGHT_TABLE_BARRIER_LOC_VIS_REQ,"BARRIER LOCATION VISION REQUEST$NLIGHT TABLE TO$NBARRIER LOAD/BAG OFFLOAD ROBOT (R2)","BOOL","","(RADIX := Decimal)"
TAG,,PNP_LIGHT_TABLE_BARRIER_PRES_VIS_REQ,"BARRIER PRESENCE VISION REQUEST$NLIGHT TABLE TO$NBARRIER LOAD/BAG OFFLOAD ROBOT (R2)","BOOL","","(RADIX := Decimal)"
TAG,,PNP_LIGHT_TABLE_BARRIER_REM_VIS_REQ,"BARRIER REMOVAL VISION REQUEST$NLIGHT TABLE TO$NBARRIER LOAD/BAG OFFLOAD ROBOT (R2)","BOOL","","(RADIX := Decimal)"
TAG,,PNP_LIGHT_TABLE_EMPTY_VIS_REQ,"EMPTY VISION REQUEST LIGHT TABLE TO BARRIER $NLOAD/BAG OFFLOAD ROBOT (R2)","BOOL","","(RADIX := Decimal)"
TAG,,PNP_LIGHT_TABLE_POS,"PICK-N-PLACE BASE DRIVE IS AT THE LIGHT TABLE POSITION$NBARRIER PICK-N-PLACE/CORONA TREAT","BOOL","","(RADIX := Decimal)"
TAG,,PNP_MAGAZINE_POS,"PICK-N-PLACE BASE DRIVE IS AT THE MAGAZINE POSITION$NBARRIER PICK-N-PLACE/CORONA TREAT","BOOL","","(RADIX := Decimal)"
TAG,,PNP_ORIENT_RECIPE_VAL,"","DINT","","(RADIX := Decimal)"
TAG,,PNP_PARK_POS,"PICK-N-PLACE BASE DRIVE IS AT THE PARKED POSITION$NBARRIER PICK-N-PLACE/CORONA TREAT","BOOL","","(RADIX := Decimal)"
TAG,,PNP_PICK_HEAD_BARRIER_COR_REJECT,"BARRIER ON $NPICK HEAD$NFAILED CORONA$N BARRIER PICK-N-PLACE/$NCORONA TREAT","BOOL","","(RADIX := Decimal)"
ALIAS,,PNP_PICK_HEAD_CYL_EXT,"ALIAS HMI ANIMATION$NPICK HEAD CYLINDER EXTENDED SENSOR$NBARRIER PICK-N-PLACE/$NCORONA TREAT","","MAN03:I.Data[0].0","(RADIX := Decimal)"
TAG,,PNP_PICK_HEAD_CYL_EXT_PB,"HMI PUSH BUTTON$NEXTEND PICK HEAD CYLINDER$NBARRIER PICK-N-PLACE/CORONA TREAT","BOOL","","(RADIX := Decimal)"
TAG,,PNP_PICK_HEAD_CYL_EXT_PB_VIS,"HMI VISIBILITY$NPICK HEAD EXTEND PUSH BUTTON$NBARRIER PICK-N-PLACE/$NCORONA TREAT","BOOL","","(RADIX := Decimal)"
ALIAS,,PNP_PICK_HEAD_CYL_RET,"ALIAS HMI ANIMATION$NPICK CYLINDER RETRACTED SENSOR$NBARRIER PICK-N-PLACE/$NCORONA TREAT","","MAN03:I.Data[0].1","(RADIX := Decimal)"
ALIAS,,PNP_PICK_HEAD_DRIVE_COMMAND_ERROR,"HMI ANIMATION$NPICK HEAD DRIVE COMMAND ERROR$NBARRIER PICK-N-PLACE/$NCORONA TREAT","","DRV06:I.Data[0].12","(RADIX := Decimal)"
ALIAS,,PNP_PICK_HEAD_DRIVE_CONFIG_ERROR,"HMI ANIMATION$NPICK HEAD DRIVE CONFIG ERROR$NBARRIER PICK-N-PLACE/$NCORONA TREAT","","DRV06:I.Data[0].13","(RADIX := Decimal)"
TAG,,PNP_PICK_HEAD_DRIVE_CONFIG_PB,"HMI PUSH BUTTON$NSEND CONFIG PARAMETERS TO PICK HEAD DRIVE $NBARRIER PICK-N-PLACE/$NCORONA TREAT","BOOL","","(RADIX := Decimal)"
TAG,,PNP_PICK_HEAD_DRIVE_ENABLE_PB,"HMI PUSH BUTTON$NENABLE PICK HEAD DRIVE$NBARRIER PICK-N-PLACE/$NCORONA TREAT","BOOL","","(RADIX := Decimal)"
TAG,,PNP_PICK_HEAD_DRIVE_ENABLE_PB_VIS,"HMI VISIBILITY$NPICK HEAD DRIVE ENABLE PUSH BUTTON$NBARRIER PICK-N-PLACE/$NCORONA TREAT","BOOL","","(RADIX := Decimal)"
ALIAS,,PNP_PICK_HEAD_DRIVE_ESTOP_ACTIVE,"ALIAS HMI ANIMATION$NPICK HEAD DRIVE$NESTOP ACTIVE$NBARRIER PICK-N-PLACE/$NCORONA TREAT","","DRV06:I.Data[1].0","(RADIX := Decimal)"
TAG,,PNP_PICK_HEAD_DRIVE_HOME_PB,"HMI PUSH BUTTON$NPICK HEAD DRIVE$NBARRIER PICK-N-PLACE/$NCORONA TREAT","BOOL","","(RADIX := Decimal)"
TAG,,PNP_PICK_HEAD_DRIVE_HOMING_IND,"HMI INDICATOR$NPICK HEAD DRIVE IS HOMING$NBARRIER PICK-N-PLACE/$NCORONA TREAT","BOOL","","(RADIX := Decimal)"
ALIAS,,PNP_PICK_HEAD_DRIVE_OK,"HMI ANIMATION$NPICK HEAD DRIVE OK$NBARRIER PICK-N-PLACE/$NCORONA TREAT","","DRV06:I.Data[0].14","(RADIX := Decimal)"
TAG,,PNP_PICK_HEAD_DRIVE_PB_VIS,"HMI VISIBILITY$NPICK HEAD DRIVE PUSH BUTTONS$NBARRIER PICK-N-PLACE/$NCORONA TREAT","BOOL","","(RADIX := Decimal)"
TAG,,PNP_PICK_HEAD_DRIVE_POSITION_INPUT,"PICK HEAD DRIVE POSITION INPUT TO PLC$NBARRIER PICK-N-PLACE/$NCORONA TREAT","DINT","","(RADIX := Decimal)"
ALIAS,,PNP_PICK_HEAD_DRIVE_READY,"ALIAS HMI ANIMATION$NPICK HEAD DRIVE READY$NBARRIER PICK-N-PLACE/$NCORONA TREAT","","DRV06:I.Data[1].15","(RADIX := Decimal)"
TAG,,PNP_PICK_HEAD_DRIVE_RESET_FAULT_PB,"HMI PUSH BUTTON$NRESET PICK HEAD DRIVE$NBARRIER PICK-N-PLACE/$NCORONA TREAT","BOOL","","(RADIX := Decimal)"
TAG,,PNP_PICK_HEAD_DRIVE_SPEED_OUTPUT,"PICK HEAD DRIVE $NPROGRAMMED SPEED OUTPUT FROM PLC$NBARRIER PICK-N-PLACE/CORONA TREAT","DINT","","(RADIX := Decimal)"
TAG,,PNP_PICK_HEAD_DRIVE_START_SPEED_INPUT,"PICK HEAD DRIVE  START SPEED INPUT TO PLC$NBARRIER PICK-N-PLACE/CORONA TREAT","DINT","","(RADIX := Decimal)"
TAG,,PNP_PICK_HEAD_DRIVE_START_SPEED_OUTPUT,"PICK HEAD DRIVE  START SPEED OUTPUT FROM PLC$NBARRIER PICK-N-PLACE/$NCORONA TREAT","DINT","","(RADIX := Decimal)"
TAG,,PNP_PICK_HEAD_DRIVE_STOP_PB,"HMI PUSH BUTTON$NSTOP PICK HEAD DRIVE$NBARRIER PICK-N-PLACE/$NCORONA TREAT","BOOL","","(RADIX := Decimal)"
TAG,,PNP_PICK_HEAD_FWD_SPEED_PB,"PICK HEAD FORWARD SPEED VALUE  FROM HMI$NBARRIER PICK-N-PLACE/$NCORONA TREAT","DINT","","(RADIX := Decimal)"
ALIAS,,PNP_PICK_HEAD_HOME_SENSOR,"ALIAS HMI ANIMATION$NPICK HEAD DRIVE$N HOME SENSOR$NBARRIER PICK-N-PLACE/$NCORONA TREAT","","DRV06:I.Data[1].1","(RADIX := Decimal)"
TAG,,PNP_PICK_HEAD_INDEXING_IND,"HMI INDICATOR$NPICK HEAD DRIVE IS INDEXING$NBARRIER PICK-N-PLACE/$NCORONA TREAT","BOOL","","(RADIX := Decimal)"
TAG,,PNP_PICK_HEAD_INDEX_PB,"HMI PUSH BUTTON$NINDEX PICK HEAD DRIVE$NBARRIER PICK-N-PLACE/CORONA TREAT","BOOL","","(RADIX := Decimal)"
ALIAS,,PNP_PICK_HEAD_VAC_ON,"ALIAS HMI ANIMATION$NPICK HEAD $NVACUUM SWITCH$NBARRIER PICK-N-PLACE/$NCORONA TREAT","","MAN03:I.Data[0].2","(RADIX := Decimal)"
TAG,,PNP_PICK_HEAD_VAC_ON_PB,"HMI PUSH BUTTON$NPICK HEAD VACUUM ON$NBARRIER PICK-N-PLACE/$NCORONA TREAT","BOOL","","(RADIX := Decimal)"
TAG,,PNP_POS,"HMI PUSH BUTTON SERIES FOR $NPOSITION CONTROL$NBARRIER PICK-N-PLACE/CORONA TREAT$N$N1=BAR MAG$N2=PARK$N4=CORONA$N8=LIGHT TABLE","INT","","(RADIX := Decimal)"
TAG,,PNP_SCREEN_PB,"HMI PUSH BUTTON$NGOTO BARRIER PICK-N-PLACE/CORONA TREAT SCREEN","BOOL","","(RADIX := Decimal)"
TAG,,PREHEAT1_CTR_LOW_TEMP,"HMI ANIMATION$NFAILED BARRIER LOWER TEMPERATURE$NPREHEAT STATION 1$N0=GREEN$N1=YELLOW$N2=RED","INT","","(RADIX := Decimal)"
TAG,,PREHEAT1_CTR_UP_TEMP,"HMI ANIMATION$NFAILED BARRIER UPPER TEMPERATURE$NPREHEAT STATION 1$N0=GREEN$N1=YELLOW$N2=RED","INT","","(RADIX := Decimal)"
TAG,,PREHEAT1_CYCLE_PB,"HMI PUSH BUTTON$NRUN CYCLE$NBARRIER PREHEAT STATION 1","BOOL","","(RADIX := Decimal)"
ALIAS,,PREHEAT1_DATA_BAG_LOADED,"ALIAS HMI ANIMATION$NBAG LOADED$NMAIN DIAL PART DATA STREAM$NPREHEAT STATION 1","","MAIN_DIAL_DATA[4].BAG_LOADED","(RADIX := Decimal)"
ALIAS,,PREHEAT1_DATA_BAG_REJECT,"ALIAS HMI ANIMATION$NBAG REJECTED$NMAIN DIAL PART DATA STREAM$NPREHEAT STATION 1","","MAIN_DIAL_DATA[4].BAG_REJECT","(RADIX := Decimal)"
ALIAS,,PREHEAT1_DATA_BAR_LOADED,"ALIAS HMI ANIMATION$NBARRIER LOADED$NMAIN DIAL PART DATA STREAM$NPREHEAT STATION 1","","MAIN_DIAL_DATA[4].BARRIER_LOADED","(RADIX := Decimal)"
ALIAS,,PREHEAT1_DATA_BAR_REJECT,"ALIAS HMI ANIMATION$NBARRIER REJECTED$NMAIN DIAL PART DATA STREAM$NPREHEAT STATION 1","","MAIN_DIAL_DATA[4].BARRIER_REJECT","(RADIX := Decimal)"
ALIAS,,PREHEAT1_DATA_CLEAR_PB,"HMI PUSH BUTTON$NCLEAR DATA REQUEST$NPREHEAT STATION 1","","MAIN_DIAL_DATA_CLEAR_REQ_ARRAY.4","(RADIX := Decimal)"
ALIAS,,PREHEAT1_DATA_EMPTY_LAST_BAG,"ALIAS HMI ANIMATION$NLAST BAG REQUEST FOR CELL EMPTY$NMAIN DIAL PART DATA STREAM$NPREHEAT STATION 1","","MAIN_DIAL_DATA[4].CELL_EMPTY_LAST_BAG","(RADIX := Decimal)"
ALIAS,,PREHEAT1_DATA_FORMING_COMPLETE,"ALIAS HMI ANIMATION$NFORMING STATION COMPLETE$NMAIN DIAL PART DATA STREAM$NPREHEAT STATION 1","","MAIN_DIAL_DATA[4].FORMING_COMPLETE","(RADIX := Decimal)"
ALIAS,,PREHEAT1_DATA_FORMING_PRESS_OK,"ALIAS HMI ANIMATION$NFORMING STATION PRESSURE OK$NMAIN DIAL PART DATA STREAM$NPREHEAT STATION 1","","MAIN_DIAL_DATA[4].FORMING_PRESSURE_OK","(RADIX := Decimal)"
ALIAS,,PREHEAT1_DATA_FORMING_STARTED,"ALIAS HMI ANIMATION$NFORMING STATION STARTED$NMAIN DIAL PART DATA STREAM$NPREHEAT STATION 1","","MAIN_DIAL_DATA[4].FORMING_STARTED","(RADIX := Decimal)"
ALIAS,,PREHEAT1_DATA_GLUE_COMPLETE,"ALIAS HMI ANIMATION$NBAG GLUE STATION COMPLETED$NMAIN DIAL PART DATA STREAM$NPREHEAT STATION 1","","MAIN_DIAL_DATA[4].BAG_GLUE_COMPLETE","(RADIX := Decimal)"
ALIAS,,PREHEAT1_DATA_GLUE_OPEN_REJECT,"ALIAS HMI ANIMATION$NBAG GLUE STATION OPEN TIME REJECT$NMAIN DIAL PART DATA STREAM$NPREHEAT STATION 1","","MAIN_DIAL_DATA[4].BAG_GLUE_OPEN_TIME_REJECT","(RADIX := Decimal)"
ALIAS,,PREHEAT1_DATA_GLUE_PRESS_OK,"ALIAS HMI ANIMATION$NBAG GLUE STATION PRESSURE OK$NMAIN DIAL PART DATA STREAM$NPREHEAT STATION 1","","MAIN_DIAL_DATA[4].BAG_GLUE_PRESSURE_OK","(RADIX := Decimal)"
ALIAS,,PREHEAT1_DATA_GLUE_STARTED,"ALIAS HMI ANIMATION$NBAG GLUE STATION STARTED$NMAIN DIAL PART DATA STREAM$NPREHEAT STATION 1","","MAIN_DIAL_DATA[4].BAG_GLUE_STARTED","(RADIX := Decimal)"
ALIAS,,PREHEAT1_DATA_PNC_COMPLETE,"ALIAS HMI ANIMATION$NPRESS-N-CURE STATION COMPLETED$NMAIN DIAL PART DATA STREAM$NPREHEAT STATION 1","","MAIN_DIAL_DATA[4].BAG_CURE_COMPLETE","(RADIX := Decimal)"
ALIAS,,PREHEAT1_DATA_PNC_PRESS_OK,"ALIAS HMI ANIMATION$NPRESS-N-CURE STATION PRESSURE OK$NMAIN DIAL PART DATA STREAM$NPREHEAT STATION 1","","MAIN_DIAL_DATA[4].BAG_CURE_PRESSURE_OK","(RADIX := Decimal)"
ALIAS,,PREHEAT1_DATA_PNC_STARTED,"ALIAS HMI ANIMATION$NPRESS-N-CURE STATION STARTED$NMAIN DIAL PART DATA STREAM$NPREHEAT STATION 1","","MAIN_DIAL_DATA[4].BAG_CURE_STARTED","(RADIX := Decimal)"
ALIAS,,PREHEAT1_DATA_POS_BAG_REJECT,"ALIAS HMI ANIMATION$NPOSITION BAG WAS REJECTED$NMAIN DIAL PART DATA STREAM$NPREHEAT STATION 1","","MAIN_DIAL_DATA[4].STATION_POS_REJECT_BAG","(RADIX := Decimal)"
ALIAS,,PREHEAT1_DATA_POS_BAR_REJECT,"ALIAS HMI ANIMATION$NPOSITION BARRIER WAS REJECTED$NMAIN DIAL PART DATA STREAM$NPREHEAT STATION 1","","MAIN_DIAL_DATA[4].STATION_POS_REJECT_BARRIER","(RADIX := Decimal)"
ALIAS,,PREHEAT1_DATA_PREHEAT1_COMPLETE,"ALIAS HMI ANIMATION$NPREHEAT STATION 1 COMPLETE$NMAIN DIAL PART DATA STREAM$NPREHEAT STATION 1","","MAIN_DIAL_DATA[4].PREHEAT1_COMPLETE","(RADIX := Decimal)"
ALIAS,,PREHEAT1_DATA_PREHEAT1_LOW_TEMP_OK,"ALIAS HMI ANIMATION$NPREHEAT STATION 1 LOWER TEMP OK$NMAIN DIAL PART DATA STREAM$NPREHEAT STATION 1","","MAIN_DIAL_DATA[4].PREHEAT1_LOW_TEMP_OK","(RADIX := Decimal)"
TAG,,PREHEAT1_DATA_PREHEAT1_STARTED,"","BOOL","","(RADIX := Decimal)"
ALIAS,,PREHEAT1_DATA_PREHEAT1_UP_TEMP_OK,"ALIAS HMI ANIMATION$NPREHEAT STATION 1 UPPER TEMP OK$NMAIN DIAL PART DATA STREAM$NPREHEAT STATION 1","","MAIN_DIAL_DATA[4].PREHEAT1_UP_TEMP_OK","(RADIX := Decimal)"
ALIAS,,PREHEAT1_DATA_PREHEAT2_COMPLETE,"ALIAS HMI ANIMATION$NPREHEAT STATION 2 COMPLETE$NMAIN DIAL PART DATA STREAM$NPREHEAT STATION 1","","MAIN_DIAL_DATA[4].PREHEAT2_COMPLETE","(RADIX := Decimal)"
ALIAS,,PREHEAT1_DATA_PREHEAT2_LOW_TEMP_OK,"ALIAS HMI ANIMATION$NPREHEAT STATION 2 LOWER TEMP OK$NMAIN DIAL PART DATA STREAM$NPREHEAT STATION 1","","MAIN_DIAL_DATA[4].PREHEAT2_LOW_TEMP_OK","(RADIX := Decimal)"
ALIAS,,PREHEAT1_DATA_PREHEAT2_UP_TEMP_OK,"ALIAS HMI ANIMATION$NPREHEAT STATION 2 UPPER TEMP OK$NMAIN DIAL PART DATA STREAM$NPREHEAT STATION 1","","MAIN_DIAL_DATA[4].PREHEAT2_UP_TEMP_OK","(RADIX := Decimal)"
ALIAS,,PREHEAT1_DATA_PRINT_COMPLETE,"ALIAS HMI ANIMATION$NPRINTING STATION COMPLETED$NMAIN DIAL PART DATA STREAM$NPREHEAT STATION 1","","MAIN_DIAL_DATA[4].PRINT_COMPLETE","(RADIX := Decimal)"
ALIAS,,PREHEAT1_DATA_PRINT_REQUIRED,"ALIAS HMI ANIMATION$NPRINTING REQUIRED$NMAIN DIAL PART DATA STREAM$NPREHEAT STATION 1","","MAIN_DIAL_DATA[4].PRINT_REQUIRED","(RADIX := Decimal)"
ALIAS,,PREHEAT1_DATA_PRINT_STARTED,"ALIAS HMI ANIMATION$NPRINTING STATION STARTED$NMAIN DIAL PART DATA STREAM$NPREHEAT STATION 1","","MAIN_DIAL_DATA[4].PRINT_STARTED","(RADIX := Decimal)"
ALIAS,,PREHEAT1_DATA_PUNCH_COMPLETE,"ALIAS HMI ANIMATION$NPUNCH STATION COMPLETED$NMAIN DIAL PART DATA STREAM$NPREHEAT STATION 1","","MAIN_DIAL_DATA[4].PUNCH_COMPLETE","(RADIX := Decimal)"
ALIAS,,PREHEAT1_DATA_PUNCH_STARTED,"ALIAS HMI ANIMATION$NPUNCH STATION STARTED$NMAIN DIAL PART DATA STREAM$NPREHEAT STATION 1","","MAIN_DIAL_DATA[4].PUNCH_STARTED","(RADIX := Decimal)"
ALIAS,,PREHEAT1_DATA_VISION_COMPLETE,"ALIAS HMI ANIMATION$NVISION INSPECTION STATION COMPLETED$NMAIN DIAL PART DATA STREAM$NPREHEAT STATION 1","","MAIN_DIAL_DATA[4].VISION_COMPLETE","(RADIX := Decimal)"
TAG,,PREHEAT1_INDEX_DIAL_REQ,"INDEX REQUEST$NFROM BARRIER PREHEAT STATION 1$N TO MAIN DIAL","BOOL","","(RADIX := Decimal)"
TAG,,PREHEAT1_LOW_ADJ_TEMP,"HMI LOWER TOOLING OFFSET TEMPERATURE ADJUSTMENT$NBARRIER PREHEAT STATION 1","INT","","(RADIX := Decimal)"
TAG,,PREHEAT1_LOW_BLOCK_TEMP,"LOWER BLOCK$NRAW TEMPERATURE$NBARRIER PREHEAT STATION 1","INT","","(RADIX := Decimal)"
TAG,,PREHEAT1_LOW_BLOCK_TEMP_B_SCALE,"LOWER BLOCK TEMPERATURE SCALING PARAMETER B$NBARRIER PREHEAT STATION 1","REAL","","(RADIX := Float)"
TAG,,PREHEAT1_LOW_BLOCK_TEMP_DISPLAY,"LOWER BLOCK TEMPERATURE (F)$NREAL NUMBER$NHMI DISPLAY$NBARRIER PREHEAT STATION 1","REAL","","(RADIX := Float)"
TAG,,PREHEAT1_LOW_BLOCK_TEMP_M_SCALE,"LOWER BLOCK TEMPERATURE SCALING PARAMETER M$NBARRIER PREHEAT STATION 1","REAL","","(RADIX := Float)"
TAG,,PREHEAT1_LOW_BLOCK_TEMP_REAL,"LOWER BLOCK TEMPERATURE (C)$NREAL NUMBER TO PID LOOP$NBARRIER PREHEAT STATION 1","REAL","","(RADIX := Float)"
ALIAS,,PREHEAT1_LOW_CYL_EXT,"ALIAS HMI ANIMATION$NLOWER CYLINDER EXTENDED$NBARRIER PRHEAT STATION 1","","MAN01:I.Data[3].4","(RADIX := Decimal)"
TAG,,PREHEAT1_LOW_CYL_EXT_PB,"HMI PUSH BUTTON$NEXTEND LOWER CYLINDER$NBARRIER PREHEAT STATION 1","BOOL","","(RADIX := Decimal)"
ALIAS,,PREHEAT1_LOW_CYL_RET,"ALIAS HMI ANIMATION$NLOWER CYLINDER RETRACTED$NBARRIER PRHEAT STATION 1","","MAN01:I.Data[3].5","(RADIX := Decimal)"
TAG,,PREHEAT1_LOW_TEMP_MAX,"LOWER TOOL MAX ALLOWABLE TEMPERATURE (F)$NBARRIER PREHEAT STATION 1$NHMI DISPLAY","INT","","(RADIX := Decimal)"
TAG,,PREHEAT1_LOW_TEMP_MIN,"LOWER TOOL MIN ALLOWABLE TEMPERATURE (F)$NBARRIER PREHEAT STATION 1$NHMI DISPLAY","INT","","(RADIX := Decimal)"
TAG,,PREHEAT1_LOW_TEMP_OK,"LOWER TOOL TEMPERATURE  WITHIN TOLERANCE$NBARRIER PREHEAT STATION 1","BOOL","","(RADIX := Decimal)"
TAG,,PREHEAT1_LOW_TEMP_RECIPE_SP,"RECIPE LOWER TOOL TEMPERATURE (F)$NBARRIER PREHEAT STATION 1","INT","","(RADIX := Decimal)"
TAG,,PREHEAT1_LOW_TEMP_REJECT_CNT,"FAILURE COUNT FOR BARRIER LOWER TOOLING TEMPERATURE$NPREHEAT STATION 1$N","COUNTER","",""
TAG,,PREHEAT1_LOW_TEMP_SCREEN_PB,"HMI PUSH BUTTON$NGOTO BARRIER PREHEAT1 STATION$NLOW TEMPERATURE MONITOR $NSCREEN","BOOL","","(RADIX := Decimal)"
TAG,,PREHEAT1_LOW_TEMP_SP_AUTO,"LOWER TOOL TEMPERATURE (C) SET POINT GOING TO PID LOOP $NDURING AUTO$NBARRIER PREHEAT STATION 1","REAL","","(RADIX := Float)"
TAG,,PREHEAT1_LOW_TEMP_SP_AUTO_DISPLAY,"LOWER TOOL TEMPERATURE (F) SET POINT$NDURING AUTO$NBARRIER PREHEAT STATION 1$NHMI DISPLAY","DINT","","(RADIX := Decimal)"
TAG,,PREHEAT1_LOW_TEMP_SP_MAN,"LOWER TOOL TEMPERATURE (C) SET POINT GOING TO PID LOOP $NDURING MANUAL$NBARRIER PREHEAT STATION 1","REAL","","(RADIX := Float)"
TAG,,PREHEAT1_LOW_TEMP_SP_MAN_DISPLAY,"LOWER TOOL TEMPERATURE (F) SET POINT$NDURING MANUAL$NBARRIER PREHEAT STATION 1$NHMI DISPLAY","INT","","(RADIX := Decimal)"
TAG,,PREHEAT1_LOW_TEMP_SP_TRACE_DISPLAY,"DISPLAYS THE SET POINT FOR MANUAL OR AUTO TEMPERATURE TRACING DISPLAY$NPREHEAT1 LOWER","DINT","","(RADIX := Decimal)"
TAG,,PREHEAT1_LOW_TOOL_HEATER_OUTPUT_RATE,"LOWER TOOL OUTPUT RATE TO HMI$NBARRIER PREHEAT STATION 1","DINT","","(RADIX := Decimal)"
TAG,,PREHEAT1_LOW_TOOL_PID,"LOWER TOOL TEMPERATURE (C)$NCONTROL PID$NBARRIER PREHEAT STATION 1","PID","",""
TAG,,PREHEAT1_LOW_TOOL_PID_DYN_BIAS_LARGE,"LOWER TOOL PID DYNAMIC BIAS VARIABLE$NLARGE PART FAMILY$NBARRIER PREHEAT STATION 1","REAL","","(RADIX := Float)"
TAG,,PREHEAT1_LOW_TOOL_PID_DYN_BIAS_LG_SNF,"LOWER TOOL PID DYNAMIC BIAS VARIABLE$NLARGE SOFT-N-FLEXIBLE PART FAMILY$NBARRIER PREHEAT STATION 1","REAL","","(RADIX := Float)"
TAG,,PREHEAT1_LOW_TOOL_PID_DYN_BIAS_MEDIUM,"LOWER TOOL PID DYNAMIC BIAS VARIABLE$NMEDIUM PART FAMILY$NBARRIER PREHEAT STATION 1","REAL","","(RADIX := Float)"
TAG,,PREHEAT1_LOW_TOOL_PID_DYN_BIAS_SMALL,"LOWER TOOL PID DYNAMIC BIAS VARIABLE$NSMALL PART FAMILY$NBARRIER PREHEAT STATION 1","REAL","","(RADIX := Float)"
TAG,,PREHEAT1_LOW_TOOL_PID_DYN_BIAS_SM_SNF,"LOWER TOOL PID DYNAMIC BIAS VARIABLE$NSMALL SOFT-N-FLEXIBLE PART FAMILY$NBARRIER PREHEAT STATION 1","REAL","","(RADIX := Float)"
ALIAS,,PREHEAT1_LOW_TOOL_PID_PV,"LOWER TOOL PID PROCESS VARIABLE$NBARRIER PREHEAT STATION 1","","PREHEAT1_LOW_TOOL_PID.PV","(RADIX := Float)"
ALIAS,,PREHEAT1_LOW_TOOL_PID_SP,"LOWER TOOL TEMPERATURE PID SET POINT$NBARRIER PREHEAT STATION 1","","PREHEAT1_LOW_TOOL_PID.SP","(RADIX := Float)"
TAG,,PREHEAT1_LOW_TOOL_PID_STATIC_BIAS_LARGE,"LOWER TOOL PID STATIC BIAS VARIABLE$NLARGE PART FAMILY$NBARRIER PREHEAT STATION 1","REAL","","(RADIX := Float)"
TAG,,PREHEAT1_LOW_TOOL_PID_STATIC_BIAS_MEDIUM,"LOWER TOOL PID STATIC BIAS VARIABLE$NMEDIUM PART FAMILY$NBARRIER PREHEAT STATION 1","REAL","","(RADIX := Float)"
TAG,,PREHEAT1_LOW_TOOL_PID_STATIC_BIAS_SMALL,"LOWER TOOL PID STATIC BIAS VARIABLE$NSMALL PART FAMILY$NBARRIER PREHEAT STATION 1","REAL","","(RADIX := Float)"
TAG,,PREHEAT1_LOW_TOOL_PID_ST_BIAS_LG_SNF,"LOWER TOOL PID STATIC BIAS VARIABLE$NLARGE SOFT-N-FLEXIBLE PART FAMILY$NBARRIER PREHEAT STATION 1","REAL","","(RADIX := Float)"
TAG,,PREHEAT1_LOW_TOOL_PID_ST_BIAS_SM_SNF,"LOWER TOOL PID STATIC BIAS VARIABLE$NSMALL SOFT-N-FLEXIBLE PART FAMILY$NBARRIER PREHEAT STATION 1","REAL","","(RADIX := Float)"
TAG,,PREHEAT1_LOW_TOOL_TEMP,"LOWER TOOL$NRAW TEMPERATURE BARRIER PREHEAT STATION 1","INT","","(RADIX := Decimal)"
TAG,,PREHEAT1_LOW_TOOL_TEMP_B_SCALE,"LOWER TOOL TEMPERATURE SCALING PARAMETER B$NBARRIER PREHEAT STATION 1","REAL","","(RADIX := Float)"
TAG,,PREHEAT1_LOW_TOOL_TEMP_DISPLAY,"LOWER TOOL TEMPERATURE (F) $NREAL NUMBER$NHMI DISPLAY$NBARRIER PREHEAT STATION 1","REAL","","(RADIX := Float)"
TAG,,PREHEAT1_LOW_TOOL_TEMP_M_SCALE,"LOWER TOOL TEMPERATURE SCALING PARAMETER M$NBARRIER PREHEAT STATION 1","REAL","","(RADIX := Float)"
TAG,,PREHEAT1_LOW_TOOL_TEMP_PID_CV,"LOWER TOOL OUTPUT CONTROL VARIABLE$NBARRIER PREHEAT STATION 1","DINT","","(RADIX := Decimal)"
TAG,,PREHEAT1_LOW_TOOL_TEMP_REAL,"LOWER TOOL TEMPERATURE (C)$NREAL NUMBER TO PID LOOP$NBARRIER PREHEAT STATION 1","REAL","","(RADIX := Float)"
TAG,,PREHEAT1_PROCESS_DONE,"CYCLE DONE$NFROM BARRIER PREHEAT STATION 1 $NTO MAIN DIAL","BOOL","","(RADIX := Decimal)"
TAG,,PREHEAT1_PROCESS_FAILED,"","BOOL","","(RADIX := Decimal)"
TAG,,PREHEAT1_SCREEN_PB,"HMI PUSH BUTTON$NGOTO BARRIER PREHEAT1 STATION $NSCREEN","BOOL","","(RADIX := Decimal)"
TAG,,PREHEAT1_TIME_RECIPE,"PREHEAT TIME$NFROM RECIPE$NBARRIER PREHEAT STATION 1","INT","","(RADIX := Decimal)"
TAG,,PREHEAT1_UP_ADJ_TEMP,"HMI UPPER TOOLING OFFSET TEMPERATURE ADJUSTMENT$NBARRIER PREHEAT STATION 1","INT","","(RADIX := Decimal)"
TAG,,PREHEAT1_UP_BLOCK_TEMP,"UPPER BLOCK$NRAW TEMPERATURE$NBARRIER PREHEAT STATION 1","INT","","(RADIX := Decimal)"
TAG,,PREHEAT1_UP_BLOCK_TEMP_B_SCALE,"UPPER BLOCK TEMPERATURE SCALING PARAMETER B$NBARRIER PREHEAT STATION 1","REAL","","(RADIX := Float)"
TAG,,PREHEAT1_UP_BLOCK_TEMP_DISPLAY,"UPPER BLOCK TEMPERATURE (F)$NREAL NUMBER$NHMI DISPLAY$NBARRIER PREHEAT STATION 1","REAL","","(RADIX := Float)"
TAG,,PREHEAT1_UP_BLOCK_TEMP_M_SCALE,"UPPER BLOCK TEMPERATURE SCALING PARAMETER M$NBARRIER PREHEAT STATION 1","REAL","","(RADIX := Float)"
TAG,,PREHEAT1_UP_BLOCK_TEMP_REAL,"UPPER BLOCK TEMPERATURE (C)$NREAL NUMBER TO PID LOOP$NBARRIER PREHEAT STATION 1","REAL","","(RADIX := Float)"
ALIAS,,PREHEAT1_UP_CYL_EXT,"ALIAS HMI ANIMATION$NUPPER CYLINDER EXTENDED$NBARRIER PRHEAT STATION 1","","MAN01:I.Data[3].2","(RADIX := Decimal)"
TAG,,PREHEAT1_UP_CYL_EXT_PB,"HMI PUSH BUTTON$NEXTEND LOWER CYLINDER$NBARRIER PREHEAT STATION 1","BOOL","","(RADIX := Decimal)"
ALIAS,,PREHEAT1_UP_CYL_RET,"ALIAS HMI ANIMATION$NUPPER CYLINDER RETRACTED$NBARRIER PRHEAT STATION 1","","MAN01:I.Data[3].3","(RADIX := Decimal)"
TAG,,PREHEAT1_UP_TEMP_MAX,"UPPER TOOL MAX ALLOWABLE TEMPERATURE (F)$NBARRIER PREHEAT STATION 1$NHMI DISPLAY","INT","","(RADIX := Decimal)"
TAG,,PREHEAT1_UP_TEMP_MIN,"UPPER TOOL MIN ALLOWABLE TEMPERATURE (F)$NBARRIER PREHEAT STATION 1$NHMI DISPLAY","INT","","(RADIX := Decimal)"
TAG,,PREHEAT1_UP_TEMP_OK,"UPPER TOOL TEMPERATURE  WITHIN TOLERANCE$NBARRIER PREHEAT STATION 1","BOOL","","(RADIX := Decimal)"
TAG,,PREHEAT1_UP_TEMP_RECIPE_SP,"RECIPE UPPER TOOL TEMPERATURE (F)$NBARRIER PREHEAT STATION 1","INT","","(RADIX := Decimal)"
TAG,,PREHEAT1_UP_TEMP_REJECT_CNT,"FAILURE COUNT FOR BARRIER UPPER TOOLING TEMPERATURE$NPREHEAT STATION 1$N","COUNTER","",""
TAG,,PREHEAT1_UP_TEMP_SCREEN_PB,"HMI PUSH BUTTON$NGOTO BARRIER PREHEAT1 STATION$NUPPER TEMPERATURE MONITOR $NSCREEN","BOOL","","(RADIX := Decimal)"
TAG,,PREHEAT1_UP_TEMP_SP_AUTO,"UPPER TOOL TEMPERATURE (C) SET POINT GOING TO PID LOOP $NDURING AUTO$NBARRIER PREHEAT STATION 1","REAL","","(RADIX := Float)"
TAG,,PREHEAT1_UP_TEMP_SP_AUTO_DISPLAY,"UPPER TOOL TEMPERATURE (F) SET POINT$NDURING AUTO$NBARRIER PREHEAT STATION 1$NHMI DISPLAY","DINT","","(RADIX := Decimal)"
TAG,,PREHEAT1_UP_TEMP_SP_MAN,"UPPER TOOL TEMPERATURE (C) SET POINT GOING TO PID LOOP $NDURING MANUAL$NBARRIER PREHEAT STATION 1","REAL","","(RADIX := Float)"
TAG,,PREHEAT1_UP_TEMP_SP_MAN_DISPLAY,"UPPER TOOL TEMPERATURE (F) SET POINT$NDURING MANUAL$NBARRIER PREHEAT STATION 1$NHMI DISPLAY","INT","","(RADIX := Decimal)"
TAG,,PREHEAT1_UP_TEMP_SP_TRACE_DISPLAY,"DISPLAYS THE SET POINT FOR MANUAL OR AUTO TEMPERATURE TRACING DISPLAY$NPREHEAT1 UPPER","DINT","","(RADIX := Decimal)"
TAG,,PREHEAT1_UP_TOOL_HEATER_OUTPUT_RATE,"UPPER TOOL OUTPUT RATE TO HMI$NBARRIER PREHEAT STATION 1","DINT","","(RADIX := Decimal)"
TAG,,PREHEAT1_UP_TOOL_PID,"UPPER TOOL TEMPERATURE (C)$NCONTROL PID$NBARRIER PREHEAT STATION 1","PID","",""
TAG,,PREHEAT1_UP_TOOL_PID_DYN_BIAS_LARGE,"UPPER TOOL PID DYNAMIC BIAS VARIABLE$NLARGE PART FAMILY$NBARRIER PREHEAT STATION 1","REAL","","(RADIX := Float)"
TAG,,PREHEAT1_UP_TOOL_PID_DYN_BIAS_LG_SNF,"UPPER TOOL PID DYNAMIC BIAS VARIABLE$NLARGE SOFT-N-FLEXIBLE PART FAMILY$NBARRIER PREHEAT STATION 1","REAL","","(RADIX := Float)"
TAG,,PREHEAT1_UP_TOOL_PID_DYN_BIAS_MEDIUM,"UPPER TOOL PID DYNAMIC BIAS VARIABLE$NMEDIUM PART FAMILY$NBARRIER PREHEAT STATION 1","REAL","","(RADIX := Float)"
TAG,,PREHEAT1_UP_TOOL_PID_DYN_BIAS_SMALL,"UPPER TOOL PID DYNAMIC BIAS VARIABLE$NSMALL PART FAMILY$NBARRIER PREHEAT STATION 1","REAL","","(RADIX := Float)"
TAG,,PREHEAT1_UP_TOOL_PID_DYN_BIAS_SM_SNF,"UPPER TOOL PID DYNAMIC BIAS VARIABLE$NSMALL SOFT-N-FLEXIBLE PART FAMILY$NBARRIER PREHEAT STATION 1","REAL","","(RADIX := Float)"
ALIAS,,PREHEAT1_UP_TOOL_PID_PV,"UPPER TOOL PID PROCESS VARIABLE$NBARRIER PREHEAT STATION 1","","PREHEAT1_UP_TOOL_PID.PV","(RADIX := Float)"
ALIAS,,PREHEAT1_UP_TOOL_PID_SP,"UPPER TOOL TEMPERATURE PID SET POINT$NBARRIER PREHEAT STATION 1","","PREHEAT1_UP_TOOL_PID.SP","(RADIX := Float)"
TAG,,PREHEAT1_UP_TOOL_PID_STATIC_BIAS_LARGE,"UPPER TOOL PID STATIC BIAS VARIABLE$NLARGE PART FAMILY$NBARRIER PREHEAT STATION 1","REAL","","(RADIX := Float)"
TAG,,PREHEAT1_UP_TOOL_PID_STATIC_BIAS_MEDIUM,"UPPER TOOL PID STATIC BIAS VARIABLE$NMEDIUM PART FAMILY$NBARRIER PREHEAT STATION 1","REAL","","(RADIX := Float)"
TAG,,PREHEAT1_UP_TOOL_PID_STATIC_BIAS_SMALL,"UPPER TOOL PID STATIC BIAS VARIABLE$NSMALL PART FAMILY$NBARRIER PREHEAT STATION 1","REAL","","(RADIX := Float)"
TAG,,PREHEAT1_UP_TOOL_PID_ST_BIAS_LG_SNF,"UPPER TOOL PID STATIC BIAS VARIABLE$NLARGE SOFT-N-FLEXIBLE PART FAMILY$NBARRIER PREHEAT STATION 1","REAL","","(RADIX := Float)"
TAG,,PREHEAT1_UP_TOOL_PID_ST_BIAS_SM_SNF,"UPPER TOOL PID STATIC BIAS VARIABLE$NSMALL SOFT-N-FLEXIBLE PART FAMILY$NBARRIER PREHEAT STATION 1","REAL","","(RADIX := Float)"
TAG,,PREHEAT1_UP_TOOL_TEMP,"UPPER TOOL$NRAW TEMPERATURE BARRIER PREHEAT STATION 1","INT","","(RADIX := Decimal)"
TAG,,PREHEAT1_UP_TOOL_TEMP_B_SCALE,"UPPER TOOL TEMPERATURE SCALING PARAMETER B$NBARRIER PREHEAT STATION 1","REAL","","(RADIX := Float)"
TAG,,PREHEAT1_UP_TOOL_TEMP_DISPLAY,"UPPER TOOL TEMPERATURE (F) $NREAL NUMBER$NHMI DISPLAY$NBARRIER PREHEAT STATION 1","REAL","","(RADIX := Float)"
TAG,,PREHEAT1_UP_TOOL_TEMP_M_SCALE,"UPPER TOOL TEMPERATURE SCALING PARAMETER M$NBARRIER PREHEAT STATION 1","REAL","","(RADIX := Float)"
TAG,,PREHEAT1_UP_TOOL_TEMP_PID_CV,"UPPER TOOL OUTPUT CONTROL VARIABLE$NBARRIER PREHEAT STATION 1","DINT","","(RADIX := Decimal)"
TAG,,PREHEAT1_UP_TOOL_TEMP_REAL,"UPPER TOOL TEMPERATURE (C)$NREAL NUMBER TO PID LOOP$NBARRIER PREHEAT STATION 1","REAL","","(RADIX := Float)"
TAG,,PREHEAT2_CTR_LOW_TEMP,"HMI ANIMATION$NFAILED BARRIER LOWER TEMPERATURE$NPREHEAT STATION 2$N0=GREEN$N1=YELLOW$N2=RED","INT","","(RADIX := Decimal)"
TAG,,PREHEAT2_CTR_UP_TEMP,"HMI ANIMATION$NFAILED BARRIER UPPER TEMPERATURE$NPREHEAT STATION 2$N0=GREEN$N1=YELLOW$N2=RED","INT","","(RADIX := Decimal)"
TAG,,PREHEAT2_CYCLE_PB,"HMI PUSH BUTTON$NRUN CYCLE$NBARRIER PREHEAT STATION 2","BOOL","","(RADIX := Decimal)"
ALIAS,,PREHEAT2_DATA_BAG_LOADED,"ALIAS HMI ANIMATION$NBAG LOADED$NMAIN DIAL PART DATA STREAM$NPREHEAT STATION 2","","MAIN_DIAL_DATA[5].BAG_LOADED","(RADIX := Decimal)"
ALIAS,,PREHEAT2_DATA_BAG_REJECT,"ALIAS HMI ANIMATION$NBAG REJECTED$NMAIN DIAL PART DATA STREAM$NPREHEAT STATION 2","","MAIN_DIAL_DATA[5].BAG_REJECT","(RADIX := Decimal)"
ALIAS,,PREHEAT2_DATA_BAR_LOADED,"ALIAS HMI ANIMATION$NBARRIER LOADED$NMAIN DIAL PART DATA STREAM$NPREHEAT STATION 2","","MAIN_DIAL_DATA[5].BARRIER_LOADED","(RADIX := Decimal)"
ALIAS,,PREHEAT2_DATA_BAR_REJECT,"ALIAS HMI ANIMATION$NBARRIER REJECTED$NMAIN DIAL PART DATA STREAM$NPREHEAT STATION 2","","MAIN_DIAL_DATA[5].BARRIER_REJECT","(RADIX := Decimal)"
ALIAS,,PREHEAT2_DATA_CLEAR_PB,"HMI PUSH BUTTON$NCLEAR DATA REQUEST$NPREHEAT STATION 2","","MAIN_DIAL_DATA_CLEAR_REQ_ARRAY.5","(RADIX := Decimal)"
ALIAS,,PREHEAT2_DATA_EMPTY_LAST_BAG,"ALIAS HMI ANIMATION$NLAST BAG REQUEST FOR CELL EMPTY$NMAIN DIAL PART DATA STREAM$NPREHEAT STATION 2","","MAIN_DIAL_DATA[5].CELL_EMPTY_LAST_BAG","(RADIX := Decimal)"
ALIAS,,PREHEAT2_DATA_FORMING_COMPLETE,"ALIAS HMI ANIMATION$NFORMING STATION COMPLETE$NMAIN DIAL PART DATA STREAM$NPREHEAT STATION 2","","MAIN_DIAL_DATA[5].FORMING_COMPLETE","(RADIX := Decimal)"
ALIAS,,PREHEAT2_DATA_FORMING_PRESS_OK,"ALIAS HMI ANIMATION$NFORMING STATION PRESSURE OK$NMAIN DIAL PART DATA STREAM$NPREHEAT STATION 2","","MAIN_DIAL_DATA[5].FORMING_PRESSURE_OK","(RADIX := Decimal)"
ALIAS,,PREHEAT2_DATA_FORMING_STARTED,"ALIAS HMI ANIMATION$NFORMING STATION STARTED$NMAIN DIAL PART DATA STREAM$NPREHEAT STATION 2","","MAIN_DIAL_DATA[5].FORMING_STARTED","(RADIX := Decimal)"
ALIAS,,PREHEAT2_DATA_GLUE_COMPLETE,"ALIAS HMI ANIMATION$NBAG GLUE STATION COMPLETED$NMAIN DIAL PART DATA STREAM$NPREHEAT STATION 2","","MAIN_DIAL_DATA[5].BAG_GLUE_COMPLETE","(RADIX := Decimal)"
ALIAS,,PREHEAT2_DATA_GLUE_OPEN_REJECT,"ALIAS HMI ANIMATION$NBAG GLUE STATION OPEN TIME REJECT$NMAIN DIAL PART DATA STREAM$NPREHEAT STATION 2","","MAIN_DIAL_DATA[5].BAG_GLUE_OPEN_TIME_REJECT","(RADIX := Decimal)"
ALIAS,,PREHEAT2_DATA_GLUE_PRESS_OK,"ALIAS HMI ANIMATION$NBAG GLUE STATION PRESSURE OK$NMAIN DIAL PART DATA STREAM$NPREHEAT STATION 2","","MAIN_DIAL_DATA[5].BAG_GLUE_PRESSURE_OK","(RADIX := Decimal)"
ALIAS,,PREHEAT2_DATA_GLUE_STARTED,"ALIAS HMI ANIMATION$NBAG GLUE STATION STARTED$NMAIN DIAL PART DATA STREAM$NPREHEAT STATION 2","","MAIN_DIAL_DATA[5].BAG_GLUE_STARTED","(RADIX := Decimal)"
ALIAS,,PREHEAT2_DATA_PNC_COMPLETE,"ALIAS HMI ANIMATION$NPRESS-N-CURE STATION COMPLETED$NMAIN DIAL PART DATA STREAM$NPREHEAT STATION 2","","MAIN_DIAL_DATA[5].BAG_CURE_COMPLETE","(RADIX := Decimal)"
ALIAS,,PREHEAT2_DATA_PNC_PRESS_OK,"ALIAS HMI ANIMATION$NPRESS-N-CURE STATION PRESSURE OK$NMAIN DIAL PART DATA STREAM$NPREHEAT STATION 2","","MAIN_DIAL_DATA[5].BAG_CURE_PRESSURE_OK","(RADIX := Decimal)"
ALIAS,,PREHEAT2_DATA_PNC_STARTED,"ALIAS HMI ANIMATION$NPRESS-N-CURE STATION STARTED$NMAIN DIAL PART DATA STREAM$NPREHEAT STATION 2","","MAIN_DIAL_DATA[5].BAG_CURE_STARTED","(RADIX := Decimal)"
ALIAS,,PREHEAT2_DATA_POS_BAG_REJECT,"ALIAS HMI ANIMATION$NPOSITION BAG WAS REJECTED$NMAIN DIAL PART DATA STREAM$NPREHEAT STATION 2","","MAIN_DIAL_DATA[5].STATION_POS_REJECT_BAG","(RADIX := Decimal)"
ALIAS,,PREHEAT2_DATA_POS_BAR_REJECT,"ALIAS HMI ANIMATION$NPOSITION BARRIER WAS REJECTED$NMAIN DIAL PART DATA STREAM$NPREHEAT STATION 2","","MAIN_DIAL_DATA[5].STATION_POS_REJECT_BARRIER","(RADIX := Decimal)"
ALIAS,,PREHEAT2_DATA_PREHEAT1_COMPLETE,"ALIAS HMI ANIMATION$NPREHEAT STATION 1 COMPLETE$NMAIN DIAL PART DATA STREAM$NPREHEAT STATION 2","","MAIN_DIAL_DATA[5].PREHEAT1_COMPLETE","(RADIX := Decimal)"
ALIAS,,PREHEAT2_DATA_PREHEAT1_LOW_TEMP_OK,"ALIAS HMI ANIMATION$NPREHEAT STATION 1 LOWER TEMP OK$NMAIN DIAL PART DATA STREAM$NPREHEAT STATION 2","","MAIN_DIAL_DATA[5].PREHEAT1_LOW_TEMP_OK","(RADIX := Decimal)"
ALIAS,,PREHEAT2_DATA_PREHEAT1_UP_TEMP_OK,"ALIAS HMI ANIMATION$NPREHEAT STATION 1 UPPER TEMP OK$NMAIN DIAL PART DATA STREAM$NPREHEAT STATION 2","","MAIN_DIAL_DATA[5].PREHEAT1_UP_TEMP_OK","(RADIX := Decimal)"
ALIAS,,PREHEAT2_DATA_PREHEAT2_COMPLETE,"ALIAS HMI ANIMATION$NPREHEAT STATION 2 COMPLETE$NMAIN DIAL PART DATA STREAM$NPREHEAT STATION 2","","MAIN_DIAL_DATA[5].PREHEAT2_COMPLETE","(RADIX := Decimal)"
ALIAS,,PREHEAT2_DATA_PREHEAT2_LOW_TEMP_OK,"ALIAS HMI ANIMATION$NPREHEAT STATION 2 LOWER TEMP OK$NMAIN DIAL PART DATA STREAM$NPREHEAT STATION 2","","MAIN_DIAL_DATA[5].PREHEAT2_LOW_TEMP_OK","(RADIX := Decimal)"
TAG,,PREHEAT2_DATA_PREHEAT2_STARTED,"","BOOL","","(RADIX := Decimal)"
ALIAS,,PREHEAT2_DATA_PREHEAT2_UP_TEMP_OK,"ALIAS HMI ANIMATION$NPREHEAT STATION 2 UPPER TEMP OK$NMAIN DIAL PART DATA STREAM$NPREHEAT STATION 2","","MAIN_DIAL_DATA[5].PREHEAT2_UP_TEMP_OK","(RADIX := Decimal)"
ALIAS,,PREHEAT2_DATA_PRINT_COMPLETE,"ALIAS HMI ANIMATION$NPRINTING STATION COMPLETED$NMAIN DIAL PART DATA STREAM$NPREHEAT STATION 2","","MAIN_DIAL_DATA[5].PRINT_COMPLETE","(RADIX := Decimal)"
ALIAS,,PREHEAT2_DATA_PRINT_REQUIRED,"ALIAS HMI ANIMATION$NPRINTING REQUIRED$NMAIN DIAL PART DATA STREAM$NPREHEAT STATION 2","","MAIN_DIAL_DATA[5].PRINT_REQUIRED","(RADIX := Decimal)"
ALIAS,,PREHEAT2_DATA_PRINT_STARTED,"ALIAS HMI ANIMATION$NPRINTING STATION STARTED$NMAIN DIAL PART DATA STREAM$NPREHEAT STATION 2","","MAIN_DIAL_DATA[5].PRINT_STARTED","(RADIX := Decimal)"
ALIAS,,PREHEAT2_DATA_PUNCH_COMPLETE,"ALIAS HMI ANIMATION$NPUNCH STATION COMPLETED$NMAIN DIAL PART DATA STREAM$NPREHEAT STATION 2","","MAIN_DIAL_DATA[5].PUNCH_COMPLETE","(RADIX := Decimal)"
ALIAS,,PREHEAT2_DATA_PUNCH_STARTED,"ALIAS HMI ANIMATION$NPUNCH STATION STARTED$NMAIN DIAL PART DATA STREAM$NPREHEAT STATION 2","","MAIN_DIAL_DATA[5].PUNCH_STARTED","(RADIX := Decimal)"
ALIAS,,PREHEAT2_DATA_VISION_COMPLETE,"ALIAS HMI ANIMATION$NVISION INSPECTION STATION COMPLETED$NMAIN DIAL PART DATA STREAM$NPREHEAT STATION 2","","MAIN_DIAL_DATA[5].VISION_COMPLETE","(RADIX := Decimal)"
TAG,,PREHEAT2_INDEX_DIAL_REQ,"INDEX REQUEST$NFROM BARRIER PREHEAT STATION 2$N TO MAIN DIAL","BOOL","","(RADIX := Decimal)"
TAG,,PREHEAT2_LOW_ADJ_TEMP,"HMI LOWER TOOLING OFFSET TEMPERATURE ADJUSTMENT$NBARRIER PREHEAT STATION 2","INT","","(RADIX := Decimal)"
TAG,,PREHEAT2_LOW_BLOCK_TEMP,"LOWER BLOCK$NRAW TEMPERATURE$NBARRIER PREHEAT STATION 2","INT","","(RADIX := Decimal)"
TAG,,PREHEAT2_LOW_BLOCK_TEMP_B_SCALE,"LOWER BLOCK TEMPERATURE SCALING PARAMETER B$NBARRIER PREHEAT STATION 2","REAL","","(RADIX := Float)"
TAG,,PREHEAT2_LOW_BLOCK_TEMP_DISPLAY,"LOWER BLOCK TEMPERATURE (F)$NREAL NUMBER$NHMI DISPLAY$NBARRIER PREHEAT STATION 2","REAL","","(RADIX := Float)"
TAG,,PREHEAT2_LOW_BLOCK_TEMP_M_SCALE,"LOWER BLOCK TEMPERATURE SCALING PARAMETER M$NBARRIER PREHEAT STATION 2","REAL","","(RADIX := Float)"
TAG,,PREHEAT2_LOW_BLOCK_TEMP_REAL,"LOWER BLOCK TEMPERATURE (C)$NREAL NUMBER TO PID LOOP$NBARRIER PREHEAT STATION 2","REAL","","(RADIX := Float)"
ALIAS,,PREHEAT2_LOW_CYL_EXT,"ALIAS HMI ANIMATION$NLOWER CYLINDER EXTENDED$NBARRIER PRHEAT STATION 2","","MAN01:I.Data[3].8","(RADIX := Decimal)"
TAG,,PREHEAT2_LOW_CYL_EXT_PB,"HMI PUSH BUTTON$NEXTEND LOWER CYLINDER$NBARRIER PREHEAT STATION 2","BOOL","","(RADIX := Decimal)"
ALIAS,,PREHEAT2_LOW_CYL_RET,"ALIAS HMI ANIMATION$NLOWER CYLINDER RETRACTED$NBARRIER PRHEAT STATION 2","","MAN01:I.Data[3].9","(RADIX := Decimal)"
TAG,,PREHEAT2_LOW_TEMP_MAX,"LOWER TOOL MAX ALLOWABLE TEMPERATURE (F)$NBARRIER PREHEAT STATION 2$NHMI DISPLAY","INT","","(RADIX := Decimal)"
TAG,,PREHEAT2_LOW_TEMP_MIN,"LOWER TOOL MIN ALLOWABLE TEMPERATURE (F)$NBARRIER PREHEAT STATION 2$NHMI DISPLAY","INT","","(RADIX := Decimal)"
TAG,,PREHEAT2_LOW_TEMP_OK,"LOWER TOOL TEMPERATURE  WITHIN TOLERANCE$NBARRIER PREHEAT STATION 2","BOOL","","(RADIX := Decimal)"
TAG,,PREHEAT2_LOW_TEMP_RECIPE_SP,"RECIPE LOWER TOOL TEMPERATURE (F)$NBARRIER PREHEAT STATION 2","INT","","(RADIX := Decimal)"
TAG,,PREHEAT2_LOW_TEMP_REJECT_CNT,"FAILURE COUNT FOR BARRIER LOWER TOOLING TEMPERATURE$NPREHEAT STATION 2$N","COUNTER","",""
TAG,,PREHEAT2_LOW_TEMP_SCREEN_PB,"HMI PUSH BUTTON$NGOTO BARRIER PREHEAT2 STATION$NLOW TEMPERATURE MONITOR $NSCREEN","BOOL","","(RADIX := Decimal)"
TAG,,PREHEAT2_LOW_TEMP_SP_AUTO,"LOWER TOOL TEMPERATURE (C) SET POINT GOING TO PID LOOP $NDURING AUTO$NBARRIER PREHEAT STATION 2","REAL","","(RADIX := Float)"
TAG,,PREHEAT2_LOW_TEMP_SP_AUTO_DISPLAY,"LOWER TOOL TEMPERATURE (F) SET POINT$NDURING AUTO$NBARRIER PREHEAT STATION 2$NHMI DISPLAY","DINT","","(RADIX := Decimal)"
TAG,,PREHEAT2_LOW_TEMP_SP_MAN,"LOWER TOOL TEMPERATURE (C) SET POINT GOING TO PID LOOP $NDURING MANUAL$NBARRIER PREHEAT STATION 2","REAL","","(RADIX := Float)"
TAG,,PREHEAT2_LOW_TEMP_SP_MAN_DISPLAY,"LOWER TOOL TEMPERATURE (F) SET POINT$NDURING MANUAL$NBARRIER PREHEAT STATION 2$NHMI DISPLAY","INT","","(RADIX := Decimal)"
TAG,,PREHEAT2_LOW_TEMP_SP_TRACE_DISPLAY,"DISPLAYS THE SET POINT FOR MANUAL OR AUTO TEMPERATURE TRACING DISPLAY$NPREHEAT2 LOWER","DINT","","(RADIX := Decimal)"
TAG,,PREHEAT2_LOW_TOOL_HEATER_OUTPUT_RATE,"LOWER TOOL OUTPUT RATE TO HMI$NBARRIER PREHEAT STATION 2","DINT","","(RADIX := Decimal)"
TAG,,PREHEAT2_LOW_TOOL_PID,"LOWER TOOL TEMPERATURE (C)$NCONTROL PID$NBARRIER PREHEAT STATION 2","PID","",""
TAG,,PREHEAT2_LOW_TOOL_PID_DYN_BIAS_LARGE,"LOWER TOOL PID DYNAMIC BIAS VARIABLE$NLARGE PART FAMILY$NBARRIER PREHEAT STATION 2","REAL","","(RADIX := Float)"
TAG,,PREHEAT2_LOW_TOOL_PID_DYN_BIAS_LG_SNF,"LOWER TOOL PID DYNAMIC BIAS VARIABLE$NLARGE SOFT-N-FLEXIBLE PART FAMILY$NBARRIER PREHEAT STATION 2","REAL","","(RADIX := Float)"
TAG,,PREHEAT2_LOW_TOOL_PID_DYN_BIAS_MEDIUM,"LOWER TOOL PID DYNAMIC BIAS VARIABLE$NMEDIUM PART FAMILY$NBARRIER PREHEAT STATION 2","REAL","","(RADIX := Float)"
TAG,,PREHEAT2_LOW_TOOL_PID_DYN_BIAS_SMALL,"LOWER TOOL PID DYNAMIC BIAS VARIABLE$NSMALL PART FAMILY$NBARRIER PREHEAT STATION 2","REAL","","(RADIX := Float)"
TAG,,PREHEAT2_LOW_TOOL_PID_DYN_BIAS_SM_SNF,"LOWER TOOL PID DYNAMIC BIAS VARIABLE$NSMALL SOFT-N-FLEXIBLE PART FAMILY$NBARRIER PREHEAT STATION 2","REAL","","(RADIX := Float)"
ALIAS,,PREHEAT2_LOW_TOOL_PID_PV,"LOWER TOOL PID PROCESS VARIABLE$NBARRIER PREHEAT STATION 2","","PREHEAT2_LOW_TOOL_PID.PV","(RADIX := Float)"
ALIAS,,PREHEAT2_LOW_TOOL_PID_SP,"LOWER TOOL TEMPERATURE PID SET POINT$NBARRIER PREHEAT STATION 2","","PREHEAT2_LOW_TOOL_PID.SP","(RADIX := Float)"
TAG,,PREHEAT2_LOW_TOOL_PID_STATIC_BIAS_LARGE,"LOWER TOOL PID STATIC BIAS VARIABLE$NLARGE PART FAMILY$NBARRIER PREHEAT STATION 2","REAL","","(RADIX := Float)"
TAG,,PREHEAT2_LOW_TOOL_PID_STATIC_BIAS_MEDIUM,"LOWER TOOL PID STATIC BIAS VARIABLE$NMEDIUM PART FAMILY$NBARRIER PREHEAT STATION 2","REAL","","(RADIX := Float)"
TAG,,PREHEAT2_LOW_TOOL_PID_STATIC_BIAS_SMALL,"LOWER TOOL PID STATIC BIAS VARIABLE$NSMALL PART FAMILY$NBARRIER PREHEAT STATION 2","REAL","","(RADIX := Float)"
TAG,,PREHEAT2_LOW_TOOL_PID_ST_BIAS_LG_SNF,"LOWER TOOL PID STATIC BIAS VARIABLE$NLARGE SOFT-N-FLEXIBLE PART FAMILY$NBARRIER PREHEAT STATION 2","REAL","","(RADIX := Float)"
TAG,,PREHEAT2_LOW_TOOL_PID_ST_BIAS_SM_SNF,"LOWER TOOL PID STATIC BIAS VARIABLE$NSMALL SOFT-N-FLEXIBLE PART FAMILY$NBARRIER PREHEAT STATION 2","REAL","","(RADIX := Float)"
TAG,,PREHEAT2_LOW_TOOL_TEMP,"LOWER TOOL$NRAW TEMPERATURE BARRIER PREHEAT STATION 2","INT","","(RADIX := Decimal)"
TAG,,PREHEAT2_LOW_TOOL_TEMP_B_SCALE,"LOWER TOOL TEMPERATURE SCALING PARAMETER B$NBARRIER PREHEAT STATION 2","REAL","","(RADIX := Float)"
TAG,,PREHEAT2_LOW_TOOL_TEMP_DISPLAY,"LOWER TOOL TEMPERATURE (F) $NREAL NUMBER$NHMI DISPLAY$NBARRIER PREHEAT STATION 2","REAL","","(RADIX := Float)"
TAG,,PREHEAT2_LOW_TOOL_TEMP_M_SCALE,"LOWER TOOL TEMPERATURE SCALING PARAMETER M$NBARRIER PREHEAT STATION 2","REAL","","(RADIX := Float)"
TAG,,PREHEAT2_LOW_TOOL_TEMP_PID_CV,"LOWER TOOL OUTPUT CONTROL VARIABLE$NBARRIER PREHEAT STATION 2","DINT","","(RADIX := Decimal)"
TAG,,PREHEAT2_LOW_TOOL_TEMP_REAL,"LOWER TOOL TEMPERATURE (C)$NREAL NUMBER TO PID LOOP$NBARRIER PREHEAT STATION 2","REAL","","(RADIX := Float)"
TAG,,PREHEAT2_PREHEAT1_PROCESS_FAILED,"","BOOL","","(RADIX := Decimal)"
TAG,,PREHEAT2_PREHEAT2_PROCESS_FAILED,"","BOOL","","(RADIX := Decimal)"
TAG,,PREHEAT2_PROCESS_DONE,"CYCLE DONE$NFROM BARRIER PREHEAT STATION 2 TO MAIN DIAL","BOOL","","(RADIX := Decimal)"
TAG,,PREHEAT2_PROCESS_FAILED,"","BOOL","","(RADIX := Decimal)"
TAG,,PREHEAT2_SCREEN_PB,"HMI PUSH BUTTON$NGOTO BARRIER PREHEAT2 STATION $NSCREEN","BOOL","","(RADIX := Decimal)"
TAG,,PREHEAT2_TIME_RECIPE,"PREHEAT TIME$NFROM RECIPE$NBARRIER PREHEAT STATION 2","INT","","(RADIX := Decimal)"
TAG,,PREHEAT2_UP_ADJ_TEMP,"HMI UPPER TOOLING OFFSET TEMPERATURE ADJUSTMENT$NBARRIER PREHEAT STATION 2","INT","","(RADIX := Decimal)"
TAG,,PREHEAT2_UP_BLOCK_TEMP,"UPPER BLOCK$NRAW TEMPERATURE$NBARRIER PREHEAT STATION 2","INT","","(RADIX := Decimal)"
TAG,,PREHEAT2_UP_BLOCK_TEMP_B_SCALE,"UPPER BLOCK TEMPERATURE SCALING PARAMETER B$NBARRIER PREHEAT STATION 2","REAL","","(RADIX := Float)"
TAG,,PREHEAT2_UP_BLOCK_TEMP_DISPLAY,"UPPER BLOCK TEMPERATURE (F)$NREAL NUMBER$NHMI DISPLAY$NBARRIER PREHEAT STATION 2","REAL","","(RADIX := Float)"
TAG,,PREHEAT2_UP_BLOCK_TEMP_M_SCALE,"UPPER BLOCK TEMPERATURE SCALING PARAMETER M$NBARRIER PREHEAT STATION 2","REAL","","(RADIX := Float)"
TAG,,PREHEAT2_UP_BLOCK_TEMP_REAL,"UPPER BLOCK TEMPERATURE (C)$NREAL NUMBER TO PID LOOP$NBARRIER PREHEAT STATION 2","REAL","","(RADIX := Float)"
ALIAS,,PREHEAT2_UP_CYL_EXT,"ALIAS HMI ANIMATION$NUPPER CYLINDER EXTENDED$NBARRIER PRHEAT STATION 2","","MAN01:I.Data[3].6","(RADIX := Decimal)"
TAG,,PREHEAT2_UP_CYL_EXT_PB,"HMI PUSH BUTTON$NEXTEND LOWER CYLINDER$NBARRIER PREHEAT STATION 2","BOOL","","(RADIX := Decimal)"
ALIAS,,PREHEAT2_UP_CYL_RET,"ALIAS HMI ANIMATION$NUPPER CYLINDER RETRACTED$NBARRIER PRHEAT STATION 2","","MAN01:I.Data[3].7","(RADIX := Decimal)"
TAG,,PREHEAT2_UP_TEMP_MAX,"UPPER TOOL MAX ALLOWABLE TEMPERATURE (F)$NBARRIER PREHEAT STATION 2$NHMI DISPLAY","INT","","(RADIX := Decimal)"
TAG,,PREHEAT2_UP_TEMP_MIN,"UPPER TOOL MIN ALLOWABLE TEMPERATURE (F)$NBARRIER PREHEAT STATION 2$NHMI DISPLAY","INT","","(RADIX := Decimal)"
TAG,,PREHEAT2_UP_TEMP_OK,"UPPER TOOL TEMPERATURE  WITHIN TOLERANCE$NBARRIER PREHEAT STATION 2","BOOL","","(RADIX := Decimal)"
TAG,,PREHEAT2_UP_TEMP_RECIPE_SP,"RECIPE UPPER TOOL TEMPERATURE (F)$NBARRIER PREHEAT STATION 2","INT","","(RADIX := Decimal)"
TAG,,PREHEAT2_UP_TEMP_REJECT_CNT,"FAILURE COUNT FOR BARRIER UPPER TOOLING TEMPERATURE$NPREHEAT STATION 2$N","COUNTER","",""
TAG,,PREHEAT2_UP_TEMP_SCREEN_PB,"HMI PUSH BUTTON$NGOTO BARRIER PREHEAT2 STATION$NUPPER TEMPERATURE MONITOR $NSCREEN","BOOL","","(RADIX := Decimal)"
TAG,,PREHEAT2_UP_TEMP_SP_AUTO,"UPPER TOOL TEMPERATURE (C) SET POINT GOING TO PID LOOP $NDURING AUTO$NBARRIER PREHEAT STATION 2","REAL","","(RADIX := Float)"
TAG,,PREHEAT2_UP_TEMP_SP_AUTO_DISPLAY,"UPPER TOOL TEMPERATURE (F) SET POINT$NDURING AUTO$NBARRIER PREHEAT STATION 2$NHMI DISPLAY","DINT","","(RADIX := Decimal)"
TAG,,PREHEAT2_UP_TEMP_SP_MAN,"UPPER TOOL TEMPERATURE (C) SET POINT GOING TO PID LOOP $NDURING MANUAL$NBARRIER PREHEAT STATION 2","REAL","","(RADIX := Float)"
TAG,,PREHEAT2_UP_TEMP_SP_MAN_DISPLAY,"UPPER TOOL TEMPERATURE (F) SET POINT$NDURING MANUAL$NBARRIER PREHEAT STATION 2$NHMI DISPLAY","INT","","(RADIX := Decimal)"
TAG,,PREHEAT2_UP_TEMP_SP_TRACE_DISPLAY,"DISPLAYS THE SET POINT FOR MANUAL OR AUTO TEMPERATURE TRACING DISPLAY$NPREHEAT2 UPPER","DINT","","(RADIX := Decimal)"
TAG,,PREHEAT2_UP_TOOL_HEATER_OUTPUT_RATE,"UPPER TOOL OUTPUT RATE TO HMI$NBARRIER PREHEAT STATION 2","DINT","","(RADIX := Decimal)"
TAG,,PREHEAT2_UP_TOOL_PID,"UPPER TOOL TEMPERATURE (C)$NCONTROL PID$NBARRIER PREHEAT STATION 2","PID","",""
TAG,,PREHEAT2_UP_TOOL_PID_DYN_BIAS_LARGE,"UPPER TOOL PID DYNAMIC BIAS VARIABLE$NLARGE PART FAMILY$NBARRIER PREHEAT STATION 2","REAL","","(RADIX := Float)"
TAG,,PREHEAT2_UP_TOOL_PID_DYN_BIAS_LG_SNF,"UPPER TOOL PID DYNAMIC BIAS VARIABLE$NLARGE SOFT-N-FLEXIBLE PART FAMILY$NBARRIER PREHEAT STATION 2","REAL","","(RADIX := Float)"
TAG,,PREHEAT2_UP_TOOL_PID_DYN_BIAS_MEDIUM,"UPPER TOOL PID DYNAMIC BIAS VARIABLE$NMEDIUM PART FAMILY$NBARRIER PREHEAT STATION 2","REAL","","(RADIX := Float)"
TAG,,PREHEAT2_UP_TOOL_PID_DYN_BIAS_SMALL,"UPPER TOOL PID DYNAMIC BIAS VARIABLE$NSMALL PART FAMILY$NBARRIER PREHEAT STATION 2","REAL","","(RADIX := Float)"
TAG,,PREHEAT2_UP_TOOL_PID_DYN_BIAS_SM_SNF,"UPPER TOOL PID DYNAMIC BIAS VARIABLE$NSMALL SOFT-N-FLEXIBLE PART FAMILY$NBARRIER PREHEAT STATION 2","REAL","","(RADIX := Float)"
ALIAS,,PREHEAT2_UP_TOOL_PID_PV,"UPPER TOOL PID PROCESS VARIABLE$NBARRIER PREHEAT STATION 2","","PREHEAT2_UP_TOOL_PID.PV","(RADIX := Float)"
ALIAS,,PREHEAT2_UP_TOOL_PID_SP,"UPPER TOOL TEMPERATURE PID SET POINT$NBARRIER PREHEAT STATION 2","","PREHEAT2_UP_TOOL_PID.SP","(RADIX := Float)"
TAG,,PREHEAT2_UP_TOOL_PID_STATIC_BIAS_LARGE,"UPPER TOOL PID STATIC BIAS VARIABLE$NLARGE PART FAMILY$NBARRIER PREHEAT STATION 2","REAL","","(RADIX := Float)"
TAG,,PREHEAT2_UP_TOOL_PID_STATIC_BIAS_MEDIUM,"UPPER TOOL PID STATIC BIAS VARIABLE$NMEDIUM PART FAMILY$NBARRIER PREHEAT STATION 2","REAL","","(RADIX := Float)"
TAG,,PREHEAT2_UP_TOOL_PID_STATIC_BIAS_SMALL,"UPPER TOOL PID STATIC BIAS VARIABLE$NSMALL PART FAMILY$NBARRIER PREHEAT STATION 2","REAL","","(RADIX := Float)"
TAG,,PREHEAT2_UP_TOOL_PID_ST_BIAS_LG_SNF,"UPPER TOOL PID STATIC BIAS VARIABLE$NLARGE SOFT-N-FLEXIBLE PART FAMILY$NBARRIER PREHEAT STATION 2","REAL","","(RADIX := Float)"
TAG,,PREHEAT2_UP_TOOL_PID_ST_BIAS_SM_SNF,"UPPER TOOL PID STATIC BIAS VARIABLE$NSMALL SOFT-N-FLEXIBLE PART FAMILY$NBARRIER PREHEAT STATION 2","REAL","","(RADIX := Float)"
TAG,,PREHEAT2_UP_TOOL_TEMP,"UPPER TOOL$NRAW TEMPERATURE BARRIER PREHEAT STATION 2","INT","","(RADIX := Decimal)"
TAG,,PREHEAT2_UP_TOOL_TEMP_B_SCALE,"UPPER TOOL TEMPERATURE SCALING PARAMETER B$NBARRIER PREHEAT STATION 2","REAL","","(RADIX := Float)"
TAG,,PREHEAT2_UP_TOOL_TEMP_DISPLAY,"UPPER TOOL TEMPERATURE (F) $NREAL NUMBER$NHMI DISPLAY$NBARRIER PREHEAT STATION 2","REAL","","(RADIX := Float)"
TAG,,PREHEAT2_UP_TOOL_TEMP_M_SCALE,"UPPER TOOL TEMPERATURE SCALING PARAMETER M$NBARRIER PREHEAT STATION 2","REAL","","(RADIX := Float)"
TAG,,PREHEAT2_UP_TOOL_TEMP_PID_CV,"UPPER TOOL OUTPUT CONTROL VARIABLE$NBARRIER PREHEAT STATION 2","DINT","","(RADIX := Decimal)"
TAG,,PREHEAT2_UP_TOOL_TEMP_REAL,"UPPER TOOL TEMPERATURE (C)$NREAL NUMBER TO PID LOOP$NBARRIER PREHEAT STATION 2","REAL","","(RADIX := Float)"
TAG,,PREHEAT_MAX_ALLOWED_TEMP,"MAXIMUM ALLOWED TEMPERATURE AT PREHEAT STATIONS","REAL","","(RADIX := Float)"
TAG,,PREHEAT_MIN_ALLOWED_TEMP,"MINIMUM ALLOWED TEMPERATURE AT PREHEAT STATIONS","REAL","","(RADIX := Float)"
ALIAS,,PRINT_AUTO_MODE,"ALIAS HMI ANIMATION$NPRINTER IN AUTO MODE$NBARRIER PRINT STATION","","A:O.Data[7].10","(RADIX := Decimal)"
TAG,,PRINT_CTR_INC_CYCLE,"HMI ANIMATION$NFAILED INCOMPLETE CYCLE$NBARRIER PRINTING STATION$N0=GREEN$N1=YELLOW$N2=RED","INT","","(RADIX := Decimal)"
ALIAS,,PRINT_CYCLE_COMPLETE,"ALIAS HMI ANIMATION$NPRINT CYCLE COMPLETE$NBARRIER PRINTING STATION","","A:I.Data[7].8","(RADIX := Decimal)"
TAG,,PRINT_CYCLE_PB,"HMI PUSH BUTTON$NRUN CYCLE$NBARRIER PRINTING STATION","BOOL","","(RADIX := Decimal)"
ALIAS,,PRINT_DATA_BAG_LOADED,"ALIAS HMI ANIMATION$NBAG LOADED$NMAIN DIAL PART DATA STREAM$NPRINTING STATION","","MAIN_DIAL_DATA[8].BAG_LOADED","(RADIX := Decimal)"
ALIAS,,PRINT_DATA_BAG_REJECT,"ALIAS HMI ANIMATION$NBAG REJECTED$NMAIN DIAL PART DATA STREAM$NPRINTING STATION","","MAIN_DIAL_DATA[8].BAG_REJECT","(RADIX := Decimal)"
ALIAS,,PRINT_DATA_BAR_LOADED,"ALIAS HMI ANIMATION$NBARRIER LOADED$NMAIN DIAL PART DATA STREAM$NPRINTING STATION","","MAIN_DIAL_DATA[8].BARRIER_LOADED","(RADIX := Decimal)"
ALIAS,,PRINT_DATA_BAR_REJECT,"ALIAS HMI ANIMATION$NBARRIER REJECTED$NMAIN DIAL PART DATA STREAM$NPRINTING STATION","","MAIN_DIAL_DATA[8].BARRIER_REJECT","(RADIX := Decimal)"
ALIAS,,PRINT_DATA_CLEAR_PB,"HMI PUSH BUTTON$NCLEAR DATA REQUEST$NBARRIER PRINTING STATION","","MAIN_DIAL_DATA_CLEAR_REQ_ARRAY.8","(RADIX := Decimal)"
ALIAS,,PRINT_DATA_EMPTY_LAST_BAG,"ALIAS HMI ANIMATION$NLAST BAG REQUEST FOR CELL EMPTY$NMAIN DIAL PART DATA STREAM$NPRINTING STATION","","MAIN_DIAL_DATA[8].CELL_EMPTY_LAST_BAG","(RADIX := Decimal)"
ALIAS,,PRINT_DATA_FORMING_COMPLETE,"ALIAS HMI ANIMATION$NFORMING STATION COMPLETE$NMAIN DIAL PART DATA STREAM$NPRINTING STATION","","MAIN_DIAL_DATA[8].FORMING_COMPLETE","(RADIX := Decimal)"
ALIAS,,PRINT_DATA_FORMING_PRESS_OK,"ALIAS HMI ANIMATION$NFORMING STATION PRESSURE OK$NMAIN DIAL PART DATA STREAM$NPRINTING STATION","","MAIN_DIAL_DATA[8].FORMING_PRESSURE_OK","(RADIX := Decimal)"
ALIAS,,PRINT_DATA_FORMING_STARTED,"ALIAS HMI ANIMATION$NFORMING STATION STARTED$NMAIN DIAL PART DATA STREAM$NPRINTING STATION","","MAIN_DIAL_DATA[8].FORMING_STARTED","(RADIX := Decimal)"
ALIAS,,PRINT_DATA_GLUE_COMPLETE,"ALIAS HMI ANIMATION$NBAG GLUE STATION COMPLETED$NMAIN DIAL PART DATA STREAM$NPRINTING STATION","","MAIN_DIAL_DATA[8].BAG_GLUE_COMPLETE","(RADIX := Decimal)"
ALIAS,,PRINT_DATA_GLUE_OPEN_REJECT,"ALIAS HMI ANIMATION$NBAG GLUE STATION OPEN TIME REJECT$NMAIN DIAL PART DATA STREAM$NPRINTING STATION","","MAIN_DIAL_DATA[8].BAG_GLUE_OPEN_TIME_REJECT","(RADIX := Decimal)"
ALIAS,,PRINT_DATA_GLUE_PRESS_OK,"ALIAS HMI ANIMATION$NBAG GLUE STATION PRESSURE OK$NMAIN DIAL PART DATA STREAM$NPRINTING STATION","","MAIN_DIAL_DATA[8].BAG_GLUE_PRESSURE_OK","(RADIX := Decimal)"
ALIAS,,PRINT_DATA_GLUE_STARTED,"ALIAS HMI ANIMATION$NBAG GLUE STATION STARTED$NMAIN DIAL PART DATA STREAM$NPRINTING STATION","","MAIN_DIAL_DATA[8].BAG_GLUE_STARTED","(RADIX := Decimal)"
ALIAS,,PRINT_DATA_PNC_COMPLETE,"ALIAS HMI ANIMATION$NPRESS-N-CURE STATION COMPLETED$NMAIN DIAL PART DATA STREAM$NPRINTING STATION","","MAIN_DIAL_DATA[8].BAG_CURE_COMPLETE","(RADIX := Decimal)"
ALIAS,,PRINT_DATA_PNC_PRESS_OK,"ALIAS HMI ANIMATION$NPRESS-N-CURE STATION PRESSURE OK$NMAIN DIAL PART DATA STREAM$NPRINTING STATION","","MAIN_DIAL_DATA[8].BAG_CURE_PRESSURE_OK","(RADIX := Decimal)"
ALIAS,,PRINT_DATA_PNC_STARTED,"ALIAS HMI ANIMATION$NPRESS-N-CURE STATION STARTED$NMAIN DIAL PART DATA STREAM$NPRINTING STATION","","MAIN_DIAL_DATA[8].BAG_CURE_STARTED","(RADIX := Decimal)"
ALIAS,,PRINT_DATA_POS_BAG_REJECT,"ALIAS HMI ANIMATION$NPOSITION BAG WAS REJECTED$NMAIN DIAL PART DATA STREAM$NPRINTING STATION","","MAIN_DIAL_DATA[8].STATION_POS_REJECT_BAG","(RADIX := Decimal)"
ALIAS,,PRINT_DATA_POS_BAR_REJECT,"ALIAS HMI ANIMATION$NPOSITION BARRIER WAS REJECTED$NMAIN DIAL PART DATA STREAM$NPRINTING STATION","","MAIN_DIAL_DATA[8].STATION_POS_REJECT_BARRIER","(RADIX := Decimal)"
ALIAS,,PRINT_DATA_PREHEAT1_COMPLETE,"ALIAS HMI ANIMATION$NPREHEAT STATION 1 COMPLETE$NMAIN DIAL PART DATA STREAM$NPRINTING STATION","","MAIN_DIAL_DATA[8].PREHEAT1_COMPLETE","(RADIX := Decimal)"
ALIAS,,PRINT_DATA_PREHEAT1_LOW_TEMP_OK,"ALIAS HMI ANIMATION$NPREHEAT STATION 1 LOWER TEMP OK$NMAIN DIAL PART DATA STREAM$NPRINTING STATION","","MAIN_DIAL_DATA[8].PREHEAT1_LOW_TEMP_OK","(RADIX := Decimal)"
ALIAS,,PRINT_DATA_PREHEAT1_UP_TEMP_OK,"ALIAS HMI ANIMATION$NPREHEAT STATION 1 UPPER TEMP OK$NMAIN DIAL PART DATA STREAM$NPRINTING STATION","","MAIN_DIAL_DATA[8].PREHEAT1_UP_TEMP_OK","(RADIX := Decimal)"
ALIAS,,PRINT_DATA_PREHEAT2_COMPLETE,"ALIAS HMI ANIMATION$NPREHEAT STATION 2 COMPLETE$NMAIN DIAL PART DATA STREAM$NPRINTING STATION","","MAIN_DIAL_DATA[8].PREHEAT2_COMPLETE","(RADIX := Decimal)"
ALIAS,,PRINT_DATA_PREHEAT2_LOW_TEMP_OK,"ALIAS HMI ANIMATION$NPREHEAT STATION 2 LOWER TEMP OK$NMAIN DIAL PART DATA STREAM$NPRINTING STATION","","MAIN_DIAL_DATA[8].PREHEAT2_LOW_TEMP_OK","(RADIX := Decimal)"
ALIAS,,PRINT_DATA_PREHEAT2_UP_TEMP_OK,"ALIAS HMI ANIMATION$NPREHEAT STATION 2 UPPER TEMP OK$NMAIN DIAL PART DATA STREAM$NPRINTING STATION","","MAIN_DIAL_DATA[8].PREHEAT2_UP_TEMP_OK","(RADIX := Decimal)"
ALIAS,,PRINT_DATA_PRINT_COMPLETE,"ALIAS HMI ANIMATION$NPRINTING STATION COMPLETED$NMAIN DIAL PART DATA STREAM$NPRINTING STATION","","MAIN_DIAL_DATA[8].PRINT_COMPLETE","(RADIX := Decimal)"
ALIAS,,PRINT_DATA_PRINT_REQUIRED,"ALIAS HMI ANIMATION$NPRINTING REQUIRED$NMAIN DIAL PART DATA STREAM$NPRINTING STATION","","MAIN_DIAL_DATA[8].PRINT_REQUIRED","(RADIX := Decimal)"
ALIAS,,PRINT_DATA_PRINT_STARTED,"ALIAS HMI ANIMATION$NPRINTING STATION STARTED$NMAIN DIAL PART DATA STREAM$NPRINTING STATION","","MAIN_DIAL_DATA[8].PRINT_STARTED","(RADIX := Decimal)"
ALIAS,,PRINT_DATA_PUNCH_COMPLETE,"ALIAS HMI ANIMATION$NPUNCH STATION COMPLETED$NMAIN DIAL PART DATA STREAM$NPRINTING STATION","","MAIN_DIAL_DATA[8].PUNCH_COMPLETE","(RADIX := Decimal)"
ALIAS,,PRINT_DATA_PUNCH_STARTED,"ALIAS HMI ANIMATION$NPUNCH STATION STARTED$NMAIN DIAL PART DATA STREAM$NPRINTING STATION","","MAIN_DIAL_DATA[8].PUNCH_STARTED","(RADIX := Decimal)"
ALIAS,,PRINT_DATA_VISION_COMPLETE,"ALIAS HMI ANIMATION$NVISION INSPECTION STATION COMPLETED$NMAIN DIAL PART DATA STREAM$NPRINTING STATION","","MAIN_DIAL_DATA[8].VISION_COMPLETE","(RADIX := Decimal)"
TAG,,PRINT_ENABLE_PB,"HMI PUSH BUTTON$NPRINTER ENABLE$NBARRIER PRINTING STATION","BOOL","","(RADIX := Decimal)"
TAG,,PRINT_FILTER_PRESS_CYL_EXT_PB,"HMI PUSH BUTTON$NEXTEND FILTER PRESS CYLINDER$NBARRIER PRINTING STATION","BOOL","","(RADIX := Decimal)"
ALIAS,,PRINT_FILTER_PRESS_CYL_RET,"ALIAS HMI ANIMATION$NFILTER PRESS  CYLINDER RETRACTED SENSOR$NBARRIER PRINT STATION","","MAN02:I.Data[2].14","(RADIX := Decimal)"
TAG,,PRINT_FILTER_PRESS_PROCESS_DONE,"CYCLE DONE$NFROM FILTER PRESS CYLINDER TO BARRIER PRINTING STATION","BOOL","","(RADIX := Decimal)"
TAG,,PRINT_INC_CYCLE_REJECT_CNT,"FAILURE COUNT FOR INCOMPLETE CYCLE$NBARRIER PRINTING STATION","COUNTER","",""
TAG,,PRINT_INDEX_DIAL_REQ,"INDEX REQUEST$NFROM BARRIER $NPRINTING STATION$N TO MAIN DIAL","BOOL","","(RADIX := Decimal)"
TAG,,PRINT_PROCESS_DONE,"CYCLE DONE$NFROM BARRIER PRINTING STATION TO MAIN DIAL","BOOL","","(RADIX := Decimal)"
TAG,,PRINT_PROCESS_FAILED,"PROCESS FAILED DUE TO MACHINE STOP$NBARRIER PRINTING STATION","BOOL","","(RADIX := Decimal)"
ALIAS,,PRINT_READY,"ALIAS HMI ANIMATION$NPRINTER READY$NBARRIER PRINTING STATION","","A:I.Data[7].9","(RADIX := Decimal)"
TAG,,PRINT_REQUIRED_RECIPE,"BARRIER PRINTING REQUIRED FROM RECIPE$NBARRIER PRINTING STATION","BOOL","","(RADIX := Decimal)"
TAG,,PRINT_REQUIRED_RECIPE_LOADED,"BARRIER PRINTING REQUIRED LOADED TO PLC AFTER RECIPE DOWNLOAD$NBARRIER PRINTING STATION","BOOL","","(RADIX := Decimal)"
TAG,,PRINT_REQ_PB,"HMI PUSH BUTTON$NREQUEST PRINT$NBARRIER PRINTING STATION","BOOL","","(RADIX := Decimal)"
TAG,,PRINT_SCREEN_PB,"HMI PUSH BUTTON$NGOTO PRINTING SCREEN","BOOL","","(RADIX := Decimal)"
TAG,,PRINT_SEMI_AUTO_MODE_PB,"HMI PUSH BUTTON$NPRINTER SEMI-AUTO MODE$NBARRIER PRINT STATION","BOOL","","(RADIX := Decimal)"
ALIAS,,PRINT_SUP_CYL_EXT,"ALIAS HMI ANIMATION$NSUPPORT CYLINDER EXTENDED SENSOR$NBARRIER PRINTING STATION","","MAN02:I.Data[2].6","(RADIX := Decimal)"
TAG,,PRINT_SUP_CYL_EXT_PB,"HMI PUSH BUTTON$NEXTEND SUPPORT CYLINDER$NBARRIER PRINTING STATION","BOOL","","(RADIX := Decimal)"
ALIAS,,PRINT_SUP_CYL_RET,"ALIAS HMI ANIMATION$NSUPPORT CYLINDER RETRACTED SENSOR$NBARRIER PRINTING STATION","","MAN02:I.Data[2].7","(RADIX := Decimal)"
TAG,,PUNCH_CTR_INC_CYCLE,"HMI ANIMATION$NFAILED INCOMPLETE CYCLE$NBARRIER PUNCH STATION$N0=GREEN$N1=YELLOW$N2=RED","INT","","(RADIX := Decimal)"
TAG,,PUNCH_CYCLE_PB,"HMI PUSH BUTTON$NRUN CYCLE$NPUNCH STATION","BOOL","","(RADIX := Decimal)"
ALIAS,,PUNCH_CYL_EXT,"ALIAS HMI ANIMATION$NPUNCH CYLINDER EXTENDED SENSOR$NBARRIER PUNCH STATION","","MAN01:I.Data[3].12","(RADIX := Decimal)"
TAG,,PUNCH_CYL_EXT_PB,"HMI PUSH BUTTON$NEXTEND PUNCH CYLINDER$NPUNCH STATION","BOOL","","(RADIX := Decimal)"
ALIAS,,PUNCH_CYL_RET,"ALIAS HMI ANIMATION$NPUNCH CYLINDER RETRACTED SENSOR$NBARRIER PUNCH STATION","","MAN01:I.Data[3].13","(RADIX := Decimal)"
ALIAS,,PUNCH_DATA_BAG_LOADED,"ALIAS HMI ANIMATION$NBAG LOADED$NMAIN DIAL PART DATA STREAM$NPUNCH STATION","","MAIN_DIAL_DATA[7].BAG_LOADED","(RADIX := Decimal)"
ALIAS,,PUNCH_DATA_BAG_REJECT,"ALIAS HMI ANIMATION$NBAG REJECTED$NMAIN DIAL PART DATA STREAM$NPUNCH STATION","","MAIN_DIAL_DATA[7].BAG_REJECT","(RADIX := Decimal)"
ALIAS,,PUNCH_DATA_BAR_LOADED,"ALIAS HMI ANIMATION$NBARRIER LOADED$NMAIN DIAL PART DATA STREAM$NPUNCH STATION","","MAIN_DIAL_DATA[7].BARRIER_LOADED","(RADIX := Decimal)"
ALIAS,,PUNCH_DATA_BAR_REJECT,"ALIAS HMI ANIMATION$NBARRIER REJECTED$NMAIN DIAL PART DATA STREAM$NPUNCH STATION","","MAIN_DIAL_DATA[7].BARRIER_REJECT","(RADIX := Decimal)"
ALIAS,,PUNCH_DATA_CLEAR_PB,"HMI PUSH BUTTON$NCLEAR DATA REQUEST$NBARRIER PUNCH STATION","","MAIN_DIAL_DATA_CLEAR_REQ_ARRAY.7","(RADIX := Decimal)"
ALIAS,,PUNCH_DATA_EMPTY_LAST_BAG,"ALIAS HMI ANIMATION$NLAST BAG REQUEST FOR CELL EMPTY$NMAIN DIAL PART DATA STREAM$NPUNCH STATION","","MAIN_DIAL_DATA[7].CELL_EMPTY_LAST_BAG","(RADIX := Decimal)"
ALIAS,,PUNCH_DATA_FORMING_COMPLETE,"ALIAS HMI ANIMATION$NFORMING STATION COMPLETE$NMAIN DIAL PART DATA STREAM$NPUNCH STATION","","MAIN_DIAL_DATA[7].FORMING_COMPLETE","(RADIX := Decimal)"
ALIAS,,PUNCH_DATA_FORMING_PRESS_OK,"ALIAS HMI ANIMATION$NFORMING STATION PRESSURE OK$NMAIN DIAL PART DATA STREAM$NPUNCH STATION","","MAIN_DIAL_DATA[7].FORMING_PRESSURE_OK","(RADIX := Decimal)"
ALIAS,,PUNCH_DATA_FORMING_STARTED,"ALIAS HMI ANIMATION$NFORMING STATION STARTED$NMAIN DIAL PART DATA STREAM$NPUNCH STATION","","MAIN_DIAL_DATA[7].FORMING_STARTED","(RADIX := Decimal)"
ALIAS,,PUNCH_DATA_GLUE_COMPLETE,"ALIAS HMI ANIMATION$NBAG GLUE STATION COMPLETED$NMAIN DIAL PART DATA STREAM$NPUNCH STATION","","MAIN_DIAL_DATA[7].BAG_GLUE_COMPLETE","(RADIX := Decimal)"
ALIAS,,PUNCH_DATA_GLUE_OPEN_REJECT,"ALIAS HMI ANIMATION$NBAG GLUE STATION OPEN TIME REJECT$NMAIN DIAL PART DATA STREAM$NPUNCH STATION","","MAIN_DIAL_DATA[7].BAG_GLUE_OPEN_TIME_REJECT","(RADIX := Decimal)"
ALIAS,,PUNCH_DATA_GLUE_PRESS_OK,"ALIAS HMI ANIMATION$NBAG GLUE STATION PRESSURE OK$NMAIN DIAL PART DATA STREAM$NPUNCH STATION","","MAIN_DIAL_DATA[7].BAG_GLUE_PRESSURE_OK","(RADIX := Decimal)"
ALIAS,,PUNCH_DATA_GLUE_STARTED,"ALIAS HMI ANIMATION$NBAG GLUE STATION STARTED$NMAIN DIAL PART DATA STREAM$NPUNCH STATION","","MAIN_DIAL_DATA[7].BAG_GLUE_STARTED","(RADIX := Decimal)"
ALIAS,,PUNCH_DATA_PNC_COMPLETE,"ALIAS HMI ANIMATION$NPRESS-N-CURE STATION COMPLETED$NMAIN DIAL PART DATA STREAM$NPUNCH STATION","","MAIN_DIAL_DATA[7].BAG_CURE_COMPLETE","(RADIX := Decimal)"
ALIAS,,PUNCH_DATA_PNC_PRESS_OK,"ALIAS HMI ANIMATION$NPRESS-N-CURE STATION PRESSURE OK$NMAIN DIAL PART DATA STREAM$NPUNCH STATION","","MAIN_DIAL_DATA[7].BAG_CURE_PRESSURE_OK","(RADIX := Decimal)"
ALIAS,,PUNCH_DATA_PNC_STARTED,"ALIAS HMI ANIMATION$NPRESS-N-CURE STATION STARTED$NMAIN DIAL PART DATA STREAM$NPUNCH STATION","","MAIN_DIAL_DATA[7].BAG_CURE_STARTED","(RADIX := Decimal)"
ALIAS,,PUNCH_DATA_POS_BAG_REJECT,"ALIAS HMI ANIMATION$NPOSITION BAG WAS REJECTED$NMAIN DIAL PART DATA STREAM$NPUNCH STATION","","MAIN_DIAL_DATA[7].STATION_POS_REJECT_BAG","(RADIX := Decimal)"
ALIAS,,PUNCH_DATA_POS_BAR_REJECT,"ALIAS HMI ANIMATION$NPOSITION BARRIER WAS REJECTED$NMAIN DIAL PART DATA STREAM$NPUNCH STATION","","MAIN_DIAL_DATA[7].STATION_POS_REJECT_BARRIER","(RADIX := Decimal)"
ALIAS,,PUNCH_DATA_PREHEAT1_COMPLETE,"ALIAS HMI ANIMATION$NPREHEAT STATION 1 COMPLETE$NMAIN DIAL PART DATA STREAM$NPUNCH STATION","","MAIN_DIAL_DATA[7].PREHEAT1_COMPLETE","(RADIX := Decimal)"
ALIAS,,PUNCH_DATA_PREHEAT1_LOW_TEMP_OK,"ALIAS HMI ANIMATION$NPREHEAT STATION 1 LOWER TEMP OK$NMAIN DIAL PART DATA STREAM$NPUNCH STATION","","MAIN_DIAL_DATA[7].PREHEAT1_LOW_TEMP_OK","(RADIX := Decimal)"
ALIAS,,PUNCH_DATA_PREHEAT1_UP_TEMP_OK,"ALIAS HMI ANIMATION$NPREHEAT STATION 1 UPPER TEMP OK$NMAIN DIAL PART DATA STREAM$NPUNCH STATION","","MAIN_DIAL_DATA[7].PREHEAT1_UP_TEMP_OK","(RADIX := Decimal)"
ALIAS,,PUNCH_DATA_PREHEAT2_COMPLETE,"ALIAS HMI ANIMATION$NPREHEAT STATION 2 COMPLETE$NMAIN DIAL PART DATA STREAM$NPUNCH STATION","","MAIN_DIAL_DATA[7].PREHEAT2_COMPLETE","(RADIX := Decimal)"
ALIAS,,PUNCH_DATA_PREHEAT2_LOW_TEMP_OK,"ALIAS HMI ANIMATION$NPREHEAT STATION 2 LOWER TEMP OK$NMAIN DIAL PART DATA STREAM$NPUNCH STATION","","MAIN_DIAL_DATA[7].PREHEAT2_LOW_TEMP_OK","(RADIX := Decimal)"
ALIAS,,PUNCH_DATA_PREHEAT2_UP_TEMP_OK,"ALIAS HMI ANIMATION$NPREHEAT STATION 2 UPPER TEMP OK$NMAIN DIAL PART DATA STREAM$NPUNCH STATION","","MAIN_DIAL_DATA[7].PREHEAT2_UP_TEMP_OK","(RADIX := Decimal)"
ALIAS,,PUNCH_DATA_PRINT_COMPLETE,"ALIAS HMI ANIMATION$NPRINTING STATION COMPLETED$NMAIN DIAL PART DATA STREAM$NPUNCH STATION","","MAIN_DIAL_DATA[7].PRINT_COMPLETE","(RADIX := Decimal)"
ALIAS,,PUNCH_DATA_PRINT_REQUIRED,"ALIAS HMI ANIMATION$NPRINTING REQUIRED$NMAIN DIAL PART DATA STREAM$NPUNCH STATION","","MAIN_DIAL_DATA[7].PRINT_REQUIRED","(RADIX := Decimal)"
ALIAS,,PUNCH_DATA_PRINT_STARTED,"ALIAS HMI ANIMATION$NPRINTING STATION STARTED$NMAIN DIAL PART DATA STREAM$NPUNCH STATION","","MAIN_DIAL_DATA[7].PRINT_STARTED","(RADIX := Decimal)"
ALIAS,,PUNCH_DATA_PUNCH_COMPLETE,"ALIAS HMI ANIMATION$NPUNCH STATION COMPLETED$NMAIN DIAL PART DATA STREAM$NPUNCH STATION","","MAIN_DIAL_DATA[7].PUNCH_COMPLETE","(RADIX := Decimal)"
ALIAS,,PUNCH_DATA_PUNCH_STARTED,"ALIAS HMI ANIMATION$NPUNCH STATION STARTED$NMAIN DIAL PART DATA STREAM$NPUNCH STATION","","MAIN_DIAL_DATA[7].PUNCH_STARTED","(RADIX := Decimal)"
ALIAS,,PUNCH_DATA_VISION_COMPLETE,"ALIAS HMI ANIMATION$NVISION INSPECTION STATION COMPLETED$NMAIN DIAL PART DATA STREAM$NPUNCH STATION","","MAIN_DIAL_DATA[7].VISION_COMPLETE","(RADIX := Decimal)"
TAG,,PUNCH_INC_CYCLE_REJECT_CNT,"FAILURE COUNT FOR INCOMPLETE CYCLE$NBARRIER PUNCH STATION","COUNTER","",""
TAG,,PUNCH_INDEX_DIAL_REQ,"INDEX REQUEST$NFROM BARRIER $NPUNCH STATION$N TO MAIN DIAL","BOOL","","(RADIX := Decimal)"
TAG,,PUNCH_MOON_BLOW_PB,"HMI PUSH BUTTON$NBLOW MOON $NPUNCH STATION","BOOL","","(RADIX := Decimal)"
TAG,,PUNCH_MOON_BLOW_REQ_RECIPE,"MOON BLOW REQUIRED IN RECIPE$NBARRIER PUNCH STATION","BOOL","","(RADIX := Decimal)"
TAG,,PUNCH_MOON_BLOW_REQ_RECIPE_LOADED,"MOON BLOW REQUIRED LOADED TO PLC AFTER RECIPE DOWNLOAD$NBARRIER PUNCH STATION","BOOL","","(RADIX := Decimal)"
TAG,,PUNCH_MOON_BLOW_TIME,"","INT","","(RADIX := Decimal)"
TAG,,PUNCH_MOON_BLOW_TIMER,"","TIMER","",""
TAG,,PUNCH_MOON_BLOW_TIMER_LATCH,"","BOOL","","(RADIX := Decimal)"
TAG,,PUNCH_MOON_BLOW_TIME_SCALE,"","INT","","(RADIX := Decimal)"
ALIAS,,PUNCH_MOON_CYL_EXT,"ALIAS HMI ANIMATION$NMOON CYLINDER EXTENDED SENSOR$NBARRIER PUNCH STATION","","MAN01:I.Data[2].2","(RADIX := Decimal)"
TAG,,PUNCH_MOON_CYL_EXT_PB,"HMI PUSH BUTTON$NEXTEND MOON CYLINDERS$NPUNCH STATION","BOOL","","(RADIX := Decimal)"
ALIAS,,PUNCH_MOON_CYL_RET,"ALIAS HMI ANIMATION$NMOON CYLINDER RETRACTED SENSOR$NBARRIER PUNCH STATION","","MAN01:I.Data[2].3","(RADIX := Decimal)"
ALIAS,,PUNCH_PRESSURE_OK,"ALIAS HMI ANIMATION$NPUNCH PRESSURE OK$NBARRIER PUNCH STATION","","MAN01:I.Data[2].10","(RADIX := Decimal)"
TAG,,PUNCH_PROCESS_DONE,"CYCLE DONE$NFROM BARRIER PUNCH STATION TO MAIN DIAL","BOOL","","(RADIX := Decimal)"
TAG,,PUNCH_PROCESS_FAILED,"PROCESS FAILED DUE TO MACHINE STOP$NBARRIER PUNCH STATION","BOOL","","(RADIX := Decimal)"
TAG,,PUNCH_SCREEN_PB,"HMI PUSH BUTTON$NGOTO PUNCH SCREEN","BOOL","","(RADIX := Decimal)"
ALIAS,,PUNCH_SPRING_PACK_CYL_EXT,"ALIAS HMI ANIMATION$NSPRING PACK CYLINDER EXTENDED SENSOR$NBARRIER PUNCH STATION","","MAN01:I.Data[2].15","(RADIX := Decimal)"
ALIAS,,PUNCH_SPRING_PACK_CYL_RET,"ALIAS HMI ANIMATION$NSPRING PACK CYLINDER RETRACTED SENSOR$NBARRIER PUNCH STATION","","MAN01:I.Data[2].14","(RADIX := Decimal)"
TAG,,PUNCH_SPRING_PACK_CYL_RET_PB,"HMI PUSH BUTTON$NCOMPRESS PUNCH SPRING PACK CYLINDER","BOOL","","(RADIX := Decimal)"
ALIAS,,PUNCH_STRIP1_CYL_EXT,"ALIAS HMI ANIMATION$NSTRIPPER 1 CYLINDER RETRACTED SENSOR$NBARRIER PUNCH STATION","","MAN01:I.Data[3].14","(RADIX := Decimal)"
ALIAS,,PUNCH_STRIP1_CYL_RET,"ALIAS HMI ANIMATION$NSTRIPPER 1 CYLINDER EXTENDED SENSOR$NBARRIER PUNCH STATION","","MAN01:I.Data[3].15","(RADIX := Decimal)"
ALIAS,,PUNCH_STRIP2_CYL_EXT,"ALIAS HMI ANIMATION$NSTRIPPER 2 CYLINDER RETRACTED SENSOR$NBARRIER PUNCH STATION","","MAN01:I.Data[2].0","(RADIX := Decimal)"
ALIAS,,PUNCH_STRIP2_CYL_RET,"ALIAS HMI ANIMATION$NSTRIPPER 2 CYLINDER EXTENDED SENSOR$NBARRIER PUNCH STATION","","MAN01:I.Data[2].1","(RADIX := Decimal)"
TAG,,PUNCH_STRIP_CYL_EXT_PB,"HMI PUSH BUTTON$NEXTEND STRIPPER CYLINDERS$NPUNCH STATION","BOOL","","(RADIX := Decimal)"
TAG,,R1_AUTO_MODE,"AUTO MODE$NREADY FOR RESET$NBAG LOAD ROBOT (R1)","BOOL","","(RADIX := Decimal)"
ALIAS,,R1_AUTO_SWITCH,"ALIAS HMI ANIMATION$NAUTO SWITCH$NBAG LOAD ROBOT (R1)","","R1:I.Data[0].24","(RADIX := Decimal)"
TAG,,R1_BAG_TYPE_RECIPE,"BAG TYPE FROM PLC TO ROBOT$NSET IN RECIPE$N1 PIECE BAG MACHINE$N$N1 = CLOSED POUCH$N2 = DRAINABLE$N3 = LOCK-N-ROLL$N4 = UROSTOMY","INT","","(RADIX := Decimal)"
TAG,,R1_BAG_TYPE_RECIPE_LOADED,"BAG TYPE FROM PLC TO ROBOT$NLOADED FROM RECIPE$N1 PIECE BAG MACHINE$N$N1 = CLOSED POUCH$N2 = DRAINABLE$N3 = LOCK-N-ROLL$N4 = UROSTOMY","INT","","(RADIX := Decimal)"
ALIAS,,R1_BATT_LOW,"ALIAS HMI ANIMATION$NBATTERY LOW$NBAG LOAD ROBOT (R1)","","R1:I.Data[0].9","(RADIX := Decimal)"
ALIAS,,R1_CLEAR_MAIN_DIAL,"ALIAS HMI ANIMATION$NCLEAR OF MAIN DIAL$NBAG LOAD ROBOT (R1)","","R1:I.Data[0].26","(RADIX := Decimal)"
ALIAS,,R1_COMMAND_ENABLE,"ALIAS HMI ANIMATION$NCOMMAND ENABLED$N(STEP MODE OFF)$NBAG LOAD ROBOT (R1)","","R1:I.Data[0].10","(RADIX := Decimal)"
TAG,,R1_COMMS_OK,"ETHERNET COMMUNICATION OK$NBAG LOAD ROBOT (R1)","BOOL","","(RADIX := Decimal)"
ALIAS,,R1_ENABLE,"ALIAS HMI ANIMATION$NENABLED$NBAG LOAD ROBOT (R1)","","R1:O.Data[0].8","(RADIX := Decimal)"
TAG,,R1_ESTOP_OP,"HMI INDICATOR$NOPERATOR PANEL$N E-STOP ACTIVATED$NBAG LOAD ROBOT (R1)","BOOL","","(RADIX := Decimal)"
TAG,,R1_ESTOP_TP,"HMI INDICATOR$NTEACH PENDANT$N E-STOP ACTIVATED$NBAG LOAD ROBOT (R1)","BOOL","","(RADIX := Decimal)"
TAG,,R1_ETHERNET_MODULE_STATUS,"ETHERNET MODULE I/O$NSTATUS $NBAG LOAD ROBOT (R1)","INT","","(RADIX := Decimal)"
ALIAS,,R1_FAULT,"ALIAS HMI ANIMATION$NFAULTED$NBAG LOAD ROBOT (R1)","","R1:I.Data[0].7","(RADIX := Decimal)"
TAG,,R1_GRIPPER_DIA_DELTA_RIGID,"DELTA (IN)$NBETWEEN CLOSED AND OPEN POSITION$NFOR RIGID BAGS$NBAG LOAD ROBOT (R1)","REAL","","(RADIX := Float)"
TAG,,R1_GRIPPER_DIA_DELTA_SNF,"DELTA (IN)$NBETWEEN CLOSED AND OPEN POSITION$NFOR SOFT-N-FLEXIBLE BAGS$NBAG LOAD ROBOT (R1)","REAL","","(RADIX := Float)"
TAG,,R1_GRIPPER_DIA_MIN,"MINIMUM DIAMETER (IN)$NOF GRIPPER IN CLOSED POSITION$NBAG LOAD ROBOT (R1)","REAL","","(RADIX := Float)"
TAG,,R1_GRIPPER_DIA_RECIPE,"BAG GRIPPER $NDIAMETER (IN)$N FROM RECIPE$NBAG LOAD ROBOT (R1)","REAL","","(RADIX := Float)"
TAG,,R1_GRIPPER_DIA_REL,"BAG GRIPPER $NDIAMETER (IN)$NIN RELEASED POSITION$NBAG LOAD ROBOT (R1)","REAL","","(RADIX := Float)"
ALIAS,,R1_GRIPPER_DRIVE_COMMAND_ERROR,"HMI ANIMATION$NGRIPPER STEPPER DRIVE COMMAND ERROR$NBAG LOAD ROBOT (R1)","","DRV08:I.Data[0].12","(RADIX := Decimal)"
ALIAS,,R1_GRIPPER_DRIVE_CONFIG_ERROR,"HMI ANIMATION$NGRIPPER STEPPER DRIVE CONFIG ERROR$NBAG LOAD ROBOT (R1)","","DRV08:I.Data[0].13","(RADIX := Decimal)"
TAG,,R1_GRIPPER_DRIVE_CONFIG_PB,"HMI PUSH BUTTON$NSEND CONFIG PARAMETERS TO GRIPPER STEPPER DRIVE $NBAG LOAD ROBOT (R1)","BOOL","","(RADIX := Decimal)"
TAG,,R1_GRIPPER_DRIVE_ENABLE_PB,"HMI PUSH BUTTON$NENABLE GRIPPER STEPPER DRIVE$NBAG LOAD ROBOT (R1)","BOOL","","(RADIX := Decimal)"
TAG,,R1_GRIPPER_DRIVE_ENABLE_PB_VIS,"HMI VISIBILITY$NGRIPPER STEPPER DRIVE ENABLE PUSH BUTTON$NBAG LOAD ROBOT (R1)","BOOL","","(RADIX := Decimal)"
ALIAS,,R1_GRIPPER_DRIVE_ESTOP_ACTIVE,"ALIAS HMI ANIMATION$NGRIPPER STEPPER DRIVE$NESTOP ACTIVE$NBAG LOAD ROBOT (R1)","","DRV08:I.Data[1].0","(RADIX := Decimal)"
TAG,,R1_GRIPPER_DRIVE_HOME_PB,"HMI PUSH BUTTON$NGRIPPER STEPPER DRIVE$NBAG LOAD ROBOT (R1)","BOOL","","(RADIX := Decimal)"
TAG,,R1_GRIPPER_DRIVE_HOME_PB_VIS,"HMI VISIBILITY$NGRIPPER STEPPER DRIVE HOME PUSH BUTTON$NBAG LOAD ROBOT (R1)","BOOL","","(RADIX := Decimal)"
ALIAS,,R1_GRIPPER_DRIVE_OK,"HMI ANIMATION$NGRIPPER STEPPER DRIVE OK$NBAG LOAD ROBOT (R1)","","DRV08:I.Data[0].14","(RADIX := Decimal)"
TAG,,R1_GRIPPER_DRIVE_PB_VIS,"HMI VISIBILITY$NGRIPPER STEPPER DRIVE PUSH BUTTONS$NBAG LOAD ROBOT (R1)","BOOL","","(RADIX := Decimal)"
TAG,,R1_GRIPPER_DRIVE_PICK_PB_VIS,"HMI VISIBILITY$NGRIPPER PICK PUSH BUTTON$NBAG LOAD ROBOT (R1)","BOOL","","(RADIX := Decimal)"
TAG,,R1_GRIPPER_DRIVE_POSITION_INPUT,"GRIPPER STEPPER DRIVE POSITION INPUT TO PLC$NBAG LOAD ROBOT (R1)","DINT","","(RADIX := Decimal)"
ALIAS,,R1_GRIPPER_DRIVE_READY,"ALIAS HMI ANIMATION$NGRIPPER STEPPER DRIVE READY$NBAG LOAD ROBOT (R1)","","DRV08:I.Data[1].15","(RADIX := Decimal)"
TAG,,R1_GRIPPER_DRIVE_REL_PB_VIS,"HMI VISIBILITY$NGRIPPER RELEASE PUSH BUTTON$NBAG LOAD ROBOT (R1)","BOOL","","(RADIX := Decimal)"
TAG,,R1_GRIPPER_DRIVE_RESET_FAULT_PB,"HMI PUSH BUTTON$NRESET GRIPPER STEPPER DRIVE$NBAG LOAD ROBOT (R1)","BOOL","","(RADIX := Decimal)"
TAG,,R1_GRIPPER_DRIVE_SPEED_OUTPUT,"GRIPPER STEPPER DRIVE $NPROGRAMMED SPEED OUTPUT FROM PLC$NBAG LOAD ROBOT (R1)","DINT","","(RADIX := Decimal)"
TAG,,R1_GRIPPER_DRIVE_START_SPEED_INPUT,"GRIPPER STEPPER DRIVE  START SPEED INPUT TO PLC$NBAG LOAD ROBOT (R1)","DINT","","(RADIX := Decimal)"
TAG,,R1_GRIPPER_DRIVE_START_SPEED_OUTPUT,"GRIPPER STEPPER DRIVE  START SPEED OUTPUT FROM PLC$NBAG LOAD ROBOT (R1)","DINT","","(RADIX := Decimal)"
TAG,,R1_GRIPPER_DRIVE_STOP_PB,"HMI PUSH BUTTON$NSTOP GRIPPER STEPPER DRIVE$NBAG LOAD ROBOT (R1)","BOOL","","(RADIX := Decimal)"
TAG,,R1_GRIPPER_FWD_SPEED_PB,"GRIPPER FORWARD SPEED VALUE  FROM HMI$NBAG LOAD ROBOT (R1)","DINT","","(RADIX := Decimal)"
ALIAS,,R1_GRIPPER_HOME_SENSOR,"R1 GRIPPER HOME SENSOR","","DRV08:I.Data[1].1","(RADIX := Decimal)"
TAG,,R1_GRIPPER_PICK_PB,"HMI PUSH BUTTON$NPICK BAG GRIPPER $NBAG LOAD ROBOT (R1)","BOOL","","(RADIX := Decimal)"
TAG,,R1_GRIPPER_PICK_POS,"BAG GRIPPER IS IN PICKED$NPOSITION$NBAG LOAD ROBOT (R1)","BOOL","","(RADIX := Decimal)"
TAG,,R1_GRIPPER_REL_PB,"HMI PUSH BUTTON$NRELEASE BAG GRIPPER $NBAG LOAD ROBOT (R1)","BOOL","","(RADIX := Decimal)"
TAG,,R1_GRIPPER_REL_POS,"BAG GRIPPER IS IN RELEASED$NPOSITION$NBAG LOAD ROBOT (R1)","BOOL","","(RADIX := Decimal)"
ALIAS,,R1_GRIP_CYL_GRIP,"ALIAS HMI ANIMATION$NPICK HEAD GRIPPER GRIPPED SENSOR$NBAG LOAD ROBOT (R1)","","R1:I.Data[1].7","(RADIX := Decimal)"
ALIAS,,R1_GRIP_CYL_REL,"ALIAS HMI ANIMATION$NPICK HEAD GRIPPER RELEASED SENSOR$NBAG LOAD ROBOT (R1)","","R1:I.Data[1].6","(RADIX := Decimal)"
ALIAS,,R1_HOLD_OFF,"ALIAS HMI ANIMATION$NHOLD INPUT OFF TO$NBAG LOAD ROBOT (R1)","","R1:O.Data[0].2","(RADIX := Decimal)"
ALIAS,,R1_HOME,"ALIAS HMI ANIMATION$NAT HOME$NBAG LOAD ROBOT (R1)","","R1:I.Data[0].11","(RADIX := Decimal)"
ALIAS,,R1_IMSTD_ON,"ALIAS HMI ANIMATION$NIMSTD INPUT ON TO$NBAG LOAD ROBOT (R1)","","R1:O.Data[0].1","(RADIX := Decimal)"
ALIAS,,R1_INPUTS_SIMULATED,"ALIAS HMI ANIMATION$NINPUTS SIMULATED$NBAG LOAD ROBOT (R1)","","R1:I.Data[0].25","(RADIX := Decimal)"
TAG,,R1_PNS_MATCH,"PNS MATCH TO$NSTATION PROGRAM NUMBER$NBAG LOAD ROBOT (R1)","BOOL","","(RADIX := Decimal)"
TAG,,R1_RIGID_VIS_PROCESS_RECIPE,"RIGID BAG VISION PROGRAM FROM PLC TO ROBOT$NSET IN RECIPE$N1 PIECE BAG MACHINE","INT","","(RADIX := Decimal)"
TAG,,R1_SCREEN_PB,"HMI PUSH BUTTON$NGOTO BAG LOAD ROBOT (R1) SCREEN","BOOL","","(RADIX := Decimal)"
ALIAS,,R1_SFSPD_ON,"ALIAS HMI ANIMATION$NSFSPD INPUT ON TO$NBAG LOAD ROBOT (R1)","","R1:O.Data[0].3","(RADIX := Decimal)"
TAG,,R1_SNF_VIS_PROCESS_RECIPE,"SOFT-N-FLEXIBLE BAG VISION PROGRAM FROM PLC TO ROBOT$NSET IN RECIPE$N1 PIECE BAG MACHINE","INT","","(RADIX := Decimal)"
TAG,,R1_SNF_VIS_PROCESS_RECIPE_LOADED,"SOFT-N-FLEXIBLE BAG VISION PROGRAM LOADED TO PLC AFTER RECIPE DOWNLOAD$N1 PIECE BAG MACHINE","INT","","(RADIX := Decimal)"
ALIAS,,R1_TP_ENABLE,"ALIAS HMI ANIMATION$NTEACH PENDANT ENABLED$NBAG LOAD ROBOT (R1)","","R1:I.Data[0].8","(RADIX := Decimal)"
TAG,,R2_AUTO_MODE,"AUTO MODE$NREADY FOR RESET$NBARRIER LOAD/BAG OFFLOAD ROBOT (R2)","BOOL","","(RADIX := Decimal)"
ALIAS,,R2_AUTO_SWITCH,"ALIAS HMI ANIMATION$NAUTO SWITCH$NBARRIER LOAD/BAG OFFLOAD ROBOT (R2)","","R2:I.Data[0].24","(RADIX := Decimal)"
ALIAS,,R2_BAG_PICK_CYL_EXT,"ALIAS HMI ANIMATION$NBAG PICK CYLINDER EXTENDED SENSOR$NBARRIER LOAD/BAG OFFLOAD ROBOT (R2)","","R2:I.Data[1].6","(RADIX := Decimal)"
TAG,,R2_BAG_PICK_CYL_EXT_PB,"HMI PUSH BUTTON$NBAG PICK CYLINDER EXTEND$NBARRIER LOAD/BAG OFFLOAD ROBOT (R2)","BOOL","","(RADIX := Decimal)"
ALIAS,,R2_BAG_PICK_CYL_RET,"ALIAS HMI ANIMATION$NBAG PICK CYLINDER RETRACTED SENSOR$NBARRIER LOAD/BAG OFFLOAD ROBOT (R2)","","R2:I.Data[1].7","(RADIX := Decimal)"
ALIAS,,R2_BAG_VAC_ON,"ALIAS HMI ANIMATION$NBAG VACUUM ON SWITCH$NBARRIER LOAD/BAG OFFLOAD ROBOT (R2)","","R2:I.Data[1].8","(RADIX := Decimal)"
TAG,,R2_BAG_VAC_ON_PB,"HMI PUSH BUTTON$NBAG VACUUM ON$NBARRIER LOAD/BAG OFFLOAD ROBOT (R2)","BOOL","","(RADIX := Decimal)"
TAG,,R2_BARRIER_ADJUST_X_AXIS,"","REAL","","(RADIX := Float)"
TAG,,R2_BARRIER_ADJUST_X_AXIS_BINARY_CONV,"","INT","","(RADIX := Decimal)"
TAG,,R2_BARRIER_ADJUST_X_AXIS_INT,"","INT","","(RADIX := Decimal)"
TAG,,R2_BARRIER_ADJUST_X_AXIS_SCALE,"","INT","","(RADIX := Decimal)"
TAG,,R2_Barrier_Adjust_Y_Axis,"","REAL","","(RADIX := Float)"
TAG,,R2_BARRIER_ADJUST_Y_AXIS_BINARY_CONV,"","INT","","(RADIX := Binary)"
TAG,,R2_BARRIER_ADJUST_Y_AXIS_POS_NEG_SEL,"","BOOL","","(RADIX := Decimal)"
TAG,,R2_BARRIER_ADJUST_Y_AXIS_REAL_TO_DINT,"","DINT","","(RADIX := Decimal)"
TAG,,R2_BARRIER_ADJUST_Y_AXIS_SCALE,"","INT","","(RADIX := Decimal)"
TAG,,R2_BARRIER_BLOW_ON_PB,"HMI PUSH BUTTON$NBARRIER BLOW ON$NBARRIER LOAD/BAG OFFLOAD ROBOT (R2)","BOOL","","(RADIX := Decimal)"
ALIAS,,R2_BARRIER_VAC_ON,"ALIAS HMI ANIMATION$NBARRIER VACUUM ON SWITCH$NBARRIER LOAD/BAG OFFLOAD ROBOT (R2)","","R2:I.Data[1].9","(RADIX := Decimal)"
TAG,,R2_BARRIER_VAC_ON_PB,"HMI PUSH BUTTON$NBARRIER VACUUM ON$NBARRIER LOAD/BAG OFFLOAD ROBOT (R2)","BOOL","","(RADIX := Decimal)"
ALIAS,,R2_BATT_LOW,"ALIAS HMI ANIMATION$NBATTERY LOW$NBARRIER LOAD/BAG OFFLOAD ROBOT (R2)","","R2:I.Data[0].9","(RADIX := Decimal)"
ALIAS,,R2_CLEAR_MAIN_DIAL,"ALIAS HMI ANIMATION$NCLEAR OF MAIN DIAL$NBARRIER LOAD/BAG OFFLOAD ROBOT (R2)","","R2:I.Data[0].26","(RADIX := Decimal)"
ALIAS,,R2_COMMAND_ENABLE,"ALIAS HMI ANIMATION$NCOMMAND ENABLED$N(STEP MODE OFF)$NBARRIER LOAD/BAG OFFLOAD ROBOT (R2)","","R2:I.Data[0].10","(RADIX := Decimal)"
TAG,,R2_COMMS_OK,"ETHERNET COMMUNICATION OK$NBARRIER LOAD/BAG OFFLOAD ROBOT (R2)","BOOL","","(RADIX := Decimal)"
ALIAS,,R2_ENABLE,"ALIAS HMI ANIMATION$NENABLED$NBARRIER LOAD/BAG OFFLOAD ROBOT (R2)","","R2:O.Data[0].8","(RADIX := Decimal)"
TAG,,R2_ESTOP_OP,"HMI INDICATOR$NOPERATOR PANEL$N E-STOP ACTIVATED$NBARRIER LOAD/BAG OFFLOAD ROBOT (R2)","BOOL","","(RADIX := Decimal)"
TAG,,R2_ESTOP_TP,"HMI INDICATOR$NTEACH PENDANT$N E-STOP ACTIVATED$NBARRIER LOAD/BAG OFFLOAD ROBOT (R2)","BOOL","","(RADIX := Decimal)"
TAG,,R2_ETHERNET_MODULE_STATUS,"ETHERNET MODULE I/O$NSTATUS $NBARRIER LOAD/BAG OFFLOAD ROBOT (R2)","INT","","(RADIX := Decimal)"
ALIAS,,R2_FAULT,"ALIAS HMI ANIMATION$NFAULTED$NBARRIER LOAD/BAG OFFLOAD ROBOT (R2)","","R2:I.Data[0].7","(RADIX := Decimal)"
ALIAS,,R2_HOLD_OFF,"ALIAS HMI ANIMATION$NHOLD INPUT OFF TO$NBARRIER LOAD/BAG OFFLOAD ROBOT (R2)","","R2:O.Data[0].2","(RADIX := Decimal)"
ALIAS,,R2_HOME,"ALIAS HMI ANIMATION$NAT HOME$NBARRIER LOAD/BAG OFFLOAD ROBOT (R2)","","R2:I.Data[0].11","(RADIX := Decimal)"
ALIAS,,R2_IMSTD_ON,"ALIAS HMI ANIMATION$NIMSTD INPUT ON TO$NBARRIER LOAD/BAG OFFLOAD ROBOT (R2)","","R2:O.Data[0].1","(RADIX := Decimal)"
ALIAS,,R2_INPUTS_SIMULATED,"ALIAS HMI ANIMATION$NINPUTS SIMULATED$NBARRIER LOAD/BAG OFFLOAD ROBOT (R2)","","R2:I.Data[0].25","(RADIX := Decimal)"
TAG,,R2_PNS_MATCH,"PNS MATCH TO$NSTATION PROGRAM NUMBER$NBARRIER LOAD/BAG OFFLOAD ROBOT (R2)","BOOL","","(RADIX := Decimal)"
TAG,,R2_SCREEN_PB,"HMI PUSH BUTTON$NGOTO BARRIER LOAD/BAG OFFLOAD ROBOT (R2) SCREEN","BOOL","","(RADIX := Decimal)"
TAG,,R2_SEQUENCE_ERROR,"SEQUENCE ERROR$NBARRIER LOAD/BAG OFFLOAD ROBOT (R2)","BOOL","","(RADIX := Decimal)"
ALIAS,,R2_SFSPD_ON,"ALIAS HMI ANIMATION$NSFSPD INPUT ON TO$NBARRIER LOAD/BAG OFFLOAD ROBOT (R2)","","R2:O.Data[0].3","(RADIX := Decimal)"
TAG,,R2_STAGE_NUMBER_FROM_PLC,"STAGE PROCESS NUMBER$NTO BE RUN BY BARRIER LOAD/BAG OFFLOAD ROBOT (R2)$N1= EMPTY$N 2 = GOOD BARRIER$N 3 = PASSED BAG ASSY$N 4= FAILED BAG ASSY$N5=FAILED BARRIER","INT","","(RADIX := Decimal)"
TAG,,R2_STAGE_NUMBER_FROM_ROBOT,"STAGE PROCESS NUMBER$NFROM$N BARRIER LOAD/BAG OFFLOAD ROBOT (R2)$N1= EMPTY$N 2 = GOOD BARRIER$N 3 = PASSED BAG ASSY$N 4= FAILED BAG ASSY$N5=FAILED BARRIER","INT","","(RADIX := Decimal)"
TAG,,R2_TOOL_PB_VIS,"HMI VISIBILITY$NTOOL PUSH BUTTONS$N BARRIER LOAD/BAG OFFLOAD ROBOT (R2)","BOOL","","(RADIX := Decimal)"
ALIAS,,R2_TP_ENABLE,"ALIAS HMI ANIMATION$NTEACH PENDANT ENABLED$NBARRIER LOAD/BAG OFFLOAD ROBOT (R2)","","R2:I.Data[0].8","(RADIX := Decimal)"
TAG,,RUN_FILTER_PRESS_PROCESS,"RUN FILTER PRESS PROCESS$NBARRIER PRINTING STATION","BOOL","","(RADIX := Decimal)"
TAG,,STEP_ALARM,"ALARM STEP COUNTER ARRAY","INT[25]","","(RADIX := Decimal)"
COMMENT,,STEP_ALARM,"ALARM STEP COUNTER$N1 PIECE BAG MACHINE",,"STEP_ALARM[0]"
COMMENT,,STEP_ALARM,"ALARM STEP COUNTER MAIN DIAL",,"STEP_ALARM[1]"
COMMENT,,STEP_ALARM,"ALARM STEP COUNTER BARRIER INFEED MAGAZINE",,"STEP_ALARM[2]"
COMMENT,,STEP_ALARM,"ALARM STEP COUNTER BARRIER INFEED ELEVATOR",,"STEP_ALARM[3]"
COMMENT,,STEP_ALARM,"ALARM STEP COUNTER BARRIER PRESS-N-CURE STATION",,"STEP_ALARM[4]"
COMMENT,,STEP_ALARM,"ALARM STEP COUNTER BARRIER PICK-N-PLACE/ $NCORONA TREAT",,"STEP_ALARM[5]"
COMMENT,,STEP_ALARM,"ALARM STEP COUNTER INFEED CONVEYOR",,"STEP_ALARM[7]"
COMMENT,,STEP_ALARM,"ALARM STEP COUNTER OFFLOAD CONVEYOR",,"STEP_ALARM[9]"
COMMENT,,STEP_ALARM,"ALARM STEP COUNTER BAG GLUE STATION",,"STEP_ALARM[10]"
COMMENT,,STEP_ALARM,"ALARM STEP COUNTER BAG LOAD STATION",,"STEP_ALARM[12]"
COMMENT,,STEP_ALARM,"ALARM STEP COUNTER BARRIER PREHEAT STATION 1",,"STEP_ALARM[13]"
COMMENT,,STEP_ALARM,"ALARM STEP COUNTER BARRIER PREHEAT STATION 2",,"STEP_ALARM[14]"
COMMENT,,STEP_ALARM,"ALARM STEP COUNTER BARRIER FORMING STATION",,"STEP_ALARM[15]"
COMMENT,,STEP_ALARM,"ALARM STEP COUNTER BARRIER PUNCH STATION",,"STEP_ALARM[16]"
COMMENT,,STEP_ALARM,"ALARM STEP COUNTER BARRIER PRINTING STATION",,"STEP_ALARM[17]"
COMMENT,,STEP_ALARM,"ALARM STEP COUNTER VISION INSPECTION STATION",,"STEP_ALARM[18]"
COMMENT,,STEP_ALARM,"ALARM STEP COUNTER BAG OFFLOAD STATION",,"STEP_ALARM[19]"
COMMENT,,STEP_ALARM,"ALARM STEP COUNTER BARRIER LOAD STATION",,"STEP_ALARM[20]"
COMMENT,,STEP_ALARM,"ALARM STEP COUNTER BAG LOAD ROBOT (R1)",,"STEP_ALARM[21]"
COMMENT,,STEP_ALARM,"ALARM STEP COUNTER BARRIER LOAD/BAG OFFLOAD ROBOT (R2)",,"STEP_ALARM[22]"
COMMENT,,STEP_ALARM,"ALARM STEP COUNTER BARRIER LIGHT TABLE",,"STEP_ALARM[23]"
TAG,,STEP_ALARM_CAPTURE,"ALARM CAPTURE STEP COUNTER ARRAY","INT[25]","","(RADIX := Decimal)"
COMMENT,,STEP_ALARM_CAPTURE,"ALARM CAPTURE STEP COUNTER$N1 PIECE BAG MACHINE",,"STEP_ALARM_CAPTURE[0]"
COMMENT,,STEP_ALARM_CAPTURE,"ALARM CAPTURE STEP COUNTER MAIN DIAL",,"STEP_ALARM_CAPTURE[1]"
COMMENT,,STEP_ALARM_CAPTURE,"ALARM CAPTURE STEP COUNTER BARRIER INFEED MAGAZINE",,"STEP_ALARM_CAPTURE[2]"
COMMENT,,STEP_ALARM_CAPTURE,"ALARM CAPTURE STEP COUNTER BARRIER INFEED ELEVATOR",,"STEP_ALARM_CAPTURE[3]"
COMMENT,,STEP_ALARM_CAPTURE,"ALARM CAPTURE STEP COUNTER BARRIER PRESS-N-CURE STATION",,"STEP_ALARM_CAPTURE[4]"
COMMENT,,STEP_ALARM_CAPTURE,"ALARM CAPTURE STEP COUNTER BARRIER PICK-N-PLACE/ $NCORONA TREAT",,"STEP_ALARM_CAPTURE[5]"
COMMENT,,STEP_ALARM_CAPTURE,"ALARM CAPTURE STEP COUNTER INFEED CONVEYOR",,"STEP_ALARM_CAPTURE[7]"
COMMENT,,STEP_ALARM_CAPTURE,"ALARM CAPTURE STEP COUNTER OFFLOAD CONVEYOR",,"STEP_ALARM_CAPTURE[9]"
COMMENT,,STEP_ALARM_CAPTURE,"ALARM CAPTURE STEP COUNTER BAG GLUE STATION",,"STEP_ALARM_CAPTURE[10]"
COMMENT,,STEP_ALARM_CAPTURE,"ALARM CAPTURE STEP COUNTER BAG LOAD STATION",,"STEP_ALARM_CAPTURE[12]"
COMMENT,,STEP_ALARM_CAPTURE,"ALARM CAPTURE STEP COUNTER BARRIER PREHEAT STATION 1",,"STEP_ALARM_CAPTURE[13]"
COMMENT,,STEP_ALARM_CAPTURE,"ALARM CAPTURE STEP COUNTER BARRIER PREHEAT STATION 2",,"STEP_ALARM_CAPTURE[14]"
COMMENT,,STEP_ALARM_CAPTURE,"ALARM CAPTURE STEP COUNTER BARRIER FORMING STATION",,"STEP_ALARM_CAPTURE[15]"
COMMENT,,STEP_ALARM_CAPTURE,"ALARM CAPTURE STEP COUNTER BARRIER PUNCH STATION",,"STEP_ALARM_CAPTURE[16]"
COMMENT,,STEP_ALARM_CAPTURE,"ALARM CAPTURE STEP COUNTER BARRIER PRINTING STATION",,"STEP_ALARM_CAPTURE[17]"
COMMENT,,STEP_ALARM_CAPTURE,"ALARM CAPTURE STEP COUNTER VISION INSPECTION STATION",,"STEP_ALARM_CAPTURE[18]"
COMMENT,,STEP_ALARM_CAPTURE,"ALARM CAPTURE STEP COUNTER BAG OFFLOAD STATION",,"STEP_ALARM_CAPTURE[19]"
COMMENT,,STEP_ALARM_CAPTURE,"ALARM CAPTURE STEP COUNTER BARRIER LOAD STATION",,"STEP_ALARM_CAPTURE[20]"
COMMENT,,STEP_ALARM_CAPTURE,"ALARM CAPTURE STEP COUNTER BAG LOAD ROBOT (R1)",,"STEP_ALARM_CAPTURE[21]"
COMMENT,,STEP_ALARM_CAPTURE,"ALARM CAPTURE STEP COUNTER BARRIER LOAD/BAG OFFLOAD ROBOT (R2)",,"STEP_ALARM_CAPTURE[22]"
COMMENT,,STEP_ALARM_CAPTURE,"ALARM CAPTURE STEP COUNTER BARRIER LIGHT TABLE",,"STEP_ALARM_CAPTURE[23]"
TAG,,STEP_AUTO,"AUTO STEP COUNTER ARRAY","INT[30]","","(RADIX := Decimal)"
COMMENT,,STEP_AUTO,"AUTO STEP COUNTER$N1 PIECE BAG MACHINE",,"STEP_AUTO[0]"
COMMENT,,STEP_AUTO,"AUTO STEP COUNTER MAIN DIAL",,"STEP_AUTO[1]"
COMMENT,,STEP_AUTO,"AUTO STEP COUNTER BARRIER INFEED MAGAZINE",,"STEP_AUTO[2]"
COMMENT,,STEP_AUTO,"AUTO STEP COUNTER BARRIER INFEED ELEVATOR",,"STEP_AUTO[3]"
COMMENT,,STEP_AUTO,"AUTO STEP COUNTER BARRIER PRESS-N-CURE STATION",,"STEP_AUTO[4]"
COMMENT,,STEP_AUTO,"AUTO STEP COUNTER BARRIER PICK-N-PLACE/$NCORONA TREAT",,"STEP_AUTO[5]"
COMMENT,,STEP_AUTO,"AUTO STEP COUNTER $NFILTER PRESS ROUTINE$NBARRIER PRINTING STATION",,"STEP_AUTO[6]"
COMMENT,,STEP_AUTO,"AUTO STEP COUNTER INFEED CONVEYOR",,"STEP_AUTO[7]"
COMMENT,,STEP_AUTO,"AUTO STEP COUNTER$NGLUE PURGE$NGLUE STATION",,"STEP_AUTO[8]"
COMMENT,,STEP_AUTO,"AUTO STEP COUNTER OFFLOAD CONVEYOR",,"STEP_AUTO[9]"
COMMENT,,STEP_AUTO,"AUTO STEP COUNTER GLUE STATION",,"STEP_AUTO[10]"
COMMENT,,STEP_AUTO,"AUTO STEP COUNTER $NSAMPLE GLUE WEIGHT$NGLUE STATION",,"STEP_AUTO[11]"
COMMENT,,STEP_AUTO,"AUTO STEP COUNTER BAG LOAD STATION",,"STEP_AUTO[12]"
COMMENT,,STEP_AUTO,"AUTO STEP COUNTER BARRIER PREHEAT STATION 1",,"STEP_AUTO[13]"
COMMENT,,STEP_AUTO,"AUTO STEP COUNTER BARRIER PREHEAT STATION 2",,"STEP_AUTO[14]"
COMMENT,,STEP_AUTO,"AUTO STEP COUNTER BARRIER FORMING STATION",,"STEP_AUTO[15]"
COMMENT,,STEP_AUTO,"AUTO STEP COUNTER BARRIER PUNCH STATION",,"STEP_AUTO[16]"
COMMENT,,STEP_AUTO,"AUTO STEP COUNTER BARRIER PRINTING STATION",,"STEP_AUTO[17]"
COMMENT,,STEP_AUTO,"AUTO STEP COUNTER VISION INSPECTION STATION",,"STEP_AUTO[18]"
COMMENT,,STEP_AUTO,"AUTO STEP COUNTER BAG OFFLOAD STATION",,"STEP_AUTO[19]"
COMMENT,,STEP_AUTO,"AUTO STEP COUNTER BARRIER LOAD STATION",,"STEP_AUTO[20]"
COMMENT,,STEP_AUTO,"AUTO STEP COUNTER BAG LOAD ROBOT (R1)",,"STEP_AUTO[21]"
COMMENT,,STEP_AUTO,"AUTO STEP COUNTER BARRIER LOAD/BAG OFFLOAD ROBOT (R2)",,"STEP_AUTO[22]"
COMMENT,,STEP_AUTO,"AUTO STEP COUNTER BARRIER LIGHT TABLE",,"STEP_AUTO[23]"
COMMENT,,STEP_AUTO,"AUTO STEP COUNTER BARRIER PICK$NBARRIER PRESS-N-CURE$NSTATION",,"STEP_AUTO[24]"
COMMENT,,STEP_AUTO,"AUTO STEP COUNTER BAG CURE$NBARRIER PRESS-N-CURE$NSTATION",,"STEP_AUTO[25]"
COMMENT,,STEP_AUTO,"AUTO STEP COUNTER PRESS HEAD ROTATION$NBARRIER PRESS-N-CURE$NSTATION",,"STEP_AUTO[26]"
COMMENT,,STEP_AUTO,"AUTO STEP COUNTER $NIR VISION$NBAG LOAD ROBOT (R1)",,"STEP_AUTO[27]"
COMMENT,,STEP_AUTO,"RECIPE LOAD$NSTEP COUNTER$N1 PIECE BAG MACHINE",,"STEP_AUTO[28]"
COMMENT,,STEP_AUTO,"RECIPE SYNCHRONIZATION$NSTEP COUNTER$N1 PIECE BAG MACHINE",,"STEP_AUTO[29]"
TAG,,STEP_AUTO_RET_ESTOP,"AUTO STEP RET COUNTER ARRAY","INT[30]","","(RADIX := Decimal)"
COMMENT,,STEP_AUTO_RET_ESTOP,"AUTO STEP RET COUNTER$N1 PIECE BAG MACHINE",,"STEP_AUTO_RET_ESTOP[0]"
COMMENT,,STEP_AUTO_RET_ESTOP,"AUTO RET STEP COUNTER MAIN DIAL",,"STEP_AUTO_RET_ESTOP[1]"
COMMENT,,STEP_AUTO_RET_ESTOP,"AUTO RET STEP COUNTER BARRIER INFEED MAGAZINE",,"STEP_AUTO_RET_ESTOP[2]"
COMMENT,,STEP_AUTO_RET_ESTOP,"AUTO RET STEP COUNTER BARRIER INFEED ELEVATOR",,"STEP_AUTO_RET_ESTOP[3]"
COMMENT,,STEP_AUTO_RET_ESTOP,"AUTO RET STEP COUNTER BARRIER PRESS-N-CURE STATION",,"STEP_AUTO_RET_ESTOP[4]"
COMMENT,,STEP_AUTO_RET_ESTOP,"AUTO RET STEP COUNTER BARRIER PICK-N-PLACE/ $NCORONA TREAT",,"STEP_AUTO_RET_ESTOP[5]"
COMMENT,,STEP_AUTO_RET_ESTOP,"AUTO RET STEP COUNTER BARRIER CORONA TREAT",,"STEP_AUTO_RET_ESTOP[6]"
COMMENT,,STEP_AUTO_RET_ESTOP,"AUTO RET STEP COUNTER INFEED CONVEYOR",,"STEP_AUTO_RET_ESTOP[7]"
COMMENT,,STEP_AUTO_RET_ESTOP,"AUTO RET STEP COUNTER OFFLOAD CONVEYOR",,"STEP_AUTO_RET_ESTOP[9]"
COMMENT,,STEP_AUTO_RET_ESTOP,"AUTO RET STEP COUNTER$NGLUE STATION",,"STEP_AUTO_RET_ESTOP[10]"
COMMENT,,STEP_AUTO_RET_ESTOP,"AUTO RET STEP COUNTER$NSAMPLE GLUE WEIGHT$NGLUE STATION",,"STEP_AUTO_RET_ESTOP[11]"
COMMENT,,STEP_AUTO_RET_ESTOP,"AUTO RET STEP COUNTER BAG LOAD STATION",,"STEP_AUTO_RET_ESTOP[12]"
COMMENT,,STEP_AUTO_RET_ESTOP,"AUTO RET STEP COUNTER BARRIER PREHEAT STATION 1",,"STEP_AUTO_RET_ESTOP[13]"
COMMENT,,STEP_AUTO_RET_ESTOP,"AUTO RET STEP COUNTER BARRIER PREHEAT STATION 2",,"STEP_AUTO_RET_ESTOP[14]"
COMMENT,,STEP_AUTO_RET_ESTOP,"AUTO RET STEP COUNTER BARRIER FORMING STATION",,"STEP_AUTO_RET_ESTOP[15]"
COMMENT,,STEP_AUTO_RET_ESTOP,"AUTO RET STEP COUNTER BARRIER PUNCH STATION",,"STEP_AUTO_RET_ESTOP[16]"
COMMENT,,STEP_AUTO_RET_ESTOP,"AUTO RET STEP COUNTER BARRIER PRINTING STATION",,"STEP_AUTO_RET_ESTOP[17]"
COMMENT,,STEP_AUTO_RET_ESTOP,"AUTO RET STEP COUNTER VISION INSPECTION STATION",,"STEP_AUTO_RET_ESTOP[18]"
COMMENT,,STEP_AUTO_RET_ESTOP,"AUTO RET STEP COUNTER BAG OFFLOAD STATION",,"STEP_AUTO_RET_ESTOP[19]"
COMMENT,,STEP_AUTO_RET_ESTOP,"AUTO RET STEP COUNTER BARRIER LOAD STATION",,"STEP_AUTO_RET_ESTOP[20]"
COMMENT,,STEP_AUTO_RET_ESTOP,"AUTO RET STEP COUNTER $NBAG LOAD ROBOT (R1)",,"STEP_AUTO_RET_ESTOP[21]"
COMMENT,,STEP_AUTO_RET_ESTOP,"AUTO RET STEP COUNTER BARRIER LOAD/BAG OFFLOAD ROBOT (R2)",,"STEP_AUTO_RET_ESTOP[22]"
COMMENT,,STEP_AUTO_RET_ESTOP,"AUTO RET STEP COUNTER BARRIER LIGHT TABLE",,"STEP_AUTO_RET_ESTOP[23]"
COMMENT,,STEP_AUTO_RET_ESTOP,"AUTO RET STEP COUNTER BARRIER PICK$NBARRIER PRESS-N-CURE$NSTATION",,"STEP_AUTO_RET_ESTOP[24]"
COMMENT,,STEP_AUTO_RET_ESTOP,"AUTO RET STEP COUNTER BAG CURE$NBARRIER PRESS-N-CURE$NSTATION",,"STEP_AUTO_RET_ESTOP[25]"
COMMENT,,STEP_AUTO_RET_ESTOP,"AUTO RET STEP COUNTER PRESS HEAD ROTATION$NBARRIER PRESS-N-CURE$NSTATION",,"STEP_AUTO_RET_ESTOP[26]"
COMMENT,,STEP_AUTO_RET_ESTOP,"AUTO RET STEP COUNTER $NIR VISION$NBAG LOAD ROBOT (R1)",,"STEP_AUTO_RET_ESTOP[27]"
TAG,,STEP_ESTOP_RESET,"ESTOP RESET STEP COUNTER","INT[25]","","(RADIX := Decimal)"
COMMENT,,STEP_ESTOP_RESET,"ESTOP RESET$NSTEP COUNTER$N1 PIECE BAG MACHINE",,"STEP_ESTOP_RESET[0]"
COMMENT,,STEP_ESTOP_RESET,"ESTOP RESET STEP COUNTER MAIN DIAL",,"STEP_ESTOP_RESET[1]"
COMMENT,,STEP_ESTOP_RESET,"ESTOP RESET STEP COUNTER BARRIER INFEED MAGAZINE",,"STEP_ESTOP_RESET[2]"
COMMENT,,STEP_ESTOP_RESET,"ESTOP RESET STEP COUNTER BARRIER INFEED ELEVATOR",,"STEP_ESTOP_RESET[3]"
COMMENT,,STEP_ESTOP_RESET,"ESTOP RESET STEP COUNTER$N BARRIER PRESS-N-CURE STATION",,"STEP_ESTOP_RESET[4]"
COMMENT,,STEP_ESTOP_RESET,"ESTOP RESET STEP COUNTER$NBARRIER PICK-N-PLACE/$NCORONA TREAT",,"STEP_ESTOP_RESET[5]"
COMMENT,,STEP_ESTOP_RESET,"ESTOP RESET STEP COUNTER BARRIER CORONA TREAT",,"STEP_ESTOP_RESET[6]"
COMMENT,,STEP_ESTOP_RESET,"ESTOP RESET STEP COUNTER INFEED CONVEYOR",,"STEP_ESTOP_RESET[7]"
COMMENT,,STEP_ESTOP_RESET,"ESTOP RESET STEP COUNTER OFFLOAD CONVEYOR",,"STEP_ESTOP_RESET[9]"
COMMENT,,STEP_ESTOP_RESET,"ESTOP RESET STEP COUNTER$NBAG GLUE STATION",,"STEP_ESTOP_RESET[10]"
COMMENT,,STEP_ESTOP_RESET,"ESTOP RESET STEP COUNTER BAG LOAD STATION",,"STEP_ESTOP_RESET[12]"
COMMENT,,STEP_ESTOP_RESET,"ESTOP RESET STEP COUNTER BARRIER PREHEAT STATION 1",,"STEP_ESTOP_RESET[13]"
COMMENT,,STEP_ESTOP_RESET,"ESTOP RESET STEP COUNTER BARRIER PREHEAT STATION 2",,"STEP_ESTOP_RESET[14]"
COMMENT,,STEP_ESTOP_RESET,"ESTOP RESET STEP COUNTER BARRIER FORMING STATION",,"STEP_ESTOP_RESET[15]"
COMMENT,,STEP_ESTOP_RESET,"ESTOP RESET STEP COUNTER BARRIER PUNCH STATION",,"STEP_ESTOP_RESET[16]"
COMMENT,,STEP_ESTOP_RESET,"ESTOP RESET STEP COUNTER BARRIER PRINTING STATION",,"STEP_ESTOP_RESET[17]"
COMMENT,,STEP_ESTOP_RESET,"ESTOP RESET STEP COUNTER VISION INSPECTION STATION",,"STEP_ESTOP_RESET[18]"
COMMENT,,STEP_ESTOP_RESET,"ESTOP RESET STEP COUNTER BAG OFFLOAD STATION",,"STEP_ESTOP_RESET[19]"
COMMENT,,STEP_ESTOP_RESET,"ESTOP RESET STEP COUNTER BARRIER LOAD STATION",,"STEP_ESTOP_RESET[20]"
COMMENT,,STEP_ESTOP_RESET,"ESTOP RESET STEP COUNTER $NBAG LOAD ROBOT (R1)",,"STEP_ESTOP_RESET[21]"
COMMENT,,STEP_ESTOP_RESET,"ESTOP RESET STEP COUNTER$NBARRIER LOAD/BAG OFFLOAD ROBOT (R2)",,"STEP_ESTOP_RESET[22]"
COMMENT,,STEP_ESTOP_RESET,"ESTOP RESET STEP COUNTER BARRIER LIGHT TABLE",,"STEP_ESTOP_RESET[23]"
TAG,,STEP_HOME,"STEP HOME ARRAY","INT[25]","","(RADIX := Decimal)"
COMMENT,,STEP_HOME,"HOME STEP COUNTER$N1 PIECE BAG MACHINE",,"STEP_HOME[0]"
COMMENT,,STEP_HOME,"HOME STEP COUNTER MAIN DIAL",,"STEP_HOME[1]"
COMMENT,,STEP_HOME,"HOME STEP COUNTER BARRIER INFEED MAGAZINE",,"STEP_HOME[2]"
COMMENT,,STEP_HOME,"HOME STEP COUNTER BARRIER INFEED ELEVATOR",,"STEP_HOME[3]"
COMMENT,,STEP_HOME,"HOME STEP COUNTER BARRIER PRESS-N-CURE$NSTATION",,"STEP_HOME[4]"
COMMENT,,STEP_HOME,"HOME STEP COUNTER BARRIER PICK-N-PLACE/ $NCORONA TREAT",,"STEP_HOME[5]"
COMMENT,,STEP_HOME,"HOME STEP COUNTER INFEED CONVEYOR",,"STEP_HOME[7]"
COMMENT,,STEP_HOME,"HOME STEP COUNTER OFFLOAD CONVEYOR",,"STEP_HOME[9]"
COMMENT,,STEP_HOME,"HOME STEP COUNTER GLUE STATION",,"STEP_HOME[10]"
COMMENT,,STEP_HOME,"HOME STEP COUNTER BAG LOAD STATION",,"STEP_HOME[12]"
COMMENT,,STEP_HOME,"HOME STEP COUNTER BARRIER PREHEAT STATION 1",,"STEP_HOME[13]"
COMMENT,,STEP_HOME,"HOME STEP COUNTER BARRIER PREHEAT STATION 2",,"STEP_HOME[14]"
COMMENT,,STEP_HOME,"HOME STEP COUNTER BARRIER FORMING STATION",,"STEP_HOME[15]"
COMMENT,,STEP_HOME,"HOME STEP COUNTER BARRIER PUNCH STATION",,"STEP_HOME[16]"
COMMENT,,STEP_HOME,"HOME STEP COUNTER BARRIER PRINTING STATION",,"STEP_HOME[17]"
COMMENT,,STEP_HOME,"HOME STEP COUNTER VISION INSPECTION STATION",,"STEP_HOME[18]"
COMMENT,,STEP_HOME,"HOME STEP COUNTER BAG OFFLOAD STATION",,"STEP_HOME[19]"
COMMENT,,STEP_HOME,"HOME STEP COUNTER BARRIER LOAD STATION",,"STEP_HOME[20]"
COMMENT,,STEP_HOME,"HOME STEP COUNTER BAG LOAD ROBOT (R1)",,"STEP_HOME[21]"
COMMENT,,STEP_HOME,"HOME STEP COUNTER BARRIER LOAD/BAG OFFLOAD ROBOT (R2)",,"STEP_HOME[22]"
TAG,,STEP_HOMING,"STEP HOMING ARRAY","INT[15]","","(RADIX := Decimal)"
COMMENT,,STEP_HOMING,"ROLLOVER STEP COUNTER MAIN DIAL",,"STEP_HOMING[0]"
COMMENT,,STEP_HOMING,"HOMING STEP COUNTER MAIN DIAL",,"STEP_HOMING[1]"
COMMENT,,STEP_HOMING,"HOMING STEP COUNTER BARRIER INFEED MAGAZINE",,"STEP_HOMING[2]"
COMMENT,,STEP_HOMING,"HOMING STEP COUNTER BARRIER INFEED ELEVATOR",,"STEP_HOMING[3]"
COMMENT,,STEP_HOMING,"HOMING STEP COUNTER BARRIER PRESS-N-CURE$NSTATION",,"STEP_HOMING[4]"
COMMENT,,STEP_HOMING,"HOMING STEP COUNTER BARRIER PICK-N-PLACE/CORONA TREAT",,"STEP_HOMING[5]"
COMMENT,,STEP_HOMING,"HOMING STEP COUNTER $NX-AXIS$NGLUE STATION",,"STEP_HOMING[10]"
COMMENT,,STEP_HOMING,"HOMING STEP COUNTER $NY-AXIS$NGLUE STATION",,"STEP_HOMING[11]"
TAG,,STEP_POS_MONITOR,"POSITION MONITOR STEP COUNTER ARRAY","INT[15]","","(RADIX := Decimal)"
COMMENT,,STEP_POS_MONITOR,"POSITION MONITOR STEP COUNTER$N1 PIECE BAG MACHINE",,"STEP_POS_MONITOR[0]"
COMMENT,,STEP_POS_MONITOR,"POSITION MONITOR STEP COUNTER $NMAIN DIAL",,"STEP_POS_MONITOR[1]"
COMMENT,,STEP_POS_MONITOR,"POSITION MONITOR STEP COUNTER BARRIER INFEED MAGAZINE",,"STEP_POS_MONITOR[2]"
COMMENT,,STEP_POS_MONITOR,"POSITION MONITOR STEP COUNTER BARRIER INFEED ELEVATOR",,"STEP_POS_MONITOR[3]"
COMMENT,,STEP_POS_MONITOR,"POSITION MONITOR STEP COUNTER BARRIER PRESS-N-CURE STATION",,"STEP_POS_MONITOR[4]"
COMMENT,,STEP_POS_MONITOR,"POSITION MONITOR STEP COUNTER BARRIER PICK-N-PLACE/CORONA TREAT",,"STEP_POS_MONITOR[5]"
COMMENT,,STEP_POS_MONITOR,"POSITION MONITOR STEP COUNTER BARRIER CORONA TREAT",,"STEP_POS_MONITOR[6]"
COMMENT,,STEP_POS_MONITOR,"POSITION MONITOR STEP COUNTER OFFLOAD CONVEYOR",,"STEP_POS_MONITOR[9]"
COMMENT,,STEP_POS_MONITOR,"POSITION MONITOR STEP COUNTER GLUE STATION",,"STEP_POS_MONITOR[10]"
COMMENT,,STEP_POS_MONITOR,"X",,"STEP_POS_MONITOR[11]"
COMMENT,,STEP_POS_MONITOR,"X",,"STEP_POS_MONITOR[12]"
COMMENT,,STEP_POS_MONITOR,"X",,"STEP_POS_MONITOR[13]"
TAG,,VISION_BYPASS_PB,"HMI PUSH BUTTON$NBYPASS$NVISION INSPECTION STATION","BOOL","","(RADIX := Decimal)"
TAG,,VISION_CTR_REJECT_CYCLE,"HMI ANIMATION$NREJECT CYCLE$NVISION INSPECTION STATION$N0=GREEN$N1=YELLOW$N2=RED","INT","","(RADIX := Decimal)"
ALIAS,,VISION_DATA_BAG_LOADED,"ALIAS HMI ANIMATION$NBAG LOADED$NMAIN DIAL PART DATA STREAM$NVISION INSPECTION STATION","","MAIN_DIAL_DATA[11].BAG_LOADED","(RADIX := Decimal)"
ALIAS,,VISION_DATA_BAG_REJECT,"ALIAS HMI ANIMATION$NBAG REJECTED$NMAIN DIAL PART DATA STREAM$NVISION INSPECTION STATION","","MAIN_DIAL_DATA[11].BAG_REJECT","(RADIX := Decimal)"
ALIAS,,VISION_DATA_BAR_LOADED,"ALIAS HMI ANIMATION$NBARRIER LOADED$NMAIN DIAL PART DATA STREAM$NVISION INSPECTION STATION","","MAIN_DIAL_DATA[11].BARRIER_LOADED","(RADIX := Decimal)"
ALIAS,,VISION_DATA_BAR_REJECT,"ALIAS HMI ANIMATION$NBARRIER REJECTED$NMAIN DIAL PART DATA STREAM$NVISION INSPECTION STATION","","MAIN_DIAL_DATA[11].BARRIER_REJECT","(RADIX := Decimal)"
ALIAS,,VISION_DATA_CLEAR_PB,"HMI PUSH BUTTON$NCLEAR DATA REQUEST$NVISION INSPECTION STATION","","MAIN_DIAL_DATA_CLEAR_REQ_ARRAY.11","(RADIX := Decimal)"
ALIAS,,VISION_DATA_EMPTY_LAST_BAG,"ALIAS HMI ANIMATION$NLAST BAG REQUEST FOR CELL EMPTY$NMAIN DIAL PART DATA STREAM$NVISION INSPECTION STATION","","MAIN_DIAL_DATA[11].CELL_EMPTY_LAST_BAG","(RADIX := Decimal)"
ALIAS,,VISION_DATA_FORMING_COMPLETE,"ALIAS HMI ANIMATION$NFORMING STATION COMPLETE$NMAIN DIAL PART DATA STREAM$NVISION INSPECTION STATION","","MAIN_DIAL_DATA[11].FORMING_COMPLETE","(RADIX := Decimal)"
ALIAS,,VISION_DATA_FORMING_PRESS_OK,"ALIAS HMI ANIMATION$NFORMING STATION PRESSURE OK$NMAIN DIAL PART DATA STREAM$NVISION INSPECTION STATION","","MAIN_DIAL_DATA[11].FORMING_PRESSURE_OK","(RADIX := Decimal)"
ALIAS,,VISION_DATA_FORMING_STARTED,"ALIAS HMI ANIMATION$NFORMING STATION STARTED$NMAIN DIAL PART DATA STREAM$NVISION INSPECTION STATION","","MAIN_DIAL_DATA[11].FORMING_STARTED","(RADIX := Decimal)"
ALIAS,,VISION_DATA_GLUE_COMPLETE,"ALIAS HMI ANIMATION$NBAG GLUE STATION COMPLETED$NMAIN DIAL PART DATA STREAM$NVISION INSPECTION STATION","","MAIN_DIAL_DATA[11].BAG_GLUE_COMPLETE","(RADIX := Decimal)"
ALIAS,,VISION_DATA_GLUE_OPEN_REJECT,"ALIAS HMI ANIMATION$NBAG GLUE STATION OPEN TIME REJECT$NMAIN DIAL PART DATA STREAM$NVISION INSPECTION STATION","","MAIN_DIAL_DATA[11].BAG_GLUE_OPEN_TIME_REJECT","(RADIX := Decimal)"
ALIAS,,VISION_DATA_GLUE_PRESS_OK,"ALIAS HMI ANIMATION$NBAG GLUE STATION PRESSURE OK$NMAIN DIAL PART DATA STREAM$NVISION INSPECTION STATION","","MAIN_DIAL_DATA[11].BAG_GLUE_PRESSURE_OK","(RADIX := Decimal)"
ALIAS,,VISION_DATA_GLUE_STARTED,"ALIAS HMI ANIMATION$NBAG GLUE STATION STARTED$NMAIN DIAL PART DATA STREAM$NVISION INSPECTION STATION","","MAIN_DIAL_DATA[11].BAG_GLUE_STARTED","(RADIX := Decimal)"
ALIAS,,VISION_DATA_PNC_COMPLETE,"ALIAS HMI ANIMATION$NPRESS-N-CURE STATION COMPLETED$NMAIN DIAL PART DATA STREAM$NVISION INSPECTION STATION","","MAIN_DIAL_DATA[11].BAG_CURE_COMPLETE","(RADIX := Decimal)"
ALIAS,,VISION_DATA_PNC_PRESS_OK,"ALIAS HMI ANIMATION$NPRESS-N-CURE STATION PRESSURE OK$NMAIN DIAL PART DATA STREAM$NVISION INSPECTION STATION","","MAIN_DIAL_DATA[11].BAG_CURE_PRESSURE_OK","(RADIX := Decimal)"
ALIAS,,VISION_DATA_PNC_STARTED,"ALIAS HMI ANIMATION$NPRESS-N-CURE STATION STARTED$NMAIN DIAL PART DATA STREAM$NVISION INSPECTION STATION","","MAIN_DIAL_DATA[11].BAG_CURE_STARTED","(RADIX := Decimal)"
ALIAS,,VISION_DATA_POS_BAG_REJECT,"ALIAS HMI ANIMATION$NPOSITION BAG WAS REJECTED$NMAIN DIAL PART DATA STREAM$NVISION INSPECTION STATION","","MAIN_DIAL_DATA[11].STATION_POS_REJECT_BAG","(RADIX := Decimal)"
ALIAS,,VISION_DATA_POS_BAR_REJECT,"ALIAS HMI ANIMATION$NPOSITION BARRIER WAS REJECTED$NMAIN DIAL PART DATA STREAM$NVISION INSPECTION STATION","","MAIN_DIAL_DATA[11].STATION_POS_REJECT_BARRIER","(RADIX := Decimal)"
ALIAS,,VISION_DATA_PREHEAT1_COMPLETE,"ALIAS HMI ANIMATION$NPREHEAT STATION 1 COMPLETE$NMAIN DIAL PART DATA STREAM$NVISION INSPECTION STATION","","MAIN_DIAL_DATA[11].PREHEAT1_COMPLETE","(RADIX := Decimal)"
ALIAS,,VISION_DATA_PREHEAT1_LOW_TEMP_OK,"ALIAS HMI ANIMATION$NPREHEAT STATION 1 LOWER TEMP OK$NMAIN DIAL PART DATA STREAM$NVISION INSPECTION STATION","","MAIN_DIAL_DATA[11].PREHEAT1_LOW_TEMP_OK","(RADIX := Decimal)"
ALIAS,,VISION_DATA_PREHEAT1_UP_TEMP_OK,"ALIAS HMI ANIMATION$NPREHEAT STATION 1 UPPER TEMP OK$NMAIN DIAL PART DATA STREAM$NVISION INSPECTION STATION","","MAIN_DIAL_DATA[11].PREHEAT1_UP_TEMP_OK","(RADIX := Decimal)"
ALIAS,,VISION_DATA_PREHEAT2_COMPLETE,"ALIAS HMI ANIMATION$NPREHEAT STATION 2 COMPLETE$NMAIN DIAL PART DATA STREAM$NVISION INSPECTION STATION","","MAIN_DIAL_DATA[11].PREHEAT2_COMPLETE","(RADIX := Decimal)"
ALIAS,,VISION_DATA_PREHEAT2_LOW_TEMP_OK,"ALIAS HMI ANIMATION$NPREHEAT STATION 2 LOWER TEMP OK$NMAIN DIAL PART DATA STREAM$NVISION INSPECTION STATION","","MAIN_DIAL_DATA[11].PREHEAT2_LOW_TEMP_OK","(RADIX := Decimal)"
ALIAS,,VISION_DATA_PREHEAT2_UP_TEMP_OK,"ALIAS HMI ANIMATION$NPREHEAT STATION 2 UPPER TEMP OK$NMAIN DIAL PART DATA STREAM$NVISION INSPECTION STATION","","MAIN_DIAL_DATA[11].PREHEAT2_UP_TEMP_OK","(RADIX := Decimal)"
ALIAS,,VISION_DATA_PRINT_COMPLETE,"ALIAS HMI ANIMATION$NPRINTING STATION COMPLETED$NMAIN DIAL PART DATA STREAM$NVISION INSPECTION STATION","","MAIN_DIAL_DATA[11].PRINT_COMPLETE","(RADIX := Decimal)"
ALIAS,,VISION_DATA_PRINT_REQUIRED,"ALIAS HMI ANIMATION$NPRINTING REQUIRED$NMAIN DIAL PART DATA STREAM$NVISION INSPECTION STATION","","MAIN_DIAL_DATA[11].PRINT_REQUIRED","(RADIX := Decimal)"
ALIAS,,VISION_DATA_PRINT_STARTED,"ALIAS HMI ANIMATION$NPRINTING STATION STARTED$NMAIN DIAL PART DATA STREAM$NVISION INSPECTION STATION","","MAIN_DIAL_DATA[11].PRINT_STARTED","(RADIX := Decimal)"
ALIAS,,VISION_DATA_PUNCH_COMPLETE,"ALIAS HMI ANIMATION$NPUNCH STATION COMPLETED$NMAIN DIAL PART DATA STREAM$NVISION INSPECTION STATION","","MAIN_DIAL_DATA[11].PUNCH_COMPLETE","(RADIX := Decimal)"
ALIAS,,VISION_DATA_PUNCH_STARTED,"ALIAS HMI ANIMATION$NPUNCH STATION STARTED$NMAIN DIAL PART DATA STREAM$NVISION INSPECTION STATION","","MAIN_DIAL_DATA[11].PUNCH_STARTED","(RADIX := Decimal)"
ALIAS,,VISION_DATA_VISION_COMPLETE,"ALIAS HMI ANIMATION$NVISION INSPECTION STATION COMPLETED$NMAIN DIAL PART DATA STREAM$NVISION INSPECTION STATION","","MAIN_DIAL_DATA[11].VISION_COMPLETE","(RADIX := Decimal)"
TAG,,VISION_ETHERNET_COMMS_OK,"CAMERA COMMS OK$NVISION INSPECTION STATION","BOOL","","(RADIX := Decimal)"
TAG,,VISION_INDEX_DIAL_REQ,"INDEX REQUEST$NFROM VISION INSPECTION STATION$N TO MAIN DIAL","BOOL","","(RADIX := Decimal)"
ALIAS,,VISION_ONLINE,"ALIAS HMI ANIMATION$NCAMER ONLINE$NVISION INSPECTION STATION","","VISION:I.Status.Online","(RADIX := Decimal)"
TAG,,VISION_PROCESS_DONE,"CYCLE DONE$NFROM VISION INSPECTION STATION TO MAIN DIAL","BOOL","","(RADIX := Decimal)"
TAG,,VISION_REJECT_CNT,"FAILURE COUNT FOR $NVISION INSPECTION STATION","COUNTER","",""
TAG,,VISION_REQ_PB,"HMI PUSH BUTTON$NREQUEST VISION INSPECTION$NVISION INSPECTION STATION","BOOL","","(RADIX := Decimal)"
TAG,,VISION_SCREEN_PB,"HMI PUSH BUTTON$NGOTO VISION INSPECTION STATION SCREEN","BOOL","","(RADIX := Decimal)"
TAG,,GLUE_AXIS,"","MOTION_GROUP","","(GroupType := Warning Enabled, CoarseUpdatePeriod := 2000, PhaseShift := 0, GeneralFaultType := Non Major Fault, AutoTagUpdate := Enabled)"
TAG,,GLUE_X,"X-AXIS SERVO CONTROL$NBAG GLUE STATION","AXIS_SERVO_DRIVE","","(MotionGroup := ""GLUE_AXIS"", MotionModule := ""GLUE_X_DRV10:Ch1"", RotationalPosResolution := 1000000, ConversionConstant := 100000.0, OutputCamExecutionTargets := 0, AxisState := Axis-Ready, PositionUnits := ""MM"", AverageVelocityTimebase := 0.25, RotaryAxis := Linear, PositionUnwind := 200000, HomeMode := Active, HomeDirection := Bi-directional Reverse, HomeSequence := Switch, HomeConfigurationBits := 16#0000_0000, HomePosition := 0.0, HomeOffset := 2.0, HomeSpeed := 10.0, HomeReturnSpeed := 20.0, MaximumSpeed := 972.0, MaximumAcceleration := 53900.0, MaximumDeceleration := 53900.0, ProgrammedStopMode := Fast Stop, MasterInputConfigurationBits := 1, MasterPositionFilterBandwidth := 0.1, AxisType := Servo, ServoLoopConfiguration := Position Servo, FaultConfigurationBits := 0, AxisInfoSelect1 := Position Feedback, AxisInfoSelect2 := Torque Feedback, VelocityFeedforwardGain := 0.0, AccelerationFeedforwardGain := 0.0, PositionProportionalGain := 99.6655, PositionIntegralGain := 0.0, VelocityProportionalGain := 255.14369, VelocityIntegralGain := 0.0, TorqueScaling := 3.42993485e-003, OutputLPFilterBandwidth := 0.0, IntegratorHoldEnable := Enabled, MaximumPositiveTravel := 0.0, MaximumNegativeTravel := 0.0, PositionErrorTolerance := 20.067127, PositionLockTolerance := 0.05, VelocityOffset := 0.0, TorqueOffset := 0.0, FrictionCompensation := 0.0, FrictionCompensationWindow := 0.0, BacklashStabilizationWindow := 0, BacklashReversalOffset := 0.0, HardOvertravelFaultAction := Disable Drive, SoftOvertravelFaultAction := Disable Drive, PositionErrorFaultAction := Disable Drive, FeedbackFaultAction := Disable Drive, FeedbackNoiseFaultAction := Disable Drive, TestIncrement := 5.0, TuningTravelLimit := 10.0, TuningSpeed := 50.0, TuningTorque := 100.0, DampingFactor := 0.8, DriveModelTimeConstant := 0.001531, PositionServoBandwidth := 15.862256, VelocityServoBandwidth := 40.60738, TuningConfigurationBits := 16#0000_0000, TorqueLimitSource := Not Limited, DriveUnit := Motor Rev, PositionDataScaling := 10, PositionDataScalingFactor := 1, PositionDataScalingExp := 0, VelocityDataScaling := 2, VelocityDataScalingFactor := 1, VelocityDataScalingExp := 0, AccelerationDataScaling := 2, AccelerationDataScalingFactor := 1, AccelerationDataScalingExp := 0, TorqueDataScaling := 0, TorqueDataScalingFactor := 1, TorqueDataScalingExp := 0, DrivePolarity := Negative, MotorFeedbackType := ""TTL with Hall"", MotorFeedbackResolution := 2000, AuxFeedbackType := ""<NA>"", AuxFeedbackResolution := 4000, MotorFeedbackUnit := Rev, AuxFeedbackUnit := Rev, OutputNotchFilterFrequency := 0.0, VelocityDroop := 0.0, VelocityLimitBipolar := 1000.00006, AccelerationLimitBipolar := 110924.18, TorqueLimitBipolar := 190.23135, VelocityLimitPositive := 1000.00006, VelocityLimitNegative := -1000.00006, VelocityThreshold := 0.0, VelocityWindow := 1.0, VelocityStandstillWindow := 1.0, AccelerationLimitPositive := 110924.18, AccelerationLimitNegative := -110924.18, TorqueLimitPositive := 190.23135, TorqueLimitNegative := -190.23135, TorqueThreshold := 0.0, DriveThermalFaultAction := Disable Drive, MotorThermalFaultAction := Disable Drive, DriveEnableInputFaultAction := Disable Drive, StoppingTorque := 190.23135, StoppingTimeLimit := 10.0, BrakeEngageDelayTime := 0.0, BrakeReleaseDelayTime := 0.0, PowerSupplyID := ""2094-AC05-MP5"", BusRegulatorID := ""<none>"", PWMFrequencySelect := High Frequency, LoadInertiaRatio := 1.0878055, AmplifierCatalogNumber := ""2094-AC05-MP5"", MotorCatalogNumber := ""TL-A230P-Hxx2"", AuxFeedbackRatio := 1.0, ContinuousTorqueLimit := 100.0, ResistiveBrakeContactDelay := 0.0, MaximumAccelerationJerk := 2988899.3, MaximumDecelerationJerk := 2988899.3, DynamicsConfigurationBits := 7, PhaseLossFaultAction := Shutdown, HomeTorqueLevel := 20.0, InputPowerPhase := Three-Phase)"
COMMENT,,GLUE_X,"X-AXIS FAULT$NBAG GLUE STATION",,"GLUE_X.PHYSICALAXISFAULT"
COMMENT,,GLUE_X,"X-AXIS ENABLED$NBAG GLUE STATION",,"GLUE_X.DRIVEENABLESTATUS"
COMMENT,,GLUE_X,"X-AXIS IS SHUTDOWN$NBAG GLUE STATION",,"GLUE_X.SHUTDOWNSTATUS"
COMMENT,,GLUE_X,"X-AXIS IS HOMING$NBAG GLUE STATION",,"GLUE_X.HOMINGSTATUS"
COMMENT,,GLUE_X,"X-AXIS HOMED$NBAG GLUE STATION",,"GLUE_X.AXISHOMEDSTATUS"
COMMENT,,GLUE_X,"X-AXIS HOME SWITCH$NBAG GLUE STATION",,"GLUE_X.HOMEINPUTSTATUS"
TAG,,GLUE_X_Y,"VIRTUAL X-AXIS AND Y-AXIS SERVO CONTROL$NBAG GLUE STATION","AXIS_VIRTUAL","","(MotionGroup := ""GLUE_AXIS"", ConversionConstant := 100.0, OutputCamExecutionTargets := 0, AxisState := Axis-Ready, PositionUnits := ""DEGREES"", AverageVelocityTimebase := 0.25, RotaryAxis := Rotary, PositionUnwind := 360000, HomeMode := Active, HomeDirection := Bi-directional Forward, HomeSequence := Immediate, HomeConfigurationBits := 16#0000_0000, HomePosition := 0.0, HomeOffset := 0.0, MaximumSpeed := 550.0, MaximumAcceleration := 30300.0, MaximumDeceleration := 30300.0, ProgrammedStopMode := Fast Stop, MasterInputConfigurationBits := 1, MasterPositionFilterBandwidth := 0.1, MaximumAccelerationJerk := 4876841.5, MaximumDecelerationJerk := 4876841.5, DynamicsConfigurationBits := 7)"
COMMENT,,GLUE_X_Y,"COORDINATED AXIS$NACTUAL POSITION$NBAG GLUE STATION",,"GLUE_X_Y.ACTUALPOSITION"
TAG,,GLUE_Y,"Y-AXIS SERVO CONTROL$NBAG GLUE STATION","AXIS_SERVO_DRIVE","","(MotionGroup := ""GLUE_AXIS"", MotionModule := ""GLUE_Y_DRV11:Ch2"", RotationalPosResolution := 1000000, ConversionConstant := 100000.0, OutputCamExecutionTargets := 0, AxisState := Axis-Ready, PositionUnits := ""MM"", AverageVelocityTimebase := 0.25, RotaryAxis := Linear, PositionUnwind := 200000, HomeMode := Active, HomeDirection := Bi-directional Reverse, HomeSequence := Switch, HomeConfigurationBits := 16#0000_0000, HomePosition := 0.0, HomeOffset := 2.0, HomeSpeed := 10.0, HomeReturnSpeed := 20.0, MaximumSpeed := 972.0, MaximumAcceleration := 53900.0, MaximumDeceleration := 53900.0, ProgrammedStopMode := Fast Stop, MasterInputConfigurationBits := 1, MasterPositionFilterBandwidth := 0.1, AxisType := Servo, ServoLoopConfiguration := Position Servo, FaultConfigurationBits := 0, AxisInfoSelect1 := Position Feedback, AxisInfoSelect2 := Torque Feedback, VelocityFeedforwardGain := 0.0, AccelerationFeedforwardGain := 0.0, PositionProportionalGain := 99.6655, PositionIntegralGain := 0.0, VelocityProportionalGain := 255.14369, VelocityIntegralGain := 0.0, TorqueScaling := 1.64284208e-003, OutputLPFilterBandwidth := 0.0, IntegratorHoldEnable := Enabled, MaximumPositiveTravel := 0.0, MaximumNegativeTravel := 0.0, PositionErrorTolerance := 20.067127, PositionLockTolerance := 0.05, VelocityOffset := 0.0, TorqueOffset := 0.0, FrictionCompensation := 0.0, FrictionCompensationWindow := 0.0, BacklashStabilizationWindow := 0, BacklashReversalOffset := 0.0, HardOvertravelFaultAction := Disable Drive, SoftOvertravelFaultAction := Disable Drive, PositionErrorFaultAction := Disable Drive, FeedbackFaultAction := Disable Drive, FeedbackNoiseFaultAction := Disable Drive, TestIncrement := 5.0, TuningTravelLimit := 10.0, TuningSpeed := 100.0, TuningTorque := 100.0, DampingFactor := 0.8, DriveModelTimeConstant := 0.001531, PositionServoBandwidth := 15.862256, VelocityServoBandwidth := 40.60738, TuningConfigurationBits := 16#0000_0000, TorqueLimitSource := Not Limited, DriveUnit := Motor Rev, PositionDataScaling := 10, PositionDataScalingFactor := 1, PositionDataScalingExp := 0, VelocityDataScaling := 2, VelocityDataScalingFactor := 1, VelocityDataScalingExp := 0, AccelerationDataScaling := 2, AccelerationDataScalingFactor := 1, AccelerationDataScalingExp := 0, TorqueDataScaling := 0, TorqueDataScalingFactor := 1, TorqueDataScalingExp := 0, DrivePolarity := Negative, MotorFeedbackType := ""TTL with Hall"", MotorFeedbackResolution := 2000, AuxFeedbackType := ""<NA>"", AuxFeedbackResolution := 4000, MotorFeedbackUnit := Rev, AuxFeedbackUnit := Rev, OutputNotchFilterFrequency := 0.0, VelocityDroop := 0.0, VelocityLimitBipolar := 1000.00006, AccelerationLimitBipolar := 231588.11, TorqueLimitBipolar := 190.23135, VelocityLimitPositive := 1000.00006, VelocityLimitNegative := -1000.00006, VelocityThreshold := 0.0, VelocityWindow := 1.0, VelocityStandstillWindow := 1.0, AccelerationLimitPositive := 231588.11, AccelerationLimitNegative := -231588.11, TorqueLimitPositive := 190.23135, TorqueLimitNegative := -190.23135, TorqueThreshold := 0.0, DriveThermalFaultAction := Disable Drive, MotorThermalFaultAction := Disable Drive, DriveEnableInputFaultAction := Disable Drive, StoppingTorque := 190.23135, StoppingTimeLimit := 10.0, BrakeEngageDelayTime := 0.0, BrakeReleaseDelayTime := 0.0, PowerSupplyID := ""2094-AMP5"", BusRegulatorID := ""<none>"", PWMFrequencySelect := High Frequency, LoadInertiaRatio := 0.0, AmplifierCatalogNumber := ""2094-AMP5"", MotorCatalogNumber := ""TLY-A230T-Hxx2"", AuxFeedbackRatio := 1.0, ContinuousTorqueLimit := 100.0, ResistiveBrakeContactDelay := 0.0, MaximumAccelerationJerk := 8732274.0, MaximumDecelerationJerk := 8732274.0, DynamicsConfigurationBits := 7, PhaseLossFaultAction := Shutdown, HomeTorqueLevel := 20.0, InputPowerPhase := Three-Phase)"
COMMENT,,GLUE_Y,"Y-AXIS FAULT$NBAG GLUE STATION",,"GLUE_Y.PHYSICALAXISFAULT"
COMMENT,,GLUE_Y,"Y-AXIS ENABLE$NBAG GLUE STATION",,"GLUE_Y.DRIVEENABLESTATUS"
COMMENT,,GLUE_Y,"Y-AXIS IS SHUTDOWN$NBAG GLUE STATION",,"GLUE_Y.SHUTDOWNSTATUS"
COMMENT,,GLUE_Y,"Y-AXIS IS HOMING$NBAG GLUE STATION",,"GLUE_Y.HOMINGSTATUS"
COMMENT,,GLUE_Y,"Y-AXIS HOMED$NBAG GLUE STATION",,"GLUE_Y.AXISHOMEDSTATUS"
COMMENT,,GLUE_Y,"Y-AXIS ACTUAL POSITION$NBAG GLUE STATION",,"GLUE_Y.ACTUALPOSITION"
COMMENT,,GLUE_Y,"Y-AXIS HOME SWITCH$NBAG GLUE STATION",,"GLUE_Y.HOMEINPUTSTATUS"
TAG,,ELEVATOR_DRIVE_INDEX_MSG,"SETS THE DRIVE TO INDEX MODE$NBARRIER INFEED ELEVATOR","MESSAGE","","(MessageType := CIP Generic, RequestedLength := 4, ConnectedFlag := 2, ConnectionPath := ""ETH01_IO, 2, 10.3.110.224"", CommTypeCode := 0, ServiceCode := 16#0010, ObjectType := 16#0374, TargetObject := 266, AttributeNumber := 16#0000, LocalIndex := 0, LocalElement := ""INDEX_MODE_VALUE"")"
TAG,,ELEVATOR_UNLOCK_BRAKE_MSG,"TURN ON AND OFF  BRAKE$NBARRIER INFEED ELEVATOR","MESSAGE","","(MessageType := CIP Generic, RequestedLength := 4, ConnectedFlag := 2, ConnectionPath := ""ETH01_IO, 2, 10.3.110.224"", CommTypeCode := 0, ServiceCode := 16#0010, ObjectType := 16#0374, TargetObject := 66, AttributeNumber := 16#0000, LocalIndex := 0, LocalElement := ""ELEVATOR_BRAKE"")"
TAG,,FORMING_ANALOG_MODULE_SETUP_MSG,"SETS MODULE INPUT/OUTPUT RANGE $NBARRIER FORMING PRESSURE ANALOG MODULE$N","MESSAGE","","(MessageType := CIP Generic, RequestedLength := 1, ConnectedFlag := 2, ConnectionPath := ""MAN01"", CommTypeCode := 0, ServiceCode := 16#0010, ObjectType := 16#008a, TargetObject := 1, AttributeNumber := 16#0066, LocalIndex := 0, LocalElement := ""FORMING_ANALOG_SETUP_SOURCE_ELEMENT"")"
TAG,,GLUE_ANALOG_MODULE_SETUP_MSG,"SETS MODULE INPUT/OUTPUT RANGE $NGLUE MELTER INPUT PRESSURE ANALOG MODULE$NBAG GLUE STATION","MESSAGE","","(MessageType := CIP Generic, RequestedLength := 1, ConnectedFlag := 2, ConnectionPath := ""MAN01"", CommTypeCode := 0, ServiceCode := 16#0010, ObjectType := 16#008a, TargetObject := 1, AttributeNumber := 16#0067, LocalIndex := 0, LocalElement := ""GLUE_ANALOG_SETUP_SOURCE_ELEMENT"")"
TAG,,MAGAZINE_DRIVE_INDEX_MSG,"SET DRIVE TO INDEX MODE$NBARRIER INFEED MAGAZINE","MESSAGE","","(MessageType := CIP Generic, RequestedLength := 4, ConnectedFlag := 2, ConnectionPath := ""ETH01_IO, 2, 10.3.110.225"", CommTypeCode := 0, ServiceCode := 16#0010, ObjectType := 16#0374, TargetObject := 266, AttributeNumber := 16#0000, LocalIndex := 0, LocalElement := ""INDEX_MODE_VALUE"")"
TAG,,MAGAZINE_UNLOCK_BRAKE_MSG,"TURN ON AND OFF  BRAKE$NBARRIER INFEED MAGAZINE","MESSAGE","","(MessageType := CIP Generic, RequestedLength := 1, ConnectedFlag := 2, ConnectionPath := ""ETH01_IO, 2, 10.3.110.225"", CommTypeCode := 0, ServiceCode := 16#0010, ObjectType := 16#0374, TargetObject := 66, AttributeNumber := 16#0000, LocalIndex := 0, LocalElement := ""MAGAZINE_BRAKE"")"
TAG,,MAGAZINE_WRITE_ASSY_INDX_5,"WRITE DRIVE PARAMETERS$NBARRIER INFEED MAGAZINE","MESSAGE","","(MessageType := CIP Generic, RequestedLength := 48, ConnectedFlag := 2, ConnectionPath := ""ETH01_IO, 2, 10.3.110.225"", CommTypeCode := 0, ServiceCode := 16#0010, ObjectType := 16#0004, TargetObject := 115, AttributeNumber := 16#0003, LocalIndex := 0, LocalElement := ""MAGAZINE_PLACE_HOLDER_INDX_5"")"
TAG,,MAIN_DIAL_DRIVE_INDEX_MSG,"SETS THE DRIVE TO INDEX MODE$NMAIN DIAL","MESSAGE","","(MessageType := CIP Generic, RequestedLength := 4, ConnectedFlag := 2, ConnectionPath := ""ETH01_IO, 2, 10.3.110.226"", CommTypeCode := 0, ServiceCode := 16#0010, ObjectType := 16#0374, TargetObject := 266, AttributeNumber := 16#0000, LocalIndex := 0, LocalElement := ""INDEX_MODE_VALUE"")"
TAG,,MAIN_DIAL_WRITE_ASSY_INDX_5_AUTO,"WRITE DRIVE PARAMETERS DURING AUTO$NMAIN DIAL","MESSAGE","","(MessageType := CIP Generic, RequestedLength := 48, ConnectedFlag := 2, ConnectionPath := ""ETH01_IO, 2, 10.3.110.226"", CommTypeCode := 0, ServiceCode := 16#0010, ObjectType := 16#0004, TargetObject := 115, AttributeNumber := 16#0003, LocalIndex := 0, LocalElement := ""MAIN_DIAL_PLACE_HOLDER_INDX_5_AUTO"")"
TAG,,MAIN_DIAL_WRITE_ASSY_INDX_5_HOME,"WRITE DRIVE PARAMETERS DURING HOME$NMAIN DIAL","MESSAGE","","(MessageType := CIP Generic, RequestedLength := 48, ConnectedFlag := 2, ConnectionPath := ""ETH01_IO, 2, 10.3.110.226"", CommTypeCode := 0, ServiceCode := 16#0010, ObjectType := 16#0004, TargetObject := 115, AttributeNumber := 16#0003, LocalIndex := 0, LocalElement := ""MAIN_DIAL_PLACE_HOLDER_INDX_5_HOME"")"
TAG,,PNC_ANALOG_MODULE_SETUP_MSG,"SETS MODULE INPUT/OUTPUT RANGE $NPRESSURE ANALOG MODULE$NBARRIER PRESS-N-CURE STATION","MESSAGE","","(MessageType := CIP Generic, RequestedLength := 1, ConnectedFlag := 2, ConnectionPath := ""MAN02"", CommTypeCode := 0, ServiceCode := 16#0010, ObjectType := 16#008a, TargetObject := 1, AttributeNumber := 16#0066, LocalIndex := 0, LocalElement := ""PNC_ANALOG_SETUP_SOURCE_ELEMENT"")"
TAG,,PNC_DRIVE_INDEX_MSG,"SET DRIVE TO INDEX MODE$NBARRIER PRESS-N-CURE STATION","MESSAGE","","(MessageType := CIP Generic, RequestedLength := 4, ConnectedFlag := 2, ConnectionPath := ""ETH01_IO, 2, 10.3.110.223"", CommTypeCode := 0, ServiceCode := 16#0010, ObjectType := 16#0374, TargetObject := 266, AttributeNumber := 16#0000, LocalIndex := 0, LocalElement := ""INDEX_MODE_VALUE"")"
TAG,,PNP_BASE_DRIVE_INDEX_MSG,"SETS THE BASE DRIVE TO INDEX MODE$NBARRIER PICK-N-PLACE/$NCORONA TREAT","MESSAGE","","(MessageType := CIP Generic, RequestedLength := 4, ConnectedFlag := 2, ConnectionPath := ""ETH01_IO, 2, 10.3.110.222"", CommTypeCode := 0, ServiceCode := 16#0010, ObjectType := 16#0374, TargetObject := 266, AttributeNumber := 16#0000, LocalIndex := 0, LocalElement := ""INDEX_MODE_VALUE"")"
TAG,,PNP_BASE_WRITE_ASSY_INDX_6_HOME,"WRITE DRIVE PARAMETERS DURING HOME$NBARRIER PICK-N-PLACE/CORONA TREAT","MESSAGE","","(MessageType := CIP Generic, RequestedLength := 48, ConnectedFlag := 2, ConnectionPath := ""ETH01_IO, 2, 10.3.110.222"", CommTypeCode := 0, ServiceCode := 16#0010, ObjectType := 16#0004, TargetObject := 115, AttributeNumber := 16#0003, LocalIndex := 0, LocalElement := ""PNP_BASE_PLACE_HOLDER_INDX_6_HOME"")"
TYPE,SCOPE,ROUTINE,COMMENT,OWNING_ELEMENT,LOCATION
RCOMMENT,"_00_CELL","COMMS","COMMUNICATIONS$N***************************************************************************$N$NCYCLE COMMS TIMER TO BREAK UP THE GSV OPERATIONS","RES(TIMER_OPER[14])","0"
RCOMMENT,"_00_CELL","COMMS","CHECK ETHERNET MODULE COMMS STATUS","MOV(1,STEP_ALARM[0])","1"
RCOMMENT,"_00_CELL","COMMS","SET OVERALL ASI NODES STATUS TAG","MOV(15,STEP_ALARM[0])","2"
RCOMMENT,"_00_CELL","COMMS","CHECK ETHERNET MODULE COMMS STATUS","MOV(3,STEP_ALARM[0])","3"
RCOMMENT,"_00_CELL","COMMS","CHECK ETHERNET MODULE COMMS STATUS","MOV(2,STEP_ALARM[0])","4"
RCOMMENT,"_00_CELL","COMMS","CHECK ETHERNET MODULE COMMS STATUS","MOV(6,STEP_ALARM[0])","5"
RCOMMENT,"_00_CELL","COMMS","CHECK ETHERNET MODULE COMMS STATUS","MOV(4,STEP_ALARM[0])","6"
RCOMMENT,"_00_CELL","COMMS","CHECK ETHERNET MODULE COMMS STATUS","MOV(5,STEP_ALARM[0])","7"
RCOMMENT,"_00_CELL","COMMS","CHECK ETHERNET MODULE COMMS STATUS","MOV(7,STEP_ALARM[0])","8"
RCOMMENT,"_00_CELL","COMMS","CHECK ETHERNET MODULE COMMS STATUS","MOV(56,STEP_ALARM[0])","9"
RCOMMENT,"_00_CELL","COMMS","CHECK MODULE COMMS STATUS","MOV(31,STEP_ALARM[0])","10"
RCOMMENT,"_00_CELL","COMMS","CHECK MODULE COMMS STATUS","MOV(32,STEP_ALARM[0])","11"
RCOMMENT,"_00_CELL","COMMS","CHECK ETHERNET MODULE COMMS STATUS","MOV(8,STEP_ALARM[0])","12"
RCOMMENT,"_00_CELL","COMMS","CHECK ETHERNET MODULE COMMS STATUS","MOV(9,STEP_ALARM[0])","13"
RCOMMENT,"_00_CELL","COMMS","CHECK ETHERNET MODULE COMMS STATUS","MOV(10,STEP_ALARM[0])","14"
RCOMMENT,"_00_CELL","COMMS","CHECK ETHERNET MODULE COMMS STATUS","MOV(11,STEP_ALARM[0])","15"
RCOMMENT,"_00_CELL","COMMS","CHECK ETHERNET MODULE COMMS STATUS","MOV(12,STEP_ALARM[0])","16"
RCOMMENT,"_00_CELL","COMMS","CHECK ETHERNET MODULE COMMS STATUS","MOV(13,STEP_ALARM[0])","17"
RCOMMENT,"_00_CELL","COMMS","CHECK ETHERNET MODULE COMMS STATUS","MOV(17,STEP_ALARM[0])","18"
RCOMMENT,"_00_CELL","DATA_COLLECTION","CUSTOMER DATA COLLECTION$N***************************************************************************$N$NSET CELL STATUS$N$N0=READY TO RESET$N1=NOT READY TO RESET$N2=RUNNING IN AUTO$N3=PLEASE WAIT$N4=READY TO START$N5=MANUAL MODE$N6=ROBOT MANUAL MODE$N7=ESTOP ACTIVE$N8=SHUTDOWN IN PROGRESS$N9=ROBOT MODE$N10=ROLLOVER CAL MODE$N$NRev 08 2016-11-01 DRB: Added run bit for Manufacturing Intelligence.$N","OTE(DATA_COLLECTION[29].0)","0"
RCOMMENT,"_00_CELL","DATA_COLLECTION","CELL ALARM NUMBER","MOV(STEP_ALARM[0],DATA_COLLECTION[2])","1"
RCOMMENT,"_00_CELL","DATA_COLLECTION","CELL CYCLES","MOV(CELL_CYCLES,DATA_COLLECTION[3])","2"
RCOMMENT,"_00_CELL","DATA_COLLECTION","RESET DATA COLLECTION COUNTERS","OTU(DATA_COLLECTION[0].0)","3"
RCOMMENT,"_00_CELL","DATE","CELL DATE$N***************************************************************************$N$NGATHER AND SET PLC DATE & TIME","SSV(WALLCLOCKTIME,?,DateTime,CELL_PLC_SET_DATE_TIME.SECOND)","0"
RCOMMENT,"_00_CELL","DATE","SET TIME DATE STAMP VARIABLE","CONCAT(CELL_PLC_DATE_STAMP,CELL_PLC_DATE_TIME_STRINGS[0],CELL_PLC_DATE_STAMP)","1"
RCOMMENT,"_00_CELL","ESTOP_RESET","CELL ESTOP AND RESET$N***************************************************************************$N$NHYBRID 1 PIECE BAG MACHINE CELL ALARM","MOV(1000,STEP_ESTOP_RESET[0])","0"
RCOMMENT,"_00_CELL","ESTOP_RESET","MAIN SYSTEM PRESSURE CONTROL AND ALARM","MOV(20,STEP_ALARM[0])","1"
RCOMMENT,"_00_CELL","ESTOP_RESET","CELL KEYSWITCH CHANGE DETECTION$N","MOV(19,STEP_ALARM[0])","2"
RCOMMENT,"_00_CELL","ESTOP_RESET"," E-STOP BUTTON ALARMS","OTE(CELL_ESTOP_PRESSED)","3"
RCOMMENT,"_00_CELL","ESTOP_RESET","MONITOR DOOR SWITCHES AND LOCKS","OTE(CELL_DOOR_8_LOCKED)","4"
RCOMMENT,"_00_CELL","ESTOP_RESET","GENERAL PERSONNEL DOOR CONTROL","MOV(18,STEP_ALARM[0])","5"
RCOMMENT,"_00_CELL","ESTOP_RESET","MONITOR LIGHT CURTAIN$NMAGAZINE ACCESS","OTE(MAGAZINE_LIGHT_CURTAIN_CLEAR)","6"
RCOMMENT,"_00_CELL","ESTOP_RESET","CELL SHUTDOWN DUE TO FAULT WHILE RESETTING$N","MOV(STEP_ALARM_CAPTURE[23],STEP_ALARM[0])","7"
RCOMMENT,"_00_CELL","ESTOP_RESET","E-STOP SETTINGS$N","MOV(1000,STEP_HOME[0])","9"
RCOMMENT,"_00_CELL","ESTOP_RESET","WAIT FOR RESET","MOV(10,STEP_ESTOP_RESET[0])","10"
RCOMMENT,"_00_CELL","ESTOP_RESET","GENERAL CELL SETTINGS UPON RESET","MOV(20,STEP_ESTOP_RESET[0])","11"
RCOMMENT,"_00_CELL","ESTOP_RESET","RESET MACHINE BASED UPON AUTO OR MANUAL MODE","MOV(500,STEP_ESTOP_RESET[0])","12"
RCOMMENT,"_00_CELL","ESTOP_RESET","WAIT FOR RESET TO COMPLETE","MOV(500,STEP_ESTOP_RESET[0])","13"
RCOMMENT,"_00_CELL","HMI","CELL  HMI$N***************************************************************************$N$NSCREEN CONTROL","OTU(CELL_MAIN_SCREEN_PB)","0"
RCOMMENT,"_00_CELL","HMI","************HMI MESSAGE AND HISTORY CONTROL**********$N$NLOAD ALARM INTO MESSAGE DISPLAY VARIABLE$NAND CONTROL ALARM HISTORY","COP(CELL_PLC_DATE_STAMP,CELL_PLC_DATE_STAMP_ARRAY[0],1)","32"
RCOMMENT,"_00_CELL","HMI","CLEAR MESSAGE","OTE(CELL_DISPLAY_MSG_RESET_PB)","33"
RCOMMENT,"_00_CELL","HMI","DISPLAY MESSAGE ABOUT SCREEN SELECTION$NWHEN IN MANUAL, MODE ONLY ONE SCREEN IS ALLOWED TO BE OPERATIONAL$N","OTE(CELL_MANUAL_MODE)","34"
RCOMMENT,"_00_CELL","HMI","CLEAR MESSAGE WHEN A HMI HAS BEEN SELECTED","OTL(CELL_DISPLAY_PASSWORD_ENTRY)","35"
RCOMMENT,"_00_CELL","HMI","RESET MANUAL MODE SEQUENCE IF INACTIVE","MOV(0,CELL_MESSAGE)","36"
RCOMMENT,"_00_CELL","HMI","TEST MANUAL PASSWORD","OTU(CELL_HMI_MANUAL_POPUP)","37"
RCOMMENT,"_00_CELL","HMI","CLEAR PASSWORD AND RESET ACTIVATE MANUAL PUSH BUTTON","OTU(CELL_HMI_MANUAL_POPUP)","38"
RCOMMENT,"_00_CELL","HMI","SCREEN 1 SELECTION DEACTIVATES SCREEN 2","OTU(CELL_HMI_2_PB)","39"
RCOMMENT,"_00_CELL","HMI","SCREEN 2 SELECTION DEACTIVATES SCREEN 1","OTU(CELL_HMI_1_PB)","40"
RCOMMENT,"_00_CELL","HOME","CELL HOME ROUTINE$N***************************************************************************$N$NWAIT FOR COMPLETION OF HOME ROUTINES","OTU(CELL_TOOL_CHANGE_REQ_PB)","0"
RCOMMENT,"_00_CELL","LIGHTS","CELL LIGHTS & AUDIBLE ALARM$N***************************************************************************$N$NLIGHTS","OTE(A:O.Data[2].4)","0"
RCOMMENT,"_00_CELL","LIGHTS","AUDIBLE ALARM","TON(TIMER_OPER[13],?,?)","1"
RCOMMENT,"_00_CELL","LIGHTS","********EGUARD LIGHT CONTROLS*******$N$NRED LIGHT$NSTOP BUTTON","OTE(A:O.Data[1].28)","2"
RCOMMENT,"_00_CELL","LIGHTS","BLUE LIGHT$NREADY TO RESET$NBUTTON","OTE(A:O.Data[1].30)","3"
RCOMMENT,"_00_CELL","LIGHTS","GREEN LIGHT$NREADY TO START","OTE(A:O.Data[1].29)","4"
RCOMMENT,"_00_CELL","LIGHTS"," E-STOP BUTTON LIGHTS","OTE(A:O.Data[2].0)","5"
RCOMMENT,"_00_CELL","LIGHTS","ACCESS DOOR LIGHT CONTROL","OTE(A:O.Data[2].21)","6"
RCOMMENT,"_00_CELL","MAIN","MAIN ROUTINE$N***************************************************************************","JSR(DATA_COLLECTION,0)","0"
RCOMMENT,"_00_CELL","PART_DATA","CELL PART DATA$N***************************************************************************$N$NTRACK THE NUMBER OF TIMES PREHEAT1 BARRIER WAS REJECTED DUE TO UPPER TEMP FAILURE","MOV(0,PREHEAT1_CTR_UP_TEMP)","0"
RCOMMENT,"_00_CELL","PART_DATA","TRACK THE NUMBER OF TIMES PREHEAT1 BARRIER WAS REJECTED DUE TO LOWER TEMP FAILURE","MOV(0,PREHEAT1_CTR_LOW_TEMP)","1"
RCOMMENT,"_00_CELL","PART_DATA","TRACK THE NUMBER OF TIMES PREHEAT2 BARRIER WAS REJECTED DUE TO UPPER TEMP FAILURE","MOV(0,PREHEAT2_CTR_UP_TEMP)","2"
RCOMMENT,"_00_CELL","PART_DATA","TRACK THE NUMBER OF TIMES PREHEAT2 BARRIER WAS REJECTED DUE TO LOWER TEMP FAILURE","MOV(0,PREHEAT2_CTR_LOW_TEMP)","3"
RCOMMENT,"_00_CELL","PART_DATA","TRACK THE NUMBER OF TIMES FORMING BARRIER WAS REJECTED DUE TO PRESSURE FAILURE","MOV(0,FORMING_CTR_PRESSURE)","4"
RCOMMENT,"_00_CELL","PART_DATA","TRACK THE NUMBER OF TIMES BARRIER PUNCH WAS REJECTED DUE TO INCOMPLETE CYCLE","MOV(0,PUNCH_CTR_INC_CYCLE)","5"
RCOMMENT,"_00_CELL","PART_DATA","TRACK THE NUMBER OF TIMES PRINTING BARRIER WAS REJECTED DUE TO INCOMPLETE CYCLE","MOV(0,PRINT_CTR_INC_CYCLE)","6"
RCOMMENT,"_00_CELL","PART_DATA","TRACK THE NUMBER OF TIMES FORMING BAG WAS REJECTED DUE TO GLUE PRESSURE FAILURE","MOV(0,GLUE_OUT_CTR_PRESSURE)","7"
RCOMMENT,"_00_CELL","PART_DATA","TRACK THE NUMBER OF TIMES BAG GLUE WAS REJECTED DUE TO OPEN TIME","MOV(0,GLUE_CTR_OPEN_TIME)","8"
RCOMMENT,"_00_CELL","PART_DATA","TRACK THE NUMBER OF TIMES BAG GLUE WAS REJECTED DUE TO INCOMPLETE CYCLE","MOV(0,GLUE_CTR_INC_CYCLE)","9"
RCOMMENT,"_00_CELL","PART_DATA","TRACK THE NUMBER OF TIMES PRESS-N-CURE WAS REJECTED DUE TO PRESSURE FAILURE","MOV(0,PNC_CTR_PRESSURE)","10"
RCOMMENT,"_00_CELL","PART_DATA","TRACK THE NUMBER OF TIMES BAG WAS REJECTED DUE TO VISION FAILURE","MOV(0,VISION_CTR_REJECT_CYCLE)","11"
RCOMMENT,"_00_CELL","PART_DATA","RESET ALL PART COUNTERS","MOV(0,OFFLOAD_CONV_GOOD_PARTS)","12"
RCOMMENT,"_00_CELL","PART_DATA","CLEAR ALL MUTIPLE ALARM COUNTERS AND HMI ANIMATIONS AT RESET","MOV(0,BAG_OFFLOAD_CTR_BAG_REJECT)","13"
RCOMMENT,"_00_CELL","PART_DATA","TRACK THE NUMBER OF MACHINE CYCLES$NTHE TIMER WORKS WITH THE HMI TO COLLECT RECOREDED MACHINE$NCYCLES WHEN DOWNLOADING NEW PLC PROGRAM$N","RES(CELL_TIMER_OPER[12])","14"
RCOMMENT,"_00_CELL","PART_DATA","MAIN DIAL PART DATA TRACKING$NCHECK FOR CELL EMPTY","COP(MAIN_DIAL_DATA[0],MAIN_DIAL_DATA[13],1)","15"
RCOMMENT,"_00_CELL","PART_DATA"," CLEAR MAIN DIAL DATA REQUESTS FROM HMI$NAND DURING SINGLE PART MODE","MOV(0,MAIN_DIAL_DATA_CLEAR_REQ_ARRAY)","16"
RCOMMENT,"_00_CELL","PART_DATA","VERIFY RECIPE VALUES ARE WITHIN LIMITS","MOV(133,STEP_ALARM[0])","17"
RCOMMENT,"_00_CELL","PART_DATA","SET WHAT FAMILY OF PART IS SELECTED","OTE(CELL_LARGE_SNF_PART_FAMILY_LOADED)","18"
RCOMMENT,"_00_CELL","RECIPE","CELL RECIPE CONTROL$N***************************************************************************$N$NRECIPE SYNCHRONIZATION CONTROL","OTU(CELL_RECIPE_SYNC_REQ_POPUP)","0"
RCOMMENT,"_00_CELL","RECIPE","WAIT FOR TRIGGER TO START RECIPE HARVESTING FROM HMI","MOV(0,STEP_AUTO[29])","1"
RCOMMENT,"_00_CELL","RECIPE","RESET ROUTINE PARAMETERS","MOV(10,STEP_AUTO[29])","2"
RCOMMENT,"_00_CELL","RECIPE","INCREMENT RECORD COUNTER AND LOAD RECIPE","MOV(30,STEP_AUTO[29])","3"
RCOMMENT,"_00_CELL","RECIPE","POPULATE RECIPE SYNCHRONIZATION ARRAY","OTE(CELL_SCAN_DELAY_ARRAY[0])","4"
RCOMMENT,"_00_CELL","RECIPE","END ROUTINE","MOV(500,STEP_AUTO[29])","5"
RCOMMENT,"_00_CELL","RECIPE","*****RECIPE LOAD CONTROL*****$N$NWAIT FOR TRIGGER TO START RECIPE DOWNLOAD","MOV(0,STEP_AUTO[28])","6"
RCOMMENT,"_00_CELL","RECIPE","SEARCH RECIPE DATA ARRAY FOR MATCHING SKU AND LOAD RECORD NUMBER","MOV(20,STEP_AUTO[28])","7"
RCOMMENT,"_00_CELL","RECIPE","REQUEST SKU RECIPE, WAIT FOR INDICATION RECIPE DOWNLOADED, AND  REQUEST PROCESS RECIPE DOWNLOAD$N$NTHIS IS ALSO USED TO RESET TEMPERATURE AND PRESSURE ADJUSTMENTS IN OTHER ROUTINES","MOV(20,STEP_AUTO[28])","8"
RCOMMENT,"_00_CELL","RECIPE","RECIPE LOAD ERROR","TON(TIMER_ALARM[21],?,?)","9"
RCOMMENT,"_00_CELL","RECIPE","RECIPE BUTTONS VISIBILITY","OTE(CELL_RECIPE_PB_VIS)","10"
RCOMMENT,"_00_CELL","SETTINGS","CELL SETTINGS$N***************************************************************************$N$NSET MACINE NUMBER TO SET MACHINE SETTINGS$N$N1 = 1 PC AUTOCOINER #1, STUARTS DRAFT - 2 LANE INFEED - 26207PN1$N2 = 1 PC AUTOCOINER #2, STUARTS DRAFT - 1 LANE INFEED - 26207PN2$N3 = 1 PC AUTOCOINER #3, BALLINA - 1 LANE INFEED, STEPPER GRIPPER - 26207PN3$N4 = 1 PC AUTOCOINER #4, BALLINA - 1 LANE INFEED, STEPPER GRIPPER - 26207PN3$N5 = 1 PC AUTOCOINER #5, BALLINA - 1 LANE INFEED, STEPPER GRIPPER - 26207PN3$N*************************************************************************************************************************$N$NSET CELL ID NUMBER","OTE(CELL_ID_NUM.2)","0"
RCOMMENT,"_00_CELL","SETTINGS","MAIN DIAL REGISTRATION THEORETICAL OFFSETS","MOV(CELL_PAR[CELL_ID_NUM].MAIN_DIAL_REG_POS_THEO,MAIN_DIAL_REG_POSITION_THEO)","1"
RCOMMENT,"_00_CELL","SETTINGS","FORMING STATION ANALOG PRESSURE REGULATOR SCALING VALUES","MOV(CELL_PAR[CELL_ID_NUM].FORM_PRES_SCALE_PAR.OUT_B,FORMING_PRESSURE_SCALING_PARAM.OUT_B)","2"
RCOMMENT,"_00_CELL","SETTINGS","GLUE STATION ANALOG PRESSURE REGULATOR SCALING VALUES","MOV(CELL_PAR[CELL_ID_NUM].GLUE_PRES_SCALE_PAR.OUT_B,GLUE_IN_PRESSURE_SCALING_PARAM.OUT_B)","3"
RCOMMENT,"_00_CELL","SETTINGS","PRESS-N-CURE STATION ANALOG PRESSURE REGULATOR SCALING VALUES","MOV(CELL_PAR[CELL_ID_NUM].PNC_PRES_SCALE_PAR.OUT_B,PNC_PRESSURE_SCALING_PARAM.OUT_B)","4"
RCOMMENT,"_00_CELL","SETTINGS","PREHEAT STATION 1 RTD TEMPERATURE SCALING VALUES","MOV(CELL_PAR[CELL_ID_NUM].PREHEAT1_PAR.UP_BLOCK_B,PREHEAT1_UP_BLOCK_TEMP_B_SCALE)","5"
RCOMMENT,"_00_CELL","SETTINGS","PREHEAT STATION 2 RTD TEMPERATURE SCALING VALUES","MOV(CELL_PAR[CELL_ID_NUM].PREHEAT2_PAR.UP_BLOCK_B,PREHEAT2_UP_BLOCK_TEMP_B_SCALE)","6"
RCOMMENT,"_00_CELL","SETTINGS","PREHEAT STATION 1 LOWER TEMP PID LOOP VALUES","MOV(CELL_PAR[CELL_ID_NUM].PREHEAT1_PAR.LOW_TOOL_PID_DYN_BIAS_LG_SNF,PREHEAT1_LOW_TOOL_PID_DYN_BIAS_LG_SNF)","7"
RCOMMENT,"_00_CELL","SETTINGS","PREHEAT STATION 1 UPPER TEMP PID LOOP VALUES","MOV(CELL_PAR[CELL_ID_NUM].PREHEAT1_PAR.UP_TOOL_PID_DYN_BIAS_LG_SNF,PREHEAT1_UP_TOOL_PID_DYN_BIAS_LG_SNF)","8"
RCOMMENT,"_00_CELL","SETTINGS","PREHEAT STATION 2 LOWER TEMP PID LOOP VALUES","MOV(CELL_PAR[CELL_ID_NUM].PREHEAT2_PAR.LOW_TOOL_PID_DYN_BIAS_LG_SNF,PREHEAT2_LOW_TOOL_PID_DYN_BIAS_LG_SNF)","9"
RCOMMENT,"_00_CELL","SETTINGS","PREHEAT STATION 2 UPPER TEMP PID LOOP VALUES","MOV(CELL_PAR[CELL_ID_NUM].PREHEAT2_PAR.UP_TOOL_PID_DYN_BIAS_LG_SNF,PREHEAT2_UP_TOOL_PID_DYN_BIAS_LG_SNF)","10"
RCOMMENT,"_00_CELL","STATUS","CELL STATUS$N***************************************************************************$N$NCELL RESET READY REQUIREMENTS","OTE(CELL_RESET_NOT_READY_ANIMATION)","0"
RCOMMENT,"_00_CELL","STATUS","CELL KEYSWITCH MODE$N","OTE(CELL_KEY_AUTO_MODE)","1"
RCOMMENT,"_00_CELL","STATUS","CELL COMMUNICATIONS STATUS","OTE(CELL_COMM_READY)","2"
RCOMMENT,"_00_CELL","STATUS","CELL BUTTONS","OTE(CELL_START_PRESSED)","3"
RCOMMENT,"_00_CELL","STATUS","CELL IS ATTEMPTING TO RESET","OTE(CELL_IS_RESETTING)","4"
RCOMMENT,"_00_CELL","STATUS","CELL AUTO READY REQUIREMENTS$NADD STATION AUTO READY COMPONENTS","OTE(CELL_AUTO_NOT_READY_ANIMATION)","5"
RCOMMENT,"_00_CELL","STATUS","CELL IS AUTO ENABLED","OTE(CELL_AUTO_ENABLED)","6"
RCOMMENT,"_00_CELL","STATUS","START CELL$N","OTE(CELL_STARTED)","7"
RCOMMENT,"_00_CELL","STATUS","*********************** CELL PANELVIEW STATUS LINE *****************$N$NMESSAGE $QREADY TO RESET$Q","OTE(CELL_RESET_PB_VIS)","8"
RCOMMENT,"_00_CELL","STATUS","MESSAGE $QNOT READY TO RESET$Q","MOV(1,CELL_STATUS)","9"
RCOMMENT,"_00_CELL","STATUS","MESSAGE $QRUNNING IN AUTO$Q","OTE(CELL_STOP_PB_VIS)","10"
RCOMMENT,"_00_CELL","STATUS","MESSAGE $QPLEASE WAIT$Q","MOV(3,CELL_STATUS)","11"
RCOMMENT,"_00_CELL","STATUS","MESSAGE $QREADY TO START$Q","OTE(CELL_START_PB_VIS)","12"
RCOMMENT,"_00_CELL","STATUS","MESSAGE $QMANUAL MODE$Q","MOV(5,CELL_STATUS)","13"
RCOMMENT,"_00_CELL","STATUS","MESSAGE $QROBOT MANUAL MODE$Q","MOV(6,CELL_STATUS)","14"
RCOMMENT,"_00_CELL","STATUS","MESSAGE $QESTOP ACTIVE$Q","MOV(7,CELL_STATUS)","15"
RCOMMENT,"_00_CELL","STATUS","MESSAGE $QSHUTDOWN IN PROGRESS$Q","MOV(8,CELL_STATUS)","16"
RCOMMENT,"_00_CELL","STATUS","MESSAGE $QROBOT MODE$Q","MOV(9,CELL_STATUS)","17"
RCOMMENT,"_00_CELL","STATUS","MESSAGE $QROLLOVER CAL MODE$Q","MOV(10,CELL_STATUS)","18"
RCOMMENT,"_00_CELL","STATUS","CELL CYCLE TIME","TON(TIMER_OPER[4],?,?)","19"
RCOMMENT,"_00_CELL","STATUS","REQUIREMENTS FOR ACTIVATING CELL ALARMS","OTE(CELL_ALARMS_ACTIVE)","20"
RCOMMENT,"_00_CELL","STATUS","SINGLE PART MODE CONTROL","RES(BAG_LOAD_BARRIER_COUNTER)","21"
RCOMMENT,"_00_CELL","STATUS","EMPTY MODE HMI CONTROL","MOV(1,CELL_EMPTY_STATUS)","22"
RCOMMENT,"_00_CELL","STATUS","TOOL CHANGE MODE","OTU(CELL_TOOL_CHANGE_REQ_PB)","23"
RCOMMENT,"_00_CELL","STATUS","MONITOR EXCESS CYCLE TIME AND REQUEST INDEX IF NECESSARY","OTE(CELL_CYCLE_TIMEOUT_INDEX_REQ)","24"
RCOMMENT,"_00_CELL","STATUS","MONITOR SAFETY RELAYS IN HEATER CIRCUIT","OTU(CELL_ACTIVATE_HEATERS_PB)","25"
RCOMMENT,"_00_CELL","SYSTEM","CELL SYSTEM$N***************************************************************************$N$N.010 SECOND TIMING BIT ROUTINE","RES(CELL_TIMER_OPER[6])","0"
RCOMMENT,"_00_CELL","SYSTEM",".100 SECOND TIMING BIT ROUTINE","RES(CELL_TIMER_OPER[1])","1"
RCOMMENT,"_00_CELL","SYSTEM",".150 SECOND TIMING BIT ROUTINE","RES(CELL_TIMER_OPER[2])","2"
RCOMMENT,"_00_CELL","SYSTEM","0.25 SECOND TIMING BIT ROUTINE","RES(CELL_TIMER_OPER[3])","3"
RCOMMENT,"_00_CELL","SYSTEM",".500 SECOND TIMING BIT ROUTINE","RES(CELL_TIMER_OPER[4])","4"
RCOMMENT,"_00_CELL","SYSTEM","1 SECOND TIMING BIT ROUTINE","RES(CELL_TIMER_OPER[5])","5"
TYPE,SCOPE,ROUTINE,COMMENT,OWNING_ELEMENT,LOCATION
RCOMMENT,"_01_MAIN_DIAL","AUTO","MAIN DIAL AUTO$N***************************************************************************$N$NWAIT FOR INDEX REQUEST FROM ALL STATIONS","TON(TIMER_OPER[14],?,?)","0"
RCOMMENT,"_01_MAIN_DIAL","AUTO","INDEX","MOV(15,STEP_AUTO[1])","1"
RCOMMENT,"_01_MAIN_DIAL","AUTO","WAIT FOR POSITION MONITOR CALC COMPLETE","MOV(18,STEP_AUTO[1])","2"
RCOMMENT,"_01_MAIN_DIAL","AUTO","COMPLETE INDEX","MOV(19,STEP_AUTO[1])","3"
RCOMMENT,"_01_MAIN_DIAL","AUTO","WAIT FOR POSITION MONITOR READY TO INDEX","MOV(20,STEP_AUTO[1])","4"
RCOMMENT,"_01_MAIN_DIAL","AUTO","WAIT FOR ALL STATIONS TO COMPLETE","MOV(500,STEP_AUTO[1])","5"
RCOMMENT,"_01_MAIN_DIAL","AUTO","MAIN DIAL INDEX CYCLE TIME","TON(TIMER_OPER[11],?,?)","6"
RCOMMENT,"_01_MAIN_DIAL","ESTOP_RESET","MAIN DIAL ESTOP RESET$N***************************************************************************$N$NALARM","MOV(1000,STEP_ESTOP_RESET[1])","0"
RCOMMENT,"_01_MAIN_DIAL","ESTOP_RESET","CAPTURE INITIAL ALARM","MOV(STEP_ALARM[1],STEP_ALARM_CAPTURE[1])","1"
RCOMMENT,"_01_MAIN_DIAL","ESTOP_RESET","E-STOP SETTINGS","MOV(1000,STEP_HOMING[0])","2"
RCOMMENT,"_01_MAIN_DIAL","ESTOP_RESET","WAIT FOR RESET","MOV(10,STEP_ESTOP_RESET[1])","3"
RCOMMENT,"_01_MAIN_DIAL","ESTOP_RESET","GENERAL SETTINGS UPON RESET","MOV(20,STEP_ESTOP_RESET[1])","4"
RCOMMENT,"_01_MAIN_DIAL","ESTOP_RESET","WAIT FOR RESET TO BE RELEASED$NWAIT FOR CELL PRESSURE OK$NRESET BASED ON MACHINE MODE","MOV(500,STEP_ESTOP_RESET[1])","5"
RCOMMENT,"_01_MAIN_DIAL","ESTOP_RESET","WAIT FOR RESET TO COMPLETE","MOV(500,STEP_ESTOP_RESET[1])","6"
RCOMMENT,"_01_MAIN_DIAL","HMI","MAIN DIAL HMI$N***************************************************************************$N$NDRIVE INDEXING ANIMATION","OTE(MAIN_DIAL_INDEXING_IND)","0"
RCOMMENT,"_01_MAIN_DIAL","HMI","DRIVE PUSH BUTTONS VISIBILITY ON HMI","OTE(MAIN_DIAL_DRIVE_FAULT_PB_VIS)","1"
RCOMMENT,"_01_MAIN_DIAL","HMI","STATION FUNCTION VISIBILITIES BASED ON MAIN DIAL STATUS","OTE(MAIN_DIAL_ROLLOVER_PB_VIS)","2"
RCOMMENT,"_01_MAIN_DIAL","HOME","MAIN DIAL HOME ROUTINE$N***************************************************************************$N$NRESET DRIVE FAULT$N","MOV(10,STEP_HOME[1])","0"
RCOMMENT,"_01_MAIN_DIAL","HOME","WAIT FOR TORQUE SAFE INPUT TO ACTIVATE","MOV(43,STEP_ALARM[1])","1"
RCOMMENT,"_01_MAIN_DIAL","HOME","ENABLE DRIVE","MOV(25,STEP_HOME[1])","2"
RCOMMENT,"_01_MAIN_DIAL","HOME","VERIFY MAIN DIAL IS CLEAR TO MOVE","MOV(30,STEP_HOME[1])","3"
RCOMMENT,"_01_MAIN_DIAL","HOME","CHECK TO SEE IF SERVO REQUIRES HOMING","MOV(40,STEP_HOME[1])","4"
RCOMMENT,"_01_MAIN_DIAL","HOME","START SERVO HOMING ROUTINE AND WAIT FOR COMPLETION","MOV(100,STEP_HOME[1])","5"
RCOMMENT,"_01_MAIN_DIAL","HOME","DECISION$NIF MOTION IS REQUIRED- LOAD DESTINATION$NIF IN POSITION JUMP TO SKIP MOTION STEPS","MOV(100,STEP_HOME[1])","6"
RCOMMENT,"_01_MAIN_DIAL","HOME","SETUP INDEX #5$NSEND NEXT POSITION TO THE DRIVE$N$NINDEX TYPE:  0=ABSOLUTE, 1=INCREMENTAL, 2=REGISTRATION ABSOLUTE, 4=STITCHED$NINDEX MOVE TYPE:  0=TRAPEZOIDAL, 1=S-CURVE$NINDEX NEXT ACTION:  0=STOP AND HOLD ZERO VELOCITY, 1=WAIT FOR START INDEX COMMAND OVER ETHERNET, 2=START NEXT WITHOUT STOPPING (DWELL TIME IS USED)$N","MOV(70,STEP_HOME[1])","7"
RCOMMENT,"_01_MAIN_DIAL","HOME","WAIT FOR COMPLETION OF THE INDEX MESSAGE","MOV(75,STEP_HOME[1])","8"
RCOMMENT,"_01_MAIN_DIAL","HOME","PAUSE BEFORE INDEXING","MOV(80,STEP_HOME[1])","9"
RCOMMENT,"_01_MAIN_DIAL","HOME","INDEX TO APPLIED DESTINATION","MOV(90,STEP_HOME[1])","10"
RCOMMENT,"_01_MAIN_DIAL","HOME","WAIT FOR MOTION TO COMPLETE","MOV(100,STEP_HOME[1])","11"
RCOMMENT,"_01_MAIN_DIAL","HOME","CHECK FOR DIAL IN POSITION","MOV(500,STEP_HOME[1])","12"
RCOMMENT,"_01_MAIN_DIAL","MAIN","MAIN ROUTINE$N***************************************************************************","JSR(ROLLOVER,0)","0"
RCOMMENT,"_01_MAIN_DIAL","OUTPUTS","MAIN DIAL OUTPUTS$N***************************************************************************$N$NINITIATE BUILT IN DRIVE HOMING ROUTINE","OTU(START_INDEX_HOME_RTN)","0"
RCOMMENT,"_01_MAIN_DIAL","OUTPUTS","THE TIMER IS USED TO FILTER OUT FALSE PULSES","TON(INDEXING_FILTER,?,?)","1"
RCOMMENT,"_01_MAIN_DIAL","OUTPUTS","INDEX CONTROL","OTU(MAIN_DIAL_INDEX_PB)","2"
RCOMMENT,"_01_MAIN_DIAL","OUTPUTS","ABORT INDEX","OTU(MAIN_DIAL_ABORT_INDEX_PB)","3"
RCOMMENT,"_01_MAIN_DIAL","OUTPUTS","ZERO ENCODER","MOV(40,STEP_ALARM[1])","4"
RCOMMENT,"_01_MAIN_DIAL","OUTPUTS","RESET DRIVE FAULT$N","MOV(42,STEP_ALARM[1])","5"
RCOMMENT,"_01_MAIN_DIAL","OUTPUTS","ENABLE DRIVE","OTU(MAIN_DIAL_DRIVE_ENABLE_PB)","6"
RCOMMENT,"_01_MAIN_DIAL","OUTPUTS","TRACK AND CONTROL THE VACUUM AROUND THE TABLE AS IT ROTATES FROM THE HMI$N**************************************************************************************************************************$N$NPHYSICAL POSITION 1 CORRESPONDS TO BARRIER LOAD POSITION$NWITH DIAL HOMED$N$NDIAL TABLE POSITION#1 VACUUM CONTROL$N","OTE(MAN02:O.Data[3].0)","7"
RCOMMENT,"_01_MAIN_DIAL","OUTPUTS","DIAL TABLE POSITION#2 VACUUM CONTROL$N","OTE(MAN02:O.Data[3].1)","8"
RCOMMENT,"_01_MAIN_DIAL","OUTPUTS","DIAL TABLE POSITION#3 VACUUM CONTROL$N","OTE(MAN02:O.Data[3].2)","9"
RCOMMENT,"_01_MAIN_DIAL","OUTPUTS","DIAL TABLE POSITION#4 VACUUM CONTROL$N","OTE(MAN02:O.Data[3].3)","10"
RCOMMENT,"_01_MAIN_DIAL","OUTPUTS","DIAL TABLE POSITION#5 VACUUM CONTROL$N","OTE(MAN02:O.Data[3].4)","11"
RCOMMENT,"_01_MAIN_DIAL","OUTPUTS","DIAL TABLE POSITION#6 VACUUM CONTROL$N","OTE(MAN02:O.Data[3].5)","12"
RCOMMENT,"_01_MAIN_DIAL","OUTPUTS","DIAL TABLE POSITION#7 VACUUM CONTROL$N","OTE(MAN02:O.Data[3].6)","13"
RCOMMENT,"_01_MAIN_DIAL","OUTPUTS","DIAL TABLE POSITION#8 VACUUM CONTROL$N","OTE(MAN02:O.Data[3].7)","14"
RCOMMENT,"_01_MAIN_DIAL","OUTPUTS","DIAL TABLE POSITION#9 VACUUM CONTROL$N","OTE(MAN02:O.Data[3].8)","15"
RCOMMENT,"_01_MAIN_DIAL","OUTPUTS","DIAL TABLE POSITION#10 VACUUM CONTROL$N","OTE(MAN02:O.Data[3].9)","16"
RCOMMENT,"_01_MAIN_DIAL","OUTPUTS","DIAL TABLE POSITION#11 VACUUM CONTROL$N","OTE(MAN02:O.Data[3].10)","17"
RCOMMENT,"_01_MAIN_DIAL","OUTPUTS","DIAL TABLE POSITION#12 VACUUM CONTROL$N","OTE(MAN02:O.Data[3].11)","18"
RCOMMENT,"_01_MAIN_DIAL","OUTPUTS","ALL VACUUM CONTROL BUTTON FROM HMI$N","OTL(MAIN_DIAL_VAC_ALL_PB)","19"
RCOMMENT,"_01_MAIN_DIAL","POSITION_MONITOR","POSITION MONITOR MAIN DIAL$N***************************************************************************$N$NDETERMINE IF DIAL IS IN POSITION BY$N1. DIAL HAS REACHED IT$'S TARGET$N2. DIAL HAS BEEN HOMED AND IS NOW AT ZERO$N3. THE DIAL HASN$'T LEFT IT$'S LAST TARGET POSITION$N","MOV(38,STEP_ALARM[1])","0"
RCOMMENT,"_01_MAIN_DIAL","POSITION_MONITOR","INITIATE POSITION UPDATE AND PART DATA TRANSFER","MOV(0,STEP_POS_MONITOR[1])","1"
RCOMMENT,"_01_MAIN_DIAL","POSITION_MONITOR","IF PRESENT POSITION IS AT FULL TURN OF DIAL$NRESET THE POSITION OFFSET TRACKING COUNTER","MOV(10,STEP_POS_MONITOR[1])","2"
RCOMMENT,"_01_MAIN_DIAL","POSITION_MONITOR","INCREMENT DIAL TRACKING COUNTER AND VACUUM CONTROL VALUES","MOV(20,STEP_POS_MONITOR[1])","3"
RCOMMENT,"_01_MAIN_DIAL","POSITION_MONITOR","CHECK TO SEE IF SERVO ENCODER ROLLOVER IS REQUIRED","MOV(40,STEP_POS_MONITOR[1])","4"
RCOMMENT,"_01_MAIN_DIAL","POSITION_MONITOR","WAITING FOR DRIVE TO ZERO","MOV(40,STEP_POS_MONITOR[1])","5"
RCOMMENT,"_01_MAIN_DIAL","POSITION_MONITOR","DEFINE NEXT POSITION","MOV(0,CELL_MESSAGE)","6"
RCOMMENT,"_01_MAIN_DIAL","POSITION_MONITOR","SETUP INDEX #5$NSEND NEXT POSITION TO THE DRIVE$N$NSET SPECIAL PARAMETERS FOR REGISTRATION INDEX$N$NINDEX TYPE:  0=ABSOLUTE, 1=INCREMENTAL, 2=REGISTRATION ABSOLUTE, 4=STITCHED$NINDEX MOVE TYPE:  0=TRAPEZOIDAL, 1=S-CURVE$NINDEX NEXT ACTION:  0=STOP AND HOLD ZERO VELOCITY, 1=WAIT FOR START INDEX COMMAND OVER ETHERNET, 2=START NEXT WITHOUT STOPPING (DWELL TIME IS USED)$N","MOV(60,STEP_POS_MONITOR[1])","7"
RCOMMENT,"_01_MAIN_DIAL","POSITION_MONITOR","WAITING FOR MESSAGE TO COMPLETE$NAND TRANSFER PART DATA","MOV(500,STEP_POS_MONITOR[1])","8"
RCOMMENT,"_01_MAIN_DIAL","POSITION_MONITOR","MONITOR DRIVE POSITION INDEX","MOV(44,STEP_ALARM[1])","9"
RCOMMENT,"_01_MAIN_DIAL","POSITION_MONITOR","MONITOR POSITION CALC ROUTINE FOR HANGUP","MOV(500,STEP_POS_MONITOR[1])","10"
RCOMMENT,"_01_MAIN_DIAL","ROLLOVER","MAIN DIAL AUTO ROLLOVER ROUTINE$N***************************************************************************$N ROLLOVER ROUTINE HMI CONTROL","OTU(MAIN_DIAL_ROLLOVER_REQ_POPUP)","0"
RCOMMENT,"_01_MAIN_DIAL","ROLLOVER","START ROLLOVER ROUTINE","MOV(0,STEP_HOMING[0])","1"
RCOMMENT,"_01_MAIN_DIAL","ROLLOVER","REQUEST HOMING MAIN DIAL SERVO","MOV(10,STEP_HOMING[0])","2"
RCOMMENT,"_01_MAIN_DIAL","ROLLOVER","WAIT FOR HOMING TO COMPLETE","MOV(20,STEP_HOMING[0])","3"
RCOMMENT,"_01_MAIN_DIAL","ROLLOVER","SETUP TEST COUNTER FOR DIAL INDEX","MOV(30,STEP_HOMING[0])","4"
RCOMMENT,"_01_MAIN_DIAL","ROLLOVER","START MULTIPLE INDEXES OF MAIN DIAL AND WAIT FOR COMPLETION$N$N(RUNG RUNNING MAIN DIAL TEST INDEX IS IN MAIN DIAL/OUTPUTS/INDEX RUNG)","MOV(40,STEP_HOMING[0])","5"
RCOMMENT,"_01_MAIN_DIAL","ROLLOVER","CAPTURE REGISTRATION POSITION VALUES AND DETERMINE IF NUMBER OF SAMPLES TAKEN IS COMPLETE","MOV(50,STEP_HOMING[0])","6"
RCOMMENT,"_01_MAIN_DIAL","ROLLOVER","AVERAGE THE ROLLOVER POSITION VALUES","MOV(60,STEP_HOMING[0])","7"
RCOMMENT,"_01_MAIN_DIAL","ROLLOVER","AVERAGE THE ROLLOVER POSITION VALUES","MOV(70,STEP_HOMING[0])","8"
RCOMMENT,"_01_MAIN_DIAL","ROLLOVER","SET ROLLOVER TURNS BACK TO PRODUCTION NUMBER","MOV(75,STEP_HOMING[0])","9"
RCOMMENT,"_01_MAIN_DIAL","ROLLOVER","HOME DIAL","MOV(80,STEP_HOMING[0])","10"
RCOMMENT,"_01_MAIN_DIAL","ROLLOVER","WAIT FOR HOMING TO COMPLETE","MOV(500,STEP_HOMING[0])","11"
RCOMMENT,"_01_MAIN_DIAL","SERVO_HOMING","MAIN DIAL SERVO HOMING ROUTINE$N***************************************************************************$N$NSET HOMING REQUIREMENT DURING FIRST SCAN$N$N","OTL(MAIN_DIAL_DRIVE_HOMING_REQ)","0"
RCOMMENT,"_01_MAIN_DIAL","SERVO_HOMING","DETERMINE IF DRIVE IS HOMED$N","OTE(MAIN_DIAL_DRIVE_HOMED)","1"
RCOMMENT,"_01_MAIN_DIAL","SERVO_HOMING","START HOMING ROUTINE","MOV(10,STEP_HOMING[1])","2"
RCOMMENT,"_01_MAIN_DIAL","SERVO_HOMING","SET DRIVE TO INDEX MODE","MOV(41,STEP_ALARM[1])","3"
RCOMMENT,"_01_MAIN_DIAL","SERVO_HOMING","PAUSE","MOV(20,STEP_HOMING[1])","4"
RCOMMENT,"_01_MAIN_DIAL","SERVO_HOMING","SET INDEX NUMBER","MOV(25,STEP_HOMING[1])","5"
RCOMMENT,"_01_MAIN_DIAL","SERVO_HOMING","PAUSE","MOV(30,STEP_HOMING[1])","6"
RCOMMENT,"_01_MAIN_DIAL","SERVO_HOMING","START HOME NOTCH SEARCH","MOV(33,STEP_HOMING[1])","7"
RCOMMENT,"_01_MAIN_DIAL","SERVO_HOMING","WAIT FOR MINIMUM TIME AND HOME SENSOR","MOV(35,STEP_HOMING[1])","8"
RCOMMENT,"_01_MAIN_DIAL","SERVO_HOMING","WAIT FOR TO DETECT HOME NOTCH AND ISSUE ABORT COMMAND","MOV(38,STEP_HOMING[1])","9"
RCOMMENT,"_01_MAIN_DIAL","SERVO_HOMING","PAUSE","MOV(40,STEP_HOMING[1])","10"
RCOMMENT,"_01_MAIN_DIAL","SERVO_HOMING","INITIATE SERVO HOMING ROUTINE","MOV(45,STEP_HOMING[1])","11"
RCOMMENT,"_01_MAIN_DIAL","SERVO_HOMING","WAIT FOR THE BUILT IN DRIVE HOMING ROUTINE TO COMPLETE","MOV(50,STEP_HOMING[1])","12"
RCOMMENT,"_01_MAIN_DIAL","SERVO_HOMING","VERIFY HOMED STATUS AND PAUSE BEFORE INITIATING THE NEXT MOVE$NIF FAULTED END ROUTINE","MOV(100,STEP_HOMING[1])","13"
RCOMMENT,"_01_MAIN_DIAL","SERVO_HOMING","SET INDEX NUMBER","MOV(70,STEP_HOMING[1])","14"
RCOMMENT,"_01_MAIN_DIAL","SERVO_HOMING","PAUSE","MOV(80,STEP_HOMING[1])","15"
RCOMMENT,"_01_MAIN_DIAL","SERVO_HOMING","START HOME OFFSET INDEX","MOV(90,STEP_HOMING[1])","16"
RCOMMENT,"_01_MAIN_DIAL","SERVO_HOMING","SET COUNTER TO ZERO","MOV(100,STEP_HOMING[1])","17"
RCOMMENT,"_01_MAIN_DIAL","SERVO_HOMING","FINISH ROUTINE","MOV(110,STEP_HOMING[1])","18"
RCOMMENT,"_01_MAIN_DIAL","SERVO_HOMING","COMPLETE ROUTINE$N","MOV(500,STEP_HOMING[1])","19"
RCOMMENT,"_01_MAIN_DIAL","STATUS","MAIN DIAL STATUS$N***************************************************************************$N$NAUTO READY REQUIREMENTS","OTE(AUTO_READY[1])","0"
RCOMMENT,"_01_MAIN_DIAL","STATUS","CHECK THAT EVERYTING IS CLEAR BEFORE INDEXING","OTE(MAIN_DIAL_CLEAR_TO_INDEX)","1"
RCOMMENT,"_01_MAIN_DIAL","STATUS","MAIN DIAL DOES NOT HAVE ANY PARTS","OTE(MAIN_DIAL_EMPTY)","2"
RCOMMENT,"_01_MAIN_DIAL","STATUS","LOAD DEFAULT SERVO PARAMETERS AFTER RECIPE DOWNLOAD","MOV(MAIN_DIAL_DRIVE_DEFAULT_DEC,MAIN_DIAL_DRIVE_DEC_PB)","3"
RCOMMENT,"_01_MAIN_DIAL","STATUS","MONITOR OPEN AIR GLUE TIME FOR ALL STATIONS ON MAIN DIAL$N********************************************************************************************$N$NBARRIER LOAD STATION","MOV(9,BARRIER_LOAD_DATA_POS_BAG_REJECT)","4"
RCOMMENT,"_01_MAIN_DIAL","STATUS","EMPTY STATION","MOV(9,EMPTY_DATA_POS_BAG_REJECT)","5"
RCOMMENT,"_01_MAIN_DIAL","STATUS","BAG LOAD STATION","MOV(9,BAG_LOAD_DATA_POS_BAG_REJECT)","6"
RCOMMENT,"_01_MAIN_DIAL","STATUS","BARRIER PREHEAT STATION 1","MOV(9,PREHEAT1_DATA_POS_BAG_REJECT)","7"
RCOMMENT,"_01_MAIN_DIAL","STATUS","BARRIER PREHEAT STATION 2","MOV(9,PREHEAT2_DATA_POS_BAG_REJECT)","8"
RCOMMENT,"_01_MAIN_DIAL","STATUS","BARRIER FORMING STATION","MOV(9,FORMING_DATA_POS_BAG_REJECT)","9"
RCOMMENT,"_01_MAIN_DIAL","STATUS","BARRIER PUNCH STATION","MOV(9,PUNCH_DATA_POS_BAG_REJECT)","10"
RCOMMENT,"_01_MAIN_DIAL","STATUS","BARRIER PRINT STATION","MOV(9,PRINT_DATA_POS_BAG_REJECT)","11"
RCOMMENT,"_01_MAIN_DIAL","STATUS","BAG GLUE STATION","MOV(9,GLUE_DATA_POS_BAG_REJECT)","12"
RCOMMENT,"_01_MAIN_DIAL","STATUS","PRESS-N-CURE STATION","MOV(10,PNC_DATA_POS_BAG_REJECT)","13"
RCOMMENT,"_01_MAIN_DIAL","STATUS","VISION INSPECTION STATION","MOV(9,VISION_DATA_POS_BAG_REJECT)","14"
RCOMMENT,"_01_MAIN_DIAL","STATUS","BAG OFFLOAD STATION INSPECTION STATION","MOV(9,BAG_OFFLOAD_DATA_POS_BAG_REJECT)","15"
TYPE,SCOPE,ROUTINE,COMMENT,OWNING_ELEMENT,LOCATION
RCOMMENT,"_02_BAR_MAG","AUTO","BARRIER INFEED MAGAZINE AUTO$N***************************************************************************$N$NSHUTDOWN REQUEST REQUIREMENTS$N$N","MOV(500,STEP_AUTO[2])","0"
RCOMMENT,"_02_BAR_MAG","AUTO","SEND OUT READY FOR PROCESS TO STATIONS","MOV(20,STEP_AUTO[2])","1"
RCOMMENT,"_02_BAR_MAG","AUTO","INDEX","MOV(30,STEP_AUTO[2])","2"
RCOMMENT,"_02_BAR_MAG","AUTO","WAIT FOR POSITION MONITOR CALC COMPLETE","MOV(40,STEP_AUTO[2])","3"
RCOMMENT,"_02_BAR_MAG","AUTO","SEE IF TOWER LOCATION IN FRONT OF PICK-N-PLACE IS EMPTY","RES(MAGAZINE_INDEX_COUNT)","4"
RCOMMENT,"_02_BAR_MAG","ESTOP_RESET","BARRIER INFEED MAGAZINE ESTOP RESET$N***************************************************************************$N$NALARM","MOV(1000,STEP_ESTOP_RESET[2])","0"
RCOMMENT,"_02_BAR_MAG","ESTOP_RESET","CAPTURE INITIAL ALARM","MOV(STEP_ALARM[2],STEP_ALARM_CAPTURE[2])","1"
RCOMMENT,"_02_BAR_MAG","ESTOP_RESET","E-STOP SETTINGS","MOV(1000,STEP_AUTO[2])","2"
RCOMMENT,"_02_BAR_MAG","ESTOP_RESET","WAIT FOR RESET","MOV(10,STEP_ESTOP_RESET[2])","3"
RCOMMENT,"_02_BAR_MAG","ESTOP_RESET","GENERAL CELL SETTINGS UPON RESET","MOV(20,STEP_ESTOP_RESET[2])","4"
RCOMMENT,"_02_BAR_MAG","ESTOP_RESET","WAIT FOR RESET TO BE RELEASED$NWAIT FOR CELL PRESSURE OK$NRESET BASED ON MACHINE MODE","MOV(500,STEP_ESTOP_RESET[2])","5"
RCOMMENT,"_02_BAR_MAG","ESTOP_RESET","WAIT FOR RESET TO COMPLETE","MOV(500,STEP_ESTOP_RESET[2])","6"
RCOMMENT,"_02_BAR_MAG","HMI","BARRIER INFEED MAGAZINE HMI$N***************************************************************************$N$NMAGAZINE ANIMATION","OTE(MAGAZINE_INDEXING_IND)","0"
RCOMMENT,"_02_BAR_MAG","HMI","DRIVE PUSH BUTTONS VISIBILITY ON HMI","OTE(MAGAZINE_DRIVE_BRAKE_PB_VIS)","1"
RCOMMENT,"_02_BAR_MAG","HOME","BARRIER INFEED MAGAZINE HOME ROUTINE$N***************************************************************************$N$NRESET DRIVE FAULT$N","MOV(10,STEP_HOME[2])","0"
RCOMMENT,"_02_BAR_MAG","HOME","WAIT FOR TORQUE SAFE INPUT TO ACTIVATE","MOV(441,STEP_ALARM[2])","1"
RCOMMENT,"_02_BAR_MAG","HOME","ENABLE DRIVE","MOV(25,STEP_HOME[2])","2"
RCOMMENT,"_02_BAR_MAG","HOME","INFEED ELEVATOR HOME ROUTINE MUST BE COMPLETE","MOV(30,STEP_HOME[2])","3"
RCOMMENT,"_02_BAR_MAG","HOME"," CHECK TO SEE IF SERVO REQUIRES HOMING$N","MOV(40,STEP_HOME[2])","4"
RCOMMENT,"_02_BAR_MAG","HOME","START SERVO HOMING ROUTINE AND WAIT FOR COMPLETION","MOV(100,STEP_HOME[2])","5"
RCOMMENT,"_02_BAR_MAG","HOME","DECISION$NIF MOTION IS REQUIRED- LOAD DESTINATION$NIF IN POSITION JUMP TO SKIP MOTION STEPS","MOV(100,STEP_HOME[2])","6"
RCOMMENT,"_02_BAR_MAG","HOME","SETUP INDEX #5$NSEND NEXT POSITION TO THE DRIVE$N$NINDEX TYPE:  0=ABSOLUTE, 1=INCREMENTAL, 2=REGISTRATION ABSOLUTE, 4=STITCHED$NINDEX MOVE TYPE:  0=TRAPEZOIDAL, 1=S-CURVE$NINDEX NEXT ACTION:  0=STOP AND HOLD ZERO VELOCITY, 1=WAIT FOR START INDEX COMMAND OVER ETHERNET, 2=START NEXT WITHOUT STOPPING (DWELL TIME IS USED)$N","MOV(70,STEP_HOME[2])","7"
RCOMMENT,"_02_BAR_MAG","HOME","WAIT FOR COMPLETION OF THE INDEX MESSAGE","MOV(75,STEP_HOME[2])","8"
RCOMMENT,"_02_BAR_MAG","HOME","PAUSE BEFORE INDEXING","MOV(80,STEP_HOME[2])","9"
RCOMMENT,"_02_BAR_MAG","HOME","INDEX TO APPLIED DESTINATION","MOV(90,STEP_HOME[2])","10"
RCOMMENT,"_02_BAR_MAG","HOME","WAIT FOR MOTION TO COMPLETE","MOV(100,STEP_HOME[2])","11"
RCOMMENT,"_02_BAR_MAG","HOME","CHECK FOR MAGAZINE IN POSITION","MOV(500,STEP_HOME[2])","12"
RCOMMENT,"_02_BAR_MAG","MAIN","MAIN ROUTINE$N***************************************************************************","JSR(HMI,0)","0"
RCOMMENT,"_02_BAR_MAG","OUTPUTS","BARRIER INFEED MAGAZINE OUTPUTS$N***************************************************************************$N$NINITIATE BUILT IN DRIVE HOMING ROUTINE","OTU(START_INDEX_HOME_RTN)","0"
RCOMMENT,"_02_BAR_MAG","OUTPUTS","THE TIMER IS USED TO FILTER OUT FALSE PULSES","TON(INDEXING_FILTER,?,?)","1"
RCOMMENT,"_02_BAR_MAG","OUTPUTS","INDEX MAGAZINE","OTU(PNP_PICK_HEAD_CYL_EXT_PB)","2"
RCOMMENT,"_02_BAR_MAG","OUTPUTS","ABORT INDEX","OTU(MAGAZINE_ABORT_INDEX_PB)","3"
RCOMMENT,"_02_BAR_MAG","OUTPUTS","ZERO ENCODER","MOV(439,STEP_ALARM[2])","4"
RCOMMENT,"_02_BAR_MAG","OUTPUTS","RESET DRIVE FAULT$N","MOV(433,STEP_ALARM[2])","5"
RCOMMENT,"_02_BAR_MAG","OUTPUTS","ENABLE DRIVE","OTU(MAGAZINE_DRIVE_ENABLE_PB)","6"
RCOMMENT,"_02_BAR_MAG","OUTPUTS","ACTIVATE MAGAZINE BRAKE UPON LEAVING MANUAL MODE","OTL(MAGAZINE_BRAKE_PB)","7"
RCOMMENT,"_02_BAR_MAG","OUTPUTS","MAGAZINE BRAKE FLIP FLOP CIRCUIT - ALLOWS ONE MOMENTARY PUSH BUTTON TO ACTIVATE AND DEACTIVE BRAKE","OTL(SEND_BRAKE_MSG)","8"
RCOMMENT,"_02_BAR_MAG","OUTPUTS","ACTIVATE / DEACTIVATE BRAKE MESSAGE$NMANIPULATES THE SECOND OUTPUT ON THE DRIVE","OTU(SEND_BRAKE_MSG)","9"
RCOMMENT,"_02_BAR_MAG","POSITION_MONITOR","POSITION MONITOR BARRIER INFEED MAGAZINE$N***************************************************************************$NDETERMINE IF MAGAZINE IS IN POSITION BY$N1. MAGAZINE HAS REACHED IT$'S TARGET$N2. MAGAZINE HAS BEEN HOMED AND IS NOW AT ZERO$N3. THE MAGAZINE HASN$'T LEFT IT$'S LAST TARGET POSITION","MOV(437,STEP_ALARM[2])","0"
RCOMMENT,"_02_BAR_MAG","POSITION_MONITOR","INITIATE POSITION UPDATE AND PART DATA TRANSFER","MOV(20,STEP_POS_MONITOR[2])","1"
RCOMMENT,"_02_BAR_MAG","POSITION_MONITOR","CHECK TO SEE IF SERVO ENCODER ROLLOVER IS REQUIRED","MOV(40,STEP_POS_MONITOR[2])","2"
RCOMMENT,"_02_BAR_MAG","POSITION_MONITOR","WAITING FOR DRIVE TO ZERO","MOV(40,STEP_POS_MONITOR[2])","3"
RCOMMENT,"_02_BAR_MAG","POSITION_MONITOR","DEFINE NEXT POSITION","MOV(50,STEP_POS_MONITOR[2])","4"
RCOMMENT,"_02_BAR_MAG","POSITION_MONITOR","SETUP INDEX #5$NSEND NEXT POSITION TO THE DRIVE$N$NINDEX TYPE:  0=ABSOLUTE, 1=INCREMENTAL, 2=REGISTRATION ABSOLUTE, 4=STITCHED$NINDEX MOVE TYPE:  0=TRAPEZOIDAL, 1=S-CURVE$NINDEX NEXT ACTION:  0=STOP AND HOLD ZERO VELOCITY, 1=WAIT FOR START INDEX COMMAND OVER ETHERNET, 2=START NEXT WITHOUT STOPPING (DWELL TIME IS USED)$N","MOV(60,STEP_POS_MONITOR[2])","5"
RCOMMENT,"_02_BAR_MAG","POSITION_MONITOR","WAITING FOR MESSAGE TO COMPLETE$NAND TRANSFER DATA","MOV(500,STEP_POS_MONITOR[2])","6"
RCOMMENT,"_02_BAR_MAG","POSITION_MONITOR","MONITOR DRIVE POSITION INDEX","MOV(431,STEP_ALARM[2])","7"
RCOMMENT,"_02_BAR_MAG","SERVO_HOMING","BARRIER INFEED MAGAZINE SERVO HOMING ROUTINE$N***************************************************************************$N$NSET HOMING REQUIREMENT DURING FIRST SCAN","OTL(MAGAZINE_DRIVE_HOMING_REQ)","0"
RCOMMENT,"_02_BAR_MAG","SERVO_HOMING","DETERMINE IF DRIVE IS HOMED$N","OTE(MAGAZINE_DRIVE_HOMED)","1"
RCOMMENT,"_02_BAR_MAG","SERVO_HOMING","START HOMING ROUTINE","MOV(10,STEP_HOMING[2])","2"
RCOMMENT,"_02_BAR_MAG","SERVO_HOMING","SET DRIVE TO INDEX MODE","MOV(438,STEP_ALARM[2])","3"
RCOMMENT,"_02_BAR_MAG","SERVO_HOMING","WAIT BEFORE MOTION","MOV(30,STEP_HOMING[2])","4"
RCOMMENT,"_02_BAR_MAG","SERVO_HOMING","INITIATE SERVO HOMING ROUTINE","MOV(40,STEP_HOMING[2])","5"
RCOMMENT,"_02_BAR_MAG","SERVO_HOMING","WAIT FOR THE BUILT IN DRIVE HOMING ROUTINE TO COMPLETE","MOV(50,STEP_HOMING[2])","6"
RCOMMENT,"_02_BAR_MAG","SERVO_HOMING","VERIFY HOMED STATUS AND PAUSE BEFORE INITIATING THE NEXT MOVE$NIF FAULTED END ROUTINE","MOV(100,STEP_HOMING[2])","7"
RCOMMENT,"_02_BAR_MAG","SERVO_HOMING","SET INDEX NUMBER","MOV(70,STEP_HOMING[2])","8"
RCOMMENT,"_02_BAR_MAG","SERVO_HOMING","PAUSE BEFORE INITIATING THE NEXT MOVE","MOV(80,STEP_HOMING[2])","9"
RCOMMENT,"_02_BAR_MAG","SERVO_HOMING","START HOME OFFSET INDEX","MOV(90,STEP_HOMING[2])","10"
RCOMMENT,"_02_BAR_MAG","SERVO_HOMING","SET COUNTER TO ZERO","MOV(100,STEP_HOMING[2])","11"
RCOMMENT,"_02_BAR_MAG","SERVO_HOMING","FINISH ROUTINE","MOV(500,STEP_HOMING[2])","12"
RCOMMENT,"_02_BAR_MAG","STATUS","BARRIER INFEED MAGAZINE STATUS$N***************************************************************************$N$NAUTO READY REQUIREMENTS","OTE(AUTO_READY[2])","0"
RCOMMENT,"_02_BAR_MAG","STATUS","CHECK THAT EVERYTHING IS CLEAR BEFORE INDEXING","OTE(MAGAZINE_CLEAR_TO_INDEX)","1"
TYPE,SCOPE,ROUTINE,COMMENT,OWNING_ELEMENT,LOCATION
RCOMMENT,"_03_BAR_ELEV","AUTO","BARRIER INFEED ELEVATOR AUTO ROUTINE$N***************************************************************************$N$NSHUTDOWN REQUEST REQUIREMENTS$N$N","MOV(500,STEP_AUTO[3])","0"
RCOMMENT,"_03_BAR_ELEV","AUTO","CHECK BARRIER INFEED MAGAZINE STATUS","MOV(10,STEP_AUTO[3])","1"
RCOMMENT,"_03_BAR_ELEV","AUTO","WAIT HERE UNITL A MOVE IS REQUIRED$N$N5=TOP OF MAGAZINE$N7=GO OUT OF MAGAZINE","MOV(20,STEP_AUTO[3])","2"
RCOMMENT,"_03_BAR_ELEV","AUTO","INDEX","MOV(30,STEP_AUTO[3])","3"
RCOMMENT,"_03_BAR_ELEV","AUTO","WAIT FOR INDEX TO COMPLETE","MOV(473,STEP_ALARM[3])","4"
RCOMMENT,"_03_BAR_ELEV","AUTO","CHECK TOWER STATUS","MOV(0,STEP_AUTO[3])","5"
RCOMMENT,"_03_BAR_ELEV","ESTOP_RESET","BARRIER INFEED ELEVATOR ESTOP RESET$N***************************************************************************$N$NALARM","MOV(1000,STEP_ESTOP_RESET[3])","0"
RCOMMENT,"_03_BAR_ELEV","ESTOP_RESET","CAPTURE INITIAL ALARM","MOV(STEP_ALARM[3],STEP_ALARM_CAPTURE[3])","1"
RCOMMENT,"_03_BAR_ELEV","ESTOP_RESET","E-STOP SETTINGS","MOV(1000,STEP_AUTO[3])","2"
RCOMMENT,"_03_BAR_ELEV","ESTOP_RESET","WAIT FOR RESET","MOV(10,STEP_ESTOP_RESET[3])","3"
RCOMMENT,"_03_BAR_ELEV","ESTOP_RESET","GENERAL CELL SETTINGS UPON RESET","MOV(20,STEP_ESTOP_RESET[3])","4"
RCOMMENT,"_03_BAR_ELEV","ESTOP_RESET","WAIT FOR RESET TO BE RELEASED$NWAIT FOR CELL PRESSURE OK$NRESET BASED ON MACHINE MODE","MOV(500,STEP_ESTOP_RESET[3])","5"
RCOMMENT,"_03_BAR_ELEV","ESTOP_RESET","WAIT FOR RESET TO COMPLETE","MOV(500,STEP_ESTOP_RESET[3])","6"
RCOMMENT,"_03_BAR_ELEV","HMI","BARRIER INFEED ELEVATOR HMI$N***************************************************************************$N$NELEVATOR ANIMATION","OTE(ELEVATOR_INDEXING_IND)","0"
RCOMMENT,"_03_BAR_ELEV","HMI","DRIVE PUSH BUTTONS VISIBILITY ON HMI","OTE(ELEVATOR_DRIVE_BRAKE_PB_VIS)","1"
RCOMMENT,"_03_BAR_ELEV","HOME","BARRIER INFEED ELEVATOR HOME ROUTINE$N***************************************************************************$N$NRESET DRIVE FAULT$N","MOV(10,STEP_HOME[3])","0"
RCOMMENT,"_03_BAR_ELEV","HOME","WAIT FOR TORQUE SAFE INPUT TO ACTIVATE","MOV(476,STEP_ALARM[3])","1"
RCOMMENT,"_03_BAR_ELEV","HOME","ENABLE DRIVE","MOV(30,STEP_HOME[3])","2"
RCOMMENT,"_03_BAR_ELEV","HOME","CHECK TO SEE IF SERVO REQUIRES HOMING","MOV(40,STEP_HOME[3])","3"
RCOMMENT,"_03_BAR_ELEV","HOME","START SERVO HOMING ROUTINE AND WAIT FOR COMPLETION","MOV(40,STEP_HOME[3])","4"
RCOMMENT,"_03_BAR_ELEV","HOME","DETERMINE IF WE NEED TO RETRACT ELEVATOR TO HOME POSITION","MOV(80,STEP_HOME[3])","5"
RCOMMENT,"_03_BAR_ELEV","HOME","SET INDEX","MOV(60,STEP_HOME[3])","6"
RCOMMENT,"_03_BAR_ELEV","HOME","INDEX","MOV(70,STEP_HOME[3])","7"
RCOMMENT,"_03_BAR_ELEV","HOME","WAIT FOR INDEX TO COMPLETE","MOV(473,STEP_ALARM[3])","8"
RCOMMENT,"_03_BAR_ELEV","HOME","CHECK FOR ELEVATOR IN POSITION","MOV(472,STEP_ALARM[3])","9"
RCOMMENT,"_03_BAR_ELEV","HOME","COMPLETE ROUTINE","MOV(500,STEP_HOME[3])","10"
RCOMMENT,"_03_BAR_ELEV","HOME","HOME ELEVATOR WATCHDOG","MOV(50,STEP_HOME[3])","11"
RCOMMENT,"_03_BAR_ELEV","MAIN","MAIN ROUTINE$N***************************************************************************","JSR(HMI,0)","0"
RCOMMENT,"_03_BAR_ELEV","OUTPUTS","BARRIER INFEED ELEVATOR OUTPUTS$N***************************************************************************$N$NINITIATE BUILT IN DRIVE HOMING ROUTINE","OTU(START_INDEX_HOME_RTN)","0"
RCOMMENT,"_03_BAR_ELEV","OUTPUTS","THE TIMER IS USED TO FILTER OUT FALSE PULSES","TON(INDEXING_FILTER,?,?)","1"
RCOMMENT,"_03_BAR_ELEV","OUTPUTS","CONTROLS MANUAL MODE  HMI ELEVATOR INDEXES","OTU(ELEVATOR_PICK_POS_PB)","2"
RCOMMENT,"_03_BAR_ELEV","OUTPUTS","INDEX ELEVATOR","MOV(469,STEP_ALARM[3])","3"
RCOMMENT,"_03_BAR_ELEV","OUTPUTS","ABORT INDEX","OTU(ELEVATOR_ABORT_INDEX_PB)","4"
RCOMMENT,"_03_BAR_ELEV","OUTPUTS","ZERO ENCODER","MOV(470,STEP_ALARM[3])","5"
RCOMMENT,"_03_BAR_ELEV","OUTPUTS","RESET DRIVE FAULT$N","MOV(467,STEP_ALARM[3])","6"
RCOMMENT,"_03_BAR_ELEV","OUTPUTS","ENABLE DRIVE","OTU(ELEVATOR_DRIVE_ENABLE_PB)","7"
RCOMMENT,"_03_BAR_ELEV","OUTPUTS","ACTIVATE ELEVATOR BRAKE UPON LEAVING MANUAL MODE","OTL(ELEVATOR_BRAKE_PB)","8"
RCOMMENT,"_03_BAR_ELEV","OUTPUTS","MAGAZINE BRAKE FLIP FLOP CIRCUIT - ALLOWS ONE MOMENTARY PUSH BUTTON TO ACTIVATE AND DEACTIVE BRAKE","OTL(SEND_BRAKE_MSG)","9"
RCOMMENT,"_03_BAR_ELEV","OUTPUTS","ACTIVATE / DEACTIVATE BRAKE MESSAGE$NMANIPULATES THE SECOND OUTPUT ON THE DRIVE","OTU(SEND_BRAKE_MSG)","10"
RCOMMENT,"_03_BAR_ELEV","POSITION_MONITOR","POSITION MONITOR BARRIER INFEED ELEVATOR$N***************************************************************************$N$NPOSITION VERIFICATION","OTE(ELEVATOR_IN_POSITION)","0"
RCOMMENT,"_03_BAR_ELEV","POSITION_MONITOR","MONITOR DRIVE POSITION INDEX","MOV(465,STEP_ALARM[3])","1"
RCOMMENT,"_03_BAR_ELEV","SERVO_HOMING","BARRIER INFEED ELEVATOR SERVO HOMING ROUTINE$N***************************************************************************$N$NSET HOMING REQUIREMENT DURING FIRST SCAN","OTL(ELEVATOR_DRIVE_HOMING_REQ)","0"
RCOMMENT,"_03_BAR_ELEV","SERVO_HOMING","DETERMINE IF DRIVE IS HOMED$N","OTE(ELEVATOR_DRIVE_HOMED)","1"
RCOMMENT,"_03_BAR_ELEV","SERVO_HOMING","START HOMING ROUTINE","MOV(10,STEP_HOMING[3])","2"
RCOMMENT,"_03_BAR_ELEV","SERVO_HOMING","SET DRIVE TO INDEX MODE","MOV(466,STEP_ALARM[3])","3"
RCOMMENT,"_03_BAR_ELEV","SERVO_HOMING","WAIT BEFORE MOTION","MOV(30,STEP_HOMING[3])","4"
RCOMMENT,"_03_BAR_ELEV","SERVO_HOMING","INITIATE SERVO HOMING ROUTINE","MOV(40,STEP_HOMING[3])","5"
RCOMMENT,"_03_BAR_ELEV","SERVO_HOMING","WAIT FOR THE BUILT IN DRIVE HOMING ROUTINE TO COMPLETE","MOV(50,STEP_HOMING[3])","6"
RCOMMENT,"_03_BAR_ELEV","SERVO_HOMING","PAUSE BEFORE INITIATING THE NEXT MOVE","MOV(100,STEP_HOMING[3])","7"
RCOMMENT,"_03_BAR_ELEV","SERVO_HOMING","SET INDEX NUMBER","MOV(70,STEP_HOMING[3])","8"
RCOMMENT,"_03_BAR_ELEV","SERVO_HOMING","PAUSE BEFORE INITIATING THE NEXT MOVE","MOV(80,STEP_HOMING[3])","9"
RCOMMENT,"_03_BAR_ELEV","SERVO_HOMING","START HOME OFFSET INDEX","MOV(90,STEP_HOMING[3])","10"
RCOMMENT,"_03_BAR_ELEV","SERVO_HOMING","SET COUNTER TO ZERO","MOV(100,STEP_HOMING[3])","11"
RCOMMENT,"_03_BAR_ELEV","SERVO_HOMING","FINISH ROUTINE","MOV(500,STEP_HOMING[3])","12"
RCOMMENT,"_03_BAR_ELEV","STATUS","BARRIER INFEED ELEVATOR STATUS$N***************************************************************************$N$NAUTO READY REQUIREMENTS","OTE(AUTO_READY[3])","0"
RCOMMENT,"_03_BAR_ELEV","STATUS","CHECK THAT EVERYTHING IS CLEAR BEFORE INDEXING","OTE(ELEVATOR_CLEAR_TO_INDEX)","1"
RCOMMENT,"_03_BAR_ELEV","STATUS","ELEVATOR POSITION CHECK SENSOR DEBOUNCE","OTE(ELEVATOR_POS_CHK)","2"
RCOMMENT,"_03_BAR_ELEV","STATUS","BARRIER PRESENCE CHECK SENSOR DEBOUNCE","OTE(ELEVATOR_PART_NOT_PRESENT)","3"
TYPE,SCOPE,ROUTINE,COMMENT,OWNING_ELEMENT,LOCATION
RCOMMENT,"_04_BAR_PNC","ANALOG_SETUP","BARRIER PRESS-N-CURE STATION PRESSURE REGULATOR ANALOG SETUP ROUTINE$N*************************************************************************************************************$N$NSTATION SETUP$N$NAFTER COMMUNICATIONS ARE RESTABLISHED WAIT FOR THE HMI BUTTON TO BE PRESSED","MOV(10,STEP_ANALOG_SETUP)","0"
RCOMMENT,"_04_BAR_PNC","ANALOG_SETUP","THE DOWN LOAD STEPS ARE OUT OF ORDER PURPOSELY IN ORDER TO CAUSE AN ON/OFF CONDITION PRIOR TO THE NEXT STEP.$N$NLOOP TO THE NEXT STEP UNTIL 8 STEPS ARE COMPLETED","MOV(500,STEP_ANALOG_SETUP)","1"
RCOMMENT,"_04_BAR_PNC","ANALOG_SETUP","WRITE MESSAGE TO MANIFOLD #2 BARRIER PRESS-N-CURE ANALOG INPUT/OUTPUT MODULE$N$N","MOV(306,STEP_ALARM[4])","2"
RCOMMENT,"_04_BAR_PNC","ANALOG_SETUP","DEPENDING ON THE LOOP NUMBER FILL THE MESSAGE VARIABLES.$N INSTANCE = MODULE NUMBER$NCLASS = PARAMETER - HEX 8A (DEC. 138) SET ANALOG SCALE$NATTRIBUTE = CHANNEL NUMBER - HEX 64 (DEC. 100) CHANNELS ARE 100 - 131$NANALOG_SETUP_SOURCE_ELEMENT = IS THE VARIABLE TO SEND TO THE PARAMETER$N","MOV(20,STEP_ANALOG_SETUP)","3"
RCOMMENT,"_04_BAR_PNC","AUTO","BARRIER PRESS-N-CURE STATION AUTO$N***************************************************************************$N$NSHUTDOWN REQUEST REQUIREMENTS$N$N","MOV(500,STEP_AUTO[4])","0"
RCOMMENT,"_04_BAR_PNC","AUTO","PART STATUS","OTE(PNC_GOOD_BARRIER_ON_DIAL)","1"
RCOMMENT,"_04_BAR_PNC","AUTO","CHECK TO SEE IF STATION CAN RUN BEFORE INITIAL INDEX AFTER STARTING CELL$N$NIF MANUAL CYCLE MOVE TO NEXT STEP","MOV(20,STEP_AUTO[4])","2"
RCOMMENT,"_04_BAR_PNC","AUTO"," REQUEST DIAL INDEX$N","MOV(8,STEP_AUTO[4])","3"
RCOMMENT,"_04_BAR_PNC","AUTO","VERIFY ROTATION OF PICK HEAD IS COMPLETE","MOV(10,STEP_AUTO[4])","4"
RCOMMENT,"_04_BAR_PNC","AUTO","ANALYZE PART DATA","MOV(150,STEP_AUTO[4])","5"
RCOMMENT,"_04_BAR_PNC","AUTO","START PICK AND CURE ROUTINES AS REQUIRED","MOV(30,STEP_AUTO[4])","6"
RCOMMENT,"_04_BAR_PNC","AUTO","WAIT FOR PICK AND CURE ROUTINES TO COMPLETE","MOV(0,STEP_AUTO[4])","7"
RCOMMENT,"_04_BAR_PNC","AUTO","SET PROCESS DONE$NMONITOR EMPTY STATUS","MOV(160,STEP_AUTO[4])","8"
RCOMMENT,"_04_BAR_PNC","AUTO","WAIT FOR MAIN DIAL TO TURN OFF INDEX DONE","MOV(5,STEP_AUTO[4])","9"
RCOMMENT,"_04_BAR_PNC","AUTO","STATION CYCLE TIME","TON(TIMER_OPER[11],?,?)","10"
RCOMMENT,"_04_BAR_PNC","AUTO_CURE","BARRIER PRESS-N-CURE STATION BAG CURE AUTO$N***************************************************************************$N$NEXTEND PICK CYLINDER AND PRESS CYLINDER","MOV(20,STEP_AUTO[25])","0"
RCOMMENT,"_04_BAR_PNC","AUTO_CURE","WAIT FOR CURE TIME AND VERIFY PRESSURE OK$NRELEASE VAC AFTER TIME","MOV(30,STEP_AUTO[25])","1"
RCOMMENT,"_04_BAR_PNC","AUTO_CURE","RETRACT PRESS CYLINDER","MOV(40,STEP_AUTO[25])","2"
RCOMMENT,"_04_BAR_PNC","AUTO_CURE","RETRACT PICK CYLINDER AS REQUIRED","MOV(500,STEP_AUTO[25])","3"
RCOMMENT,"_04_BAR_PNC","AUTO_PICK","BARRIER PRESS-N-CURE STATION PICK BARRIER AUTO$N***************************************************************************$N$NTURN OFF MAIN DIAL VACUUM, EXTEND PICK CYLINDERS, AND TURN ON PRESS HEAD VACUUM AS REQUIRED","MOV(10,STEP_AUTO[24])","0"
RCOMMENT,"_04_BAR_PNC","AUTO_PICK","WAIT FOR VACUUM SWITCH","MOV(20,STEP_AUTO[24])","1"
RCOMMENT,"_04_BAR_PNC","AUTO_PICK","RETRACT PICK CYLINDER AS REQUIRED","MOV(500,STEP_AUTO[24])","2"
RCOMMENT,"_04_BAR_PNC","AUTO_ROTATE","BARRIER PRESS-N-CURE STATION PRESS HEAD ROTATE AUTO$N********************************************************************************$NINTITATE PRESS HEAD INDEX$NWHEN DIAL INDEXES","MOV(0,STEP_AUTO[26])","0"
RCOMMENT,"_04_BAR_PNC","AUTO_ROTATE","$N$NINDEX PRESS HEAD","MOV(10,STEP_AUTO[26])","1"
RCOMMENT,"_04_BAR_PNC","AUTO_ROTATE","WAIT FOR POSITION MONITOR CALC COMPLETE","MOV(500,STEP_AUTO[26])","2"
RCOMMENT,"_04_BAR_PNC","ESTOP_RESET","BARRIER PRESS-N-CURE STATION ESTOP RESET$N***************************************************************************$N$NALARM","MOV(1000,STEP_ESTOP_RESET[4])","0"
RCOMMENT,"_04_BAR_PNC","ESTOP_RESET","CAPTURE INITIAL ALARM","MOV(STEP_ALARM[4],STEP_ALARM_CAPTURE[4])","1"
RCOMMENT,"_04_BAR_PNC","ESTOP_RESET","E-STOP SETTINGS","MOV(1000,STEP_AUTO[26])","2"
RCOMMENT,"_04_BAR_PNC","ESTOP_RESET","WAIT FOR RESET","MOV(10,STEP_ESTOP_RESET[4])","3"
RCOMMENT,"_04_BAR_PNC","ESTOP_RESET","GENERAL CELL SETTINGS UPON RESET","MOV(20,STEP_ESTOP_RESET[4])","4"
RCOMMENT,"_04_BAR_PNC","ESTOP_RESET","WAIT FOR RESET TO BE RELEASED$NWAIT FOR CELL PRESSURE OK$NRESET BASED ON MACHINE MODE","MOV(500,STEP_ESTOP_RESET[4])","5"
RCOMMENT,"_04_BAR_PNC","ESTOP_RESET","WAIT FOR RESET TO COMPLETE","MOV(500,STEP_ESTOP_RESET[4])","6"
RCOMMENT,"_04_BAR_PNC","HMI","BARRIER PRESS-N-CURE HMI$N***************************************************************************$N$NDRIVE INDEXING ANIMATION","OTE(PNC_INDEXING_IND)","0"
RCOMMENT,"_04_BAR_PNC","HMI","ANIMATION FOR HMI DURING PICK HEAD ROTATION","OTE(PNC_PICK_ROT_POS)","1"
RCOMMENT,"_04_BAR_PNC","HMI","AUTO READY ANIMATION","OTE(PNC_PICK_LOC_NOT_AUTO_READY)","2"
RCOMMENT,"_04_BAR_PNC","HMI","DRIVE PUSH BUTTONS VISIBILITY ON HMI","OTE(PNC_DRIVE_FAULT_PB_VIS)","3"
RCOMMENT,"_04_BAR_PNC","HMI","PICK HEAD PUSH BUTTONS ON HMI VISIBILITY","OTE(PNC_PRESS_CYL_EXT_PB_VIS)","4"
RCOMMENT,"_04_BAR_PNC","HMI","MANUAL MODE CYCLES HMI VISIBILITY","OTE(PNC_CYCLE_PB_VIS)","5"
RCOMMENT,"_04_BAR_PNC","HOME","BARRIER PRESS-N-CURE STATION HOME ROUTINE$N***************************************************************************$N$NRESET DRIVE FAULT$N","MOV(10,STEP_HOME[4])","0"
RCOMMENT,"_04_BAR_PNC","HOME","WAIT FOR TORQUE SAFE INPUT TO ACTIVATE","MOV(309,STEP_ALARM[4])","1"
RCOMMENT,"_04_BAR_PNC","HOME","ENABLE DRIVE","MOV(25,STEP_HOME[4])","2"
RCOMMENT,"_04_BAR_PNC","HOME","VERIFY GLUE STATION HOME ROUTINE IS COMPLETE$NRETRACT ALL CYLINDERS AND CHECK VACUUM STATUS","MOV(30,STEP_HOME[4])","3"
RCOMMENT,"_04_BAR_PNC","HOME"," CHECK TO SEE IF SERVO REQUIRES HOMING$N","MOV(40,STEP_HOME[4])","4"
RCOMMENT,"_04_BAR_PNC","HOME","START SERVO HOMING ROUTINE AND WAIT FOR COMPLETION","MOV(40,STEP_HOME[4])","5"
RCOMMENT,"_04_BAR_PNC","HOME","DECIDE IF PICK HEAD NEEDS ROTATING","MOV(80,STEP_HOME[4])","6"
RCOMMENT,"_04_BAR_PNC","HOME","INDEX TO APPLIED DESTINATION","MOV(60,STEP_HOME[4])","7"
RCOMMENT,"_04_BAR_PNC","HOME","WAIT FOR MOTION TO COMPLETE","MOV(70,STEP_HOME[4])","8"
RCOMMENT,"_04_BAR_PNC","HOME","CHECK FOR PRESS HEAD IN POSITION","MOV(80,STEP_HOME[4])","9"
RCOMMENT,"_04_BAR_PNC","HOME","CHECK STATUS OF PARTS AND LOCATION OF PICK HEAD","MOV(50,STEP_HOME[4])","10"
RCOMMENT,"_04_BAR_PNC","MAIN","MAIN ROUTINE$N***************************************************************************","JSR(HMI,0)","0"
RCOMMENT,"_04_BAR_PNC","OUTPUTS","BARRIER PRESS-N-CURE STATION OUTPUTS$N***************************************************************************$N$NINITIATE BUILT IN DRIVE HOMING ROUTINE","OTU(START_INDEX_HOME_RTN)","0"
RCOMMENT,"_04_BAR_PNC","OUTPUTS","THE TIMER IS USED TO FILTER OUT FALSE PULSES","TON(INDEXING_FILTER,?,?)","1"
RCOMMENT,"_04_BAR_PNC","OUTPUTS","INDEX CONTROL","OTU(PNC_PRESS_CYL_EXT_PB)","2"
RCOMMENT,"_04_BAR_PNC","OUTPUTS","ABORT INDEX","OTU(PNC_ABORT_INDEX_PB)","3"
RCOMMENT,"_04_BAR_PNC","OUTPUTS","ZERO ENCODER","MOV(311,STEP_ALARM[4])","4"
RCOMMENT,"_04_BAR_PNC","OUTPUTS","RESET DRIVE FAULT$N","MOV(303,STEP_ALARM[4])","5"
RCOMMENT,"_04_BAR_PNC","OUTPUTS","ENABLE DRIVE","OTU(PNC_DRIVE_ENABLE_PB)","6"
RCOMMENT,"_04_BAR_PNC","OUTPUTS","PICK CYLINDER 1 CONTROL","MOV(313,STEP_ALARM[4])","7"
RCOMMENT,"_04_BAR_PNC","OUTPUTS","PICK CYLINDER 2 CONTROL","MOV(315,STEP_ALARM[4])","8"
RCOMMENT,"_04_BAR_PNC","OUTPUTS","PRESS CYLINDER CONTROL","MOV(317,STEP_ALARM[4])","9"
RCOMMENT,"_04_BAR_PNC","OUTPUTS","VACUUM CONTROL","MOV(319,STEP_ALARM[4])","10"
RCOMMENT,"_04_BAR_PNC","POSITION_MONITOR","POSITION MONITOR BARRIER PRESS-N-CURE STATION$N***************************************************************************$NDETERMINE IF PRESS HEAD IS IN POSITION BY$N PRESS HEAD HAS REACHED IT$'S TARGET$N PRESS HEAD HASN$'T LEFT IT$'S LAST TARGET POSITION$N PRESS HEAD IS IN ONE OF THE PROCESS POSITIONS$N","MOV(307,STEP_ALARM[4])","0"
RCOMMENT,"_04_BAR_PNC","POSITION_MONITOR","INITIATE POSITION UPDATE AND PART DATA TRANSFER","MOV(20,STEP_POS_MONITOR[4])","1"
RCOMMENT,"_04_BAR_PNC","POSITION_MONITOR","CACULATE THE NEXT POSITION SO THE MACHINE CAN RESUME FROM WHERE IT LEFT OFF.$N","MOV(60,STEP_POS_MONITOR[4])","2"
RCOMMENT,"_04_BAR_PNC","POSITION_MONITOR","COMPLETE ROUTINE","MOV(500,STEP_POS_MONITOR[4])","3"
RCOMMENT,"_04_BAR_PNC","POSITION_MONITOR","MONITOR DRIVE POSITION INDEX","MOV(310,STEP_ALARM[4])","4"
RCOMMENT,"_04_BAR_PNC","PRESSURE_REG","BARRIER PRESS-N-CURE STATION PRESSURE REGULATOR$N*******************************************************************************$N$NADD OPERATOR ADJUSTMENT TO PRESSURE SETPOINT","MOV(PRESSURE_SP_AUTO,PRESSURE_SP_GEN)","0"
RCOMMENT,"_04_BAR_PNC","PRESSURE_REG","CACULATE OPERATERS MAXIMUM  & MINIMUM ALLOWABLE SETPOINT ADJUSTMENT BASED ON RECIPE PRESSURE$N","MOV(PRESSURE_MAX_ALLOWED,PNC_PRESSURE_MAX)","1"
RCOMMENT,"_04_BAR_PNC","PRESSURE_REG","IF RECIPE VALUE CHANGES ZERO OUT OFFSET ADJUST","MOV(0,PNC_ADJ_PRESSURE)","2"
RCOMMENT,"_04_BAR_PNC","PRESSURE_REG","****MANUAL MODE****$N$NSET PRESSURE SETPOINT FOR MANUAL MODE","MOV(PRESSURE_SP_AUTO,PNC_PRESSURE_SP_MAN_DISPLAY)","3"
RCOMMENT,"_04_BAR_PNC","PRESSURE_REG","WHILE IN MANUAL MODE, ALLOW THE PRESSURE SLIDERS FULL SCALE OF OPERATION.","MOV(PRESSURE_SP_MAN,PRESSURE_SP_GEN)","4"
RCOMMENT,"_04_BAR_PNC","PRESSURE_REG","SEND REGULATOR PRESSURE INPUT COUNTS$N$NSCALE, TRUNCATE AND BYTE SWAP","SWPB(SCALED_PRESS_TRUNC,HIGH/LOW,MAN02:O.Data[0])","5"
RCOMMENT,"_04_BAR_PNC","PRESSURE_REG","CACULATE FEEDBACK PRESSURE FROM REGULATOR","CPT(REG_FEEDBACK_SCALED,REG_FEEDBACK_M/PNC_PRESSURE_SCALING_PARAM.IN_M)","6"
RCOMMENT,"_04_BAR_PNC","PRESSURE_REG","VERIFY PRESSURE USING REGULATOR FEEDBACK","OTE(PNC_PRESSURE_OK)","7"
RCOMMENT,"_04_BAR_PNC","SERVO_HOMING","BARRIER PRESS-N-CURE STATION SERVO HOMING ROUTINE$N***************************************************************************$N$NSET HOMING REQUIREMENT DURING FIRST SCAN","OTL(PNC_DRIVE_HOMING_REQ)","0"
RCOMMENT,"_04_BAR_PNC","SERVO_HOMING","DETERMINE IF DRIVE IS HOMED$N","OTE(PNC_DRIVE_HOMED)","1"
RCOMMENT,"_04_BAR_PNC","SERVO_HOMING","START HOMING ROUTINE","OTL(PNC_DRIVE_HOMING_IND)","2"
RCOMMENT,"_04_BAR_PNC","SERVO_HOMING","SET DRIVE TO INDEX MODE","MOV(308,STEP_ALARM[4])","3"
RCOMMENT,"_04_BAR_PNC","SERVO_HOMING","WAIT BEFORE MOTION","MOV(30,STEP_HOMING[4])","4"
RCOMMENT,"_04_BAR_PNC","SERVO_HOMING","INITIATE SERVO HOMING ROUTINE","MOV(40,STEP_HOMING[4])","5"
RCOMMENT,"_04_BAR_PNC","SERVO_HOMING","WAIT FOR THE BUILT IN DRIVE HOMING ROUTINE TO COMPLETE","MOV(50,STEP_HOMING[4])","6"
RCOMMENT,"_04_BAR_PNC","SERVO_HOMING","PAUSE BEFORE INITIATING THE NEXT MOVE","MOV(100,STEP_HOMING[4])","7"
RCOMMENT,"_04_BAR_PNC","SERVO_HOMING","SET INDEX NUMBER","MOV(70,STEP_HOMING[4])","8"
RCOMMENT,"_04_BAR_PNC","SERVO_HOMING","PAUSE BEFORE INITIATING THE NEXT MOVE","MOV(80,STEP_HOMING[4])","9"
RCOMMENT,"_04_BAR_PNC","SERVO_HOMING","START HOME OFFSET INDEX","MOV(90,STEP_HOMING[4])","10"
RCOMMENT,"_04_BAR_PNC","SERVO_HOMING","SET COUNTER TO ZERO","MOV(100,STEP_HOMING[4])","11"
RCOMMENT,"_04_BAR_PNC","SERVO_HOMING","FINISH ROUTINE","MOV(500,STEP_HOMING[4])","12"
RCOMMENT,"_04_BAR_PNC","STATUS","BARRIER PRESS-N-CURE STATION STATUS$N***************************************************************************$N$NAUTO READY REQUIREMENTS","OTE(AUTO_READY[4])","0"
RCOMMENT,"_04_BAR_PNC","STATUS","CHECK THAT EVERYTHING IS CLEAR BEFORE INDEXING","OTE(PNC_CLEAR_TO_INDEX)","1"
RCOMMENT,"_04_BAR_PNC","STATUS","STATUS OF BARRIER PICKED ON EACH SIDE OF PICK HEAD","OTE(PNC_BARRIER_PICKED)","2"
TYPE,SCOPE,ROUTINE,COMMENT,OWNING_ELEMENT,LOCATION
RCOMMENT,"_04_PNC_EXT_SENSORS","MAIN","MAIN ROUTINE$N***************************************************************************","JSR(STATUS,0)","0"
RCOMMENT,"_04_PNC_EXT_SENSORS","STATUS","STATUS ROUTINE$N***************************************************************************$N$NSTATUS OF PNC EXTEND CYLINDER SENSORS ARE DETERMINED IN EVENT TASK$N(THIS CODE ALLOWS THE SENSORS TO BE MADE ON THE WAY TO BEING EXTENDED TO ACCOMADATE DIFFERENT STOPPING POSITIONS)","OTE(PNC_PRESS_CYL_EXT_DETECTED)","0"
TYPE,SCOPE,ROUTINE,COMMENT,OWNING_ELEMENT,LOCATION
RCOMMENT,"_05_BAR_PNP_CORONA","AUTO","BARRIER PICK-N-PLACE/CORONA TREAT AUTO$N***************************************************************************$N$NCHECK FOR CELL SHUTDOWN REQUEST","MOV(500,STEP_AUTO[5])","0"
RCOMMENT,"_05_BAR_PNP_CORONA","AUTO","CHECK TO SEE IF PART IS ON PICK HEAD","MOV(500,STEP_AUTO[5])","1"
RCOMMENT,"_05_BAR_PNP_CORONA","AUTO","CHECK FOR MAGAZINE REQUEST AND EMPTY REQUEST","MOV(500,STEP_AUTO[5])","2"
RCOMMENT,"_05_BAR_PNP_CORONA","AUTO","SET INDEX","MOV(15,STEP_AUTO[5])","3"
RCOMMENT,"_05_BAR_PNP_CORONA","AUTO","INDEX","MOV(20,STEP_AUTO[5])","4"
RCOMMENT,"_05_BAR_PNP_CORONA","AUTO","WAIT FOR INDEX TO COMPLETE","MOV(404,STEP_ALARM[5])","5"
RCOMMENT,"_05_BAR_PNP_CORONA","AUTO","RETRACT PICK CYLINDER IF LOOPING AROUND FOR A NOTHER PICK ATTEMPT","MOV(30,STEP_AUTO[5])","6"
RCOMMENT,"_05_BAR_PNP_CORONA","AUTO"," WAIT FOR ELEVATOR TO REACH POSITION$NTHEN EXTEND PICK CYLINDER$N","MOV(40,STEP_AUTO[5])","7"
RCOMMENT,"_05_BAR_PNP_CORONA","AUTO","TURN ON VACUUM","MOV(50,STEP_AUTO[5])","8"
RCOMMENT,"_05_BAR_PNP_CORONA","AUTO","RETRACT PICK CYLINDER","MOV(30,STEP_AUTO[5])","9"
RCOMMENT,"_05_BAR_PNP_CORONA","AUTO","SET INDEX","MOV(70,STEP_AUTO[5])","10"
RCOMMENT,"_05_BAR_PNP_CORONA","AUTO","INDEX","MOV(80,STEP_AUTO[5])","11"
RCOMMENT,"_05_BAR_PNP_CORONA","AUTO","WAIT FOR INDEX TO COMPLETE AND START CORONA FLAME","MOV(404,STEP_ALARM[5])","12"
RCOMMENT,"_05_BAR_PNP_CORONA","AUTO","ROTATE PART ON PICK HEAD","MOV(100,STEP_AUTO[5])","13"
RCOMMENT,"_05_BAR_PNP_CORONA","AUTO","WAIT FOR MOVE TO COMPLETE AND TURN OFF FLAME","MOV(419,STEP_ALARM[5])","14"
RCOMMENT,"_05_BAR_PNP_CORONA","AUTO","SET INDEX","MOV(120,STEP_AUTO[5])","15"
RCOMMENT,"_05_BAR_PNP_CORONA","AUTO","CHECK FOR BARRIER PLACE REQUEST FROM LIGHT TABLE","TON(TIMER_OPER[12],?,?)","16"
RCOMMENT,"_05_BAR_PNP_CORONA","AUTO","INDEX","MOV(140,STEP_AUTO[5])","17"
RCOMMENT,"_05_BAR_PNP_CORONA","AUTO","WAIT FOR INDEX TO COMPLETE","MOV(404,STEP_ALARM[5])","18"
RCOMMENT,"_05_BAR_PNP_CORONA","AUTO","TURN OFF VACUUM","MOV(160,STEP_AUTO[5])","19"
RCOMMENT,"_05_BAR_PNP_CORONA","AUTO","CHECK IF THE MAGAZINE IS READY FOR PROCESS","MOV(170,STEP_AUTO[5])","20"
RCOMMENT,"_05_BAR_PNP_CORONA","AUTO","SET INDEX","MOV(180,STEP_AUTO[5])","21"
RCOMMENT,"_05_BAR_PNP_CORONA","AUTO","INDEX","MOV(190,STEP_AUTO[5])","22"
RCOMMENT,"_05_BAR_PNP_CORONA","AUTO","WAIT FOR INDEX TO COMPLETE","MOV(404,STEP_ALARM[5])","23"
RCOMMENT,"_05_BAR_PNP_CORONA","AUTO","MONITOR VACUUM SWITCH DURING AUTO ROUTINE","MOV(412,STEP_ALARM[5])","24"
RCOMMENT,"_05_BAR_PNP_CORONA","ESTOP_RESET","BARRIER PICK-N-PLACE/CORONA TREAT ESTOP RESET$N***************************************************************************$N$NALARM","MOV(1000,STEP_ESTOP_RESET[5])","0"
RCOMMENT,"_05_BAR_PNP_CORONA","ESTOP_RESET","CAPTURE INITIAL ALARM","MOV(STEP_ALARM[5],STEP_ALARM_CAPTURE[5])","1"
RCOMMENT,"_05_BAR_PNP_CORONA","ESTOP_RESET","E-STOP SETTINGS","MOV(1000,STEP_AUTO[5])","2"
RCOMMENT,"_05_BAR_PNP_CORONA","ESTOP_RESET","WAIT FOR RESET","MOV(10,STEP_ESTOP_RESET[5])","3"
RCOMMENT,"_05_BAR_PNP_CORONA","ESTOP_RESET","GENERAL CELL SETTINGS UPON RESET","MOV(20,STEP_ESTOP_RESET[5])","4"
RCOMMENT,"_05_BAR_PNP_CORONA","ESTOP_RESET","WAIT FOR RESET TO BE RELEASED$NWAIT FOR CELL PRESSURE OK$NRESET BASED ON MACHINE MODE","MOV(500,STEP_ESTOP_RESET[5])","5"
RCOMMENT,"_05_BAR_PNP_CORONA","ESTOP_RESET","WAIT FOR RESET TO COMPLETE","MOV(500,STEP_ESTOP_RESET[5])","6"
RCOMMENT,"_05_BAR_PNP_CORONA","HMI","BARRIER PICK-N-PLACE/CORONA TREAT HMI$N***************************************************************************$N$NBASE DRIVE INDEXING ANIMATION","MOV(TIMER_OPER[16].ACC,INDEXING_CYCLE_TIME)","0"
RCOMMENT,"_05_BAR_PNP_CORONA","HMI","PICK HEAD ANIMATION","OTE(PNP_PICK_HEAD_DRIVE_HOMING_IND)","1"
RCOMMENT,"_05_BAR_PNP_CORONA","HMI","BASE DRIVE PUSH BUTTONS VISIBILITY ON HMI","OTE(PNP_BASE_DRIVE_FAULT_PB_VIS)","2"
RCOMMENT,"_05_BAR_PNP_CORONA","HMI","PICK HEAD DRIVE PUSH BUTTONS VISIBILITY ON HMI","OTE(PNP_PICK_HEAD_DRIVE_PB_VIS)","3"
RCOMMENT,"_05_BAR_PNP_CORONA","HMI","PICK HEAD EXTEND PUSH BUTTON VISIBILITY ON HMI","OTE(PNP_PICK_HEAD_CYL_EXT_PB_VIS)","4"
RCOMMENT,"_05_BAR_PNP_CORONA","HOME","BARRIER PICK-N-PLACE/CORONA TREAT HOME ROUTINE$N***************************************************************************$N$NRESET DRIVE FAULT$N","MOV(10,STEP_HOME[5])","0"
RCOMMENT,"_05_BAR_PNP_CORONA","HOME","WAIT FOR TORQUE SAFE INPUT TO ACTIVATE","MOV(413,STEP_ALARM[5])","1"
RCOMMENT,"_05_BAR_PNP_CORONA","HOME","ENABLE DRIVE","MOV(25,STEP_HOME[5])","2"
RCOMMENT,"_05_BAR_PNP_CORONA","HOME","RESET COMPONENTS","MOV(30,STEP_HOME[5])","3"
RCOMMENT,"_05_BAR_PNP_CORONA","HOME","CHECK TO SEE IF SERVO REQUIRES HOMING","MOV(40,STEP_HOME[5])","4"
RCOMMENT,"_05_BAR_PNP_CORONA","HOME","START SERVO HOMING ROUTINE AND WAIT FOR COMPLETION","MOV(40,STEP_HOME[5])","5"
RCOMMENT,"_05_BAR_PNP_CORONA","HOME","DETERMINE IF NEED TO MOVE THE PICK-N-PLACE TO THE PARK POSITION","MOV(80,STEP_HOME[5])","6"
RCOMMENT,"_05_BAR_PNP_CORONA","HOME","SET INDEX","MOV(60,STEP_HOME[5])","7"
RCOMMENT,"_05_BAR_PNP_CORONA","HOME","INDEX","MOV(70,STEP_HOME[5])","8"
RCOMMENT,"_05_BAR_PNP_CORONA","HOME","WAIT FOR INDEX TO COMPLETE","MOV(404,STEP_ALARM[5])","9"
RCOMMENT,"_05_BAR_PNP_CORONA","HOME","CHECK FOR BASE DRIVE IN POSITION","MOV(80,STEP_HOME[5])","10"
RCOMMENT,"_05_BAR_PNP_CORONA","HOME","SETUP INDEX #6$N$NINDEX TYPE:  0=ABSOLUTE, 1=INCREMENTAL, 2=REGISTRATION ABSOLUTE, 4=STITCHED$NINDEX MOVE TYPE:  0=TRAPEZOIDAL, 1=S-CURVE$NINDEX NEXT ACTION:  0=STOP AND HOLD ZERO VELOCITY, 1=WAIT FOR START INDEX COMMAND OVER ETHERNET, 2=START NEXT WITHOUT STOPPING (DWELL TIME IS USED)$N","MOV(90,STEP_HOME[5])","11"
RCOMMENT,"_05_BAR_PNP_CORONA","HOME","WAIT FOR COMPLETION OF THE INDEX MESSAGE","MOV(100,STEP_HOME[5])","12"
RCOMMENT,"_05_BAR_PNP_CORONA","HOME","CONFIGURE THE STEPPER IF REQUIRED","MOV(120,STEP_HOME[5])","13"
RCOMMENT,"_05_BAR_PNP_CORONA","HOME","ENABLE THE STEPPER DRIVE WHILE IN CONFIG MODE","MOV(422,STEP_ALARM[5])","14"
RCOMMENT,"_05_BAR_PNP_CORONA","HOME"," CHANGE STEPPER DRIVE BACK TO COMMAND MODE","MOV(423,STEP_ALARM[5])","15"
RCOMMENT,"_05_BAR_PNP_CORONA","HOME","RESET STEPPER IF REQUIRED","MOV(130,STEP_HOME[5])","16"
RCOMMENT,"_05_BAR_PNP_CORONA","HOME","ENABLE STEPPER","MOV(140,STEP_HOME[5])","17"
RCOMMENT,"_05_BAR_PNP_CORONA","HOME","TURN STEPPER UNTIL HOME$NRESET CORONA ENABLE REQUEST$NFINISH ROUTINE","MOV(500,STEP_HOME[5])","18"
RCOMMENT,"_05_BAR_PNP_CORONA","HOME","STEPPER DRIVE CONFIG WATCHDOG","MOV(100,STEP_HOME[5])","19"
RCOMMENT,"_05_BAR_PNP_CORONA","MAIN","MAIN ROUTINE$N***************************************************************************$N","JSR(HMI,0)","0"
RCOMMENT,"_05_BAR_PNP_CORONA","OUTPUTS","BARRIER PICK-N-PLACE/CORONA TREAT OUTPUTS$N***************************************************************************$N$NINITIATE BUILT IN DRIVE HOMING ROUTINE","OTU(START_INDEX_HOME_RTN)","0"
RCOMMENT,"_05_BAR_PNP_CORONA","OUTPUTS","THE TIMER IS USED TO FILTER OUT FALSE PULSES","TON(INDEXING_FILTER,?,?)","1"
RCOMMENT,"_05_BAR_PNP_CORONA","OUTPUTS","CONTROLS MANUAL MODE  HMI PICK-N-PLACE BASE DRIVE INDEXES","MOV(7,DRV05:O.StartingIndex)","2"
RCOMMENT,"_05_BAR_PNP_CORONA","OUTPUTS","INDEX CONTROL","OTU(PNP_PICK_HEAD_CYL_EXT_PB)","3"
RCOMMENT,"_05_BAR_PNP_CORONA","OUTPUTS","ABORT INDEX","OTU(PNP_BASE_ABORT_INDEX_PB)","4"
RCOMMENT,"_05_BAR_PNP_CORONA","OUTPUTS","ZERO ENCODER","MOV(401,STEP_ALARM[5])","5"
RCOMMENT,"_05_BAR_PNP_CORONA","OUTPUTS","RESET DRIVE FAULT$N","MOV(402,STEP_ALARM[5])","6"
RCOMMENT,"_05_BAR_PNP_CORONA","OUTPUTS","ENABLE DRIVE","OTU(PNP_BASE_DRIVE_ENABLE_PB)","7"
RCOMMENT,"_05_BAR_PNP_CORONA","OUTPUTS","PICK-N-PLACE PICK CYLINDER CONTROL","MOV(411,STEP_ALARM[5])","8"
RCOMMENT,"_05_BAR_PNP_CORONA","OUTPUTS","VACUUM CONTROL","OTE(MAN03:O.Data[0].2)","9"
RCOMMENT,"_05_BAR_PNP_CORONA","OUTPUTS","CORONA CONTROL","OTE(A:O.Data[3].9)","10"
RCOMMENT,"_05_BAR_PNP_CORONA","POSITION_MONITOR","POSITION MONITOR BARRIER PICK-N-PLACE/CORONA TREAT$N***************************************************************************$N$NPOSITION VERIFICATION","MOV(407,STEP_ALARM[5])","0"
RCOMMENT,"_05_BAR_PNP_CORONA","POSITION_MONITOR","MONITOR DRIVE POSITION INDEX","MOV(416,STEP_ALARM[5])","1"
RCOMMENT,"_05_BAR_PNP_CORONA","SERVO_HOMING","BARRIER PICK-N-PLACE/CORONA TREAT BASE SERVO DRIVE HOMING ROUTINE$N******************************************************************************************************$N$NSET HOMING REQUIREMENT DURING FIRST SCAN","OTL(PNP_BASE_DRIVE_HOMING_REQ)","0"
RCOMMENT,"_05_BAR_PNP_CORONA","SERVO_HOMING","DETERMINE IF DRIVE IS HOMED$N","OTE(PNP_BASE_DRIVE_HOMED)","1"
RCOMMENT,"_05_BAR_PNP_CORONA","SERVO_HOMING","START HOMING ROUTINE","OTL(PNP_BASE_DRIVE_HOMING_IND)","2"
RCOMMENT,"_05_BAR_PNP_CORONA","SERVO_HOMING","SET DRIVE TO INDEX MODE","MOV(405,STEP_ALARM[5])","3"
RCOMMENT,"_05_BAR_PNP_CORONA","SERVO_HOMING","WAIT BEFORE MOTION","MOV(30,STEP_HOMING[5])","4"
RCOMMENT,"_05_BAR_PNP_CORONA","SERVO_HOMING","INITIATE SERVO HOMING ROUTINE","MOV(40,STEP_HOMING[5])","5"
RCOMMENT,"_05_BAR_PNP_CORONA","SERVO_HOMING","WAIT FOR THE BUILT IN DRIVE HOMING ROUTINE TO COMPLETE","MOV(50,STEP_HOMING[5])","6"
RCOMMENT,"_05_BAR_PNP_CORONA","SERVO_HOMING","PAUSE","MOV(100,STEP_HOMING[5])","7"
RCOMMENT,"_05_BAR_PNP_CORONA","SERVO_HOMING","SET INDEX","MOV(80,STEP_HOMING[5])","8"
RCOMMENT,"_05_BAR_PNP_CORONA","SERVO_HOMING","START HOME OFFSET INDEX","MOV(90,STEP_HOMING[5])","9"
RCOMMENT,"_05_BAR_PNP_CORONA","SERVO_HOMING","SET COUNTER TO ZERO","MOV(100,STEP_HOMING[5])","10"
RCOMMENT,"_05_BAR_PNP_CORONA","SERVO_HOMING","FINISH ROUTINE","MOV(500,STEP_HOMING[5])","11"
RCOMMENT,"_05_BAR_PNP_CORONA","STATUS","BARRIER PICK-N-PLACE/CORONA TREAT STATUS$N***************************************************************************$N$NAUTO READY REQUIREMENTS","OTE(AUTO_READY[5])","0"
RCOMMENT,"_05_BAR_PNP_CORONA","STATUS","STEPPER HOME SENSOR DEBOUNCE TIMER","OTE(PNP_PICK_HEAD_HOME_DELAYED)","1"
RCOMMENT,"_05_BAR_PNP_CORONA","STATUS","CHECK THAT EVERYTHING IS CLEAR BEFORE INDEXING","OTE(PNP_CLEAR_TO_INDEX)","2"
RCOMMENT,"_05_BAR_PNP_CORONA","STATUS","BARRIER CORONA TREAT REQUIRMENTS$N1= SMALL, 4.25 X 4.25$N2= LARGE, 4.75 X 5.00$N3= BALLINA TYPE BARRIERS, 4.25 X 4.25$N4=DANSAC MINI SIZE 1 BARRIER$N5=DANSAC MEDI SIZE 2 BARRIER$N6=DANSAC MAXI SIZE 3 BARRIER$N7=DANSAC MEGA SIZE 4 BARRIER","OTE(PNP_CORONA_REQUIRED)","3"
RCOMMENT,"_05_BAR_PNP_CORONA","STATUS","BARRIER CORONA HEAD ORIENTATION REQUIREMENTS$N1= SMALL, 4.25 X 4.25$N2= LARGE, 4.75 X 5.00$N3= BALLINA TYPE BARRIERS, 4.25 X 4.25$N4=DANSAC MINI SIZE 1 BARRIER$N5=DANSAC MEDI SIZE 2 BARRIER$N6=DANSAC MAXI SIZE 3 BARRIER$N7=DANSAC MEGA SIZE 4 BARRIER","OTE(PNP_ORIENT_REQUIRED)","4"
RCOMMENT,"_05_BAR_PNP_CORONA","STEPPER_CONTROL","BARRIER PICK-N-PLACE/CORONA TREAT STEPPER CONTROL$N******************************************************************************$N$NRESET STEPPER MOTOR","OTU(PNP_PICK_HEAD_DRIVE_RESET_FAULT_PB)","0"
RCOMMENT,"_05_BAR_PNP_CORONA","STEPPER_CONTROL","DISABLE/ENABLE STEPPER MOTOR","MOV(420,STEP_ALARM[5])","1"
RCOMMENT,"_05_BAR_PNP_CORONA","STEPPER_CONTROL","IMMEDIATE STOP OF STEPPER MOTOR","OTU(PNP_PICK_HEAD_INDEX_PB)","2"
RCOMMENT,"_05_BAR_PNP_CORONA","STEPPER_CONTROL","HOMING OF STEPPER MOTOR","MOV(417,STEP_ALARM[5])","3"
RCOMMENT,"_05_BAR_PNP_CORONA","STEPPER_CONTROL","INDEX PICK-N-PLACE PICK HEAD STEPPER","MOV(418,STEP_ALARM[5])","4"
RCOMMENT,"_05_BAR_PNP_CORONA","STEPPER_CONTROL","***********STEPPER MOTOR PARAMETERS**********$N$NBUILD STEPPER MOTOR VELOCITY FROM PANELVIEW","CPT(PNP_PICK_HEAD_STEP_FWD_REL_ROT_CORONA[4],(PNP_PICK_HEAD_FWD_SPEED_PB-PNP_PICK_HEAD_STEP_FWD_REL_ROT_CORONA[5])/1000)","5"
RCOMMENT,"_05_BAR_PNP_CORONA","STEPPER_CONTROL","STEPPER MOTOR CURRENT POSITION INPUT TO PLC IF IN COMMAND MODE","CPT(PNP_PICK_HEAD_DRIVE_POSITION_INPUT,DRV06:I.Data[2]*1000+DRV06:I.Data[3])","6"
RCOMMENT,"_05_BAR_PNP_CORONA","STEPPER_CONTROL","STEPPER MOTOR TARGET POSITION OUTPUT FROM PLC IF IN COMMAND MODE","CPT(PNP_PICK_HEAD_STEP_TARGET_POS_OUTPUT,DRV06:O.Data[2]*1000+DRV06:O.Data[3])","7"
RCOMMENT,"_05_BAR_PNP_CORONA","STEPPER_CONTROL","STEPPER MOTOR PROGRAMMED SPEED OUTPUT FROM PLC IF IN COMMAND MODE","CPT(PNP_PICK_HEAD_DRIVE_SPEED_OUTPUT,DRV06:O.Data[4]*1000+DRV06:O.Data[5])","8"
RCOMMENT,"_05_BAR_PNP_CORONA","STEPPER_CONTROL","STEPPER MOTOR START SPEED INPUT TO PLC IF IN CONFIG MODE","CPT(PNP_PICK_HEAD_DRIVE_START_SPEED_INPUT,DRV06:I.Data[2]*1000+DRV06:I.Data[3])","9"
RCOMMENT,"_05_BAR_PNP_CORONA","STEPPER_CONTROL","STEPPER MOTOR START SPEED OUTPUT FROM PLC IF IN CONFIG MODE","CPT(PNP_PICK_HEAD_DRIVE_START_SPEED_OUTPUT,DRV06:O.Data[2]*1000+DRV06:O.Data[3])","10"
TYPE,SCOPE,ROUTINE,COMMENT,OWNING_ELEMENT,LOCATION
RCOMMENT,"_07_INFEED_CONV1","AUTO","INFEED CONVEYOR AUTO ROUTINE$N*********************************************************************************$N$NSHUTDOWN REQUEST REQUIREMENTS","MOV(500,STEP_AUTO[7])","0"
RCOMMENT,"_07_INFEED_CONV1","AUTO","REQUEST BAG VISION CHECK TO BAG LOAD ROBOT$N$NIF MANUAL CYCLE MOVE TO NEXT STEP","MOV(30,STEP_AUTO[7])","1"
RCOMMENT,"_07_INFEED_CONV1","AUTO","VERIFY ROBOT HANDSHAKE IS OFF","MOV(12,STEP_AUTO[7])","2"
RCOMMENT,"_07_INFEED_CONV1","AUTO","WAIT FOR BAG PICKED FROM CONVEYOR SIGNAL FROM ROBOT","MOV(15,STEP_AUTO[7])","3"
RCOMMENT,"_07_INFEED_CONV1","AUTO","WAIT FOR ROBOT HANDSHAKES TO BE TURNED OFF","MOV(0,STEP_AUTO[7])","4"
RCOMMENT,"_07_INFEED_CONV1","AUTO","WAIT FOR CLEAR OF CONVEYOR SIGNAL FROM ROBOT","MOV(30,STEP_AUTO[7])","5"
RCOMMENT,"_07_INFEED_CONV1","AUTO","SET STARTING SPEED OF CONVEYOR","MOV(35,STEP_AUTO[7])","6"
RCOMMENT,"_07_INFEED_CONV1","AUTO","INDEX CONVEYOR","OTU(INFEED_CONV1_RUN_FORWARD_PB)","7"
RCOMMENT,"_07_INFEED_CONV1","AUTO","SLOW DOWN AND STOP CONVEYOR","MOV(106,STEP_ALARM[7])","8"
RCOMMENT,"_07_INFEED_CONV1","AUTO","RESTART CONVEYOR AFTER SAFETY FLAP INTERUPT","MOV(107,STEP_ALARM[7])","9"
RCOMMENT,"_07_INFEED_CONV1","AUTO","STOP CONVEYOR","MOV(60,STEP_AUTO[7])","10"
RCOMMENT,"_07_INFEED_CONV1","AUTO","WAIT FOR ROBOT HANDSHAKES TO BE TURNED OFF","MOV(0,STEP_AUTO[7])","11"
RCOMMENT,"_07_INFEED_CONV1","AUTO","CONVEYOR INDEX TIME","TON(TIMER_OPER[3],?,?)","12"
RCOMMENT,"_07_INFEED_CONV1","ESTOP_RESET","INFEED CONVEYOR ESTOP RESET$N***************************************************************************$N$NALARM","MOV(1000,STEP_ESTOP_RESET[7])","0"
RCOMMENT,"_07_INFEED_CONV1","ESTOP_RESET","CAPTURE INITIAL ALARM","MOV(STEP_ALARM[7],STEP_ALARM_CAPTURE[7])","1"
RCOMMENT,"_07_INFEED_CONV1","ESTOP_RESET","E-STOP SETTINGS","MOV(1000,STEP_AUTO[7])","2"
RCOMMENT,"_07_INFEED_CONV1","ESTOP_RESET","WAIT FOR RESET","MOV(10,STEP_ESTOP_RESET[7])","3"
RCOMMENT,"_07_INFEED_CONV1","ESTOP_RESET","GENERAL CELL SETTINGS UPON RESET","MOV(20,STEP_ESTOP_RESET[7])","4"
RCOMMENT,"_07_INFEED_CONV1","ESTOP_RESET","WAIT FOR RESET TO BE RELEASED$NWAIT FOR CELL PRESSURE OK$NRESET BASED ON MACHINE MODE","MOV(500,STEP_ESTOP_RESET[7])","5"
RCOMMENT,"_07_INFEED_CONV1","ESTOP_RESET","WAIT FOR RESET TO COMPLETE","MOV(500,STEP_ESTOP_RESET[7])","6"
RCOMMENT,"_07_INFEED_CONV1","HMI","INFEED CONVEYOR HMI$N***************************************************************************$N$NDISPLAY ARROWS AND DIRECTION WHEN IN MOTION","OTE(INFEED_CONV1_MOVING_FORWARD)","0"
RCOMMENT,"_07_INFEED_CONV1","HMI","HMI CONVEYOR BUTTON AND INDICATOR VISIBILITY","OTE(INFEED_CONV_TIME_OUT)","1"
RCOMMENT,"_07_INFEED_CONV1","HOME","INFEED CONVEYOR HOME ROUTINE$N***************************************************************************$N$NWAIT FOR DRIVE COMMS AND ROBOT HOME COMPLETE","MOV(10,STEP_HOME[7])","0"
RCOMMENT,"_07_INFEED_CONV1","HOME","RESET DRIVE FAULT","MOV(500,STEP_HOME[7])","1"
RCOMMENT,"_07_INFEED_CONV1","MAIN","MAIN ROUTINE$N***************************************************************************","JSR(HMI,0)","0"
RCOMMENT,"_07_INFEED_CONV1","OUTPUTS","INFEED CONVEYOR OUTPUTS$N***************************************************************************$N$NCLEAR DRIVE FAULT","MOV(105,STEP_ALARM[7])","0"
RCOMMENT,"_07_INFEED_CONV1","OUTPUTS","CONVEYOR MOTOR CONTROL$N","OTE(COM01:O.DRV07_Forward)","1"
RCOMMENT,"_07_INFEED_CONV1","OUTPUTS","SET CONVEYOR SPEED EXCEPT WHEN IN AUTO","CPT(COM01:O.DRV07_FreqCommand,INFEED_CONV1_FAST_SPEED_HZ*10)","2"
RCOMMENT,"_07_INFEED_CONV1","STATUS","INFEED CONVEYOR STATUS$N***************************************************************************$N$NAUTO READY REQUIREMENTS","OTE(AUTO_READY[7])","0"
RCOMMENT,"_07_INFEED_CONV1","STATUS","MONITOR BAG DROP CLEAR SENSOR","MOV(506,CELL_MESSAGE)","1"
RCOMMENT,"_07_INFEED_CONV1","STATUS","MONITOR SAFETY FLAP SENSOR","MOV(508,CELL_MESSAGE)","2"
TYPE,SCOPE,ROUTINE,COMMENT,OWNING_ELEMENT,LOCATION
RCOMMENT,"_09_OFFLOAD_CONV","AUTO","OFFLOAD CONVEYOR AUTO ROUTINE$N*********************************************************************************$N$NSHUTDOWN REQUEST REQUIREMENTS","MOV(500,STEP_AUTO[9])","0"
RCOMMENT,"_09_OFFLOAD_CONV","AUTO","REQUEST PART FROM BARRIER LOAD/BAG OFFLOAD ROBOT$NWAIT FOR ASSY TO BE PLACED ON CONVEYOR","MOV(10,STEP_AUTO[9])","1"
RCOMMENT,"_09_OFFLOAD_CONV","AUTO","WAIT FOR ROBOT CLEAR OF CONVEYOR","MOV(20,STEP_AUTO[9])","2"
RCOMMENT,"_09_OFFLOAD_CONV","AUTO","HANDSHAKE DELAY TIMER","MOV(30,STEP_AUTO[9])","3"
RCOMMENT,"_09_OFFLOAD_CONV","AUTO","DETERMINE IF FINISHED PART STACK SIZE HAS BEEN REACHED","MOV(40,STEP_AUTO[9])","4"
RCOMMENT,"_09_OFFLOAD_CONV","AUTO","CHANGE LANES ON OFFLOAD CONVEYOR","MOV(0,STEP_AUTO[9])","5"
RCOMMENT,"_09_OFFLOAD_CONV","AUTO","RUN CONVEYOR FOR INDEX LENGTH$NRev 07 2014-03-24 DRB/GH Note that INDEX_SCALE_FACTOR should be about 17000.","MOV(50,STEP_AUTO[9])","6"
RCOMMENT,"_09_OFFLOAD_CONV","AUTO","WAIT FOR HANDSHAKE TO TURN OFF","MOV(0,STEP_AUTO[9])","7"
RCOMMENT,"_09_OFFLOAD_CONV","ESTOP_RESET","OFFLOAD CONVEYOR ESTOP RESET$N***************************************************************************$N$NALARM","MOV(1000,STEP_ESTOP_RESET[9])","0"
RCOMMENT,"_09_OFFLOAD_CONV","ESTOP_RESET","CAPTURE INITIAL ALARM","MOV(STEP_ALARM[9],STEP_ALARM_CAPTURE[9])","1"
RCOMMENT,"_09_OFFLOAD_CONV","ESTOP_RESET","E-STOP SETTINGS","MOV(1000,STEP_AUTO[9])","2"
RCOMMENT,"_09_OFFLOAD_CONV","ESTOP_RESET","WAIT FOR RESET","MOV(10,STEP_ESTOP_RESET[9])","3"
RCOMMENT,"_09_OFFLOAD_CONV","ESTOP_RESET","GENERAL CELL SETTINGS UPON RESET","MOV(20,STEP_ESTOP_RESET[9])","4"
RCOMMENT,"_09_OFFLOAD_CONV","ESTOP_RESET","WAIT FOR RESET TO BE RELEASED$NWAIT FOR CELL PRESSURE OK$NRESET BASED ON MACHINE MODE","MOV(500,STEP_ESTOP_RESET[9])","5"
RCOMMENT,"_09_OFFLOAD_CONV","ESTOP_RESET","WAIT FOR RESET TO COMPLETE","MOV(500,STEP_ESTOP_RESET[9])","6"
RCOMMENT,"_09_OFFLOAD_CONV","HMI","OFFLOAD CONVEYOR HMI$N***************************************************************************$N$NDISPLAY ARROWS AND DIRECTION WHEN IN MOTION","OTE(OFFLOAD_CONV_MOVING_FORWARD)","0"
RCOMMENT,"_09_OFFLOAD_CONV","HMI","HMI CONVEYOR BUTTON VISIBILITY","OTE(OFFLOAD_CONV_DRIVE_FAULT_PB_VIS)","1"
RCOMMENT,"_09_OFFLOAD_CONV","HOME","OFFLOAD CONVEYOR HOME ROUTINE$N***************************************************************************$N$NWAIT FOR DRIVE COMMS AND ROBOT HOME COMPLETE","MOV(10,STEP_HOME[9])","0"
RCOMMENT,"_09_OFFLOAD_CONV","HOME","RESET DRIVE FAULT","MOV(500,STEP_HOME[9])","1"
RCOMMENT,"_09_OFFLOAD_CONV","MAIN","MAIN ROUTINE$N***************************************************************************","JSR(HMI,0)","0"
RCOMMENT,"_09_OFFLOAD_CONV","OUTPUTS","OFFLOAD CONVEYOR OUTPUTS$N***************************************************************************$N$NCLEAR DRIVE FAULT","MOV(115,STEP_ALARM[9])","0"
RCOMMENT,"_09_OFFLOAD_CONV","OUTPUTS","CONVEYOR MOTOR CONTROL$N","OTE(COM01:O.DRV09_Forward)","1"
RCOMMENT,"_09_OFFLOAD_CONV","OUTPUTS","SET CONVEYOR SPEED$NRev 07 2014-03-24 DRB/GH Added high speed jog. DRV09 parameter 35, max freq., increased from 60 to 120Hz.","CPT(COM01:O.DRV09_FreqCommand,OFFLOAD_CONV_JOG_SPEED_HZ*10)","2"
RCOMMENT,"_09_OFFLOAD_CONV","STATUS","OFFLOAD CONVEYOR STATUS$N***************************************************************************$N$NAUTO READY REQUIREMENTS","OTE(AUTO_READY[9])","0"
TYPE,SCOPE,ROUTINE,COMMENT,OWNING_ELEMENT,LOCATION
RCOMMENT,"_10_BAG_GLUE","ANALOG_SETUP","BAG GLUE STATION PRESSURE REGULATOR ANALOG SETUP ROUTINE$N*****************************************************************************************************$N$NSTATION SETUP$N$NAFTER COMMUNICATIONS ARE RESTABLISHED WAIT FOR THE HMI BUTTON TO BE PRESSED","MOV(10,STEP_ANALOG_SETUP)","0"
RCOMMENT,"_10_BAG_GLUE","ANALOG_SETUP","THE DOWN LOAD STEPS ARE OUT OF ORDER PURPOSELY IN ORDER TO CAUSE AN ON/OFF CONDITION PRIOR TO THE NEXT STEP.$N$NLOOP TO THE NEXT STEP UNTIL 8 STEPS ARE COMPLETED","MOV(500,STEP_ANALOG_SETUP)","1"
RCOMMENT,"_10_BAG_GLUE","ANALOG_SETUP","WRITE MESSAGE TO MANIFOLD #1 GLUE INPUT PRESSURE ANALOG INPUT/OUTPUT MODULE$N$N","MOV(168,STEP_ALARM[10])","2"
RCOMMENT,"_10_BAG_GLUE","ANALOG_SETUP","DEPENDING ON THE LOOP NUMBER FILL THE MESSAGE VARIABLES.$N INSTANCE = MODULE NUMBER$NCLASS = PARAMETER - HEX 8A (DEC. 138) SET ANALOG SCALE$NATTRIBUTE = CHANNEL NUMBER - HEX 64 (DEC. 100) CHANNELS ARE 100 - 131$NANALOG_SETUP_SOURCE_ELEMENT = IS THE VARIABLE TO SEND TO THE PARAMETER$N","MOV(20,STEP_ANALOG_SETUP)","3"
RCOMMENT,"_10_BAG_GLUE","AUTO","BAG GLUE STATION AUTO ROUTINE$N***************************************************************************$N$NSHUTDOWN REQUEST REQUIREMENTS","MOV(500,STEP_AUTO[10])","0"
RCOMMENT,"_10_BAG_GLUE","AUTO","CHECK TO SEE IF STATION CAN RUN BEFORE INITIAL INDEX AFTER STARTING CELL$N$NIF MANUAL CYCLE MOVE TO NEXT STEP","MOV(20,STEP_AUTO[10])","1"
RCOMMENT,"_10_BAG_GLUE","AUTO"," REQUEST DIAL INDEX$NAND MOVE TO BAG CHECK POSITION","MOV(10,STEP_AUTO[10])","2"
RCOMMENT,"_10_BAG_GLUE","AUTO","ANALYZE PART DATA","MOV(150,STEP_AUTO[10])","3"
RCOMMENT,"_10_BAG_GLUE","AUTO","MOVE TO BAG PRESENCE CHECK POSITION IF REQUIRED","MOV(167,STEP_ALARM[10])","4"
RCOMMENT,"_10_BAG_GLUE","AUTO","MOVE TO PART GLUE POSITION","MOV(40,STEP_AUTO[10])","5"
RCOMMENT,"_10_BAG_GLUE","AUTO","EXTEND Z-AXIS CYLINDER LOAD CAM PROFILE FOR PRIMARY GLUE PATH","MOV(60,STEP_AUTO[10])","6"
RCOMMENT,"_10_BAG_GLUE","AUTO","VERIFY NEXT STATION HAS PART ON PICK HEAD","MOV(140,STEP_AUTO[10])","7"
RCOMMENT,"_10_BAG_GLUE","AUTO","RUN PRIMARY GLUE PATH $N$N********************************************************$NNEXT STEP 80 IS IN THE HIGH PRIORITY TASK","MOV(80,STEP_AUTO[10])","8"
RCOMMENT,"_10_BAG_GLUE","AUTO","RETRACT Z-AXIS CYLINDER AND UNLOAD CAM GLUE PROFILE AND$NDECIDE IF SECONDARY GLUE BEAD IS REQUIRED","MOV(100,STEP_AUTO[10])","9"
RCOMMENT,"_10_BAG_GLUE","AUTO","MOVE TO SECONDARY BEAD START GLUE POSITION","MOV(105,STEP_AUTO[10])","10"
RCOMMENT,"_10_BAG_GLUE","AUTO","LOAD CAM PROFILE FOR SECONDARY GLUE PATH","MOV(110,STEP_AUTO[10])","11"
RCOMMENT,"_10_BAG_GLUE","AUTO","RUN SECONDARY GLUE PATH $N$N********************************************************$NNEXT STEP 120 IS IN THE HIGH PRIORITY TASK","MOV(120,STEP_AUTO[10])","12"
RCOMMENT,"_10_BAG_GLUE","AUTO","SET BAG GLUE COMPLETE IF REQUIRED","MOV(140,STEP_AUTO[10])","13"
RCOMMENT,"_10_BAG_GLUE","AUTO","RETRACT Z-AXIS CYLINDER AND UNLOAD CAM GLUE PROFILE","MOV(145,STEP_AUTO[10])","14"
RCOMMENT,"_10_BAG_GLUE","AUTO","FINISH ROUTINE","MOV(0,STEP_AUTO[10])","15"
RCOMMENT,"_10_BAG_GLUE","AUTO","SET PROCESS DONE$NMONITOR EMPTY STATUS","MOV(160,STEP_AUTO[10])","16"
RCOMMENT,"_10_BAG_GLUE","AUTO","WAIT FOR MAIN DIAL TO TURN OFF INDEX DONE","MOV(5,STEP_AUTO[10])","17"
RCOMMENT,"_10_BAG_GLUE","AUTO"," SAMPLE GLUE WEIGHT ROUTINE$N*************************************************$N$NWAIT FOR REQUEST$N$N","MOV(0,STEP_AUTO[11])","18"
RCOMMENT,"_10_BAG_GLUE","AUTO","MOVE TO SAMPLE GLUE POSITION IF NOT ALREADY THERE AND RETRACT GLUE GUN","MOV(5,STEP_AUTO[11])","19"
RCOMMENT,"_10_BAG_GLUE","AUTO","LOAD CAM PROFILE FOR GLUE PATH","MOV(10,STEP_AUTO[11])","20"
RCOMMENT,"_10_BAG_GLUE","AUTO","RUN GLUE PATH $N$N$N********************************************************$NNEXT STEP 20 IS IN THE HIGH PRIORITY TASK","MOV(20,STEP_AUTO[11])","21"
RCOMMENT,"_10_BAG_GLUE","AUTO","UNLOAD CAM GLUE PROFILE","MOV(35,STEP_AUTO[11])","22"
RCOMMENT,"_10_BAG_GLUE","AUTO","CAM GLUE PROFILE AND$NDECIDE IF SECONDARY GLUE BEAD IS REQUIRED","MOV(40,STEP_AUTO[11])","23"
RCOMMENT,"_10_BAG_GLUE","AUTO","MOVE TO SAMPLE GLUE POSITION IF NOT ALREADY THERE","MOV(45,STEP_AUTO[11])","24"
RCOMMENT,"_10_BAG_GLUE","AUTO","LOAD CAM PROFILE FOR GLUE PATH","MOV(50,STEP_AUTO[11])","25"
RCOMMENT,"_10_BAG_GLUE","AUTO","RUN SECONDARY GLUE PATH $N$N$N********************************************************$NNEXT STEP 60 IS IN THE HIGH PRIORITY TASK","MOV(60,STEP_AUTO[11])","26"
RCOMMENT,"_10_BAG_GLUE","AUTO","UNLOAD CAM GLUE PROFILE","MOV(100,STEP_AUTO[11])","27"
RCOMMENT,"_10_BAG_GLUE","AUTO","MOVE TO SAMPLE GLUE POSITION IF NOT ALREADY THERE","MOV(500,STEP_AUTO[11])","28"
RCOMMENT,"_10_BAG_GLUE","AUTO","AUTO GLUE PURGE ROUTINE$N*************************************************$N$NWAIT FOR REQUEST$N$N","MOV(0,STEP_AUTO[8])","29"
RCOMMENT,"_10_BAG_GLUE","AUTO","MOVE TO SAMPLE GLUE POSITION IF NOT ALREADY THERE AND RETRACT GLUE GUN","MOV(5,STEP_AUTO[8])","30"
RCOMMENT,"_10_BAG_GLUE","AUTO","TURN ON GLUE","MOV(10,STEP_AUTO[8])","31"
RCOMMENT,"_10_BAG_GLUE","AUTO","TIME GLUE PURGE","MOV(20,STEP_AUTO[8])","32"
RCOMMENT,"_10_BAG_GLUE","AUTO","TURN OFF GLUE GUN AND$N DECIDE IF SHORT OR EXTENDED PURGE REQUIRED","MOV(30,STEP_AUTO[8])","33"
RCOMMENT,"_10_BAG_GLUE","AUTO","FINISH ROUTINE","MOV(500,STEP_AUTO[8])","34"
RCOMMENT,"_10_BAG_GLUE","AUTO","GLUE CYCLE DELAY TIMER TO MINIMIZE OPEN AIR TIME","TON(TIMER_OPER[13],?,?)","35"
RCOMMENT,"_10_BAG_GLUE","AUTO","STATION CYCLE TIME","TON(TIMER_OPER[14],?,?)","36"
RCOMMENT,"_10_BAG_GLUE","ESTOP_RESET","BAG GLUE STATION TREAT ESTOP RESET$N***************************************************************************$N$NALARM","MOV(1000,STEP_ESTOP_RESET[10])","0"
RCOMMENT,"_10_BAG_GLUE","ESTOP_RESET","CAPTURE INITIAL ALARM","MOV(STEP_ALARM[10],STEP_ALARM_CAPTURE[10])","1"
RCOMMENT,"_10_BAG_GLUE","ESTOP_RESET","E-STOP SETTINGS","MOV(1000,STEP_AUTO[11])","2"
RCOMMENT,"_10_BAG_GLUE","ESTOP_RESET","WAIT FOR RESET","MOV(10,STEP_ESTOP_RESET[10])","3"
RCOMMENT,"_10_BAG_GLUE","ESTOP_RESET","GENERAL CELL SETTINGS UPON RESET","MOV(20,STEP_ESTOP_RESET[10])","4"
RCOMMENT,"_10_BAG_GLUE","ESTOP_RESET","WAIT FOR RESET TO BE RELEASED$NWAIT FOR CELL PRESSURE OK$NRESET BASED ON MACHINE MODE","MOV(500,STEP_ESTOP_RESET[10])","5"
RCOMMENT,"_10_BAG_GLUE","ESTOP_RESET","WAIT FOR RESET TO COMPLETE","MOV(500,STEP_ESTOP_RESET[10])","6"
RCOMMENT,"_10_BAG_GLUE","HMI","BAG GLUE STATION HMI$N***************************************************************************$N$NDRIVES INDEXING ANIMATION","OTE(GLUE_X_Y_INDEXING_IND)","0"
RCOMMENT,"_10_BAG_GLUE","HMI","DRIVES HOMING ANIMATION","OTE(GLUE_X_Y_DRIVE_HOMING_IND)","1"
RCOMMENT,"_10_BAG_GLUE","HMI","DRIVE PUSH BUTTONS VISIBILITY ON HMI","OTE(GLUE_Y_DRIVE_FAULT_PB_VIS)","2"
RCOMMENT,"_10_BAG_GLUE","HMI","GLUE HEAD PUSH BUTTONS ON HMI VISIBILITY","OTE(GLUE_Z_CYL_EXT_PB_VIS)","3"
RCOMMENT,"_10_BAG_GLUE","HMI","MANUAL MODE CYCLES HMI VISIBILITY","OTE(GLUE_PART_CYCLE_PB_VIS)","4"
RCOMMENT,"_10_BAG_GLUE","HMI","SECONDARY GLUE BEAD SETTINGS ON HMI VISIBILITY","OTE(GLUE_X_Y_PATH2_VIS)","5"
RCOMMENT,"_10_BAG_GLUE","HMI","GLUE LEVEL LOW INDICATOR ON HMI VISIBILITY","OTE(GLUE_MELT_LEVEL_OK_VIS)","6"
RCOMMENT,"_10_BAG_GLUE","HOME","BAG GLUE STATION TREAT HOME ROUTINE$N***************************************************************************$N$NRESET DRIVE FAULTS$N","MOV(5,STEP_HOME[10])","0"
RCOMMENT,"_10_BAG_GLUE","HOME","RESET DRIVE AXIS SHUTDOWNS$N","MOV(10,STEP_HOME[10])","1"
RCOMMENT,"_10_BAG_GLUE","HOME","WAIT FOR TIME BETWEEN FAULT AND ENABLE OF DRIVE","MOV(20,STEP_HOME[10])","2"
RCOMMENT,"_10_BAG_GLUE","HOME","ENABLE DRIVE","MOV(25,STEP_HOME[10])","3"
RCOMMENT,"_10_BAG_GLUE","HOME","RETRACT Z-AXIS CYLINDER AND UNLOAD CAM GLUE PROFILE","MOV(30,STEP_HOME[10])","4"
RCOMMENT,"_10_BAG_GLUE","HOME","CHECK TO SEE IF EITHER SERVO REQUIRES HOMING","MOV(40,STEP_HOME[10])","5"
RCOMMENT,"_10_BAG_GLUE","HOME","START SERVO HOMING ROUTINE AND WAIT FOR COMPLETION","MOV(40,STEP_HOME[10])","6"
RCOMMENT,"_10_BAG_GLUE","HOME","MOVE TO SAMPLE GLUE POSITION IF NOT ALREADY THERE","MOV(500,STEP_HOME[10])","7"
RCOMMENT,"_10_BAG_GLUE","MAIN","MAIN ROUTINE$N***************************************************************************","JSR(HMI,0)","0"
RCOMMENT,"_10_BAG_GLUE","OUTPUTS","BAG GLUE STATION OUTPUTS$N***************************************************************************$N$NCONTROLS MANUAL MODE  HMI GLUE X-Y DRIVE INDEXES","OTL(GLUE_PART_POS)","0"
RCOMMENT,"_10_BAG_GLUE","OUTPUTS","INDEX SAMPLE GLUE START POSITION","MOV(163,STEP_ALARM[10])","1"
RCOMMENT,"_10_BAG_GLUE","OUTPUTS","INDEX BAG PRESENCE CHECK POSITION","MOV(169,STEP_ALARM[10])","2"
RCOMMENT,"_10_BAG_GLUE","OUTPUTS","INDEX PART GLUE START POSITION","MOV(164,STEP_ALARM[10])","3"
RCOMMENT,"_10_BAG_GLUE","OUTPUTS","LOAD/UNLOAD CAM PROFILE FOR GLUE PATH COORDINATED MOTION","MOV(166,STEP_ALARM[10])","4"
RCOMMENT,"_10_BAG_GLUE","OUTPUTS","RUN GLUE PATH COORDINATED MOTION","MOV(162,STEP_ALARM[10])","5"
RCOMMENT,"_10_BAG_GLUE","OUTPUTS","INITIATE HOMING ROUTINE","MOV(171,STEP_ALARM[10])","6"
RCOMMENT,"_10_BAG_GLUE","OUTPUTS","ABORT INDEX","OTU(GLUE_X_Y_INDEX_PB)","7"
RCOMMENT,"_10_BAG_GLUE","OUTPUTS","RESET DRIVE FAULTS$N","MOV(172,STEP_ALARM[10])","8"
RCOMMENT,"_10_BAG_GLUE","OUTPUTS","RESET SHUTDOWN STATE OF DRIVE$N","MOV(173,STEP_ALARM[10])","9"
RCOMMENT,"_10_BAG_GLUE","OUTPUTS","ENABLE/DISABLE DRIVES","MSF(GLUE_Y,GLUE_Y_DISABLE_CONT)","10"
RCOMMENT,"_10_BAG_GLUE","OUTPUTS","Z-AXIS CYLINDER CONTROL","OTU(GLUE_Z_CYL_EXT_PB)","11"
RCOMMENT,"_10_BAG_GLUE","OUTPUTS","GLUE DISPERSION CONTROL FROM HMI","OTU(GLUE_ON_PB)","12"
RCOMMENT,"_10_BAG_GLUE","POSITION_MONITOR","POSITION MONITOR BAG GLUE STATION$N***************************************************************************$N$NPOSITION VERIFICATION","OTE(GLUE_AT_SAMPLE_POS)","0"
RCOMMENT,"_10_BAG_GLUE","PRESSURE_IN_REG","BAG GLUE STATION PRESSURE REGULATOR$N*******************************************************************************$N$NSEND REGULATOR PRESSURE INPUT COUNTS$N$NSCALE, TRUNCATE AND BYTE SWAP","SWPB(GLUE_IN_SCALED_PRESS_TRUNC,HIGH/LOW,MAN01:O.Data[1])","0"
RCOMMENT,"_10_BAG_GLUE","PRESSURE_IN_REG","CACULATE FEEDBACK PRESSURE FROM REGULATOR","CPT(GLUE_IN_PRESSURE_REG_FEEDBACK_SCALED,GLUE_IN_REG_FEEDBACK_M/GLUE_IN_PRESSURE_SCALING_PARAM.IN_M)","1"
RCOMMENT,"_10_BAG_GLUE","PRESSURE_IN_REG","VERIFY PRESSURE USING REGULATOR FEEDBACK","OTE(GLUE_IN_PRESSURE_OK)","2"
RCOMMENT,"_10_BAG_GLUE","PRESSURE_OUT_PID","BAG GLUE STATION OUTPUT PRESSURE PID$N************************************************************************************$N$NLOAD RAW PRESSURE DATA INTO VARIABLES","MOV(157,STEP_ALARM[10])","0"
RCOMMENT,"_10_BAG_GLUE","PRESSURE_OUT_PID","VERIFY GLUE OUTPUT SIDE PRESSURE IS WITHIN REQUIREMENTS DURING PRE AND POST PROCESS","OTE(GLUE_OUT_PRESSURE_POST_OK)","1"
RCOMMENT,"_10_BAG_GLUE","PRESSURE_OUT_PID","GLUE OUTPUT SIDE PRESSURE CONTROL PID","MOV(0,MAN01:O.Data[1])","2"
RCOMMENT,"_10_BAG_GLUE","PRESSURE_OUT_PID","TEST PRESSURE SET POINT AGAINST MIN AND MAX SETTINGS","MOV(20,GLUE_OUT_PRESSURE_SP_MAN_DISPLAY)","3"
RCOMMENT,"_10_BAG_GLUE","PRESSURE_OUT_PID","ADD OPERATOR ADJUSTMENT TO PRESSURE SETPOINT","MOV(GLUE_OUT_PRESSURE_SP_AUTO,GLUE_OUT_PRESSURE_PID_SP)","4"
RCOMMENT,"_10_BAG_GLUE","PRESSURE_OUT_PID"," CACULATE OPERATERS MAXIMUM & MINIMUM ALLOWABLE SETPOINT ADJUSTMENT BASED ON RECIPE PRESSURE","MOV(GLUE_OUT_PRESSURE_MAX_ALLOWED,GLUE_OUT_PRESSURE_MAX)","5"
RCOMMENT,"_10_BAG_GLUE","PRESSURE_OUT_PID","IF RECIPE VALUE CHANGES ZERO OUT OFFSET ADJUST","MOV(0,GLUE_OUT_PRESSURE_ADJ)","6"
RCOMMENT,"_10_BAG_GLUE","PRESSURE_OUT_PID","****MANUAL MODE****$N$NSET PRESSURE SETPOINT FOR MANUAL MODE","MOV(GLUE_OUT_PRESSURE_SP_AUTO_DISPLAY,GLUE_OUT_PRESSURE_SP_MAN_DISPLAY)","7"
RCOMMENT,"_10_BAG_GLUE","PRESSURE_OUT_PID","WHILE IN MANUAL MODE, ALLOW THE PRESSURE SLIDERS FULL SCALE OF OPERATION.","MOV(GLUE_OUT_PRESSURE_SP_MAN,GLUE_OUT_PRESSURE_PID_SP)","8"
RCOMMENT,"_10_BAG_GLUE","PRESSURE_OUT_PID","CONTROLS IF THE AUTO OR MANUAL SETPOINT IS DISPLAYED ON THE HMI PRESSURE GRAPH","MOV(GLUE_OUT_PRESSURE_SP_AUTO_DISPLAY,GLUE_OUT_PRESSURE_SP_TRACE_DISPLAY)","9"
RCOMMENT,"_10_BAG_GLUE","STATUS","BAG GLUE STATION STATUS$N************************************************************$N$NAUTO READY REQUIREMENTS","OTE(AUTO_READY[10])","0"
RCOMMENT,"_10_BAG_GLUE","STATUS","********GLUE MELTER********$N$NTURN ON GLUE MELTER HEATERS AND PUMP MOTOR","OTU(GLUE_MELT_HOSE_DISABLE)","1"
RCOMMENT,"_10_BAG_GLUE","STATUS","GLUE MELTER STATUS","MOV(155,STEP_ALARM[10])","2"
RCOMMENT,"_10_BAG_GLUE","STATUS","GLUE MELTER INACTIVITY TIMER$NSTANDBY MODE","OTE(A:O.Data[6].16)","3"
RCOMMENT,"_10_BAG_GLUE","STATUS","MONITOR STATION INACTIVITY$NAND SEND GLUE PURGE REQUESTS$N","MOV(154,STEP_ALARM[10])","4"
TYPE,SCOPE,ROUTINE,COMMENT,OWNING_ELEMENT,LOCATION
RCOMMENT,"_10_BAG_GLUE_PRIORITY","AUTO","BAG GLUE STATION GLUE GUN ROUTINE$N***************************************************************************$N$NCONTROL GLUE GUN DURING AUTO ROUTINE","OTU(Local:1:O.Data.0)","0"
RCOMMENT,"_10_BAG_GLUE_PRIORITY","AUTO","CONTROL GLUE GUN DURING GLUE SAMPLE WEIGHT ROUTINE","OTU(Local:1:O.Data.0)","1"
RCOMMENT,"_10_BAG_GLUE_PRIORITY","AUTO","UPDATE LOCAL OUTPUT CARD","IOT(Local:1:O)","2"
RCOMMENT,"_10_BAG_GLUE_PRIORITY","MAIN","MAIN ROUTINE$N***************************************************************************","JSR(AUTO,0)","0"
TYPE,SCOPE,ROUTINE,COMMENT,OWNING_ELEMENT,LOCATION
RCOMMENT,"_12_BAG_LOAD","AUTO","BAG LOAD STATION AUTO ROUTINE$N***************************************************************************$N$NSHUTDOWN REQUEST REQUIREMENTS","MOV(500,STEP_AUTO[12])","0"
RCOMMENT,"_12_BAG_LOAD","AUTO","CHECK TO SEE IF STATION CAN RUN BEFORE INITIAL INDEX AFTER STARTING CELL$N$NIF MANUAL CYCLE MOVE TO NEXT STEP","MOV(20,STEP_AUTO[12])","1"
RCOMMENT,"_12_BAG_LOAD","AUTO","CHECK BAG CLAMPS DOWN SENSORS$N","MOV(205,STEP_ALARM[12])","2"
RCOMMENT,"_12_BAG_LOAD","AUTO","REQUEST DIAL INDEX$N","MOV(10,STEP_AUTO[12])","3"
RCOMMENT,"_12_BAG_LOAD","AUTO","ANALYZE PART DATA$NCHECK EMPTY REQUEST","MOV(150,STEP_AUTO[12])","4"
RCOMMENT,"_12_BAG_LOAD","AUTO","EXTEND BAG RELEASE CYLINDER","MOV(25,STEP_AUTO[12])","5"
RCOMMENT,"_12_BAG_LOAD","AUTO","WAIT FOR ROBOT TO BE READY TO PLACE BAG$NOR GLUE TIMERS FROM OTHER STATIONS TO RUN OUT$N","MOV(150,STEP_AUTO[12])","6"
RCOMMENT,"_12_BAG_LOAD","AUTO","REQUEST BAG LOAD$NWAIT FOR ROBOT REQUEST TO CLAMP BAG$NIF CELL EMPTY IN PROGRESS REQUEST ROBOT SHUTDOWN","MOV(150,STEP_AUTO[12])","7"
RCOMMENT,"_12_BAG_LOAD","AUTO","RETRACT BAG RELEASE CYLINDER","MOV(38,STEP_AUTO[12])","8"
RCOMMENT,"_12_BAG_LOAD","AUTO","WAIT FOR ROBOT TO PLACE BAG$NIF IN SINGLE PART MODE, INDEX COUNTER$NIF CELL EMPTY IN PROGRESS REQUEST ROBOT SHUTDOWN","MOV(202,STEP_ALARM[12])","9"
RCOMMENT,"_12_BAG_LOAD","AUTO","SET PROCESS DONE","MOV(160,STEP_AUTO[12])","10"
RCOMMENT,"_12_BAG_LOAD","AUTO","WAIT FOR MAIN DIAL TO TURN OFF INDEX DONE","MOV(5,STEP_AUTO[12])","11"
RCOMMENT,"_12_BAG_LOAD","AUTO","STATION CYCLE TIME","TON(TIMER_OPER[2],?,?)","12"
RCOMMENT,"_12_BAG_LOAD","ESTOP_RESET","CAPTURE INITIAL ALARM","MOV(STEP_ALARM[12],STEP_ALARM_CAPTURE[12])","2"
RCOMMENT,"_12_BAG_LOAD","ESTOP_RESET","E-STOP SETTINGS","MOV(1000,STEP_AUTO[12])","3"
RCOMMENT,"_12_BAG_LOAD","ESTOP_RESET","WAIT FOR RESET","MOV(10,STEP_ESTOP_RESET[12])","4"
RCOMMENT,"_12_BAG_LOAD","ESTOP_RESET","GENERAL CELL SETTINGS UPON RESET","MOV(20,STEP_ESTOP_RESET[12])","5"
RCOMMENT,"_12_BAG_LOAD","ESTOP_RESET","WAIT FOR RESET TO BE RELEASED$NWAIT FOR CELL PRESSURE OK$NRESET BASED ON MACHINE MODE","MOV(500,STEP_ESTOP_RESET[12])","6"
RCOMMENT,"_12_BAG_LOAD","ESTOP_RESET","WAIT FOR RESET TO COMPLETE","MOV(500,STEP_ESTOP_RESET[12])","7"
RCOMMENT,"_12_BAG_LOAD","HOME","BAG LOAD STATION HOME ROUTINE$N***************************************************************************$N$N$NSET COMPONENTS TO HOME STATE","MOV(500,STEP_HOME[12])","0"
RCOMMENT,"_12_BAG_LOAD","MAIN","MAIN ROUTINE$N***************************************************************************","JSR(OUTPUTS,0)","0"
RCOMMENT,"_12_BAG_LOAD","OUTPUTS","BAG LOAD STATION OUTPUTS$N***************************************************************************$N$NBAG RELEASE CYLINDER CONTROL","MOV(201,STEP_ALARM[12])","0"
RCOMMENT,"_12_BAG_LOAD","STATUS","BAG LOAD STATION STATUS$N***************************************************************************$N$NAUTO READY REQUIREMENTS","OTE(AUTO_READY[12])","0"
TYPE,SCOPE,ROUTINE,COMMENT,OWNING_ELEMENT,LOCATION
RCOMMENT,"_13_BAR_PREHEAT1","AUTO","BARRIER PREHEAT STATION 1 AUTO ROUTINE$N***************************************************************************$N$NSHUTDOWN REQUEST REQUIREMENTS$N$N","MOV(500,STEP_AUTO[13])","0"
RCOMMENT,"_13_BAR_PREHEAT1","AUTO","CHECK TO SEE IF STATION CAN RUN BEFORE INITIAL INDEX AFTER STARTING CELL$N$NIF MANUAL CYCLE MOVE TO NEXT STEP","MOV(20,STEP_AUTO[13])","1"
RCOMMENT,"_13_BAR_PREHEAT1","AUTO"," REQUEST DIAL INDEX$N","MOV(10,STEP_AUTO[13])","2"
RCOMMENT,"_13_BAR_PREHEAT1","AUTO","ANALYZE PART DATA","MOV(150,STEP_AUTO[13])","3"
RCOMMENT,"_13_BAR_PREHEAT1","AUTO","EXTEND UPPER CYLINDER","MOV(30,STEP_AUTO[13])","4"
RCOMMENT,"_13_BAR_PREHEAT1","AUTO","EXTEND LOWER CYLINDER","MOV(40,STEP_AUTO[13])","5"
RCOMMENT,"_13_BAR_PREHEAT1","AUTO","WAIT FOR PREHEAT TIME","MOV(50,STEP_AUTO[13])","6"
RCOMMENT,"_13_BAR_PREHEAT1","AUTO","RETRACT UPPER AND LOWER CYLINDERS","MOV(0,STEP_AUTO[13])","7"
RCOMMENT,"_13_BAR_PREHEAT1","AUTO","SET PROCESS DONE$NMONITOR EMPTY STATUS","MOV(160,STEP_AUTO[13])","8"
RCOMMENT,"_13_BAR_PREHEAT1","AUTO","WAIT FOR MAIN DIAL TO TURN OFF INDEX DONE","MOV(5,STEP_AUTO[13])","9"
RCOMMENT,"_13_BAR_PREHEAT1","AUTO","MONITOR OPEN AIR TIME FOR BARRIER THAT HAS BEEN PREHEATED","MOV(4,PREHEAT1_DATA_POS_BAR_REJECT)","10"
RCOMMENT,"_13_BAR_PREHEAT1","AUTO","STATION CYCLE TIME","TON(TIMER_OPER[4],?,?)","11"
RCOMMENT,"_13_BAR_PREHEAT1","ESTOP_RESET","BARRIER PREHEAT STATION 1 ESTOP RESET$N***************************************************************************$N$NALARM","MOV(1000,STEP_ESTOP_RESET[13])","0"
RCOMMENT,"_13_BAR_PREHEAT1","ESTOP_RESET","CAPTURE INITIAL ALARM","MOV(STEP_ALARM[13],STEP_ALARM_CAPTURE[13])","1"
RCOMMENT,"_13_BAR_PREHEAT1","ESTOP_RESET","E-STOP SETTINGS","MOV(1000,STEP_AUTO[13])","2"
RCOMMENT,"_13_BAR_PREHEAT1","ESTOP_RESET","WAIT FOR RESET","MOV(10,STEP_ESTOP_RESET[13])","3"
RCOMMENT,"_13_BAR_PREHEAT1","ESTOP_RESET","GENERAL CELL SETTINGS UPON RESET","MOV(20,STEP_ESTOP_RESET[13])","4"
RCOMMENT,"_13_BAR_PREHEAT1","ESTOP_RESET","WAIT FOR RESET TO BE RELEASED$NWAIT FOR CELL PRESSURE OK$NRESET BASED ON MACHINE MODE","MOV(500,STEP_ESTOP_RESET[13])","5"
RCOMMENT,"_13_BAR_PREHEAT1","ESTOP_RESET","WAIT FOR RESET TO COMPLETE","MOV(500,STEP_ESTOP_RESET[13])","6"
RCOMMENT,"_13_BAR_PREHEAT1","HOME","BARRIER PREHEAT STATION 1 HOME ROUTINE$N*******************************************************************************$N$NSET COMPONENTS TO HOME STATE","MOV(500,STEP_HOME[13])","0"
RCOMMENT,"_13_BAR_PREHEAT1","MAIN","MAIN ROUTINE$N***************************************************************************","JSR(TEMP_LOW_PID,0)","0"
RCOMMENT,"_13_BAR_PREHEAT1","OUTPUTS","BARRIER PREHEAT STATION 1 OUTPUTS$N*******************************************************************************$N$NBARRIER PREHEAT STATION 1 UPPER CYLINDER CONTROL","MOV(232,STEP_ALARM[13])","0"
RCOMMENT,"_13_BAR_PREHEAT1","OUTPUTS","BARRIER PREHEAT STATION 1 LOWER CYLINDER CONTROL","MOV(234,STEP_ALARM[13])","1"
RCOMMENT,"_13_BAR_PREHEAT1","STATUS","BARRIER PREHEAT STATION 1 STATUS$N***************************************************************************$N$NAUTO READY REQUIREMENTS","OTE(AUTO_READY[13])","0"
RCOMMENT,"_13_BAR_PREHEAT1","TEMP_LOW_PID","BARRIER PREHEAT STATION 1 LOWER TOOL TEMPERATURE PID$N************************************************************************************$N$NLOAD LOWER RAW TEMPERATURE DATA INTO VARIABLES","OTU(CELL_ACTIVATE_HEATERS_PB)","0"
RCOMMENT,"_13_BAR_PREHEAT1","TEMP_LOW_PID","VERIFY TOOLING TEMPERATURE IS WITHIN REQUIREMENTS","OTE(PREHEAT1_LOW_TEMP_OK)","1"
RCOMMENT,"_13_BAR_PREHEAT1","TEMP_LOW_PID","IF STATION DOESN$'T CYCLE, LOAD STATIC BIAS VALUE$NIF STATION IS CYCLING, LOAD DYNAMIC BIAS VALUE","MOV(PREHEAT1_LOW_TOOL_PID_DYN_BIAS_LG_SNF,PREHEAT1_LOW_TOOL_PID.BIAS)","2"
RCOMMENT,"_13_BAR_PREHEAT1","TEMP_LOW_PID","TOOL TEMPERATURE CONTROL PID","PID(PREHEAT1_LOW_TOOL_PID,PREHEAT1_LOW_TOOL_TEMP_REAL,0,PREHEAT1_LOW_TOOL_TEMP_PID_CV,0,0,0)","3"
RCOMMENT,"_13_BAR_PREHEAT1","TEMP_LOW_PID","TEST TEMPERATURE SET POINT AND DON$'T ALLOW ABOVE 175 DEG C","MOV(1,PREHEAT1_LOW_TEMP_SP_MAN_DISPLAY)","4"
RCOMMENT,"_13_BAR_PREHEAT1","TEMP_LOW_PID","CONTROL OVERSHOOT TEMP BY CHECKING TEMPERATURE AND RATE OF TEMPERATURE CHANGE OF TOOL","OTE(LOW_STOP_HEATER_OVER_SHOOT)","5"
RCOMMENT,"_13_BAR_PREHEAT1","TEMP_LOW_PID","CONVERT PERCENTAGE OUTPUT FROM PID CONTROLLER TO A PULSE TIME FOR THE HEATER","MOV(0,PREHEAT1_LOW_TOOL_TEMP_PID_CV)","6"
RCOMMENT,"_13_BAR_PREHEAT1","TEMP_LOW_PID","ADD OPERATOR ADJUSTMENT TO TEMPERATURE SETPOINT","MOV(PREHEAT1_LOW_TEMP_SP_AUTO,PREHEAT1_LOW_TOOL_PID_SP)","7"
RCOMMENT,"_13_BAR_PREHEAT1","TEMP_LOW_PID"," CACULATE OPERATERS MAXIMUM & MINIMUM ALLOWABLE SETPOINT ADJUSTMENT BASED ON RECIPE TEMPERATURE","MOV(LOW_TEMP_MAX_ALLOWED,PREHEAT1_LOW_TEMP_MAX)","8"
RCOMMENT,"_13_BAR_PREHEAT1","TEMP_LOW_PID","IF RECIPE VALUE CHANGES ZERO OUT OFFSET ADJUST","MOV(0,PREHEAT1_LOW_ADJ_TEMP)","9"
RCOMMENT,"_13_BAR_PREHEAT1","TEMP_LOW_PID","****MANUAL MODE****$N$NSET TEMPERATURE SETPOINT FOR MANUAL MODE","MOV(PREHEAT1_LOW_TEMP_SP_AUTO_DISPLAY,PREHEAT1_LOW_TEMP_SP_MAN_DISPLAY)","10"
RCOMMENT,"_13_BAR_PREHEAT1","TEMP_LOW_PID","WHILE IN MANUAL MODE, ALLOW THE TEMPERATURE SLIDERS FULL SCALE OF OPERATION.","MOV(PREHEAT1_LOW_TEMP_SP_MAN,PREHEAT1_LOW_TOOL_PID_SP)","11"
RCOMMENT,"_13_BAR_PREHEAT1","TEMP_LOW_PID","CONTROLS IF THE AUTO OR MANUAL SETPOINT IS DISPLAYED ON THE HMI TEMP GRAPH","MOV(PREHEAT1_LOW_TEMP_SP_AUTO_DISPLAY,PREHEAT1_LOW_TEMP_SP_TRACE_DISPLAY)","12"
RCOMMENT,"_13_BAR_PREHEAT1","TEMP_LOW_PID","MONITOR RTDS FOR RUNAWAY PROTECTION","MOV(241,STEP_ALARM[13])","13"
RCOMMENT,"_13_BAR_PREHEAT1","TEMP_LOW_PID","IF PID OUTPUT IS ABOVE CERTAIN LEVEL, MONITOR FOR TEMPERATURE CHANGES$NTO PROTECT AGAINST RUN AWAY$N","RES(LOW_TOOL_SAMPLE_TEMP_COUNTER)","14"
RCOMMENT,"_13_BAR_PREHEAT1","TEMP_UP_PID","BARRIER PREHEAT STATION 1 UPPER TOOL TEMPERATURE PID$N************************************************************************************$N$NLOAD UPPER RAW TEMPERATURE DATA INTO VARIABLES","OTU(CELL_ACTIVATE_HEATERS_PB)","0"
RCOMMENT,"_13_BAR_PREHEAT1","TEMP_UP_PID","VERIFY TOOLING TEMPERATURE IS WITHIN REQUIREMENTS","OTE(PREHEAT1_UP_TEMP_OK)","1"
RCOMMENT,"_13_BAR_PREHEAT1","TEMP_UP_PID","IF STATION DOESN$'T CYCLE, LOAD STATIC BIAS VALUE$NIF STATION IS CYCLING, LOAD DYNAMIC BIAS VALUE","MOV(PREHEAT1_UP_TOOL_PID_DYN_BIAS_LG_SNF,PREHEAT1_UP_TOOL_PID.BIAS)","2"
RCOMMENT,"_13_BAR_PREHEAT1","TEMP_UP_PID","TOOL TEMPERATURE CONTROL PID","PID(PREHEAT1_UP_TOOL_PID,PREHEAT1_UP_TOOL_TEMP_REAL,0,PREHEAT1_UP_TOOL_TEMP_PID_CV,0,0,0)","3"
RCOMMENT,"_13_BAR_PREHEAT1","TEMP_UP_PID","TEST TEMPERATURE SET POINT AND DON$'T ALLOW ABOVE 175 DEG C","MOV(1,PREHEAT1_UP_TEMP_SP_MAN_DISPLAY)","4"
RCOMMENT,"_13_BAR_PREHEAT1","TEMP_UP_PID","CONTROL OVERSHOOT TEMP BY CHECKING TEMPERATURE AND RATE OF TEMPERATURE CHANGE OF TOOL","OTE(UP_STOP_HEATER_OVER_SHOOT)","5"
RCOMMENT,"_13_BAR_PREHEAT1","TEMP_UP_PID","CONVERT PERCENTAGE OUTPUT FROM PID CONTROLLER TO A PULSE TIME FOR THE HEATER","MOV(0,PREHEAT1_UP_TOOL_TEMP_PID_CV)","6"
RCOMMENT,"_13_BAR_PREHEAT1","TEMP_UP_PID","ADD OPERATOR ADJUSTMENT TO TEMPERATURE SETPOINT","MOV(PREHEAT1_UP_TEMP_SP_AUTO,PREHEAT1_UP_TOOL_PID_SP)","7"
RCOMMENT,"_13_BAR_PREHEAT1","TEMP_UP_PID"," CACULATE OPERATERS MAXIMUM & MINIMUM ALLOWABLE SETPOINT ADJUSTMENT BASED ON RECIPE TEMPERATURE","MOV(UP_TEMP_MAX_ALLOWED,PREHEAT1_UP_TEMP_MAX)","8"
RCOMMENT,"_13_BAR_PREHEAT1","TEMP_UP_PID","IF RECIPE VALUE CHANGES ZERO OUT OFFSET ADJUST","MOV(0,PREHEAT1_UP_ADJ_TEMP)","9"
RCOMMENT,"_13_BAR_PREHEAT1","TEMP_UP_PID","****MANUAL MODE****$N$NSET TEMPERATURE SETPOINT FOR MANUAL MODE","MOV(PREHEAT1_UP_TEMP_SP_AUTO_DISPLAY,PREHEAT1_UP_TEMP_SP_MAN_DISPLAY)","10"
RCOMMENT,"_13_BAR_PREHEAT1","TEMP_UP_PID","WHILE IN MANUAL MODE, ALLOW THE TEMPERATURE SLIDERS FULL SCALE OF OPERATION.","MOV(PREHEAT1_UP_TEMP_SP_MAN,PREHEAT1_UP_TOOL_PID_SP)","11"
RCOMMENT,"_13_BAR_PREHEAT1","TEMP_UP_PID","CONTROLS IF THE AUTO OR MANUAL SETPOINT IS DISPLAYED ON THE HMI TEMP GRAPH","MOV(PREHEAT1_UP_TEMP_SP_AUTO_DISPLAY,PREHEAT1_UP_TEMP_SP_TRACE_DISPLAY)","12"
RCOMMENT,"_13_BAR_PREHEAT1","TEMP_UP_PID","MONITOR RTDS FOR RUNAWAY PROTECTION","MOV(242,STEP_ALARM[13])","13"
RCOMMENT,"_13_BAR_PREHEAT1","TEMP_UP_PID","IF PID OUTPUT IS ABOVE CERTAIN LEVEL, MONITOR FOR TEMPERATURE CHANGES$NTO PROTECT AGAINST RUN AWAY$N","RES(UP_TOOL_SAMPLE_TEMP_COUNTER)","14"
TYPE,SCOPE,ROUTINE,COMMENT,OWNING_ELEMENT,LOCATION
RCOMMENT,"_14_BAR_PREHEAT2","AUTO","BARRIER PREHEAT STATION 2 AUTO ROUTINE$N***************************************************************************$N$NSHUTDOWN REQUEST REQUIREMENTS$N$N","MOV(500,STEP_AUTO[14])","0"
RCOMMENT,"_14_BAR_PREHEAT2","AUTO","CHECK TO SEE IF STATION CAN RUN BEFORE INITIAL INDEX AFTER STARTING CELL$N$NIF MANUAL CYCLE MOVE TO NEXT STEP","MOV(20,STEP_AUTO[14])","1"
RCOMMENT,"_14_BAR_PREHEAT2","AUTO"," REQUEST DIAL INDEX$N","MOV(10,STEP_AUTO[14])","2"
RCOMMENT,"_14_BAR_PREHEAT2","AUTO","ANALYZE PART DATA","MOV(150,STEP_AUTO[14])","3"
RCOMMENT,"_14_BAR_PREHEAT2","AUTO","EXTEND UPPER CYLINDER","MOV(30,STEP_AUTO[14])","4"
RCOMMENT,"_14_BAR_PREHEAT2","AUTO","EXTEND LOWER CYLINDER","MOV(40,STEP_AUTO[14])","5"
RCOMMENT,"_14_BAR_PREHEAT2","AUTO","WAIT FOR PREHEAT TIME","MOV(50,STEP_AUTO[14])","6"
RCOMMENT,"_14_BAR_PREHEAT2","AUTO","RETRACT UPPER AND LOWER CYLINDERS","MOV(0,STEP_AUTO[14])","7"
RCOMMENT,"_14_BAR_PREHEAT2","AUTO","SET PROCESS DONE$NMONITOR EMPTY STATUS","MOV(160,STEP_AUTO[14])","8"
RCOMMENT,"_14_BAR_PREHEAT2","AUTO","WAIT FOR MAIN DIAL TO TURN OFF INDEX DONE","MOV(5,STEP_AUTO[14])","9"
RCOMMENT,"_14_BAR_PREHEAT2","AUTO","MONITOR OPEN AIR TIME FOR BARRIER THAT HAS BEEN PREHEATED","MOV(5,PREHEAT2_DATA_POS_BAR_REJECT)","10"
RCOMMENT,"_14_BAR_PREHEAT2","AUTO","STATION CYCLE TIME","TON(TIMER_OPER[4],?,?)","11"
RCOMMENT,"_14_BAR_PREHEAT2","ESTOP_RESET","BARRIER PREHEAT STATION 2 ESTOP RESET$N***************************************************************************$N$NALARM","MOV(1000,STEP_ESTOP_RESET[14])","0"
RCOMMENT,"_14_BAR_PREHEAT2","ESTOP_RESET","CAPTURE INITIAL ALARM","MOV(STEP_ALARM[14],STEP_ALARM_CAPTURE[14])","1"
RCOMMENT,"_14_BAR_PREHEAT2","ESTOP_RESET","E-STOP SETTINGS","MOV(1000,STEP_AUTO[14])","2"
RCOMMENT,"_14_BAR_PREHEAT2","ESTOP_RESET","WAIT FOR RESET","MOV(10,STEP_ESTOP_RESET[14])","3"
RCOMMENT,"_14_BAR_PREHEAT2","ESTOP_RESET","GENERAL CELL SETTINGS UPON RESET","MOV(20,STEP_ESTOP_RESET[14])","4"
RCOMMENT,"_14_BAR_PREHEAT2","ESTOP_RESET","WAIT FOR RESET TO BE RELEASED$NWAIT FOR CELL PRESSURE OK$NRESET BASED ON MACHINE MODE","MOV(500,STEP_ESTOP_RESET[14])","5"
RCOMMENT,"_14_BAR_PREHEAT2","ESTOP_RESET","WAIT FOR RESET TO COMPLETE","MOV(500,STEP_ESTOP_RESET[14])","6"
RCOMMENT,"_14_BAR_PREHEAT2","HOME","BARRIER PREHEAT STATION 2 HOME ROUTINE$N*******************************************************************************$N$NSET COMPONENTS TO HOME STATE","MOV(500,STEP_HOME[14])","0"
RCOMMENT,"_14_BAR_PREHEAT2","MAIN","MAIN ROUTINE$N***************************************************************************","JSR(TEMP_LOW_PID,0)","0"
RCOMMENT,"_14_BAR_PREHEAT2","OUTPUTS","BARRIER PREHEAT STATION 2 OUTPUTS$N*******************************************************************************$N$NBARRIER PREHEAT STATION 2 UPPER CYLINDER CONTROL","MOV(252,STEP_ALARM[14])","0"
RCOMMENT,"_14_BAR_PREHEAT2","OUTPUTS","BARRIER PREHEAT STATION 2 LOWER CYLINDER CONTROL","MOV(254,STEP_ALARM[14])","1"
RCOMMENT,"_14_BAR_PREHEAT2","STATUS","BARRIER PREHEAT STATION 2 STATUS$N***************************************************************************$N$NAUTO READY REQUIREMENTS","OTE(AUTO_READY[14])","0"
RCOMMENT,"_14_BAR_PREHEAT2","TEMP_LOW_PID","BARRIER PREHEAT STATION 2 LOWER TOOL TEMPERATURE PID$N************************************************************************************$N$NLOAD LOWER RAW TEMPERATURE DATA INTO VARIABLES","OTU(CELL_ACTIVATE_HEATERS_PB)","0"
RCOMMENT,"_14_BAR_PREHEAT2","TEMP_LOW_PID","VERIFY TOOLING TEMPERATURE IS WITHIN REQUIREMENTS","OTE(PREHEAT2_LOW_TEMP_OK)","1"
RCOMMENT,"_14_BAR_PREHEAT2","TEMP_LOW_PID","IF STATION DOESN$'T CYCLE, LOAD STATIC BIAS VALUE$NIF STATION IS CYCLING, LOAD DYNAMIC BIAS VALUE","MOV(PREHEAT2_LOW_TOOL_PID_DYN_BIAS_LG_SNF,PREHEAT2_LOW_TOOL_PID.BIAS)","2"
RCOMMENT,"_14_BAR_PREHEAT2","TEMP_LOW_PID","TOOL TEMPERATURE CONTROL PID","PID(PREHEAT2_LOW_TOOL_PID,PREHEAT2_LOW_TOOL_TEMP_REAL,0,PREHEAT2_LOW_TOOL_TEMP_PID_CV,0,0,0)","3"
RCOMMENT,"_14_BAR_PREHEAT2","TEMP_LOW_PID","TEST TEMPERATURE SET POINT AND DON$'T ALLOW ABOVE 175 DEG C","MOV(1,PREHEAT2_LOW_TEMP_SP_MAN_DISPLAY)","4"
RCOMMENT,"_14_BAR_PREHEAT2","TEMP_LOW_PID","CONTROL OVERSHOOT TEMP BY CHECKING TEMPERATURE AND RATE OF TEMPERATURE CHANGE OF TOOL","OTE(LOW_STOP_HEATER_OVER_SHOOT)","5"
RCOMMENT,"_14_BAR_PREHEAT2","TEMP_LOW_PID","CONVERT PERCENTAGE OUTPUT FROM PID CONTROLLER TO A PULSE TIME FOR THE HEATER","MOV(0,PREHEAT2_LOW_TOOL_TEMP_PID_CV)","6"
RCOMMENT,"_14_BAR_PREHEAT2","TEMP_LOW_PID","ADD OPERATOR ADJUSTMENT TO TEMPERATURE SETPOINT","MOV(PREHEAT2_LOW_TEMP_SP_AUTO,PREHEAT2_LOW_TOOL_PID_SP)","7"
RCOMMENT,"_14_BAR_PREHEAT2","TEMP_LOW_PID"," CACULATE OPERATERS MAXIMUM & MINIMUM ALLOWABLE SETPOINT ADJUSTMENT BASED ON RECIPE TEMPERATURE","MOV(LOW_TEMP_MAX_ALLOWED,PREHEAT2_LOW_TEMP_MAX)","8"
RCOMMENT,"_14_BAR_PREHEAT2","TEMP_LOW_PID","IF RECIPE VALUE CHANGES ZERO OUT OFFSET ADJUST","MOV(0,PREHEAT2_LOW_ADJ_TEMP)","9"
RCOMMENT,"_14_BAR_PREHEAT2","TEMP_LOW_PID","****MANUAL MODE****$N$NSET TEMPERATURE SETPOINT FOR MANUAL MODE","MOV(PREHEAT2_LOW_TEMP_SP_AUTO_DISPLAY,PREHEAT2_LOW_TEMP_SP_MAN_DISPLAY)","10"
RCOMMENT,"_14_BAR_PREHEAT2","TEMP_LOW_PID","WHILE IN MANUAL MODE, ALLOW THE TEMPERATURE SLIDERS FULL SCALE OF OPERATION.","MOV(PREHEAT2_LOW_TEMP_SP_MAN,PREHEAT2_LOW_TOOL_PID_SP)","11"
RCOMMENT,"_14_BAR_PREHEAT2","TEMP_LOW_PID","CONTROLS IF THE AUTO OR MANUAL SETPOINT IS DISPLAYED ON THE HMI TEMP GRAPH","MOV(PREHEAT2_LOW_TEMP_SP_AUTO_DISPLAY,PREHEAT2_LOW_TEMP_SP_TRACE_DISPLAY)","12"
RCOMMENT,"_14_BAR_PREHEAT2","TEMP_LOW_PID","MONITOR RTDS FOR RUNAWAY PROTECTION","MOV(261,STEP_ALARM[14])","13"
RCOMMENT,"_14_BAR_PREHEAT2","TEMP_LOW_PID","IF PID OUTPUT IS ABOVE CERTAIN LEVEL, MONITOR FOR TEMPERATURE CHANGES$NTO PROTECT AGAINST RUN AWAY$N","RES(LOW_TOOL_SAMPLE_TEMP_COUNTER)","14"
RCOMMENT,"_14_BAR_PREHEAT2","TEMP_UP_PID","BARRIER PREHEAT STATION 2 UPPER TOOL TEMPERATURE PID$N************************************************************************************$N$NLOAD UPPER RAW TEMPERATURE DATA INTO VARIABLES","OTU(CELL_ACTIVATE_HEATERS_PB)","0"
RCOMMENT,"_14_BAR_PREHEAT2","TEMP_UP_PID","VERIFY TOOLING TEMPERATURE IS WITHIN REQUIREMENTS","OTE(PREHEAT2_UP_TEMP_OK)","1"
RCOMMENT,"_14_BAR_PREHEAT2","TEMP_UP_PID","IF STATION DOESN$'T CYCLE, LOAD STATIC BIAS VALUE$NIF STATION IS CYCLING, LOAD DYNAMIC BIAS VALUE","MOV(PREHEAT2_UP_TOOL_PID_DYN_BIAS_LG_SNF,PREHEAT2_UP_TOOL_PID.BIAS)","2"
RCOMMENT,"_14_BAR_PREHEAT2","TEMP_UP_PID","TOOL TEMPERATURE CONTROL PID","PID(PREHEAT2_UP_TOOL_PID,PREHEAT2_UP_TOOL_TEMP_REAL,0,PREHEAT2_UP_TOOL_TEMP_PID_CV,0,0,0)","3"
RCOMMENT,"_14_BAR_PREHEAT2","TEMP_UP_PID","TEST TEMPERATURE SET POINT AND DON$'T ALLOW ABOVE 175 DEG C","MOV(1,PREHEAT2_UP_TEMP_SP_MAN_DISPLAY)","4"
RCOMMENT,"_14_BAR_PREHEAT2","TEMP_UP_PID","CONTROL OVERSHOOT TEMP BY CHECKING TEMPERATURE AND RATE OF TEMPERATURE CHANGE OF TOOL","OTE(UP_STOP_HEATER_OVER_SHOOT)","5"
RCOMMENT,"_14_BAR_PREHEAT2","TEMP_UP_PID","CONVERT PERCENTAGE OUTPUT FROM PID CONTROLLER TO A PULSE TIME FOR THE HEATER","MOV(0,PREHEAT2_UP_TOOL_TEMP_PID_CV)","6"
RCOMMENT,"_14_BAR_PREHEAT2","TEMP_UP_PID","ADD OPERATOR ADJUSTMENT TO TEMPERATURE SETPOINT","MOV(PREHEAT2_UP_TEMP_SP_AUTO,PREHEAT2_UP_TOOL_PID_SP)","7"
RCOMMENT,"_14_BAR_PREHEAT2","TEMP_UP_PID"," CACULATE OPERATERS MAXIMUM & MINIMUM ALLOWABLE SETPOINT ADJUSTMENT BASED ON RECIPE TEMPERATURE","MOV(UP_TEMP_MAX_ALLOWED,PREHEAT2_UP_TEMP_MAX)","8"
RCOMMENT,"_14_BAR_PREHEAT2","TEMP_UP_PID","IF RECIPE VALUE CHANGES ZERO OUT OFFSET ADJUST","MOV(0,PREHEAT2_UP_ADJ_TEMP)","9"
RCOMMENT,"_14_BAR_PREHEAT2","TEMP_UP_PID","****MANUAL MODE****$N$NSET TEMPERATURE SETPOINT FOR MANUAL MODE","MOV(PREHEAT2_UP_TEMP_SP_AUTO_DISPLAY,PREHEAT2_UP_TEMP_SP_MAN_DISPLAY)","10"
RCOMMENT,"_14_BAR_PREHEAT2","TEMP_UP_PID","WHILE IN MANUAL MODE, ALLOW THE TEMPERATURE SLIDERS FULL SCALE OF OPERATION.","MOV(PREHEAT2_UP_TEMP_SP_MAN,PREHEAT2_UP_TOOL_PID_SP)","11"
RCOMMENT,"_14_BAR_PREHEAT2","TEMP_UP_PID","CONTROLS IF THE AUTO OR MANUAL SETPOINT IS DISPLAYED ON THE HMI TEMP GRAPH","MOV(PREHEAT2_UP_TEMP_SP_AUTO_DISPLAY,PREHEAT2_UP_TEMP_SP_TRACE_DISPLAY)","12"
RCOMMENT,"_14_BAR_PREHEAT2","TEMP_UP_PID","MONITOR RTDS FOR RUNAWAY PROTECTION","MOV(262,STEP_ALARM[14])","13"
RCOMMENT,"_14_BAR_PREHEAT2","TEMP_UP_PID","IF PID OUTPUT IS ABOVE CERTAIN LEVEL, MONITOR FOR TEMPERATURE CHANGES$NTO PROTECT AGAINST RUN AWAY$N","RES(UP_TOOL_SAMPLE_TEMP_COUNTER)","14"
TYPE,SCOPE,ROUTINE,COMMENT,OWNING_ELEMENT,LOCATION
RCOMMENT,"_15_BAR_FORMING","ANALOG_SETUP","BARRIER FORMING STATION PRESSURE REGULATOR ANALOG SETUP ROUTINE$N*****************************************************************************************************$N$NSTATION SETUP$N$NAFTER COMMUNICATIONS ARE RESTABLISHED WAIT FOR THE HMI BUTTON TO BE PRESSED","MOV(10,STEP_ANALOG_SETUP)","0"
RCOMMENT,"_15_BAR_FORMING","ANALOG_SETUP","THE DOWN LOAD STEPS ARE OUT OF ORDER PURPOSELY IN ORDER TO CAUSE AN ON/OFF CONDITION PRIOR TO THE NEXT STEP.$N$NLOOP TO THE NEXT STEP UNTIL 8 STEPS ARE COMPLETED","MOV(500,STEP_ANALOG_SETUP)","1"
RCOMMENT,"_15_BAR_FORMING","ANALOG_SETUP","WRITE MESSAGE TO MANIFOLD #1 BARRIER FORMING PRESSURE ANALOG INPUT/OUTPUT MODULE$N$N","MOV(282,STEP_ALARM[15])","2"
RCOMMENT,"_15_BAR_FORMING","ANALOG_SETUP","DEPENDING ON THE LOOP NUMBER FILL THE MESSAGE VARIABLES.$N INSTANCE = MODULE NUMBER$NCLASS = PARAMETER - HEX 8A (DEC. 138) SET ANALOG SCALE$NATTRIBUTE = CHANNEL NUMBER - HEX 64 (DEC. 100) CHANNELS ARE 100 - 131$NANALOG_SETUP_SOURCE_ELEMENT = IS THE VARIABLE TO SEND TO THE PARAMETER$N","MOV(20,STEP_ANALOG_SETUP)","3"
RCOMMENT,"_15_BAR_FORMING","AUTO","BARRIER FORMING STATION AUTO ROUTINE$N***************************************************************************$N$NSHUTDOWN REQUEST REQUIREMENTS","MOV(500,STEP_AUTO[15])","0"
RCOMMENT,"_15_BAR_FORMING","AUTO","CHECK TO SEE IF STATION CAN RUN BEFORE INITIAL INDEX AFTER STARTING CELL$N$NIF MANUAL CYCLE MOVE TO NEXT STEP","MOV(20,STEP_AUTO[15])","1"
RCOMMENT,"_15_BAR_FORMING","AUTO"," REQUEST DIAL INDEX$N","MOV(10,STEP_AUTO[15])","2"
RCOMMENT,"_15_BAR_FORMING","AUTO","ANALYZE PART DATA","MOV(150,STEP_AUTO[15])","3"
RCOMMENT,"_15_BAR_FORMING","AUTO","EXTEND FORMING CYLINDER","MOV(30,STEP_AUTO[15])","4"
RCOMMENT,"_15_BAR_FORMING","AUTO","BLOW FOR TIME AND BLOW RELEASE FOR AMOUNT OF TIME AT END OF CYCLE","MOV(40,STEP_AUTO[15])","5"
RCOMMENT,"_15_BAR_FORMING","AUTO","RETRACT FORMING CYLINDER","MOV(0,STEP_AUTO[15])","6"
RCOMMENT,"_15_BAR_FORMING","AUTO","SET PROCESS DONE$NMONITOR EMPTY STATUS","MOV(160,STEP_AUTO[15])","7"
RCOMMENT,"_15_BAR_FORMING","AUTO","WAIT FOR MAIN DIAL TO TURN OFF INDEX DONE","MOV(5,STEP_AUTO[15])","8"
RCOMMENT,"_15_BAR_FORMING","AUTO","STATION CYCLE TIME","TON(TIMER_OPER[4],?,?)","9"
RCOMMENT,"_15_BAR_FORMING","ESTOP_RESET","BARRIER FORMING STATION ESTOP RESET$N***************************************************************************$N$NALARM","MOV(1000,STEP_ESTOP_RESET[15])","0"
RCOMMENT,"_15_BAR_FORMING","ESTOP_RESET","CAPTURE INITIAL ALARM","MOV(STEP_ALARM[15],STEP_ALARM_CAPTURE[15])","1"
RCOMMENT,"_15_BAR_FORMING","ESTOP_RESET","E-STOP SETTINGS","MOV(1000,STEP_AUTO[15])","2"
RCOMMENT,"_15_BAR_FORMING","ESTOP_RESET","WAIT FOR RESET","MOV(10,STEP_ESTOP_RESET[15])","3"
RCOMMENT,"_15_BAR_FORMING","ESTOP_RESET","GENERAL CELL SETTINGS UPON RESET","MOV(20,STEP_ESTOP_RESET[15])","4"
RCOMMENT,"_15_BAR_FORMING","ESTOP_RESET","WAIT FOR RESET TO BE RELEASED$NWAIT FOR CELL PRESSURE OK$NRESET BASED ON MACHINE MODE","MOV(500,STEP_ESTOP_RESET[15])","5"
RCOMMENT,"_15_BAR_FORMING","ESTOP_RESET","WAIT FOR RESET TO COMPLETE","MOV(500,STEP_ESTOP_RESET[15])","6"
RCOMMENT,"_15_BAR_FORMING","HOME","BARRIER FORMING STATION HOME ROUTINE$N***************************************************************************$N$N$NSET COMPONENTS TO HOME STATE","MOV(500,STEP_HOME[15])","0"
RCOMMENT,"_15_BAR_FORMING","MAIN","MAIN ROUTINE$N***************************************************************************$N$N","JSR(ANALOG_SETUP,0)","0"
RCOMMENT,"_15_BAR_FORMING","OUTPUTS","BARRIER FORMING STATION OUTPUTS$N***************************************************************************$N$NFORMING CYLINDER CONTROL","MOV(281,STEP_ALARM[15])","0"
RCOMMENT,"_15_BAR_FORMING","OUTPUTS","FORMING BLOW CONTROL","OTE(MAN01:O.Data[2].6)","1"
RCOMMENT,"_15_BAR_FORMING","OUTPUTS"," BARRIER RELEASE FROM FORM TOOL BLOW","OTE(MAN01:O.Data[2].7)","2"
RCOMMENT,"_15_BAR_FORMING","PRESSURE_REG","BARRIER FORMING STATION PRESSURE REGULATOR$N*******************************************************************************$N$NADD OPERATOR ADJUSTMENT TO PRESSURE SETPOINT","MOV(PRESSURE_SP_AUTO,PRESSURE_SP_GEN)","0"
RCOMMENT,"_15_BAR_FORMING","PRESSURE_REG","CACULATE OPERATERS MAXIMUM  & MINIMUM ALLOWABLE SETPOINT ADJUSTMENT BASED ON RECIPE PRESSURE$N","MOV(PRESSURE_MAX_ALLOWED,FORMING_PRESSURE_MAX)","1"
RCOMMENT,"_15_BAR_FORMING","PRESSURE_REG","IF RECIPE VALUE CHANGES ZERO OUT OFFSET ADJUST","MOV(0,FORMING_ADJ_PRESSURE)","2"
RCOMMENT,"_15_BAR_FORMING","PRESSURE_REG","****MANUAL MODE****$N$NSET PRESSURE SETPOINT FOR MANUAL MODE","MOV(PRESSURE_SP_AUTO,FORMING_PRESSURE_SP_MAN_DISPLAY)","3"
RCOMMENT,"_15_BAR_FORMING","PRESSURE_REG","WHILE IN MANUAL MODE, ALLOW THE PRESSURE SLIDERS FULL SCALE OF OPERATION.","MOV(PRESSURE_SP_MAN,PRESSURE_SP_GEN)","4"
RCOMMENT,"_15_BAR_FORMING","PRESSURE_REG","SEND REGULATOR PRESSURE INPUT COUNTS$N$NSCALE, TRUNCATE AND BYTE SWAP","SWPB(SCALED_PRESS_TRUNC,HIGH/LOW,MAN01:O.Data[0])","5"
RCOMMENT,"_15_BAR_FORMING","PRESSURE_REG","CACULATE FEEDBACK PRESSURE FROM REGULATOR","CPT(REG_FEEDBACK_SCALED,REG_FEEDBACK_M/FORMING_PRESSURE_SCALING_PARAM.IN_M)","6"
RCOMMENT,"_15_BAR_FORMING","PRESSURE_REG","VERIFY PRESSURE USING REGULATOR FEEDBACK","OTE(FORMING_PRESSURE_OK)","7"
RCOMMENT,"_15_BAR_FORMING","STATUS","BARRIER FORMING STATION STATUS$N***************************************************************************$N$NAUTO READY REQUIREMENTS","OTE(AUTO_READY[15])","0"
TYPE,SCOPE,ROUTINE,COMMENT,OWNING_ELEMENT,LOCATION
RCOMMENT,"_16_BAR_PUNCH","AUTO","PUNCH AUTO ROUTINE$N***************************************************************************$N$NSHUTDOWN REQUEST REQUIREMENTS","MOV(500,STEP_AUTO[16])","0"
RCOMMENT,"_16_BAR_PUNCH","AUTO","CHECK TO SEE IF STATION CAN RUN BEFORE INITIAL INDEX AFTER STARTING CELL$N$NIF MANUAL CYCLE MOVE TO NEXT STEP","MOV(20,STEP_AUTO[16])","1"
RCOMMENT,"_16_BAR_PUNCH","AUTO"," REQUEST DIAL INDEX$N","MOV(10,STEP_AUTO[16])","2"
RCOMMENT,"_16_BAR_PUNCH","AUTO","ANALYZE PART DATA","MOV(150,STEP_AUTO[16])","3"
RCOMMENT,"_16_BAR_PUNCH","AUTO","EXTEND HOLD DOWN STRIPPERS AND SPRING PACK","MOV(30,STEP_AUTO[16])","4"
RCOMMENT,"_16_BAR_PUNCH","AUTO","EXTEND PUNCH CYLINDER","MOV(40,STEP_AUTO[16])","5"
RCOMMENT,"_16_BAR_PUNCH","AUTO","DELAY TIMER","MOV(50,STEP_AUTO[16])","6"
RCOMMENT,"_16_BAR_PUNCH","AUTO","EXTEND MOON CYLINDER","MOV(60,STEP_AUTO[16])","7"
RCOMMENT,"_16_BAR_PUNCH","AUTO","MOON BLOW","MOV(60,STEP_AUTO[16])","8"
RCOMMENT,"_16_BAR_PUNCH","AUTO","DELAY TIMER","MOV(80,STEP_AUTO[16])","9"
RCOMMENT,"_16_BAR_PUNCH","AUTO","EXTEND SPRING PACK CYLINDER AND RETRACT HOLD DOWN STRIPPERS","MOV(0,STEP_AUTO[16])","10"
RCOMMENT,"_16_BAR_PUNCH","AUTO","SET PROCESS DONE$NMONITOR EMPTY STATUS","MOV(160,STEP_AUTO[16])","11"
RCOMMENT,"_16_BAR_PUNCH","AUTO","WAIT FOR MAIN DIAL TO TURN OFF INDEX DONE","MOV(5,STEP_AUTO[16])","12"
RCOMMENT,"_16_BAR_PUNCH","AUTO","STATION CYCLE TIME","TON(TIMER_OPER[4],?,?)","13"
RCOMMENT,"_16_BAR_PUNCH","ESTOP_RESET","BARRIER PUNCH STATION ESTOP RESET$N***************************************************************************$N$NALARM","MOV(1000,STEP_ESTOP_RESET[16])","0"
RCOMMENT,"_16_BAR_PUNCH","ESTOP_RESET","CAPTURE INITIAL ALARM","MOV(STEP_ALARM[16],STEP_ALARM_CAPTURE[16])","1"
RCOMMENT,"_16_BAR_PUNCH","ESTOP_RESET","E-STOP SETTINGS","MOV(1000,STEP_AUTO[16])","2"
RCOMMENT,"_16_BAR_PUNCH","ESTOP_RESET","WAIT FOR RESET","MOV(10,STEP_ESTOP_RESET[16])","3"
RCOMMENT,"_16_BAR_PUNCH","ESTOP_RESET","GENERAL CELL SETTINGS UPON RESET","MOV(20,STEP_ESTOP_RESET[16])","4"
RCOMMENT,"_16_BAR_PUNCH","ESTOP_RESET","WAIT FOR RESET TO BE RELEASED$NWAIT FOR CELL PRESSURE OK$NRESET BASED ON MACHINE MODE","MOV(500,STEP_ESTOP_RESET[16])","5"
RCOMMENT,"_16_BAR_PUNCH","ESTOP_RESET","WAIT FOR RESET TO COMPLETE","MOV(500,STEP_ESTOP_RESET[16])","6"
RCOMMENT,"_16_BAR_PUNCH","HOME","BARRIER PUNCH STATION HOME ROUTINE$N***************************************************************************$N$N$NSET COMPONENTS TO HOME STATE","MOV(500,STEP_HOME[16])","0"
RCOMMENT,"_16_BAR_PUNCH","MAIN","MAIN ROUTINE$N***************************************************************************$N$N","JSR(OUTPUTS,0)","0"
RCOMMENT,"_16_BAR_PUNCH","OUTPUTS","BARRIER PUNCH STATION OUTPUTS$N***************************************************************************$N$NPUNCH CONTROL","MOV(268,STEP_ALARM[16])","0"
RCOMMENT,"_16_BAR_PUNCH","OUTPUTS","PUNCH SPRING PACK CYLINDER CONTROLS","MOV(274,STEP_ALARM[16])","1"
RCOMMENT,"_16_BAR_PUNCH","OUTPUTS","STRIPPER CYLINDERS CONTROL","MOV(270,STEP_ALARM[16])","2"
RCOMMENT,"_16_BAR_PUNCH","OUTPUTS","MOON CYLINDER CONTROL","MOV(271,STEP_ALARM[16])","3"
RCOMMENT,"_16_BAR_PUNCH","OUTPUTS","MOON BLOW CONTROL","OTL(PUNCH_MOON_BLOW_TIMER_LATCH)","6"
RCOMMENT,"_16_BAR_PUNCH","STATUS","BARRIER PUNCH STATION STATUS$N***************************************************************************$N$NAUTO READY REQUIREMENTS","OTE(AUTO_READY[16])","0"
TYPE,SCOPE,ROUTINE,COMMENT,OWNING_ELEMENT,LOCATION
RCOMMENT,"_17_BAR_PRINTING","AUTO","BARRIER PRINTING STATION AUTO ROUTINE$N***************************************************************************$N$NSHUTDOWN REQUEST REQUIREMENTS","MOV(500,STEP_AUTO[17])","0"
RCOMMENT,"_17_BAR_PRINTING","AUTO","CHECK TO SEE IF STATION CAN RUN BEFORE INITIAL INDEX AFTER STARTING CELL$N$NIF MANUAL CYCLE MOVE TO NEXT STEP","MOV(20,STEP_AUTO[17])","1"
RCOMMENT,"_17_BAR_PRINTING","AUTO"," REQUEST DIAL INDEX$N","MOV(10,STEP_AUTO[17])","2"
RCOMMENT,"_17_BAR_PRINTING","AUTO","ANALYZE PART DATA","MOV(145,STEP_AUTO[17])","3"
RCOMMENT,"_17_BAR_PRINTING","AUTO","EXTEND SUPPORT CYLINDER","MOV(30,STEP_AUTO[17])","4"
RCOMMENT,"_17_BAR_PRINTING","AUTO","START PRINT CYCLE","MOV(35,STEP_AUTO[17])","5"
RCOMMENT,"_17_BAR_PRINTING","AUTO","WAIT FOR PRINT CYCLE TO COMPLETE","MOV(288,STEP_ALARM[17])","6"
RCOMMENT,"_17_BAR_PRINTING","AUTO","RETRACT SUPPORT CYLINDER","MOV(0,STEP_AUTO[17])","7"
RCOMMENT,"_17_BAR_PRINTING","AUTO","VERIFY FILTER PRESS PROCESS DONE","MOV(150,STEP_AUTO[17])","8"
RCOMMENT,"_17_BAR_PRINTING","AUTO","SET PROCESS DONE$NMONITOR EMPTY STATUS","MOV(160,STEP_AUTO[17])","9"
RCOMMENT,"_17_BAR_PRINTING","AUTO","WAIT FOR MAIN DIAL TO TURN OFF INDEX DONE","MOV(5,STEP_AUTO[17])","10"
RCOMMENT,"_17_BAR_PRINTING","AUTO","STATION CYCLE TIME","TON(TIMER_OPER[4],?,?)","11"
RCOMMENT,"_17_BAR_PRINTING","AUTO_FILTER_PRESS","BARRIER PRINTING STATION FILTER PRESS AUTO ROUTINE$N***************************************************************************$N$NANALYZE PART DATA","MOV(150,STEP_AUTO[6])","0"
RCOMMENT,"_17_BAR_PRINTING","AUTO_FILTER_PRESS","EXTEND FILTER PRESS CYLINDER FOR TIME","MOV(30,STEP_AUTO[6])","1"
RCOMMENT,"_17_BAR_PRINTING","AUTO_FILTER_PRESS","RETRACT FILTER PRESS CYLINDER","MOV(150,STEP_AUTO[6])","2"
RCOMMENT,"_17_BAR_PRINTING","AUTO_FILTER_PRESS","SET PROCESS DONE","MOV(160,STEP_AUTO[6])","3"
RCOMMENT,"_17_BAR_PRINTING","AUTO_FILTER_PRESS","WAIT FOR PRINT STATION TO TURN PROCESS DONE ON","MOV(500,STEP_AUTO[6])","4"
RCOMMENT,"_17_BAR_PRINTING","ESTOP_RESET","BARRIER PRINTING STATION ESTOP RESET$N***************************************************************************$N$NALARM","MOV(1000,STEP_ESTOP_RESET[17])","0"
RCOMMENT,"_17_BAR_PRINTING","ESTOP_RESET","CAPTURE INITIAL ALARM","MOV(STEP_ALARM[17],STEP_ALARM_CAPTURE[17])","1"
RCOMMENT,"_17_BAR_PRINTING","ESTOP_RESET","E-STOP SETTINGS","MOV(1000,STEP_AUTO[17])","2"
RCOMMENT,"_17_BAR_PRINTING","ESTOP_RESET","WAIT FOR RESET","MOV(10,STEP_ESTOP_RESET[17])","3"
RCOMMENT,"_17_BAR_PRINTING","ESTOP_RESET","GENERAL CELL SETTINGS UPON RESET","MOV(20,STEP_ESTOP_RESET[17])","4"
RCOMMENT,"_17_BAR_PRINTING","ESTOP_RESET","WAIT FOR RESET TO BE RELEASED$NWAIT FOR CELL PRESSURE OK$NRESET BASED ON MACHINE MODE","MOV(500,STEP_ESTOP_RESET[17])","5"
RCOMMENT,"_17_BAR_PRINTING","ESTOP_RESET","WAIT FOR RESET TO COMPLETE","MOV(500,STEP_ESTOP_RESET[17])","6"
RCOMMENT,"_17_BAR_PRINTING","HOME","BARRIER PRINTING STATION HOME ROUTINE$N***************************************************************************$N$N$NSET COMPONENTS TO HOME STATE","MOV(500,STEP_HOME[17])","0"
RCOMMENT,"_17_BAR_PRINTING","MAIN","MAIN ROUTINE$N***************************************************************************$N","JSR(OUTPUTS,0)","0"
RCOMMENT,"_17_BAR_PRINTING","OUTPUTS","BARRIER PRINTING STATION OUTPUTS$N***************************************************************************$N$NSUPPORT CYLINDER CONTROL","MOV(286,STEP_ALARM[17])","0"
RCOMMENT,"_17_BAR_PRINTING","OUTPUTS","FILTER PRESS CYLINDER CONTROL","MOV(291,STEP_ALARM[17])","1"
RCOMMENT,"_17_BAR_PRINTING","OUTPUTS","START PRINTING CONTROL","OTU(PRINT_REQ_PB)","2"
RCOMMENT,"_17_BAR_PRINTING","OUTPUTS","PRINTER ENABLE CONTROL","MOV(289,STEP_ALARM[17])","3"
RCOMMENT,"_17_BAR_PRINTING","OUTPUTS","PRINTER AUTO MODE CONTROL","OTU(PRINT_SEMI_AUTO_MODE_PB)","4"
RCOMMENT,"_17_BAR_PRINTING","STATUS","BARRIER PRINTING STATION STATUS$N***************************************************************************$N$NAUTO READY REQUIREMENTS","OTE(AUTO_READY[17])","0"
TYPE,SCOPE,ROUTINE,COMMENT,OWNING_ELEMENT,LOCATION
RCOMMENT,"_18_VISION","AUTO","VISION INSPECTION STATION AUTO ROUTINE$N***************************************************************************$N$NSHUTDOWN REQUEST REQUIREMENTS","MOV(500,STEP_AUTO[18])","0"
RCOMMENT,"_18_VISION","AUTO","CHECK TO SEE IF STATION CAN RUN BEFORE INITIAL INDEX AFTER STARTING CELL$N$NIF MANUAL CYCLE MOVE TO NEXT STEP","MOV(20,STEP_AUTO[18])","1"
RCOMMENT,"_18_VISION","AUTO"," REQUEST DIAL INDEX$N","MOV(10,STEP_AUTO[18])","2"
RCOMMENT,"_18_VISION","AUTO","ANALYZE PART DATA","MOV(150,STEP_AUTO[18])","3"
RCOMMENT,"_18_VISION","AUTO","REQUEST VISION INSPECTION","MOV(150,STEP_AUTO[18])","4"
RCOMMENT,"_18_VISION","AUTO","SET PROCESS DONE$NMONITOR EMPTY STATUS","MOV(160,STEP_AUTO[18])","5"
RCOMMENT,"_18_VISION","AUTO","WAIT FOR MAIN DIAL TO TURN OFF INDEX DONE","MOV(5,STEP_AUTO[18])","6"
RCOMMENT,"_18_VISION","ESTOP_RESET","VISION INSPECTION STATION ESTOP RESET$N***************************************************************************$N$NALARM","MOV(1000,STEP_ESTOP_RESET[18])","0"
RCOMMENT,"_18_VISION","ESTOP_RESET","CAPTURE INITIAL ALARM","MOV(STEP_ALARM[18],STEP_ALARM_CAPTURE[18])","1"
RCOMMENT,"_18_VISION","ESTOP_RESET","E-STOP SETTINGS","MOV(1000,STEP_AUTO[18])","2"
RCOMMENT,"_18_VISION","ESTOP_RESET","WAIT FOR RESET","MOV(10,STEP_ESTOP_RESET[18])","3"
RCOMMENT,"_18_VISION","ESTOP_RESET","GENERAL CELL SETTINGS UPON RESET","MOV(20,STEP_ESTOP_RESET[18])","4"
RCOMMENT,"_18_VISION","ESTOP_RESET","WAIT FOR RESET TO BE RELEASED$NWAIT FOR CELL PRESSURE OK$NRESET BASED ON MACHINE MODE","MOV(500,STEP_ESTOP_RESET[18])","5"
RCOMMENT,"_18_VISION","ESTOP_RESET","WAIT FOR RESET TO COMPLETE","MOV(500,STEP_ESTOP_RESET[18])","6"
RCOMMENT,"_18_VISION","HOME","VISION INSPECTION STATION HOME ROUTINE$N***************************************************************************$N$N$NSET COMPONENTS TO HOME STATE","MOV(500,STEP_HOME[18])","0"
RCOMMENT,"_18_VISION","MAIN","MAIN ROUTINE$N***************************************************************************$N$N","JSR(OUTPUTS,0)","0"
RCOMMENT,"_18_VISION","OUTPUTS","VISION INSPECTION STATION OUTPUTS$N***************************************************************************$N$NSTART VISION CONTROL","OTE(VISION:O.Control.TriggerEnable)","0"
RCOMMENT,"_18_VISION","STATUS","VISION INSPECTION STATION STATUS$N***************************************************************************$N$NAUTO READY REQUIREMENTS","OTE(AUTO_READY[18])","0"
TYPE,SCOPE,ROUTINE,COMMENT,OWNING_ELEMENT,LOCATION
RCOMMENT,"_19_BAG_OFFLOAD","AUTO","BAG OFFLOAD STATION AUTO ROUTINE$N***************************************************************************$N$NSHUTDOWN REQUEST REQUIREMENTS","MOV(500,STEP_AUTO[19])","0"
RCOMMENT,"_19_BAG_OFFLOAD","AUTO","CHECK TO SEE IF STATION CAN RUN BEFORE INITIAL INDEX AFTER STARTING CELL$N$NIF MANUAL CYCLE MOVE TO NEXT STEP","MOV(20,STEP_AUTO[19])","1"
RCOMMENT,"_19_BAG_OFFLOAD","AUTO"," REQUEST DIAL INDEX$N","MOV(10,STEP_AUTO[19])","2"
RCOMMENT,"_19_BAG_OFFLOAD","AUTO","ANALYZE PART DATA","MOV(150,STEP_AUTO[19])","3"
RCOMMENT,"_19_BAG_OFFLOAD","AUTO","EXAMINE WHAT NEEDS TO BE DONE TO PARTS ON DIAL","MOV(60,STEP_AUTO[19])","4"
RCOMMENT,"_19_BAG_OFFLOAD","AUTO","EXTEND BAG RELEASE CYLINDER","MOV(38,STEP_AUTO[19])","5"
RCOMMENT,"_19_BAG_OFFLOAD","AUTO","START CLAMP OPEN TIMER DURING BAG LOAD MODE ONLY","MOV(50,STEP_AUTO[19])","6"
RCOMMENT,"_19_BAG_OFFLOAD","AUTO","VERIFY ROBOT HANDSHAKES ARE OFF","MOV(40,STEP_AUTO[19])","7"
RCOMMENT,"_19_BAG_OFFLOAD","AUTO","CHECK TO SEE IF BARRIER HAS BEEN LOADED AND MACHINE IS IN SEQUENCE FOR FASTEST CYCLE TIME","MOV(45,STEP_AUTO[19])","8"
RCOMMENT,"_19_BAG_OFFLOAD","AUTO","REQUEST BAG OFFLOAD","MOV(50,STEP_AUTO[19])","9"
RCOMMENT,"_19_BAG_OFFLOAD","AUTO","RETRACT BAG RELEASE CYLINDER","MOV(150,STEP_AUTO[19])","10"
RCOMMENT,"_19_BAG_OFFLOAD","AUTO","VERIFY ROBOT HANDSHAKES ARE OFF","MOV(70,STEP_AUTO[19])","11"
RCOMMENT,"_19_BAG_OFFLOAD","AUTO","REQUEST FAILED BARRIER OFFLOAD","MOV(150,STEP_AUTO[19])","12"
RCOMMENT,"_19_BAG_OFFLOAD","AUTO","SET PROCESS DONE","MOV(160,STEP_AUTO[19])","13"
RCOMMENT,"_19_BAG_OFFLOAD","AUTO","WAIT FOR MAIN DIAL TO TURN OFF INDEX DONE","MOV(5,STEP_AUTO[19])","14"
RCOMMENT,"_19_BAG_OFFLOAD","AUTO","STATION CYCLE TIME","TON(TIMER_OPER[0],?,?)","15"
RCOMMENT,"_19_BAG_OFFLOAD","ESTOP_RESET","BAG OFFLOAD STATION ESTOP RESET$N***************************************************************************$N$NALARM","MOV(1000,STEP_ESTOP_RESET[19])","0"
RCOMMENT,"_19_BAG_OFFLOAD","ESTOP_RESET","CAPTURE INITIAL ALARM","MOV(STEP_ALARM[19],STEP_ALARM_CAPTURE[19])","1"
RCOMMENT,"_19_BAG_OFFLOAD","ESTOP_RESET","E-STOP SETTINGS","MOV(1000,STEP_AUTO[19])","2"
RCOMMENT,"_19_BAG_OFFLOAD","ESTOP_RESET","WAIT FOR RESET","MOV(10,STEP_ESTOP_RESET[19])","3"
RCOMMENT,"_19_BAG_OFFLOAD","ESTOP_RESET","GENERAL CELL SETTINGS UPON RESET","MOV(20,STEP_ESTOP_RESET[19])","4"
RCOMMENT,"_19_BAG_OFFLOAD","ESTOP_RESET","WAIT FOR RESET TO BE RELEASED$NWAIT FOR CELL PRESSURE OK$NRESET BASED ON MACHINE MODE","MOV(500,STEP_ESTOP_RESET[19])","5"
RCOMMENT,"_19_BAG_OFFLOAD","ESTOP_RESET","WAIT FOR RESET TO COMPLETE","MOV(500,STEP_ESTOP_RESET[19])","6"
RCOMMENT,"_19_BAG_OFFLOAD","HOME","BAG OFFLOAD STATION HOME ROUTINE$N***************************************************************************$N$N$NSET COMPONENTS TO HOME STATE","MOV(500,STEP_HOME[19])","0"
RCOMMENT,"_19_BAG_OFFLOAD","MAIN","MAIN ROUTINE$N***************************************************************************$N$N","JSR(OUTPUTS,0)","0"
RCOMMENT,"_19_BAG_OFFLOAD","OUTPUTS","BAG OFFLOAD STATION OUTPUTS$N***************************************************************************$N$NBAG RELEASE CYLINDER CONTROL","MOV(211,STEP_ALARM[19])","0"
RCOMMENT,"_19_BAG_OFFLOAD","STATUS","BAG OFFLOAD STATION STATUS$N***************************************************************************$N$NAUTO READY REQUIREMENTS","OTE(AUTO_READY[19])","0"
RCOMMENT,"_19_BAG_OFFLOAD","STATUS","PART OFFLOADED TAG FOR CUSTOMER DATA COLLECTION","OTU(BAG_OFFLOAD_PART_PICKED)","1"
TYPE,SCOPE,ROUTINE,COMMENT,OWNING_ELEMENT,LOCATION
RCOMMENT,"_20_BAR_LOAD","AUTO","BARRIER LOAD STATION AUTO ROUTINE$N***************************************************************************$N$NSHUTDOWN REQUEST REQUIREMENTS","MOV(500,STEP_AUTO[20])","0"
RCOMMENT,"_20_BAR_LOAD","AUTO","CHECK TO SEE IF STATION CAN RUN BEFORE INITIAL INDEX AFTER STARTING CELL$N$NIF MANUAL CYCLE MOVE TO NEXT STEP","MOV(20,STEP_AUTO[20])","1"
RCOMMENT,"_20_BAR_LOAD","AUTO"," REQUEST DIAL INDEX$N","MOV(10,STEP_AUTO[20])","2"
RCOMMENT,"_20_BAR_LOAD","AUTO","ANALYZE PART DATA","MOV(150,STEP_AUTO[20])","3"
RCOMMENT,"_20_BAR_LOAD","AUTO","TURN OFF MAIN DIAL VACUUM$NVERIFY ROBOT HANDSHAKE RESET","MOV(25,STEP_AUTO[20])","4"
RCOMMENT,"_20_BAR_LOAD","AUTO","WAIT FOR TO SEE A BARRIER PICK REQUEST FROM LIGHT TABLE$NOR TIMERS FROM OTHER STATIONS TO RUN OUT$N","MOV(150,STEP_AUTO[20])","5"
RCOMMENT,"_20_BAR_LOAD","AUTO","WAIT FOR ROBOT TO BE READY TO PLACE BARRIER AND TURN ON MAIN DIAL VACUUM","MOV(150,STEP_AUTO[20])","6"
RCOMMENT,"_20_BAR_LOAD","AUTO","REQUEST BARRIER LOAD AND$NWAIT FOR ROBOT TO LOAD BARRIER$NIF IN SINGLE PART MODE, INDEX COUNTER","MOV(50,STEP_AUTO[20])","7"
RCOMMENT,"_20_BAR_LOAD","AUTO","CHECK FOR BARRIER PRESENCE$NAFTER ROBOT IS CLEAR","MOV(207,STEP_ALARM[20])","8"
RCOMMENT,"_20_BAR_LOAD","AUTO","SET PROCESS DONE","MOV(160,STEP_AUTO[20])","9"
RCOMMENT,"_20_BAR_LOAD","AUTO","WAIT FOR MAIN DIAL TO TURN OFF INDEX DONE","MOV(5,STEP_AUTO[20])","10"
RCOMMENT,"_20_BAR_LOAD","AUTO","STATION CYCLE TIME","TON(TIMER_OPER[1],?,?)","11"
RCOMMENT,"_20_BAR_LOAD","ESTOP_RESET","BARRIER LOAD STATION ESTOP RESET$N***************************************************************************$N$NALARM","MOV(1000,STEP_ESTOP_RESET[20])","0"
RCOMMENT,"_20_BAR_LOAD","ESTOP_RESET","CAPTURE INITIAL ALARM","MOV(STEP_ALARM[20],STEP_ALARM_CAPTURE[20])","1"
RCOMMENT,"_20_BAR_LOAD","ESTOP_RESET","E-STOP SETTINGS","MOV(1000,STEP_AUTO[20])","2"
RCOMMENT,"_20_BAR_LOAD","ESTOP_RESET","WAIT FOR RESET","MOV(10,STEP_ESTOP_RESET[20])","3"
RCOMMENT,"_20_BAR_LOAD","ESTOP_RESET","GENERAL CELL SETTINGS UPON RESET","MOV(20,STEP_ESTOP_RESET[20])","4"
RCOMMENT,"_20_BAR_LOAD","ESTOP_RESET","WAIT FOR RESET TO BE RELEASED$NWAIT FOR CELL PRESSURE OK$NRESET BASED ON MACHINE MODE","MOV(500,STEP_ESTOP_RESET[20])","5"
RCOMMENT,"_20_BAR_LOAD","ESTOP_RESET","WAIT FOR RESET TO COMPLETE","MOV(500,STEP_ESTOP_RESET[20])","6"
RCOMMENT,"_20_BAR_LOAD","HOME","BARRIER LOAD STATION HOME ROUTINE$N***************************************************************************$N$N$NSET COMPONENTS TO HOME STATE","MOV(500,STEP_HOME[20])","0"
RCOMMENT,"_20_BAR_LOAD","MAIN","MAIN ROUTINE$N***************************************************************************$N$N","JSR(AUTO,0)","0"
RCOMMENT,"_20_BAR_LOAD","STATUS","BARRIER LOAD STATION STATUS$N***************************************************************************$N$NAUTO READY REQUIREMENTS","OTE(AUTO_READY[20])","0"
TYPE,SCOPE,ROUTINE,COMMENT,OWNING_ELEMENT,LOCATION
RCOMMENT,"_21_R1","AUTO","BAG LOAD ROBOT (R1) ROBOT AUTO$N***************************************************************************$N$NMONITOR CELL ENTRY REQUEST","MOV(500,STEP_AUTO[21])","0"
RCOMMENT,"_21_R1","AUTO","REQUEST STROBE OF PROGRAM","MOV(20,STEP_AUTO[21])","1"
RCOMMENT,"_21_R1","AUTO","VERIFY PNS TO PROGRAM MATCH","MOV(74,STEP_ALARM[21])","2"
RCOMMENT,"_21_R1","AUTO","EXECUTE ROBOT PROGRAM$NSTART IRVISION ROUTINE$N","MOV(75,STEP_ALARM[21])","3"
RCOMMENT,"_21_R1","AUTO_VIS","BAG LOAD ROBOT (R1) ROBOT IR VISION AUTO$N***************************************************************************$N$NCHECK BAG VISION REQUESTS FROM CONVEYOR TO ROBOT","MOV(20,STEP_AUTO[27])","0"
RCOMMENT,"_21_R1","AUTO_VIS","WAIT FOR VISION RESULTS FROM ROBOT FOR CONVEYOR BAG","MOV(30,STEP_AUTO[27])","1"
RCOMMENT,"_21_R1","AUTO_VIS","VERIFY ROBOT HANDSHAKE IS OFF","MOV(20,STEP_AUTO[27])","2"
RCOMMENT,"_21_R1","AUTO_VIS","REQUEST BAG PICK TO ROBOT FROM CONVEYOR","MOV(30,STEP_AUTO[27])","3"
RCOMMENT,"_21_R1","AUTO_VIS","VERIFY VISION REQUEST FROM CONVEYOR IS OFF","MOV(0,STEP_AUTO[27])","4"
RCOMMENT,"_21_R1","ESTOP_RESET","BAG LOAD ROBOT (R1) ESTOP RESET$N***************************************************************************$N$NROBOT ALARM","MOV(1000,STEP_ESTOP_RESET[21])","0"
RCOMMENT,"_21_R1","ESTOP_RESET","CAPTURE INITIAL ALARM","MOV(STEP_ALARM[21],STEP_ALARM_CAPTURE[21])","1"
RCOMMENT,"_21_R1","ESTOP_RESET","CAPTURE ROBOT FAULT ALARM AFTER RESET IS COMPLETED","MOV(76,STEP_ALARM[21])","2"
RCOMMENT,"_21_R1","ESTOP_RESET","E-STOP SETTINGS","MOV(1000,STEP_AUTO[27])","3"
RCOMMENT,"_21_R1","ESTOP_RESET","WAIT FOR RESET","MOV(10,STEP_ESTOP_RESET[21])","4"
RCOMMENT,"_21_R1","ESTOP_RESET","SETTINGS UPON RESET","MOV(20,STEP_ESTOP_RESET[21])","5"
RCOMMENT,"_21_R1","ESTOP_RESET","WAIT FOR RESET TO BE RELEASED$NWAIT FOR CELL PRESSURE OK$NRESET BASED ON MACHINE MODE","MOV(500,STEP_ESTOP_RESET[21])","6"
RCOMMENT,"_21_R1","ESTOP_RESET","WAIT FOR RESET TO COMPLETE","MOV(500,STEP_ESTOP_RESET[21])","7"
RCOMMENT,"_21_R1","HMI","BAG LOAD ROBOT (R1) HMI$N***************************************************************************$N$NPICK HEAD DRIVE PUSH BUTTONS VISIBILITY ON HMI","OTE(R1_GRIPPER_DRIVE_REL_PB_VIS)","0"
RCOMMENT,"_21_R1","HOME","BAG LOAD ROBOT (R1) HOME ROUTINE$N***************************************************************************$N$NSTROBE ROBOT FOR PROGRAM SELECTION$NONCE ROBOT IS RESET","MOV(10,STEP_HOME[21])","0"
RCOMMENT,"_21_R1","HOME","WAIT FOR PNS MATCH","MOV(74,STEP_ALARM[21])","1"
RCOMMENT,"_21_R1","HOME","SEND ROBOT HOME","MOV(72,STEP_ALARM[21])","2"
RCOMMENT,"_21_R1","HOME","CONFIGURE THE STEPPER IF REQUIRED","MOV(120,STEP_HOME[21])","3"
RCOMMENT,"_21_R1","HOME","ENABLE THE STEPPER DRIVE WHILE IN CONFIG MODE","MOV(62,STEP_ALARM[21])","4"
RCOMMENT,"_21_R1","HOME"," CHANGE STEPPER DRIVE BACK TO COMMAND MODE","MOV(63,STEP_ALARM[21])","5"
RCOMMENT,"_21_R1","HOME","RESET STEPPER IF REQUIRED","MOV(130,STEP_HOME[21])","6"
RCOMMENT,"_21_R1","HOME","ENABLE STEPPER","MOV(140,STEP_HOME[21])","7"
RCOMMENT,"_21_R1","HOME","TURN STEPPER UNTIL HOME$NRESET CORONA ENABLE REQUEST$NFINISH ROUTINE","MOV(150,STEP_HOME[21])","8"
RCOMMENT,"_21_R1","HOME","MOVE TO RELEASED POSITION","MOV(500,STEP_HOME[21])","9"
RCOMMENT,"_21_R1","HOME","STEPPER DRIVE CONFIG WATCHDOG","MOV(100,STEP_HOME[21])","10"
RCOMMENT,"_21_R1","MAIN","MAIN ROUTINE$N***************************************************************************$N$N","JSR(STEPPER_CONTROL,0)","0"
RCOMMENT,"_21_R1","POSITION_MONITOR","POSITION MONITOR BAG LOAD ROBOT (R1)$N***************************************************************************$N$NPOSITION VERIFICATION","OTE(R1_GRIPPER_REL_POS)","0"
RCOMMENT,"_21_R1","PROG_SELECT","BAG LOAD ROBOT (R1) PROGRAM SELECT$N*******************************************************************************$N$NBROADCAST THE PROGRAM NUMBER$NTO BE RUN TO THE ROBOT","BTD(R1_PROG_NUM_FROM_PLC,0,R1:O.Data[0],9,7)","0"
RCOMMENT,"_21_R1","PROG_SELECT","STORE THE PROGRAM NUMBER CURRENTLY$NSELECTED IN THE ROBOT$N","MVM(R1:I.Data[0],127,R1_PROG_NUM_TO_PLC)","1"
RCOMMENT,"_21_R1","PROG_SELECT","VERIFY PROGRAM NUMBER TO BE RUN$NMATCHES ROBOT SELECTED PROGRAM","OTE(R1_PNS_MATCH)","2"
RCOMMENT,"_21_R1","PROG_SELECT","STROBE PNS ON$NROBOT","OTU(R1_AUTO_PNS_STROBE_REQUEST)","3"
RCOMMENT,"_21_R1","RESET_STATUS","BAG LOAD ROBOT (R1) RESET AND STATUS$N*********************************************************************************$N$NSEND THE RIGID INSERT SIZE VISION PROCESS$NTO BE RUN  BY THE ROBOT$N1 = 3/4, 7/8, 1, 1-1/8$N2 = 1-1/4$N3 = 1-3/8 , 1-1/2, 1-5/8$N4 = 1-3/4$N5 = 1-7/8, 2, 2-1/4$N","OTE(R1:O.Data[1].26)","0"
RCOMMENT,"_21_R1","RESET_STATUS","SEND THE SOFT-N-FLEXIBLE VISION PROCESS$NTO BE RUN  BY THE ROBOT$N1 =$N2 =$N3 =$N4 =$N5 =$N","OTE(R1:O.Data[1].17)","1"
RCOMMENT,"_21_R1","RESET_STATUS","SEND THE ROBOT LOADING BAG TYPE FROM THE RECIPE$NTO BE RUN  BY THE ROBOT$N1 = CLOSED POUCH$N2 = DRAINABLE$N3 = LOCK-N-ROLL$N4 = UROSTOMY$N","OTE(R1:O.Data[1].29)","2"
RCOMMENT,"_21_R1","RESET_STATUS","ROBOT DIGITAL INPUTS","OTE(R1:O.Data[1].8)","3"
RCOMMENT,"_21_R1","RESET_STATUS","ROBOT STATUS","OTE(R1_IO_READY)","4"
RCOMMENT,"_21_R1","RESET_STATUS","RESET ROBOT ROUTINE","MOV(73,STEP_ALARM[21])","8"
RCOMMENT,"_21_R1","STEPPER_CONTROL","BAG LOAD ROBOT GRIPPER STEPPER CONTROL$N******************************************************************************$N$NRESET STEPPER MOTOR","OTU(R1_GRIPPER_DRIVE_RESET_FAULT_PB)","0"
RCOMMENT,"_21_R1","STEPPER_CONTROL","DISABLE/ENABLE STEPPER MOTOR","MOV(60,STEP_ALARM[21])","1"
RCOMMENT,"_21_R1","STEPPER_CONTROL","HOMING OF STEPPER MOTOR","MOV(57,STEP_ALARM[21])","2"
RCOMMENT,"_21_R1","STEPPER_CONTROL","BAG GRIPPER PICK","MOV(58,STEP_ALARM[21])","3"
RCOMMENT,"_21_R1","STEPPER_CONTROL"," BAG GRIPPER RELEASE","MOV(64,STEP_ALARM[21])","4"
RCOMMENT,"_21_R1","STEPPER_CONTROL","CLEAR STEPPER OUTPUT","OTL(DRV08:O.Data[1].15)","5"
RCOMMENT,"_21_R1","STEPPER_CONTROL","BAG STEPPER GRIPPER PICK DIAMETER CALCULATIONS$N**********************************************************************$N$NCALCULATE CENTER DISTANCE BETWEEN DRIVE GEAR AND JAW GRIP PIN BASED ON CURRENT RECIPE PICK DIAMETER","CPT(GRIPPER_DRIVE_JAW_PIN_CD_PICK,(R1_GRIPPER_DIA_RECIPE-GRIPPER_JAW_PIN_DIA)/2)","6"
RCOMMENT,"_21_R1","STEPPER_CONTROL","CALCULATE TOTAL OPEN ANGLE OF GRIPPER JAW","CPT(GRIPPER_JAW_TOT_PICK_ANGLE_DEG,GRIPPER_JAW_TOT_PICK_ANGLE_RAD*180/(22/7))","7"
RCOMMENT,"_21_R1","STEPPER_CONTROL","CALCULATE AMOUNT OF ANGLE TO OPEN THE GRIPPER$NAND THE ASSOCIATED MOTOR COUNTS","CPT(R1_GRIPPER_STEP_PICK_PARAM[2],(GRIPPER_DRIVE_PICK_TARGET_POS-R1_GRIPPER_STEP_PICK_PARAM[3])/1000)","8"
RCOMMENT,"_21_R1","STEPPER_CONTROL","BAG STEPPER GRIPPER DIAMETER RELEASED CALCULATIONS$N*******************************************************************************$N$NCALCULATE CENTER DISTANCE BETWEEN DRIVE GEAR AND JAW GRIP PIN","CPT(GRIPPER_DRIVE_JAW_PIN_CD_REL,(R1_GRIPPER_DIA_REL-GRIPPER_JAW_PIN_DIA)/2)","9"
RCOMMENT,"_21_R1","STEPPER_CONTROL","CALCULATE TOTAL OPEN ANGLE OF GRIPPER JAW","CPT(GRIPPER_JAW_TOT_REL_ANGLE_DEG,GRIPPER_JAW_TOT_REL_ANGLE_RAD*180/(22/7))","10"
RCOMMENT,"_21_R1","STEPPER_CONTROL","CALCULATE AMOUNT OF ANGLE TO OPEN THE GRIPPER$NAND THE ASSOCIATED MOTOR COUNTS","CPT(R1_GRIPPER_STEP_REL_PARAM[2],(GRIPPER_DRIVE_REL_TARGET_POS-R1_GRIPPER_STEP_REL_PARAM[3])/1000)","11"
RCOMMENT,"_21_R1","STEPPER_CONTROL","***********STEPPER MOTOR PARAMETERS**********$N$NBUILD STEPPER MOTOR VELOCITY FROM PANELVIEW","CPT(R1_GRIPPER_STEP_REL_PARAM[4],(R1_GRIPPER_FWD_SPEED_PB-R1_GRIPPER_STEP_PICK_PARAM[5])/1000)","12"
RCOMMENT,"_21_R1","STEPPER_CONTROL","STEPPER MOTOR CURRENT POSITION INPUT TO PLC IF IN COMMAND MODE","CPT(R1_GRIPPER_DRIVE_POSITION_INPUT,DRV08:I.Data[2]*1000+DRV08:I.Data[3])","13"
RCOMMENT,"_21_R1","STEPPER_CONTROL","STEPPER MOTOR TARGET POSITION OUTPUT FROM PLC IF IN COMMAND MODE","CPT(R1_GRIPPER_STEP_TARGET_POS_OUTPUT,DRV08:O.Data[2]*1000+DRV08:O.Data[3])","14"
RCOMMENT,"_21_R1","STEPPER_CONTROL","STEPPER MOTOR PROGRAMMED SPEED OUTPUT FROM PLC IF IN COMMAND MODE","CPT(R1_GRIPPER_DRIVE_SPEED_OUTPUT,DRV08:O.Data[4]*1000+DRV08:O.Data[5])","15"
RCOMMENT,"_21_R1","STEPPER_CONTROL","STEPPER MOTOR START SPEED INPUT TO PLC IF IN CONFIG MODE","CPT(R1_GRIPPER_DRIVE_START_SPEED_INPUT,DRV08:I.Data[2]*1000+DRV08:I.Data[3])","16"
RCOMMENT,"_21_R1","STEPPER_CONTROL","STEPPER MOTOR START SPEED OUTPUT FROM PLC IF IN CONFIG MODE","CPT(R1_GRIPPER_DRIVE_START_SPEED_OUTPUT,DRV08:O.Data[2]*1000+DRV08:O.Data[3])","17"
RCOMMENT,"_21_R1","STEPPER_CONTROL","STEPPER HOME SENSOR DEBOUNCE TIMER","OTE(R1_GRIPPER_HOME_DELAYED)","18"
TYPE,SCOPE,ROUTINE,COMMENT,OWNING_ELEMENT,LOCATION
RCOMMENT,"_22_R2","AUTO","BARRIER LOAD/BAG OFFLOAD ROBOT (R2) ROBOT AUTO$N***************************************************************************$N$NMONITOR CELL ENTRY REQUEST","MOV(500,STEP_AUTO[22])","0"
RCOMMENT,"_22_R2","AUTO","REQUEST STROBE OF PROGRAM","MOV(500,STEP_AUTO[22])","1"
RCOMMENT,"_22_R2","AUTO","VERIFY PNS TO PROGRAM MATCH","MOV(84,STEP_ALARM[22])","2"
RCOMMENT,"_22_R2","AUTO","EXECUTE ROBOT PROGRAM$N","MOV(85,STEP_ALARM[22])","3"
RCOMMENT,"_22_R2","ESTOP_RESET","BARRIER LOAD/BAG OFFLOAD ROBOT (R2) ESTOP RESET$N***************************************************************************$N$NROBOT ALARM","MOV(1000,STEP_ESTOP_RESET[22])","0"
RCOMMENT,"_22_R2","ESTOP_RESET","CAPTURE INITIAL ALARM","MOV(STEP_ALARM[22],STEP_ALARM_CAPTURE[22])","1"
RCOMMENT,"_22_R2","ESTOP_RESET","CAPTURE ROBOT FAULT ALARM AFTER RESET IS COMPLETED","MOV(86,STEP_ALARM[22])","2"
RCOMMENT,"_22_R2","ESTOP_RESET","E-STOP SETTINGS","MOV(1000,STEP_AUTO[22])","3"
RCOMMENT,"_22_R2","ESTOP_RESET","WAIT FOR RESET","MOV(10,STEP_ESTOP_RESET[22])","4"
RCOMMENT,"_22_R2","ESTOP_RESET","SETTINGS UPON RESET","MOV(20,STEP_ESTOP_RESET[22])","5"
RCOMMENT,"_22_R2","ESTOP_RESET","WAIT FOR RESET TO BE RELEASED$NWAIT FOR CELL PRESSURE OK$NRESET BASED ON MACHINE MODE","MOV(500,STEP_ESTOP_RESET[22])","6"
RCOMMENT,"_22_R2","ESTOP_RESET","WAIT FOR RESET TO COMPLETE","MOV(500,STEP_ESTOP_RESET[22])","7"
RCOMMENT,"_22_R2","HOME","BARRIER LOAD/BAG OFFLOAD ROBOT (R2) HOME ROUTINE$N***************************************************************************$N$NSTROBE ROBOT FOR PROGRAM SELECTION$NONCE ROBOT IS RESET AND BARRIER PICK-N-PLACE IS HOME","MOV(10,STEP_HOME[22])","0"
RCOMMENT,"_22_R2","HOME","WAIT FOR PNS MATCH","MOV(84,STEP_ALARM[22])","1"
RCOMMENT,"_22_R2","HOME","SEND ROBOT HOME","MOV(82,STEP_ALARM[22])","2"
RCOMMENT,"_22_R2","HOME","CHECK  FOR SEQUENCE ERROR$NIF SEQUENCE ERROR ALREADY LATCHED, JUMP OVER SEQUENCE ERROR ANALYSIS$N","MOV(50,STEP_HOME[22])","3"
RCOMMENT,"_22_R2","HOME","CHECK PROCESS STAGE COMING FROM ROBOT$N1= EMPTY$N 2 = GOOD BARRIER$N 3 = PASSED BAG ASSY$N 4= FAILED BAG ASSY$N5=FAILED BARRIER","OTL(R2_SEQUENCE_ERROR)","4"
RCOMMENT,"_22_R2","HOME","COMPLETE HOME ROUTINE","MOV(500,STEP_HOME[22])","5"
RCOMMENT,"_22_R2","MAIN","MAIN ROUTINE$N***************************************************************************$N$N","JSR(OUTPUTS,0)","0"
RCOMMENT,"_22_R2","OUTPUTS","BARRIER LOAD/BAG OFFLOAD ROBOT (R2) ROBOT OUTPUTS$N*******************************************************************************$NBAG PICK CYLINDER CONTROL","OTU(R2_BAG_PICK_CYL_EXT_PB)","0"
RCOMMENT,"_22_R2","OUTPUTS","BAG VACUUM CONTROL","OTU(R2_BAG_VAC_ON_PB)","1"
RCOMMENT,"_22_R2","OUTPUTS","BARRIER VACUUM CONTROL","OTU(R2_BARRIER_VAC_ON_PB)","2"
RCOMMENT,"_22_R2","OUTPUTS","BARRIER BLOW CONTROL","OTU(R2_BARRIER_BLOW_ON_PB)","3"
RCOMMENT,"_22_R2","OUTPUTS","HMI ROBOT TOOL BUTTONS VISIBILITY","OTE(R2_TOOL_PB_VIS)","4"
RCOMMENT,"_22_R2","PROG_SELECT","BARRIER LOAD/BAG OFFLOAD ROBOT (R2) PROGRAM SELECT$N*******************************************************************************$N$NBROADCAST THE PROGRAM NUMBER$NTO BE RUN TO THE ROBOT","BTD(R2_PROG_NUM_FROM_PLC,0,R2:O.Data[0],9,7)","0"
RCOMMENT,"_22_R2","PROG_SELECT","STORE THE PROGRAM NUMBER CURRENTLY$NSELECTED IN THE ROBOT$N","MVM(R2:I.Data[0],127,R2_PROG_NUM_TO_PLC)","1"
RCOMMENT,"_22_R2","PROG_SELECT","VERIFY PROGRAM NUMBER TO BE RUN$NMATCHES ROBOT SELECTED PROGRAM","OTE(R2_PNS_MATCH)","2"
RCOMMENT,"_22_R2","PROG_SELECT","STROBE PNS ON$NROBOT","OTU(R2_AUTO_PNS_STROBE_REQUEST)","3"
RCOMMENT,"_22_R2","RESET_STATUS","BARRIER LOAD/BAG OFFLOAD ROBOT (R2) RESET AND STATUS$N*********************************************************************************$N$NSTORE THE PROCESS STAGE CURRENTLY $NBEING RUN BY THE ROBOT","OTE(R2_STAGE_NUMBER_FROM_ROBOT.3)","0"
RCOMMENT,"_22_R2","RESET_STATUS","SEND THE PROCESS STAGE CURRENTLY $NTO BE RUN  BY THE ROBOT","OTE(R2:O.Data[1].21)","1"
RCOMMENT,"_22_R2","RESET_STATUS","SEND THE BARRIER TYPE $NTO BE RUN  BY THE ROBOT$N1= SMALL, 4.25 X 4.25$N2= LARGE, 4.75 X 5.00$N3= BALLINA TYPE BARRIERS, 4.25 X 4.25$N4=DANSAC MINI SIZE 1 BARRIER$N5=DANSAC MEDI SIZE 2 BARRIER$N6=DANSAC MAXI SIZE 3 BARRIER$N7=DANSAC MEGA SIZE 4 BARRIER","OTE(R2:O.Data[1].24)","2"
RCOMMENT,"_22_R2","RESET_STATUS","ROBOT DIGITAL INPUTS","OTE(R2:O.Data[1].3)","3"
RCOMMENT,"_22_R2","RESET_STATUS","ROBOT STATUS","OTE(R2_IO_READY)","4"
RCOMMENT,"_22_R2","RESET_STATUS","RESET ROBOT ROUTINE","MOV(83,STEP_ALARM[22])","8"
TYPE,SCOPE,ROUTINE,COMMENT,OWNING_ELEMENT,LOCATION
RCOMMENT,"_23_LIGHT_TABLE","AUTO","BARRIER LIGHT TABLE AUTO$N******************************************************************************$N$NSHUTDOWN REQUEST REQUIREMENTS","MOV(500,STEP_AUTO[23])","0"
RCOMMENT,"_23_LIGHT_TABLE","AUTO","INITIATE LIGHT TABLE CHECK AT STARTUP","MOV(500,STEP_AUTO[23])","1"
RCOMMENT,"_23_LIGHT_TABLE","AUTO","WAIT FOR PICK-N-PLACE AND ROBOT TO CLEAR LIGHT TABLE","MOV(20,STEP_AUTO[23])","2"
RCOMMENT,"_23_LIGHT_TABLE","AUTO","VERIFY HANDSHAKES ARE OFF","MOV(30,STEP_AUTO[23])","3"
RCOMMENT,"_23_LIGHT_TABLE","AUTO","REQUEST LIGHT TABLE EMPTY CHECK TO BARRIER LOAD/ BAG OFFLOAD ROBOT (R2)","OTU(PNP_BAR_PRES_LT_CHECK)","4"
RCOMMENT,"_23_LIGHT_TABLE","AUTO","REQUEST BARRIER FROM PICK-N-PLACE$NCHECK FOR PICK-N-PLACE EMPTY COMPLETE","MOV(500,STEP_AUTO[23])","5"
RCOMMENT,"_23_LIGHT_TABLE","AUTO","WAIT FOR PICK-N-PLACE TO BE CLEAR OF LIGHT TABLE","MOV(55,STEP_AUTO[23])","6"
RCOMMENT,"_23_LIGHT_TABLE","AUTO","VERIFY HANDSHAKES ARE OFF","MOV(58,STEP_AUTO[23])","7"
RCOMMENT,"_23_LIGHT_TABLE","AUTO","REQUEST BARRIER PRESENCE VISION CHECK BARRIER LOAD/ BAG OFFLOAD ROBOT (R2)","OTU(PNP_BARRIER_PRESENT_ON_LIGHT_TABLE)","8"
RCOMMENT,"_23_LIGHT_TABLE","AUTO","VERIFY HANDSHAKES ARE OFF","MOV(70,STEP_AUTO[23])","9"
RCOMMENT,"_23_LIGHT_TABLE","AUTO","REQUEST BARRIER VISION CHECK BARRIER LOAD/ BAG OFFLOAD ROBOT (R2)","OTU(PNP_BARRIER_PRESENT_ON_LIGHT_TABLE)","10"
RCOMMENT,"_23_LIGHT_TABLE","AUTO","REQUEST BARRIER PICK TO ROBOT FROM LIGHT TABLE$NWHEN MAIN DIAL IS IN POSITION AND THERE IS NO BARRIER DETECTED","MOV(10,STEP_AUTO[23])","11"
RCOMMENT,"_23_LIGHT_TABLE","AUTO","VERIFY HANDSHAKES ARE OFF$NAND DELAY","MOV(100,STEP_AUTO[23])","12"
RCOMMENT,"_23_LIGHT_TABLE","AUTO","REQUEST FAILED BARRIER VISION CHECK BARRIER LOAD/ BAG OFFLOAD ROBOT (R2)$NFOR BARRIER REMOVAL FROM LIGHT TABLE","MOV(406,STEP_ALARM[23])","13"
RCOMMENT,"_23_LIGHT_TABLE","AUTO","REQUEST FAILED BARRIER PICK TO ROBOT FROM LIGHT TABLE","MOV(10,STEP_AUTO[23])","14"
RCOMMENT,"_23_LIGHT_TABLE","ESTOP_RESET","BARRIER LIGHT TABLE ESTOP RESET$N***************************************************************************$N$NALARM","MOV(1000,STEP_ESTOP_RESET[23])","0"
RCOMMENT,"_23_LIGHT_TABLE","ESTOP_RESET","CAPTURE INITIAL ALARM","MOV(STEP_ALARM[23],STEP_ALARM_CAPTURE[23])","1"
RCOMMENT,"_23_LIGHT_TABLE","ESTOP_RESET","E-STOP SETTINGS","MOV(1000,STEP_AUTO[23])","2"
RCOMMENT,"_23_LIGHT_TABLE","ESTOP_RESET","WAIT FOR RESET","MOV(10,STEP_ESTOP_RESET[23])","3"
RCOMMENT,"_23_LIGHT_TABLE","ESTOP_RESET","GENERAL CELL SETTINGS UPON RESET","MOV(20,STEP_ESTOP_RESET[23])","4"
RCOMMENT,"_23_LIGHT_TABLE","ESTOP_RESET","WAIT FOR RESET TO BE RELEASED$NWAIT FOR CELL PRESSURE OK$NRESET BASED ON MACHINE MODE","MOV(500,STEP_ESTOP_RESET[23])","5"
RCOMMENT,"_23_LIGHT_TABLE","MAIN","MAIN $N***************************************************************************","JSR(AUTO,0)","0"
TYPE,SCOPE,ROUTINE,COMMENT,OWNING_ELEMENT,LOCATION
remark,"Comments for Program (Acyclic_commands_Read:AOI) Routine (EnableInFalse) not exported: source not available"
remark,"Comments for Program (Acyclic_commands_Read:AOI) Routine (Logic) not exported: source not available"
remark,"Comments for Program (Acyclic_commands_Read:AOI) Routine (Prescan) not exported: source not available"
TYPE,SCOPE,ROUTINE,COMMENT,OWNING_ELEMENT,LOCATION
RCOMMENT,"K300_IndexConfig:AOI","Logic","========================================================$N$NWrite to the the Assembly 115 - writes all the move parameters down to the drive$N$N========================================================","MOV(40,Wrk_SEQ)","3"
